ISO-10303-21;
HEADER;
FILE_DESCRIPTION(('3DEXPERIENCE STEP','CAx-IF Rec.Pracs.--- Model Styling and Organization---1.5--- 2016-08-15','CAx-IF Rec.Pracs.---Supplemental Geometry---1.0---2011-11-01','CAx-IF Rec.Pracs.--- Composite Materials ---3.4---2017-06-13','CAx-IF Rec.Pracs.---Tessellated 3D Geometry---1.0---2015-12-17'),'2;1');

FILE_NAME('\\\\?\\D:\\School\\CarTech\\CTU.25\\Tutorials\\Model\\OEM\\Pedal_Body.stp','2024-09-26T02:26:30+00:00',('none'),('none'),'3DEXPERIENCE Platform3DEXPERIENCE R2024x HotFix 4.24','3DEXPERIENCE Platform STEP AP242 v3','none');

FILE_SCHEMA(('AP242_MANAGED_MODEL_BASED_3D_ENGINEERING_MIM_LF  {1 0 10303 442 1 1 4}'));

ENDSEC;
DATA;
#16=PRODUCT('Brake_pedal','Brake_pedal','',(#2)) ;
#2=PRODUCT_CONTEXT(' ',#1,'mechanical') ;
#1=APPLICATION_CONTEXT('managed model based 3d engineering') ;
#18=PRODUCT_DEFINITION('Brake_pedal',' ',#17,#3) ;
#3=PRODUCT_DEFINITION_CONTEXT('part definition',#1,' ') ;
#19=PRODUCT_DEFINITION_SHAPE(' ',' ',#18) ;
#9459=MECHANICAL_DESIGN_GEOMETRIC_PRESENTATION_REPRESENTATION(' ',(#29),#12) ;
#5=PRODUCT_CATEGORY('part','specification') ;
#13=SHAPE_REPRESENTATION(' ',(#15,#21),#12) ;
#14=CARTESIAN_POINT('',(0.,0.,0.)) ;
#31=CARTESIAN_POINT('Axis2P3D Location',(6.16731956515E-12,1.19338300641,152.438941558)) ;
#36=CARTESIAN_POINT('Line Origine',(-3800043.96258,-2499998.8066,2076125.91722)) ;
#40=CARTESIAN_POINT('Vertex',(6.16731956515E-12,1.19338300641,152.438941558)) ;
#42=CARTESIAN_POINT('Vertex',(-1.81396315558,4.40159020343E-12,153.429914146)) ;
#45=CARTESIAN_POINT('Axis2P3D Location',(6.16731956515E-12,4.40159020343E-12,152.438941558)) ;
#49=CARTESIAN_POINT('Vertex',(1.81396315514,1.98809413376E-10,151.44796897)) ;
#52=CARTESIAN_POINT('Line Origine',(3800043.96258,-2499998.8066,-2075821.03933)) ;
#63=CARTESIAN_POINT('Axis2P3D Location',(6.16731956515E-12,-2.37441177831E-11,152.438941558)) ;
#74=CARTESIAN_POINT('Axis2P3D Location',(6.16731956515E-12,-14.9,152.438941558)) ;
#79=CARTESIAN_POINT('Axis2P3D Location',(6.16731956515E-12,-14.4999999996,152.438941558)) ;
#83=CARTESIAN_POINT('Vertex',(1.81396315543,-14.4999999996,151.44796897)) ;
#85=CARTESIAN_POINT('Vertex',(-1.81396315558,-14.4999999996,153.429914146)) ;
#88=CARTESIAN_POINT('Line Origine',(1.81396315543,-14.9000000004,151.44796897)) ;
#93=CARTESIAN_POINT('Line Origine',(-1.81396315542,-14.9000000004,153.429914146)) ;
#105=CARTESIAN_POINT('Axis2P3D Location',(6.16731956515E-12,-14.4999999996,152.438941558)) ;
#109=CARTESIAN_POINT('Vertex',(1.76518901363,-14.4999999996,153.514393438)) ;
#112=CARTESIAN_POINT('Axis2P3D Location',(6.16731956515E-12,-14.4999999996,152.438941558)) ;
#125=CARTESIAN_POINT('Axis2P3D Location',(6.1375682453E-12,-12.433,152.438941558)) ;
#130=CARTESIAN_POINT('Line Origine',(1551361.45141,-1767779.38597,-847360.184611)) ;
#134=CARTESIAN_POINT('Vertex',(2.25275443635,-15.,151.2082562)) ;
#137=CARTESIAN_POINT('Line Origine',(-1551361.45141,-1767779.38597,847665.062494)) ;
#141=CARTESIAN_POINT('Vertex',(-2.25275443669,-15.,153.669626915)) ;
#144=CARTESIAN_POINT('Axis2P3D Location',(6.16952322563E-12,-15.,152.438941558)) ;
#156=CARTESIAN_POINT('Axis2P3D Location',(6.16952322563E-12,-15.,152.438941558)) ;
#160=CARTESIAN_POINT('Vertex',(2.19218200209,-15.0000000002,153.77454145)) ;
#163=CARTESIAN_POINT('Line Origine',(1509648.18773,-1767779.38597,919914.554537)) ;
#175=CARTESIAN_POINT('Axis2P3D Location',(6.1398699458E-12,-12.433,152.438941558)) ;
#180=CARTESIAN_POINT('Axis2P3D Location',(6.16950934784E-12,-15.,152.438941558)) ;
#192=CARTESIAN_POINT('Axis2P3D Location',(0.,-15.,130.)) ;
#197=CARTESIAN_POINT('Line Origine',(0.,-15.,199.151266621)) ;
#201=CARTESIAN_POINT('Vertex',(-10.,-15.,199.151266621)) ;
#203=CARTESIAN_POINT('Vertex',(10.,-15.,199.151266621)) ;
#206=CARTESIAN_POINT('Line Origine',(-10.,-15.,164.575633311)) ;
#210=CARTESIAN_POINT('Vertex',(-10.,-15.,130.)) ;
#213=CARTESIAN_POINT('Line Origine',(0.,-15.,130.)) ;
#217=CARTESIAN_POINT('Vertex',(10.,-15.,130.)) ;
#220=CARTESIAN_POINT('Line Origine',(10.,-15.,164.575633311)) ;
#231=CARTESIAN_POINT('Axis2P3D Location',(6.05903882622E-10,-15.,186.440654138)) ;
#235=CARTESIAN_POINT('Vertex',(2.25275443681,-15.,185.209968779)) ;
#237=CARTESIAN_POINT('Vertex',(-2.25275443681,-15.,187.671339495)) ;
#240=CARTESIAN_POINT('Axis2P3D Location',(3.79927200811E-10,-15.,186.440654137)) ;
#244=CARTESIAN_POINT('Vertex',(2.19218200259,-15.,187.77625403)) ;
#247=CARTESIAN_POINT('Axis2P3D Location',(5.05113417759E-09,-15.,186.440654138)) ;
#263=CARTESIAN_POINT('Axis2P3D Location',(0.,-11.5694484686,199.151266622)) ;
#268=CARTESIAN_POINT('Line Origine',(0.,-8.76259417986,201.123639003)) ;
#272=CARTESIAN_POINT('Vertex',(-10.,-8.76259417986,201.123639003)) ;
#274=CARTESIAN_POINT('Vertex',(10.,-8.76259418024,201.123639004)) ;
#277=CARTESIAN_POINT('Axis2P3D Location',(-10.,-11.5694484686,199.151266622)) ;
#282=CARTESIAN_POINT('Axis2P3D Location',(10.,-11.5694484686,199.151266622)) ;
#294=CARTESIAN_POINT('Axis2P3D Location',(-10.,0.,0.)) ;
#299=CARTESIAN_POINT('Line Origine',(-10.,-0.699427226558,189.649064042)) ;
#303=CARTESIAN_POINT('Vertex',(-10.,7.36373972706,178.174489079)) ;
#306=CARTESIAN_POINT('Axis2P3D Location',(-10.,4.94542895524E-09,173.000000001)) ;
#310=CARTESIAN_POINT('Vertex',(-10.,9.,173.)) ;
#313=CARTESIAN_POINT('Line Origine',(-10.,9.,86.5)) ;
#317=CARTESIAN_POINT('Vertex',(-10.,9.,4.60187594618E-16)) ;
#320=CARTESIAN_POINT('Axis2P3D Location',(-10.,-2.25360174966E-10,-6.61899868248E-10)) ;
#324=CARTESIAN_POINT('Vertex',(-10.,-8.99046125449,-0.414254076779)) ;
#327=CARTESIAN_POINT('Line Origine',(-10.,-11.9952306272,64.7928729616)) ;
#341=CARTESIAN_POINT('Axis2P3D Location',(-10.,1.06465947169E-09,173.000000002)) ;
#345=CARTESIAN_POINT('Vertex',(-10.,-4.09089384787,181.016519666)) ;
#347=CARTESIAN_POINT('Vertex',(-10.,2.14669266157,164.259764843)) ;
#350=CARTESIAN_POINT('Axis2P3D Location',(-10.,-4.57955651179E-09,173.000000007)) ;
#354=CARTESIAN_POINT('Vertex',(-10.,-1.26189863123,181.911094874)) ;
#357=CARTESIAN_POINT('Axis2P3D Location',(-10.,-1.54230367476,183.89134057)) ;
#361=CARTESIAN_POINT('Vertex',(-10.,0.0940829329193,185.041227031)) ;
#364=CARTESIAN_POINT('Line Origine',(-10.,-4.63476523012,191.77078169)) ;
#368=CARTESIAN_POINT('Vertex',(-10.,-9.36361339316,198.500336349)) ;
#371=CARTESIAN_POINT('Axis2P3D Location',(-10.,-10.9999999999,197.350449888)) ;
#375=CARTESIAN_POINT('Vertex',(-10.,-13.,197.350449886)) ;
#378=CARTESIAN_POINT('Line Origine',(-10.,-13.,169.588052846)) ;
#382=CARTESIAN_POINT('Vertex',(-10.,-13.,141.825655807)) ;
#385=CARTESIAN_POINT('Axis2P3D Location',(-10.,-11.5000000012,141.825655805)) ;
#389=CARTESIAN_POINT('Vertex',(-10.,-10.2524611317,140.992801212)) ;
#392=CARTESIAN_POINT('Line Origine',(-10.,-3.25022374652,151.4815028)) ;
#396=CARTESIAN_POINT('Vertex',(-10.,3.75201363862,161.970204389)) ;
#399=CARTESIAN_POINT('Axis2P3D Location',(-10.,2.50447477161,162.803058982)) ;
#415=CARTESIAN_POINT('Line Origine',(-10.,7.,78.6678325785)) ;
#419=CARTESIAN_POINT('Vertex',(-10.,7.,97.1995960623)) ;
#421=CARTESIAN_POINT('Vertex',(-10.,7.,60.1360690948)) ;
#424=CARTESIAN_POINT('Axis2P3D Location',(-10.,5.50000000042,97.199596064)) ;
#428=CARTESIAN_POINT('Vertex',(-10.,4.28959910013,98.0855586249)) ;
#431=CARTESIAN_POINT('Line Origine',(-10.,-2.81052579731,88.3853772283)) ;
#435=CARTESIAN_POINT('Vertex',(-10.,-9.91065069474,78.6851958316)) ;
#438=CARTESIAN_POINT('Axis2P3D Location',(-10.,-8.70024979578,77.7992332692)) ;
#442=CARTESIAN_POINT('Vertex',(-10.,-9.86929871887,76.8593797628)) ;
#445=CARTESIAN_POINT('Line Origine',(-10.,-2.76917382237,68.0277976766)) ;
#449=CARTESIAN_POINT('Vertex',(-10.,4.33095107414,59.1962155905)) ;
#452=CARTESIAN_POINT('Axis2P3D Location',(-10.,5.49999999969,60.1360690953)) ;
#465=CARTESIAN_POINT('Line Origine',(-10.,-0.638326136395,62.1853284333)) ;
#469=CARTESIAN_POINT('Vertex',(-10.,6.27882504091,53.5813405719)) ;
#471=CARTESIAN_POINT('Vertex',(-10.,-7.5554773137,70.7893162947)) ;
#474=CARTESIAN_POINT('Axis2P3D Location',(-10.,-8.72452623893,69.8494627884)) ;
#478=CARTESIAN_POINT('Vertex',(-10.,-10.2229362205,69.7804154847)) ;
#481=CARTESIAN_POINT('Line Origine',(-10.,-9.44026521873,52.795508788)) ;
#485=CARTESIAN_POINT('Vertex',(-10.,-8.65759421699,35.8106020913)) ;
#488=CARTESIAN_POINT('Axis2P3D Location',(-10.,-7.1591842361,35.8796493972)) ;
#492=CARTESIAN_POINT('Vertex',(-10.,-5.94878333621,34.9936868344)) ;
#495=CARTESIAN_POINT('Line Origine',(-10.,0.185696839355,43.3746056696)) ;
#499=CARTESIAN_POINT('Vertex',(-10.,6.32017701492,51.7555245049)) ;
#502=CARTESIAN_POINT('Axis2P3D Location',(-10.,5.10977611526,52.6414870675)) ;
#515=CARTESIAN_POINT('Line Origine',(-10.,-1.21923195291,16.3567893235)) ;
#519=CARTESIAN_POINT('Vertex',(-10.,2.8414930664,11.305804044)) ;
#521=CARTESIAN_POINT('Vertex',(-10.,-5.27995697223,21.407774603)) ;
#524=CARTESIAN_POINT('Axis2P3D Location',(-10.,-6.44900589702,20.4679210983)) ;
#528=CARTESIAN_POINT('Vertex',(-10.,-7.94741587713,20.398873793)) ;
#531=CARTESIAN_POINT('Line Origine',(-10.,-7.69550544862,14.9321130207)) ;
#535=CARTESIAN_POINT('Vertex',(-10.,-7.4435950201,9.4653522484)) ;
#538=CARTESIAN_POINT('Axis2P3D Location',(-10.,-5.44571504556,9.55741532347)) ;
#542=CARTESIAN_POINT('Vertex',(-10.,-4.45560086146,7.81969442777)) ;
#545=CARTESIAN_POINT('Axis2P3D Location',(-10.,-9.30175936276E-10,1.88834086146E-08)) ;
#549=CARTESIAN_POINT('Vertex',(-10.,1.43352354877,8.88510046341)) ;
#552=CARTESIAN_POINT('Axis2P3D Location',(-10.,1.67244414167,10.3659505397)) ;
#565=CARTESIAN_POINT('Line Origine',(-10.,-1.63141365163,20.0614736741)) ;
#569=CARTESIAN_POINT('Vertex',(-10.,-7.5937783774,27.4778380729)) ;
#571=CARTESIAN_POINT('Vertex',(-10.,4.33095107414,12.6451092754)) ;
#574=CARTESIAN_POINT('Axis2P3D Location',(-10.,5.49999999881,13.5849627827)) ;
#578=CARTESIAN_POINT('Vertex',(-10.,7.,13.5849627815)) ;
#581=CARTESIAN_POINT('Line Origine',(-10.,7.,31.4415564835)) ;
#585=CARTESIAN_POINT('Vertex',(-10.,7.,49.2981501855)) ;
#588=CARTESIAN_POINT('Line Origine',(-10.,-0.317565175705,39.3009021627)) ;
#592=CARTESIAN_POINT('Vertex',(-10.,-7.63513035141,29.3036541399)) ;
#595=CARTESIAN_POINT('Axis2P3D Location',(-10.,-6.42472945175,28.4176915773)) ;
#607=CARTESIAN_POINT('Line Origine',(-10.,-3.98980578035,122.03645113)) ;
#611=CARTESIAN_POINT('Vertex',(-10.,-12.3105626348,132.386332048)) ;
#613=CARTESIAN_POINT('Vertex',(-10.,4.33095107414,111.686570212)) ;
#616=CARTESIAN_POINT('Axis2P3D Location',(-10.,5.49999999881,112.62642372)) ;
#620=CARTESIAN_POINT('Vertex',(-10.,7.,112.626423718)) ;
#623=CARTESIAN_POINT('Line Origine',(-10.,7.,135.440025992)) ;
#627=CARTESIAN_POINT('Vertex',(-10.,7.,158.253628265)) ;
#630=CARTESIAN_POINT('Axis2P3D Location',(-10.,5.50000000103,158.253628267)) ;
#634=CARTESIAN_POINT('Vertex',(-10.,4.25246113166,159.086482858)) ;
#637=CARTESIAN_POINT('Line Origine',(-10.,-4.06829572283,146.622761503)) ;
#641=CARTESIAN_POINT('Vertex',(-10.,-12.3890525773,134.159040147)) ;
#644=CARTESIAN_POINT('Axis2P3D Location',(-10.,-11.1415137108,133.326185553)) ;
#657=CARTESIAN_POINT('Line Origine',(-10.,-0.95206333138,94.3105538264)) ;
#661=CARTESIAN_POINT('Vertex',(-10.,-8.22430367768,84.3752285261)) ;
#663=CARTESIAN_POINT('Vertex',(-10.,6.32017701492,104.245879127)) ;
#666=CARTESIAN_POINT('Axis2P3D Location',(-10.,5.10977611526,105.131841689)) ;
#670=CARTESIAN_POINT('Vertex',(-10.,6.27882504091,106.071695194)) ;
#673=CARTESIAN_POINT('Line Origine',(-10.,-1.92124806065,116.271462066)) ;
#677=CARTESIAN_POINT('Vertex',(-10.,-10.1213211622,126.471228939)) ;
#680=CARTESIAN_POINT('Axis2P3D Location',(-10.,-11.290370087,125.531375434)) ;
#684=CARTESIAN_POINT('Vertex',(-10.,-12.7887800671,125.462328129)) ;
#687=CARTESIAN_POINT('Line Origine',(-10.,-11.8609473128,105.327235956)) ;
#691=CARTESIAN_POINT('Vertex',(-10.,-10.9331145585,85.192143783)) ;
#694=CARTESIAN_POINT('Axis2P3D Location',(-10.,-9.43470457834,85.2611910864)) ;
#707=CARTESIAN_POINT('Axis2P3D Location',(-10.,4.4408920985E-16,-8.34205593492E-10)) ;
#711=CARTESIAN_POINT('Vertex',(-10.,-4.5,-3.37087359922E-16)) ;
#713=CARTESIAN_POINT('Vertex',(-10.,2.25,-3.89711431786)) ;
#716=CARTESIAN_POINT('Axis2P3D Location',(-10.,1.97375005229E-09,-1.97375005229E-09)) ;
#720=CARTESIAN_POINT('Vertex',(-10.,4.5,0.)) ;
#723=CARTESIAN_POINT('Axis2P3D Location',(-10.,-4.4408920985E-16,-4.4408920985E-16)) ;
#733=CARTESIAN_POINT('Axis2P3D Location',(-10.,-8.881784197E-16,173.)) ;
#737=CARTESIAN_POINT('Vertex',(-10.,5.5,173.)) ;
#739=CARTESIAN_POINT('Vertex',(-10.,-5.5,173.)) ;
#742=CARTESIAN_POINT('Axis2P3D Location',(-10.,-8.881784197E-16,173.)) ;
#746=CARTESIAN_POINT('Vertex',(-10.,2.75,168.236860279)) ;
#749=CARTESIAN_POINT('Axis2P3D Location',(-10.,4.53666881839E-10,173.)) ;
#760=CARTESIAN_POINT('Axis2P3D Location',(0.,-8.9904612541,-0.414254075956)) ;
#765=CARTESIAN_POINT('Line Origine',(0.,-8.9904612541,-0.414254075956)) ;
#769=CARTESIAN_POINT('Vertex',(10.,-8.9904612541,-0.414254075956)) ;
#772=CARTESIAN_POINT('Line Origine',(10.,-11.995230627,64.7928729618)) ;
#784=CARTESIAN_POINT('Axis2P3D Location',(10.,0.,0.)) ;
#789=CARTESIAN_POINT('Axis2P3D Location',(10.,-2.25360174966E-10,-6.61899868248E-10)) ;
#793=CARTESIAN_POINT('Vertex',(10.,9.,4.60187594618E-16)) ;
#796=CARTESIAN_POINT('Line Origine',(10.,9.,86.5)) ;
#800=CARTESIAN_POINT('Vertex',(10.,9.,173.)) ;
#803=CARTESIAN_POINT('Axis2P3D Location',(10.,-2.29362999704E-08,172.999999995)) ;
#807=CARTESIAN_POINT('Vertex',(10.,7.36373972893,178.174489079)) ;
#810=CARTESIAN_POINT('Line Origine',(10.,-0.699427226558,189.649064041)) ;
#824=CARTESIAN_POINT('Axis2P3D Location',(10.,5.50000000052,158.253628267)) ;
#828=CARTESIAN_POINT('Vertex',(10.,4.25246113352,159.08648286)) ;
#830=CARTESIAN_POINT('Vertex',(10.,7.,158.253628265)) ;
#833=CARTESIAN_POINT('Line Origine',(10.,7.,135.440025991)) ;
#837=CARTESIAN_POINT('Vertex',(10.,7.,112.626423717)) ;
#840=CARTESIAN_POINT('Axis2P3D Location',(10.,5.4999999999,112.626423719)) ;
#844=CARTESIAN_POINT('Vertex',(10.,4.330951076,111.686570212)) ;
#847=CARTESIAN_POINT('Line Origine',(10.,-3.98980578035,122.03645113)) ;
#851=CARTESIAN_POINT('Vertex',(10.,-12.3105626348,132.386332048)) ;
#854=CARTESIAN_POINT('Axis2P3D Location',(10.,-11.1415137112,133.326185553)) ;
#858=CARTESIAN_POINT('Vertex',(10.,-12.3890525773,134.159040147)) ;
#861=CARTESIAN_POINT('Line Origine',(10.,-4.0682957219,146.622761504)) ;
#874=CARTESIAN_POINT('Axis2P3D Location',(10.,2.5044747699,162.803058982)) ;
#878=CARTESIAN_POINT('Vertex',(10.,2.1466926618,164.259764842)) ;
#880=CARTESIAN_POINT('Vertex',(10.,3.75201363862,161.970204389)) ;
#883=CARTESIAN_POINT('Line Origine',(10.,-3.25022374652,151.4815028)) ;
#887=CARTESIAN_POINT('Vertex',(10.,-10.2524611317,140.992801212)) ;
#891=CARTESIAN_POINT('Control Point',(10.,-10.2524611317,140.992801212)) ;
#892=CARTESIAN_POINT('Control Point',(10.,-10.3523975375,140.843105753)) ;
#893=CARTESIAN_POINT('Control Point',(10.,-10.4747863539,140.708400627)) ;
#894=CARTESIAN_POINT('Control Point',(10.,-10.6166915262,140.59314225)) ;
#895=CARTESIAN_POINT('Control Point',(10.,-10.9305706784,140.408803971)) ;
#896=CARTESIAN_POINT('Control Point',(10.,-11.284715476,140.324664556)) ;
#897=CARTESIAN_POINT('Control Point',(10.,-11.4669147307,140.309664749)) ;
#898=CARTESIAN_POINT('Control Point',(10.,-11.830055419,140.334755979)) ;
#899=CARTESIAN_POINT('Control Point',(10.,-12.1698514659,140.46528043)) ;
#900=CARTESIAN_POINT('Control Point',(10.,-12.3286958502,140.555779154)) ;
#901=CARTESIAN_POINT('Control Point',(10.,-12.6142399155,140.781534886)) ;
#902=CARTESIAN_POINT('Control Point',(10.,-12.8209839984,141.081126641)) ;
#903=CARTESIAN_POINT('Control Point',(10.,-12.9009824775,141.245508618)) ;
#904=CARTESIAN_POINT('Control Point',(10.,-12.9688587579,141.463544716)) ;
#905=CARTESIAN_POINT('Control Point',(10.,-12.9947310855,141.688054335)) ;
#906=CARTESIAN_POINT('Control Point',(10.,-12.9982488034,141.733973082)) ;
#907=CARTESIAN_POINT('Control Point',(10.,-13.,141.779814447)) ;
#908=CARTESIAN_POINT('Control Point',(10.,-13.,141.825655807)) ;
#909=CARTESIAN_POINT('Vertex',(9.99999999999,-13.,141.825655807)) ;
#912=CARTESIAN_POINT('Line Origine',(10.,-13.,169.588052846)) ;
#916=CARTESIAN_POINT('Vertex',(10.,-13.,197.350449884)) ;
#920=CARTESIAN_POINT('Control Point',(10.,-13.,197.350449886)) ;
#921=CARTESIAN_POINT('Control Point',(10.,-13.0000000001,197.558288543)) ;
#922=CARTESIAN_POINT('Control Point',(10.,-12.9730019322,197.766126484)) ;
#923=CARTESIAN_POINT('Control Point',(10.,-12.9189871321,197.969330519)) ;
#924=CARTESIAN_POINT('Control Point',(10.,-12.7594512529,198.356954959)) ;
#925=CARTESIAN_POINT('Control Point',(10.,-12.5061785792,198.690953429)) ;
#926=CARTESIAN_POINT('Control Point',(10.,-12.3583924592,198.840515246)) ;
#927=CARTESIAN_POINT('Control Point',(10.,-12.0274393131,199.097759141)) ;
#928=CARTESIAN_POINT('Control Point',(10.,-11.6417497653,199.261910297)) ;
#929=CARTESIAN_POINT('Control Point',(10.,-11.4392053436,199.318348135)) ;
#930=CARTESIAN_POINT('Control Point',(10.,-11.0242009175,199.37730348)) ;
#931=CARTESIAN_POINT('Control Point',(10.,-10.6079099614,199.328274212)) ;
#932=CARTESIAN_POINT('Control Point',(10.,-10.4040755022,199.276689447)) ;
#933=CARTESIAN_POINT('Control Point',(10.,-10.0404450411,199.132081437)) ;
#934=CARTESIAN_POINT('Control Point',(10.,-9.72257455807,198.905223081)) ;
#935=CARTESIAN_POINT('Control Point',(10.,-9.58746662483,198.78358811)) ;
#936=CARTESIAN_POINT('Control Point',(10.,-9.46723477091,198.647798417)) ;
#937=CARTESIAN_POINT('Control Point',(10.,-9.36361339316,198.500336349)) ;
#938=CARTESIAN_POINT('Vertex',(10.,-9.36361339368,198.500336349)) ;
#941=CARTESIAN_POINT('Line Origine',(10.,-4.63476523012,191.77078169)) ;
#945=CARTESIAN_POINT('Vertex',(10.,0.0940829329193,185.041227031)) ;
#949=CARTESIAN_POINT('Control Point',(10.,0.0940829329193,185.041227031)) ;
#950=CARTESIAN_POINT('Control Point',(10.,0.213578363815,184.871174832)) ;
#951=CARTESIAN_POINT('Control Point',(10.,0.310983744416,184.685600861)) ;
#952=CARTESIAN_POINT('Control Point',(10.,0.383619976527,184.488285245)) ;
#953=CARTESIAN_POINT('Control Point',(10.,0.475950837774,184.079409448)) ;
#954=CARTESIAN_POINT('Control Point',(10.,0.460754991485,183.660516724)) ;
#955=CARTESIAN_POINT('Control Point',(10.,0.425826931912,183.453177617)) ;
#956=CARTESIAN_POINT('Control Point',(10.,0.302943921391,183.052423117)) ;
#957=CARTESIAN_POINT('Control Point',(10.,0.0817529144854,182.69636615)) ;
#958=CARTESIAN_POINT('Control Point',(10.,-0.051519030443,182.533737534)) ;
#959=CARTESIAN_POINT('Control Point',(10.,-0.346646191416,182.256779091)) ;
#960=CARTESIAN_POINT('Control Point',(10.,-0.70063543649,182.061500287)) ;
#961=CARTESIAN_POINT('Control Point',(10.,-0.881968161809,181.988532588)) ;
#962=CARTESIAN_POINT('Control Point',(10.,-1.07029253053,181.938226516)) ;
#963=CARTESIAN_POINT('Control Point',(10.,-1.26189863123,181.911094874)) ;
#964=CARTESIAN_POINT('Vertex',(10.,-1.26189863122,181.911094874)) ;
#968=CARTESIAN_POINT('Control Point',(10.,-4.09089384601,181.016519666)) ;
#969=CARTESIAN_POINT('Control Point',(10.,-3.55990669474,181.287486639)) ;
#970=CARTESIAN_POINT('Control Point',(10.,-3.00648488263,181.514489989)) ;
#971=CARTESIAN_POINT('Control Point',(10.,-2.43545971764,181.695057651)) ;
#972=CARTESIAN_POINT('Control Point',(10.,-1.85213941883,181.827510976)) ;
#973=CARTESIAN_POINT('Control Point',(10.,-1.26189863123,181.911094874)) ;
#974=CARTESIAN_POINT('Vertex',(10.,-4.09089384564,181.016519665)) ;
#978=CARTESIAN_POINT('Control Point',(10.,2.14669266157,164.259764843)) ;
#979=CARTESIAN_POINT('Control Point',(10.,1.29036331607,164.049441448)) ;
#980=CARTESIAN_POINT('Control Point',(10.,0.408276400085,163.94399238)) ;
#981=CARTESIAN_POINT('Control Point',(10.,-0.482595559261,163.947648391)) ;
#982=CARTESIAN_POINT('Control Point',(10.,-2.24498131797,164.173020866)) ;
#983=CARTESIAN_POINT('Control Point',(10.,-3.90089198811,164.817029553)) ;
#984=CARTESIAN_POINT('Control Point',(10.,-4.68526157537,165.239439964)) ;
#985=CARTESIAN_POINT('Control Point',(10.,-6.1343148805,166.267564874)) ;
#986=CARTESIAN_POINT('Control Point',(10.,-7.29243438412,167.61498706)) ;
#987=CARTESIAN_POINT('Control Point',(10.,-7.78579050094,168.356786199)) ;
#988=CARTESIAN_POINT('Control Point',(10.,-8.58064342286,169.94581267)) ;
#989=CARTESIAN_POINT('Control Point',(10.,-8.968541621,171.679687606)) ;
#990=CARTESIAN_POINT('Control Point',(10.,-9.05482967522,172.566378424)) ;
#991=CARTESIAN_POINT('Control Point',(10.,-9.00850506231,174.342511956)) ;
#992=CARTESIAN_POINT('Control Point',(10.,-8.53493476055,176.054971727)) ;
#993=CARTESIAN_POINT('Control Point',(10.,-8.19385678799,176.877973575)) ;
#994=CARTESIAN_POINT('Control Point',(10.,-7.34300747676,178.377998973)) ;
#995=CARTESIAN_POINT('Control Point',(10.,-6.16521753274,179.635699339)) ;
#996=CARTESIAN_POINT('Control Point',(10.,-5.52594569702,180.176791649)) ;
#997=CARTESIAN_POINT('Control Point',(10.,-4.83016349461,180.639264474)) ;
#998=CARTESIAN_POINT('Control Point',(10.,-4.09089384601,181.016519666)) ;
#1011=CARTESIAN_POINT('Axis2P3D Location',(10.,5.49999999969,60.1360690953)) ;
#1015=CARTESIAN_POINT('Vertex',(10.,7.,60.1360690948)) ;
#1017=CARTESIAN_POINT('Vertex',(10.,4.33095107414,59.1962155905)) ;
#1020=CARTESIAN_POINT('Line Origine',(10.,-2.76917382237,68.0277976766)) ;
#1024=CARTESIAN_POINT('Vertex',(10.,-9.86929871887,76.8593797628)) ;
#1027=CARTESIAN_POINT('Axis2P3D Location',(10.,-8.70024979578,77.7992332692)) ;
#1031=CARTESIAN_POINT('Vertex',(10.,-9.91065069474,78.6851958316)) ;
#1034=CARTESIAN_POINT('Line Origine',(10.,-2.81052579731,88.3853772283)) ;
#1038=CARTESIAN_POINT('Vertex',(10.,4.28959910013,98.0855586249)) ;
#1041=CARTESIAN_POINT('Axis2P3D Location',(10.,5.50000000042,97.199596064)) ;
#1045=CARTESIAN_POINT('Vertex',(10.,7.,97.1995960623)) ;
#1048=CARTESIAN_POINT('Line Origine',(10.,7.,78.6678325785)) ;
#1061=CARTESIAN_POINT('Axis2P3D Location',(10.,5.10977611526,52.6414870675)) ;
#1065=CARTESIAN_POINT('Vertex',(10.,6.27882504091,53.5813405719)) ;
#1067=CARTESIAN_POINT('Vertex',(10.,6.32017701492,51.7555245049)) ;
#1070=CARTESIAN_POINT('Line Origine',(10.,0.185696839355,43.3746056696)) ;
#1074=CARTESIAN_POINT('Vertex',(10.,-5.94878333621,34.9936868344)) ;
#1078=CARTESIAN_POINT('Control Point',(10.,-5.94878333621,34.9936868344)) ;
#1079=CARTESIAN_POINT('Control Point',(10.,-6.05509231059,34.8484476517)) ;
#1080=CARTESIAN_POINT('Control Point',(10.,-6.18318526207,34.7191546059)) ;
#1081=CARTESIAN_POINT('Control Point',(10.,-6.32993635848,34.6101331547)) ;
#1082=CARTESIAN_POINT('Control Point',(10.,-6.65148475111,34.4395243632)) ;
#1083=CARTESIAN_POINT('Control Point',(10.,-7.00893329882,34.370760131)) ;
#1084=CARTESIAN_POINT('Control Point',(10.,-7.19161039951,34.3636440966)) ;
#1085=CARTESIAN_POINT('Control Point',(10.,-7.55332841132,34.4043971311)) ;
#1086=CARTESIAN_POINT('Control Point',(10.,-7.88716956682,34.5494766583)) ;
#1087=CARTESIAN_POINT('Control Point',(10.,-8.04195677193,34.6467519253)) ;
#1088=CARTESIAN_POINT('Control Point',(10.,-8.3174831569,34.8846304755)) ;
#1089=CARTESIAN_POINT('Control Point',(10.,-8.51109392767,35.1928724773)) ;
#1090=CARTESIAN_POINT('Control Point',(10.,-8.58391780488,35.3605567794)) ;
#1091=CARTESIAN_POINT('Control Point',(10.,-8.63539711033,35.5551757926)) ;
#1092=CARTESIAN_POINT('Control Point',(10.,-8.6540457568,35.7534110872)) ;
#1093=CARTESIAN_POINT('Control Point',(10.,-8.65553261685,35.7724644914)) ;
#1094=CARTESIAN_POINT('Control Point',(10.,-8.65671519713,35.7915262977)) ;
#1095=CARTESIAN_POINT('Control Point',(10.,-8.65759421699,35.8106020913)) ;
#1096=CARTESIAN_POINT('Vertex',(10.0000000007,-8.65759421625,35.8106020913)) ;
#1099=CARTESIAN_POINT('Line Origine',(10.,-9.44026521873,52.795508788)) ;
#1103=CARTESIAN_POINT('Vertex',(10.,-10.2229362205,69.7804154847)) ;
#1106=CARTESIAN_POINT('Axis2P3D Location',(10.,-8.72452623893,69.8494627884)) ;
#1110=CARTESIAN_POINT('Vertex',(10.,-7.5554773137,70.7893162947)) ;
#1113=CARTESIAN_POINT('Line Origine',(10.,-0.638326136395,62.1853284333)) ;
#1126=CARTESIAN_POINT('Line Origine',(10.,-1.21923195291,16.3567893235)) ;
#1130=CARTESIAN_POINT('Vertex',(10.0000000003,-5.27995697164,21.4077746035)) ;
#1132=CARTESIAN_POINT('Vertex',(10.,2.8414930664,11.305804044)) ;
#1135=CARTESIAN_POINT('Axis2P3D Location',(10.,1.67244414167,10.3659505397)) ;
#1139=CARTESIAN_POINT('Vertex',(10.,1.43352354877,8.88510046341)) ;
#1143=CARTESIAN_POINT('Control Point',(10.,-4.45560086146,7.81969442964)) ;
#1144=CARTESIAN_POINT('Control Point',(10.,-3.6894619946,8.25623437716)) ;
#1145=CARTESIAN_POINT('Control Point',(10.,-2.8698608777,8.59894541267)) ;
#1146=CARTESIAN_POINT('Control Point',(10.,-2.01196541584,8.83911549466)) ;
#1147=CARTESIAN_POINT('Control Point',(10.,-0.79685897468,9.02261147083)) ;
#1148=CARTESIAN_POINT('Control Point',(10.,0.424035242939,8.99954447595)) ;
#1149=CARTESIAN_POINT('Control Point',(10.,0.763647881541,8.97710691597)) ;
#1150=CARTESIAN_POINT('Control Point',(10.,1.09984930788,8.9389355195)) ;
#1151=CARTESIAN_POINT('Control Point',(10.,1.43352354877,8.88510046341)) ;
#1152=CARTESIAN_POINT('Vertex',(10.,-4.4556008612,7.81969442918)) ;
#1156=CARTESIAN_POINT('Control Point',(10.,-4.45560086146,7.81969442964)) ;
#1157=CARTESIAN_POINT('Control Point',(10.,-4.63618365522,7.71680242548)) ;
#1158=CARTESIAN_POINT('Control Point',(10.,-4.83013141339,7.63736833027)) ;
#1159=CARTESIAN_POINT('Control Point',(10.,-5.03342775055,7.58370206237)) ;
#1160=CARTESIAN_POINT('Control Point',(10.,-5.44919867091,7.53042024713)) ;
#1161=CARTESIAN_POINT('Control Point',(10.,-5.86478117202,7.58513054587)) ;
#1162=CARTESIAN_POINT('Control Point',(10.,-6.06789207797,7.6394944198)) ;
#1163=CARTESIAN_POINT('Control Point',(10.,-6.45524182703,7.799696104)) ;
#1164=CARTESIAN_POINT('Control Point',(10.,-6.78880461981,8.05354230438)) ;
#1165=CARTESIAN_POINT('Control Point',(10.,-6.93811227776,8.20158518954)) ;
#1166=CARTESIAN_POINT('Control Point',(10.,-7.18594004645,8.52155732975)) ;
#1167=CARTESIAN_POINT('Control Point',(10.,-7.34689437665,8.89240839032)) ;
#1168=CARTESIAN_POINT('Control Point',(10.,-7.40240052917,9.07981788418)) ;
#1169=CARTESIAN_POINT('Control Point',(10.,-7.43468740807,9.27204630131)) ;
#1170=CARTESIAN_POINT('Control Point',(10.,-7.4435950201,9.4653522484)) ;
#1171=CARTESIAN_POINT('Vertex',(10.,-7.44359501944,9.46535224843)) ;
#1174=CARTESIAN_POINT('Line Origine',(10.,-7.69550544862,14.9321130207)) ;
#1178=CARTESIAN_POINT('Vertex',(10.,-7.94741587713,20.398873793)) ;
#1182=CARTESIAN_POINT('Control Point',(10.,-7.94741587713,20.398873793)) ;
#1183=CARTESIAN_POINT('Control Point',(10.,-7.95570104448,20.5786719378)) ;
#1184=CARTESIAN_POINT('Control Point',(10.,-7.93701810212,20.7597118291)) ;
#1185=CARTESIAN_POINT('Control Point',(10.,-7.89108897129,20.936664028)) ;
#1186=CARTESIAN_POINT('Control Point',(10.,-7.74763702205,21.2712118766)) ;
#1187=CARTESIAN_POINT('Control Point',(10.,-7.51234995145,21.5489491167)) ;
#1188=CARTESIAN_POINT('Control Point',(10.,-7.37452739574,21.669059508)) ;
#1189=CARTESIAN_POINT('Control Point',(10.,-7.06723002822,21.8641724363)) ;
#1190=CARTESIAN_POINT('Control Point',(10.,-6.71621627181,21.9605432102)) ;
#1191=CARTESIAN_POINT('Control Point',(10.,-6.53464683042,21.9818527859)) ;
#1192=CARTESIAN_POINT('Control Point',(10.,-6.1708539993,21.9693705941)) ;
#1193=CARTESIAN_POINT('Control Point',(10.,-5.82673531665,21.8507087556)) ;
#1194=CARTESIAN_POINT('Control Point',(10.,-5.66484881842,21.7657733412)) ;
#1195=CARTESIAN_POINT('Control Point',(10.,-5.49126595773,21.6380637808)) ;
#1196=CARTESIAN_POINT('Control Point',(10.,-5.34438732536,21.4835316581)) ;
#1197=CARTESIAN_POINT('Control Point',(10.,-5.32218338666,21.4588388712)) ;
#1198=CARTESIAN_POINT('Control Point',(10.,-5.30071379713,21.4335932478)) ;
#1199=CARTESIAN_POINT('Control Point',(10.,-5.27995697223,21.407774603)) ;
#1209=CARTESIAN_POINT('Axis2P3D Location',(10.,5.49999999881,13.5849627827)) ;
#1213=CARTESIAN_POINT('Vertex',(10.,7.,13.5849627815)) ;
#1215=CARTESIAN_POINT('Vertex',(10.,4.33095107414,12.6451092754)) ;
#1218=CARTESIAN_POINT('Line Origine',(10.,-1.63141365163,20.0614736741)) ;
#1222=CARTESIAN_POINT('Vertex',(10.,-7.5937783774,27.4778380729)) ;
#1225=CARTESIAN_POINT('Axis2P3D Location',(10.,-6.42472945175,28.4176915773)) ;
#1229=CARTESIAN_POINT('Vertex',(10.,-7.63513035141,29.3036541399)) ;
#1232=CARTESIAN_POINT('Line Origine',(10.,-1.67276562564,37.4494290706)) ;
#1236=CARTESIAN_POINT('Vertex',(10.,4.28959910013,45.5952040013)) ;
#1239=CARTESIAN_POINT('Axis2P3D Location',(10.,5.50000000042,44.7092414404)) ;
#1243=CARTESIAN_POINT('Vertex',(10.,7.,44.7092414405)) ;
#1246=CARTESIAN_POINT('Line Origine',(10.,7.,29.147102111)) ;
#1260=CARTESIAN_POINT('Control Point',(10.,-8.22430367768,84.3752285261)) ;
#1261=CARTESIAN_POINT('Control Point',(10.,-8.33061265096,84.2299893448)) ;
#1262=CARTESIAN_POINT('Control Point',(10.,-8.45870560092,84.1006962999)) ;
#1263=CARTESIAN_POINT('Control Point',(10.,-8.60545670307,83.9916748449)) ;
#1264=CARTESIAN_POINT('Control Point',(10.,-8.92700509487,83.8210660543)) ;
#1265=CARTESIAN_POINT('Control Point',(10.,-9.28445364159,83.7523018225)) ;
#1266=CARTESIAN_POINT('Control Point',(10.,-9.46713074154,83.7451857881)) ;
#1267=CARTESIAN_POINT('Control Point',(10.,-9.82884875614,83.7859388227)) ;
#1268=CARTESIAN_POINT('Control Point',(10.,-10.1626899139,83.9310183519)) ;
#1269=CARTESIAN_POINT('Control Point',(10.,-10.3174771124,84.0282936158)) ;
#1270=CARTESIAN_POINT('Control Point',(10.,-10.5930034997,84.2661721678)) ;
#1271=CARTESIAN_POINT('Control Point',(10.,-10.7866142715,84.5744141725)) ;
#1272=CARTESIAN_POINT('Control Point',(10.,-10.8594381473,84.7420984697)) ;
#1273=CARTESIAN_POINT('Control Point',(10.,-10.9109174536,84.9367174836)) ;
#1274=CARTESIAN_POINT('Control Point',(10.,-10.9295661001,85.134952779)) ;
#1275=CARTESIAN_POINT('Control Point',(10.,-10.9310529583,85.154006183)) ;
#1276=CARTESIAN_POINT('Control Point',(10.,-10.9322355386,85.1730679894)) ;
#1277=CARTESIAN_POINT('Control Point',(10.,-10.9331145585,85.192143783)) ;
#1278=CARTESIAN_POINT('Vertex',(10.,-8.22430367768,84.3752285261)) ;
#1280=CARTESIAN_POINT('Vertex',(10.0000000007,-10.933114559,85.192143783)) ;
#1283=CARTESIAN_POINT('Line Origine',(10.,-11.8609473128,105.327235956)) ;
#1287=CARTESIAN_POINT('Vertex',(10.,-12.7887800671,125.462328129)) ;
#1291=CARTESIAN_POINT('Control Point',(10.,-12.7887800671,125.462328129)) ;
#1292=CARTESIAN_POINT('Control Point',(10.,-12.7970652345,125.642126275)) ;
#1293=CARTESIAN_POINT('Control Point',(10.,-12.7783822916,125.823166168)) ;
#1294=CARTESIAN_POINT('Control Point',(10.,-12.7324531626,126.00011836)) ;
#1295=CARTESIAN_POINT('Control Point',(10.,-12.589001214,126.334666209)) ;
#1296=CARTESIAN_POINT('Control Point',(10.,-12.3537141439,126.61240345)) ;
#1297=CARTESIAN_POINT('Control Point',(10.,-12.2158915828,126.732513847)) ;
#1298=CARTESIAN_POINT('Control Point',(10.,-11.9085942182,126.927626773)) ;
#1299=CARTESIAN_POINT('Control Point',(10.,-11.5575804657,127.023997546)) ;
#1300=CARTESIAN_POINT('Control Point',(10.,-11.3760110163,127.045307121)) ;
#1301=CARTESIAN_POINT('Control Point',(10.,-11.012218189,127.032824929)) ;
#1302=CARTESIAN_POINT('Control Point',(10.,-10.6680995099,126.914163092)) ;
#1303=CARTESIAN_POINT('Control Point',(10.,-10.5062130077,126.829227677)) ;
#1304=CARTESIAN_POINT('Control Point',(10.,-10.3326301481,126.701518117)) ;
#1305=CARTESIAN_POINT('Control Point',(10.,-10.1857515165,126.546985995)) ;
#1306=CARTESIAN_POINT('Control Point',(10.,-10.1635475774,126.522293207)) ;
#1307=CARTESIAN_POINT('Control Point',(10.,-10.1420779876,126.497047583)) ;
#1308=CARTESIAN_POINT('Control Point',(10.,-10.1213211622,126.471228939)) ;
#1309=CARTESIAN_POINT('Vertex',(10.0000000003,-10.1213211621,126.471228939)) ;
#1312=CARTESIAN_POINT('Line Origine',(10.,-1.92124806065,116.271462067)) ;
#1316=CARTESIAN_POINT('Vertex',(10.,6.27882504091,106.071695196)) ;
#1319=CARTESIAN_POINT('Axis2P3D Location',(10.,5.10977611879,105.131841688)) ;
#1323=CARTESIAN_POINT('Vertex',(10.,6.32017701492,104.245879127)) ;
#1326=CARTESIAN_POINT('Line Origine',(10.,-0.95206333138,94.3105538264)) ;
#1339=CARTESIAN_POINT('Axis2P3D Location',(10.,-8.881784197E-16,173.)) ;
#1343=CARTESIAN_POINT('Vertex',(10.,5.5,173.)) ;
#1345=CARTESIAN_POINT('Vertex',(10.,-5.5,173.)) ;
#1348=CARTESIAN_POINT('Axis2P3D Location',(10.,4.53666881839E-10,173.)) ;
#1352=CARTESIAN_POINT('Vertex',(10.,2.75,168.236860279)) ;
#1355=CARTESIAN_POINT('Axis2P3D Location',(10.,-8.881784197E-16,173.)) ;
#1365=CARTESIAN_POINT('Axis2P3D Location',(10.,-8.45347747358E-09,4.04641165019E-09)) ;
#1369=CARTESIAN_POINT('Vertex',(10.,2.25,-3.89711431786)) ;
#1371=CARTESIAN_POINT('Vertex',(10.,4.5,0.)) ;
#1374=CARTESIAN_POINT('Axis2P3D Location',(10.,1.61309765545E-09,1.95976190831E-09)) ;
#1378=CARTESIAN_POINT('Vertex',(10.,-4.5,1.06299341461E-16)) ;
#1381=CARTESIAN_POINT('Axis2P3D Location',(10.,-4.4408920985E-16,-4.4408920985E-16)) ;
#1392=CARTESIAN_POINT('Axis2P3D Location',(7.59965548824E-12,-12.433,186.440654138)) ;
#1397=CARTESIAN_POINT('Line Origine',(1551361.45141,-1767779.38597,-847326.182898)) ;
#1401=CARTESIAN_POINT('Vertex',(1.81396315545,-14.5,185.44968155)) ;
#1404=CARTESIAN_POINT('Axis2P3D Location',(7.62346435978E-12,-14.4999999998,186.440654138)) ;
#1408=CARTESIAN_POINT('Vertex',(-1.8139631551,-14.4999999996,187.431626726)) ;
#1411=CARTESIAN_POINT('Line Origine',(-1551361.45141,-1767779.38597,847699.064206)) ;
#1423=CARTESIAN_POINT('Axis2P3D Location',(7.59696328068E-12,-12.433,186.440654138)) ;
#1428=CARTESIAN_POINT('Axis2P3D Location',(7.62312435399E-12,-14.5,186.440654138)) ;
#1432=CARTESIAN_POINT('Vertex',(1.76518901365,-14.5,187.516106018)) ;
#1435=CARTESIAN_POINT('Line Origine',(1509648.18773,-1767779.38597,919948.55625)) ;
#1447=CARTESIAN_POINT('Axis2P3D Location',(7.62346435978E-12,-14.4999999997,186.440654138)) ;
#1459=CARTESIAN_POINT('Axis2P3D Location',(0.,-8.7625941799,201.123639004)) ;
#1464=CARTESIAN_POINT('Line Origine',(0.,7.36373972743,178.174489079)) ;
#1476=CARTESIAN_POINT('Control Point',(1.81396315528,2.25147267611,185.449681549)) ;
#1477=CARTESIAN_POINT('Control Point',(1.80873696278,2.25819502837,185.440115068)) ;
#1478=CARTESIAN_POINT('Control Point',(1.80351077027,2.26491738064,185.430548587)) ;
#1479=CARTESIAN_POINT('Control Point',(1.80277422304,2.26570664271,185.4294254)) ;
#1480=CARTESIAN_POINT('Control Point',(1.7420058617,2.34133673721,185.321797318)) ;
#1481=CARTESIAN_POINT('Control Point',(1.67249231665,2.41461855827,185.217511031)) ;
#1482=CARTESIAN_POINT('Control Point',(1.59959365862,2.4808088809,185.123316551)) ;
#1483=CARTESIAN_POINT('Control Point',(1.39417468161,2.641653592,184.894420795)) ;
#1484=CARTESIAN_POINT('Control Point',(1.13975829268,2.77846728737,184.699723226)) ;
#1485=CARTESIAN_POINT('Control Point',(0.967548342863,2.85047348232,184.597252263)) ;
#1486=CARTESIAN_POINT('Control Point',(0.630576168931,2.95383262433,184.45016338)) ;
#1487=CARTESIAN_POINT('Control Point',(0.25996836862,3.00327157582,184.379807531)) ;
#1488=CARTESIAN_POINT('Control Point',(0.0916732672256,3.01342459396,184.365358919)) ;
#1489=CARTESIAN_POINT('Control Point',(-0.200209267229,3.00978632003,184.370536494)) ;
#1490=CARTESIAN_POINT('Control Point',(-0.483294662742,2.97118983567,184.425462586)) ;
#1491=CARTESIAN_POINT('Control Point',(-0.59983688273,2.94890768475,184.457171989)) ;
#1492=CARTESIAN_POINT('Control Point',(-0.829265835855,2.89224524163,184.537807483)) ;
#1493=CARTESIAN_POINT('Control Point',(-1.03957173419,2.81478462193,184.648040558)) ;
#1494=CARTESIAN_POINT('Control Point',(-1.14087312829,2.77054886564,184.710991816)) ;
#1495=CARTESIAN_POINT('Control Point',(-1.45161357698,2.61239798425,184.936054022)) ;
#1496=CARTESIAN_POINT('Control Point',(-1.69378181055,2.41560770382,185.216103392)) ;
#1497=CARTESIAN_POINT('Control Point',(-1.82655430446,2.26661272829,185.428135963)) ;
#1498=CARTESIAN_POINT('Control Point',(-2.03448035684,1.93581199747,185.898893644)) ;
#1499=CARTESIAN_POINT('Control Point',(-2.09140336119,1.58498810318,186.398145997)) ;
#1500=CARTESIAN_POINT('Control Point',(-2.08016294931,1.39899304295,186.662832847)) ;
#1501=CARTESIAN_POINT('Control Point',(-2.01641288011,1.17712096901,186.978575751)) ;
#1502=CARTESIAN_POINT('Control Point',(-1.89080135402,0.966289023054,187.278607609)) ;
#1503=CARTESIAN_POINT('Control Point',(-1.86704927535,0.929959976836,187.330306944)) ;
#1504=CARTESIAN_POINT('Control Point',(-1.84145018835,0.89411876366,187.38131205)) ;
#1505=CARTESIAN_POINT('Control Point',(-1.81396315535,0.858762714526,187.431626726)) ;
#1506=CARTESIAN_POINT('Vertex',(1.81396315528,2.25147267611,185.449681549)) ;
#1508=CARTESIAN_POINT('Vertex',(-1.81396315521,0.858762714347,187.431626727)) ;
#1512=CARTESIAN_POINT('Control Point',(-1.81396315521,0.858762714347,187.431626727)) ;
#1513=CARTESIAN_POINT('Control Point',(-1.80873696268,0.852040362089,187.441193208)) ;
#1514=CARTESIAN_POINT('Control Point',(-1.80351077015,0.845318009832,187.450759689)) ;
#1515=CARTESIAN_POINT('Control Point',(-1.80277422297,0.844528747753,187.451882876)) ;
#1516=CARTESIAN_POINT('Control Point',(-1.74200586163,0.768898653263,187.559510958)) ;
#1517=CARTESIAN_POINT('Control Point',(-1.67249231658,0.695616832213,187.663797245)) ;
#1518=CARTESIAN_POINT('Control Point',(-1.59959365855,0.629426509584,187.757991725)) ;
#1519=CARTESIAN_POINT('Control Point',(-1.39417468158,0.468581798531,187.986887481)) ;
#1520=CARTESIAN_POINT('Control Point',(-1.13975829272,0.331768103199,188.18158505)) ;
#1521=CARTESIAN_POINT('Control Point',(-0.967548342769,0.259761908189,188.284056013)) ;
#1522=CARTESIAN_POINT('Control Point',(-0.63057616899,0.15640276623,188.431144896)) ;
#1523=CARTESIAN_POINT('Control Point',(-0.25996836886,0.106963814745,188.501500745)) ;
#1524=CARTESIAN_POINT('Control Point',(-0.0916732670644,0.0968107965758,188.515949357)) ;
#1525=CARTESIAN_POINT('Control Point',(0.200209267287,0.100449070512,188.510771782)) ;
#1526=CARTESIAN_POINT('Control Point',(0.483294662706,0.139045554859,188.45584569)) ;
#1527=CARTESIAN_POINT('Control Point',(0.599836882693,0.161327705774,188.424136287)) ;
#1528=CARTESIAN_POINT('Control Point',(0.829265835826,0.217990148884,188.343500793)) ;
#1529=CARTESIAN_POINT('Control Point',(1.03957173417,0.295450768591,188.233267718)) ;
#1530=CARTESIAN_POINT('Control Point',(1.14087312825,0.339686524866,188.17031646)) ;
#1531=CARTESIAN_POINT('Control Point',(1.45161357698,0.497837406267,187.945254254)) ;
#1532=CARTESIAN_POINT('Control Point',(1.69378181057,0.69462768671,187.665204884)) ;
#1533=CARTESIAN_POINT('Control Point',(1.82655430442,0.84362266218,187.453172313)) ;
#1534=CARTESIAN_POINT('Control Point',(2.03448035684,1.174423393,186.982414632)) ;
#1535=CARTESIAN_POINT('Control Point',(2.0914033612,1.52524728731,186.483162279)) ;
#1536=CARTESIAN_POINT('Control Point',(2.08016294933,1.71124234754,186.218475429)) ;
#1537=CARTESIAN_POINT('Control Point',(2.01641288014,1.93311442149,185.902732525)) ;
#1538=CARTESIAN_POINT('Control Point',(1.89080135405,2.14394636745,185.602700667)) ;
#1539=CARTESIAN_POINT('Control Point',(1.86704927538,2.18027541367,185.551001332)) ;
#1540=CARTESIAN_POINT('Control Point',(1.84145018838,2.21611662685,185.499996226)) ;
#1541=CARTESIAN_POINT('Control Point',(1.81396315538,2.25147267599,185.44968155)) ;
#1548=CARTESIAN_POINT('Axis2P3D Location',(0.,0.,173.)) ;
#1553=CARTESIAN_POINT('Line Origine',(0.,9.,173.)) ;
#1557=CARTESIAN_POINT('Vertex',(-2.12099999934,9.,173.)) ;
#1560=CARTESIAN_POINT('Line Origine',(0.,9.,173.)) ;
#1564=CARTESIAN_POINT('Vertex',(2.12099998817,9.,173.)) ;
#1568=CARTESIAN_POINT('Control Point',(2.12099998817,9.,173.)) ;
#1569=CARTESIAN_POINT('Control Point',(2.12099865712,9.,173.368957896)) ;
#1570=CARTESIAN_POINT('Control Point',(2.01110787806,8.97522279712,173.736720764)) ;
#1571=CARTESIAN_POINT('Control Point',(1.81493840553,8.93893141919,174.046663787)) ;
#1572=CARTESIAN_POINT('Vertex',(1.81493840553,8.93893141919,174.046663787)) ;
#1576=CARTESIAN_POINT('Control Point',(1.81493840553,8.93893141919,174.046663787)) ;
#1577=CARTESIAN_POINT('Control Point',(1.58692134996,8.89674823393,174.406925224)) ;
#1578=CARTESIAN_POINT('Control Point',(1.26459224583,8.84335988713,174.705755774)) ;
#1579=CARTESIAN_POINT('Control Point',(0.87473115479,8.79453249798,174.915530433)) ;
#1580=CARTESIAN_POINT('Control Point',(0.233480953586,8.75716362963,175.077199062)) ;
#1581=CARTESIAN_POINT('Control Point',(-0.410147723947,8.77388591593,175.004852636)) ;
#1582=CARTESIAN_POINT('Control Point',(-0.62177888986,8.78562083321,174.954285341)) ;
#1583=CARTESIAN_POINT('Control Point',(-1.23995187093,8.83667853468,174.723122807)) ;
#1584=CARTESIAN_POINT('Control Point',(-1.74126916226,8.91837286137,174.272796775)) ;
#1585=CARTESIAN_POINT('Control Point',(-1.99385041269,8.97280489091,173.88499225)) ;
#1586=CARTESIAN_POINT('Control Point',(-2.12099999934,9.,173.442498345)) ;
#1587=CARTESIAN_POINT('Control Point',(-2.12099999934,9.,173.)) ;
#1599=CARTESIAN_POINT('Axis2P3D Location',(0.,9.,-1.42108547152E-14)) ;
#1604=CARTESIAN_POINT('Line Origine',(0.,9.,-1.42108547152E-14)) ;
#1609=CARTESIAN_POINT('Axis2P3D Location',(2.70737143815E-09,9.,173.)) ;
#1613=CARTESIAN_POINT('Vertex',(-1.8613526132,9.,171.983138433)) ;
#1616=CARTESIAN_POINT('Axis2P3D Location',(-7.87536702518E-11,9.,173.)) ;
#1631=CARTESIAN_POINT('Axis2P3D Location',(0.,1.7763568394E-15,-1.42108547152E-14)) ;
#1643=CARTESIAN_POINT('Line Origine',(0.,-4.09089384656,181.016519665)) ;
#1647=CARTESIAN_POINT('Vertex',(-5.5,-4.09089384656,181.016519665)) ;
#1650=CARTESIAN_POINT('Line Origine',(0.,2.14669266137,164.259764842)) ;
#1654=CARTESIAN_POINT('Vertex',(-2.5,2.14669266137,164.259764842)) ;
#1657=CARTESIAN_POINT('Axis2P3D Location',(-2.5,0.,173.)) ;
#1661=CARTESIAN_POINT('Vertex',(-2.5,-8.12736618076,176.86599521)) ;
#1665=CARTESIAN_POINT('Control Point',(-2.49999996647,-8.12736618076,176.86599521)) ;
#1666=CARTESIAN_POINT('Control Point',(-2.84038526068,-8.12736603251,176.865995522)) ;
#1667=CARTESIAN_POINT('Control Point',(-3.18077118275,-8.10768252924,176.907375562)) ;
#1668=CARTESIAN_POINT('Control Point',(-3.51362011119,-8.06833099519,176.990228448)) ;
#1669=CARTESIAN_POINT('Control Point',(-4.13227468628,-7.94797085154,177.23199447)) ;
#1670=CARTESIAN_POINT('Control Point',(-4.64788183069,-7.7351451377,177.608817556)) ;
#1671=CARTESIAN_POINT('Control Point',(-4.86720597039,-7.60683523578,177.821302365)) ;
#1672=CARTESIAN_POINT('Control Point',(-5.2185407669,-7.30738869583,178.273692875)) ;
#1673=CARTESIAN_POINT('Control Point',(-5.41428047281,-6.92871342328,178.75615974)) ;
#1674=CARTESIAN_POINT('Control Point',(-5.47306975481,-6.72646444471,178.991749089)) ;
#1675=CARTESIAN_POINT('Control Point',(-5.5,-6.51266683075,179.219517246)) ;
#1676=CARTESIAN_POINT('Control Point',(-5.5,-6.28964037979,179.4374237)) ;
#1677=CARTESIAN_POINT('Vertex',(-5.5,-6.28964037979,179.4374237)) ;
#1680=CARTESIAN_POINT('Axis2P3D Location',(-5.5,0.,173.)) ;
#1694=CARTESIAN_POINT('Axis2P3D Location',(-5.5,0.,173.)) ;
#1698=CARTESIAN_POINT('Vertex',(-5.5,-1.26189863217,181.911094873)) ;
#1701=CARTESIAN_POINT('Line Origine',(0.,-1.26189863217,181.911094873)) ;
#1713=CARTESIAN_POINT('Axis2P3D Location',(-5.5,-1.54230367248,183.891340569)) ;
#1718=CARTESIAN_POINT('Axis2P3D Location',(-5.5,-1.54230367248,183.891340569)) ;
#1722=CARTESIAN_POINT('Vertex',(-5.5,0.292895059397,183.096327604)) ;
#1725=CARTESIAN_POINT('Axis2P3D Location',(-5.5,-1.54230367248,183.891340569)) ;
#1729=CARTESIAN_POINT('Vertex',(-5.5,0.09408293363,185.041227031)) ;
#1732=CARTESIAN_POINT('Line Origine',(-5.5,0.09408293363,185.041227031)) ;
#1745=CARTESIAN_POINT('Axis2P3D Location',(-10.,0.0940829336275,185.041227031)) ;
#1750=CARTESIAN_POINT('Line Origine',(-5.5,-4.63476523012,191.77078169)) ;
#1754=CARTESIAN_POINT('Vertex',(-5.5,-9.36361339388,198.500336349)) ;
#1757=CARTESIAN_POINT('Line Origine',(-7.75,-9.36361339388,198.500336349)) ;
#1769=CARTESIAN_POINT('Axis2P3D Location',(-5.5,-11.,197.350449887)) ;
#1774=CARTESIAN_POINT('Axis2P3D Location',(-5.5,-11.,197.350449887)) ;
#1778=CARTESIAN_POINT('Vertex',(-5.5,-11.6030036435,199.257381088)) ;
#1781=CARTESIAN_POINT('Axis2P3D Location',(-5.5,-11.,197.350449887)) ;
#1785=CARTESIAN_POINT('Vertex',(-5.5,-13.,197.350449887)) ;
#1788=CARTESIAN_POINT('Line Origine',(-5.5,-13.,197.350449887)) ;
#1801=CARTESIAN_POINT('Axis2P3D Location',(-10.,-13.,197.350449887)) ;
#1806=CARTESIAN_POINT('Line Origine',(-5.5,-13.,188.930388768)) ;
#1810=CARTESIAN_POINT('Vertex',(-5.5,-13.,180.510327649)) ;
#1813=CARTESIAN_POINT('Axis2P3D Location',(-2.50000000006,-13.,180.510327649)) ;
#1817=CARTESIAN_POINT('Vertex',(-2.5,-13.,177.510327649)) ;
#1820=CARTESIAN_POINT('Line Origine',(-2.50000000093,-13.,167.699596061)) ;
#1824=CARTESIAN_POINT('Vertex',(-2.50000000186,-13.,157.888864473)) ;
#1828=CARTESIAN_POINT('Control Point',(-5.5,-13.,154.88858771)) ;
#1829=CARTESIAN_POINT('Control Point',(-5.50000000388,-13.,155.227967619)) ;
#1830=CARTESIAN_POINT('Control Point',(-5.45201772344,-13.,155.567346756)) ;
#1831=CARTESIAN_POINT('Control Point',(-5.35596064663,-13.,155.8979047)) ;
#1832=CARTESIAN_POINT('Control Point',(-5.07321753956,-13.,156.52236776)) ;
#1833=CARTESIAN_POINT('Control Point',(-4.62843580612,-13.,157.043964145)) ;
#1834=CARTESIAN_POINT('Control Point',(-4.37019277129,-13.,157.271541031)) ;
#1835=CARTESIAN_POINT('Control Point',(-3.86075142958,-13.,157.605300858)) ;
#1836=CARTESIAN_POINT('Control Point',(-3.28683819587,-13.,157.801932379)) ;
#1837=CARTESIAN_POINT('Control Point',(-3.02735436461,-13.,157.859890589)) ;
#1838=CARTESIAN_POINT('Control Point',(-2.76367745413,-13.,157.888864473)) ;
#1839=CARTESIAN_POINT('Control Point',(-2.50000000186,-13.,157.888864473)) ;
#1840=CARTESIAN_POINT('Vertex',(-5.5,-13.,154.88858771)) ;
#1843=CARTESIAN_POINT('Line Origine',(-5.5,-13.,148.357121758)) ;
#1847=CARTESIAN_POINT('Vertex',(-5.5,-13.,141.825655806)) ;
#1850=CARTESIAN_POINT('Line Origine',(-7.75,-13.,141.825655807)) ;
#1866=CARTESIAN_POINT('Axis2P3D Location',(-5.5,-11.5,141.825655806)) ;
#1871=CARTESIAN_POINT('Axis2P3D Location',(-5.5,-11.5,141.825655806)) ;
#1875=CARTESIAN_POINT('Vertex',(-5.5,-11.9351388848,140.39015793)) ;
#1878=CARTESIAN_POINT('Axis2P3D Location',(-5.5,-11.5,141.825655806)) ;
#1882=CARTESIAN_POINT('Vertex',(-5.5,-10.2524611327,140.992801212)) ;
#1885=CARTESIAN_POINT('Line Origine',(-5.5,-10.2524611327,140.992801212)) ;
#1898=CARTESIAN_POINT('Axis2P3D Location',(-10.,-13.,136.877243042)) ;
#1903=CARTESIAN_POINT('Line Origine',(-6.25,3.75201363862,161.970204388)) ;
#1907=CARTESIAN_POINT('Vertex',(-2.5,3.75201363862,161.970204388)) ;
#1910=CARTESIAN_POINT('Line Origine',(-5.50000000279,-5.93125345622,147.465569175)) ;
#1914=CARTESIAN_POINT('Vertex',(-5.50000000559,-1.61004577945,153.938337138)) ;
#1918=CARTESIAN_POINT('Control Point',(-2.50000717305,0.374940916275,156.911662943)) ;
#1919=CARTESIAN_POINT('Control Point',(-2.73522608284,0.374936909571,156.911656941)) ;
#1920=CARTESIAN_POINT('Control Point',(-2.97045267806,0.359674568371,156.888795371)) ;
#1921=CARTESIAN_POINT('Control Point',(-3.20121258248,0.329166268782,156.84309677)) ;
#1922=CARTESIAN_POINT('Control Point',(-3.74637592376,0.219793211681,156.679266084)) ;
#1923=CARTESIAN_POINT('Control Point',(-4.22487638372,0.0351996109624,156.402762005)) ;
#1924=CARTESIAN_POINT('Control Point',(-4.47710207706,-0.0958021116583,156.206533586)) ;
#1925=CARTESIAN_POINT('Control Point',(-4.94325772655,-0.409086805445,155.737262197)) ;
#1926=CARTESIAN_POINT('Control Point',(-5.25403712929,-0.777402601216,155.185559325)) ;
#1927=CARTESIAN_POINT('Control Point',(-5.37461511179,-0.983156591894,154.877358947)) ;
#1928=CARTESIAN_POINT('Control Point',(-5.46584648994,-1.23433517627,154.501116745)) ;
#1929=CARTESIAN_POINT('Control Point',(-5.49530866043,-1.48848254271,154.120427582)) ;
#1930=CARTESIAN_POINT('Control Point',(-5.49843814182,-1.52902583495,154.059697494)) ;
#1931=CARTESIAN_POINT('Control Point',(-5.50000000879,-1.56953581086,153.999017311)) ;
#1932=CARTESIAN_POINT('Control Point',(-5.50000000559,-1.61004577945,153.938337138)) ;
#1933=CARTESIAN_POINT('Vertex',(-2.50000717305,0.374940916275,156.911662943)) ;
#1936=CARTESIAN_POINT('Line Origine',(-2.50000358652,2.06347727745,159.440933665)) ;
#1950=CARTESIAN_POINT('Axis2P3D Location',(-6.25,2.50447477147,162.803058982)) ;
#1955=CARTESIAN_POINT('Axis2P3D Location',(-2.5,2.50447477147,162.803058982)) ;
#1967=CARTESIAN_POINT('Axis2P3D Location',(-10.,7.,163.202041029)) ;
#1972=CARTESIAN_POINT('Line Origine',(-6.25,7.,60.1360690948)) ;
#1976=CARTESIAN_POINT('Vertex',(-2.5,7.,60.1360690938)) ;
#1979=CARTESIAN_POINT('Line Origine',(-2.5,7.,78.6678325776)) ;
#1983=CARTESIAN_POINT('Vertex',(-2.5,7.,97.1995960614)) ;
#1986=CARTESIAN_POINT('Line Origine',(-6.25,7.,97.1995960614)) ;
#1998=CARTESIAN_POINT('Axis2P3D Location',(-5.47854161996,5.5,97.1995960629)) ;
#2003=CARTESIAN_POINT('Axis2P3D Location',(-2.49999999988,5.5,97.1995960629)) ;
#2007=CARTESIAN_POINT('Vertex',(-2.49999999988,4.28959910006,98.085558625)) ;
#2010=CARTESIAN_POINT('Line Origine',(-5.47854162008,4.28959910006,98.085558625)) ;
#2022=CARTESIAN_POINT('Axis2P3D Location',(-10.,7.,101.788504808)) ;
#2027=CARTESIAN_POINT('Line Origine',(-2.5,-2.81052579694,88.3853772279)) ;
#2031=CARTESIAN_POINT('Vertex',(-2.5,-9.91065069424,78.6851958306)) ;
#2034=CARTESIAN_POINT('Line Origine',(-6.25,-9.91065069424,78.6851958306)) ;
#2046=CARTESIAN_POINT('Axis2P3D Location',(-5.49782431004,-8.70024979441,77.7992332685)) ;
#2051=CARTESIAN_POINT('Axis2P3D Location',(-2.50000000065,-8.70024979441,77.7992332685)) ;
#2055=CARTESIAN_POINT('Vertex',(-2.50000000065,-9.86929871888,76.8593797628)) ;
#2058=CARTESIAN_POINT('Line Origine',(-5.49782430939,-9.86929871888,76.8593797628)) ;
#2070=CARTESIAN_POINT('Axis2P3D Location',(-10.,-10.5904736786,77.756422554)) ;
#2075=CARTESIAN_POINT('Line Origine',(-6.25,4.33095107466,59.1962155901)) ;
#2079=CARTESIAN_POINT('Vertex',(-2.5,4.33095107466,59.1962155901)) ;
#2082=CARTESIAN_POINT('Line Origine',(-2.5,-2.76917382227,68.0277976766)) ;
#2094=CARTESIAN_POINT('Axis2P3D Location',(-5.47854161996,5.5,60.1360690947)) ;
#2099=CARTESIAN_POINT('Axis2P3D Location',(-2.49999999988,5.5,60.1360690947)) ;
#2111=CARTESIAN_POINT('Axis2P3D Location',(-10.,-10.4344423505,74.3703541513)) ;
#2116=CARTESIAN_POINT('Line Origine',(-6.25,6.2788250409,53.5813405713)) ;
#2120=CARTESIAN_POINT('Vertex',(-2.5,6.27882504149,53.5813405706)) ;
#2123=CARTESIAN_POINT('Line Origine',(-2.5,-0.638326136288,62.1853284326)) ;
#2127=CARTESIAN_POINT('Vertex',(-2.5,-7.55547731406,70.7893162945)) ;
#2130=CARTESIAN_POINT('Line Origine',(-6.25,-7.55547731406,70.7893162945)) ;
#2142=CARTESIAN_POINT('Axis2P3D Location',(-5.47854019177,-8.7245262394,69.8494627899)) ;
#2147=CARTESIAN_POINT('Axis2P3D Location',(-2.50000000034,-8.7245262394,69.8494627899)) ;
#2151=CARTESIAN_POINT('Vertex',(-2.50000000034,-10.2229362199,69.7804154847)) ;
#2154=CARTESIAN_POINT('Line Origine',(-5.47854019143,-10.2229362199,69.7804154847)) ;
#2166=CARTESIAN_POINT('Axis2P3D Location',(-10.,-7.44359501944,9.46535224842)) ;
#2171=CARTESIAN_POINT('Line Origine',(-2.5,-9.44026521805,52.7955087876)) ;
#2175=CARTESIAN_POINT('Vertex',(-2.5,-8.65759421619,35.81060209)) ;
#2178=CARTESIAN_POINT('Line Origine',(-6.25,-8.65759421623,35.8106020909)) ;
#2190=CARTESIAN_POINT('Axis2P3D Location',(-5.47862885773,-7.15918423574,35.8796493961)) ;
#2195=CARTESIAN_POINT('Axis2P3D Location',(-2.50000000067,-7.15918423574,35.8796493961)) ;
#2199=CARTESIAN_POINT('Vertex',(-2.50000000067,-5.94878333574,34.9936868341)) ;
#2202=CARTESIAN_POINT('Line Origine',(-5.47862885706,-5.94878333574,34.9936868341)) ;
#2214=CARTESIAN_POINT('Axis2P3D Location',(-10.,7.,52.6842977809)) ;
#2219=CARTESIAN_POINT('Line Origine',(-2.5,0.185696839875,43.3746056691)) ;
#2223=CARTESIAN_POINT('Vertex',(-2.5,6.32017701541,51.7555245038)) ;
#2226=CARTESIAN_POINT('Line Origine',(-6.25,6.32017701541,51.7555245038)) ;
#2238=CARTESIAN_POINT('Axis2P3D Location',(-5.47854019177,5.10977611583,52.6414870664)) ;
#2243=CARTESIAN_POINT('Axis2P3D Location',(-2.50000000034,5.10977611583,52.6414870664)) ;
#2255=CARTESIAN_POINT('Axis2P3D Location',(-10.,-8.15892200801,24.9888124601)) ;
#2260=CARTESIAN_POINT('Line Origine',(-6.25,2.84149306672,11.3058040442)) ;
#2264=CARTESIAN_POINT('Vertex',(-2.5,2.84149306672,11.3058040442)) ;
#2267=CARTESIAN_POINT('Line Origine',(-2.5,-1.21923195243,16.3567893238)) ;
#2271=CARTESIAN_POINT('Vertex',(-2.5,-5.27995697157,21.4077746033)) ;
#2274=CARTESIAN_POINT('Line Origine',(-6.25,-5.27995697157,21.4077746033)) ;
#2286=CARTESIAN_POINT('Axis2P3D Location',(-5.47854019177,-6.4490058967,20.4679210985)) ;
#2291=CARTESIAN_POINT('Axis2P3D Location',(-2.50000000034,-6.4490058967,20.4679210985)) ;
#2295=CARTESIAN_POINT('Vertex',(-2.50000000034,-7.94741587718,20.398873793)) ;
#2298=CARTESIAN_POINT('Line Origine',(-5.47854019143,-7.94741587718,20.398873793)) ;
#2310=CARTESIAN_POINT('Line Origine',(-2.5,-7.69550544831,14.9321130207)) ;
#2314=CARTESIAN_POINT('Vertex',(-2.5,-7.44359501944,9.46535224842)) ;
#2317=CARTESIAN_POINT('Line Origine',(-6.25,-7.44359501944,9.46535224842)) ;
#2329=CARTESIAN_POINT('Axis2P3D Location',(-5.5,-5.44571504546,9.55741532234)) ;
#2334=CARTESIAN_POINT('Axis2P3D Location',(-2.5,-5.44571504546,9.55741532234)) ;
#2338=CARTESIAN_POINT('Vertex',(-2.5,-6.41057015742,7.80554357677)) ;
#2341=CARTESIAN_POINT('Axis2P3D Location',(-2.5,-5.44571504546,9.55741532234)) ;
#2345=CARTESIAN_POINT('Vertex',(-2.5,-4.45560086214,7.81969442876)) ;
#2348=CARTESIAN_POINT('Line Origine',(-5.5,-4.45560086214,7.81969442876)) ;
#2361=CARTESIAN_POINT('Axis2P3D Location',(-2.5,1.7763568394E-15,-1.42108547152E-14)) ;
#2365=CARTESIAN_POINT('Vertex',(-2.5,1.43352354958,8.88510046273)) ;
#2368=CARTESIAN_POINT('Line Origine',(0.,1.43352354958,8.88510046273)) ;
#2380=CARTESIAN_POINT('Axis2P3D Location',(-5.47854019177,1.67244414118,10.3659505399)) ;
#2385=CARTESIAN_POINT('Axis2P3D Location',(-2.50000000034,1.67244414118,10.3659505399)) ;
#2397=CARTESIAN_POINT('Axis2P3D Location',(-10.,-8.31495333589,28.3748808626)) ;
#2402=CARTESIAN_POINT('Line Origine',(-6.25,-7.59377837707,27.4778380725)) ;
#2406=CARTESIAN_POINT('Vertex',(-2.5,-7.59377837649,27.4778380718)) ;
#2409=CARTESIAN_POINT('Line Origine',(-2.5,-1.63141365104,20.0614736744)) ;
#2413=CARTESIAN_POINT('Vertex',(-2.5,4.33095107441,12.645109277)) ;
#2416=CARTESIAN_POINT('Line Origine',(-6.25,4.330951075,12.6451092762)) ;
#2428=CARTESIAN_POINT('Axis2P3D Location',(-5.47862741411,5.5,13.5849627812)) ;
#2433=CARTESIAN_POINT('Axis2P3D Location',(-2.5000000006,5.5,13.5849627812)) ;
#2437=CARTESIAN_POINT('Vertex',(-2.5000000006,7.,13.5849627815)) ;
#2440=CARTESIAN_POINT('Line Origine',(-5.47862741351,7.,13.5849627815)) ;
#2452=CARTESIAN_POINT('Line Origine',(-2.5,7.,31.4415564826)) ;
#2456=CARTESIAN_POINT('Vertex',(-2.5,7.,49.2981501846)) ;
#2459=CARTESIAN_POINT('Line Origine',(-6.25,7.,49.2981501855)) ;
#2471=CARTESIAN_POINT('Axis2P3D Location',(-10.,7.,49.2981501851)) ;
#2476=CARTESIAN_POINT('Line Origine',(-6.25,-7.63513035157,29.3036541393)) ;
#2480=CARTESIAN_POINT('Vertex',(-2.5,-7.63513035157,29.3036541393)) ;
#2483=CARTESIAN_POINT('Line Origine',(-2.5,-0.317565175787,39.3009021622)) ;
#2495=CARTESIAN_POINT('Axis2P3D Location',(-5.47862741411,-6.42472945172,28.4176915771)) ;
#2500=CARTESIAN_POINT('Axis2P3D Location',(-2.5000000006,-6.42472945172,28.4176915771)) ;
#2512=CARTESIAN_POINT('Axis2P3D Location',(-10.,-13.,133.243897623)) ;
#2517=CARTESIAN_POINT('Line Origine',(-6.25,-12.3105626347,132.386332049)) ;
#2521=CARTESIAN_POINT('Vertex',(-2.5,-12.3105626353,132.386332049)) ;
#2524=CARTESIAN_POINT('Line Origine',(-2.5,-3.98980578044,122.036451131)) ;
#2528=CARTESIAN_POINT('Vertex',(-2.5,4.33095107442,111.686570213)) ;
#2531=CARTESIAN_POINT('Line Origine',(-6.25,4.33095107501,111.686570213)) ;
#2543=CARTESIAN_POINT('Axis2P3D Location',(-5.47862741411,5.5,112.626423718)) ;
#2548=CARTESIAN_POINT('Axis2P3D Location',(-2.5000000006,5.5,112.626423718)) ;
#2552=CARTESIAN_POINT('Vertex',(-2.5000000006,7.,112.626423718)) ;
#2555=CARTESIAN_POINT('Line Origine',(-5.47862741351,7.,112.626423718)) ;
#2567=CARTESIAN_POINT('Line Origine',(-2.5,7.,129.641675245)) ;
#2571=CARTESIAN_POINT('Vertex',(-2.5,7.,146.656926773)) ;
#2575=CARTESIAN_POINT('Control Point',(-2.5,7.,146.656926773)) ;
#2576=CARTESIAN_POINT('Control Point',(-2.83934290375,7.,146.656926773)) ;
#2577=CARTESIAN_POINT('Control Point',(-3.17868470499,7.,146.70491188)) ;
#2578=CARTESIAN_POINT('Control Point',(-3.50920181767,7.,146.800974319)) ;
#2579=CARTESIAN_POINT('Control Point',(-4.1336183869,7.,147.083742565)) ;
#2580=CARTESIAN_POINT('Control Point',(-4.65515527717,7.,147.528546457)) ;
#2581=CARTESIAN_POINT('Control Point',(-4.88271282922,7.,147.786813727)) ;
#2582=CARTESIAN_POINT('Control Point',(-5.21645211967,7.,148.296306877)) ;
#2583=CARTESIAN_POINT('Control Point',(-5.41306883211,7.,148.870262048)) ;
#2584=CARTESIAN_POINT('Control Point',(-5.47102984116,7.,149.129791127)) ;
#2585=CARTESIAN_POINT('Control Point',(-5.49999997117,7.,149.393496809)) ;
#2586=CARTESIAN_POINT('Control Point',(-5.5,7.,149.657203221)) ;
#2587=CARTESIAN_POINT('Vertex',(-5.5,7.,149.657203221)) ;
#2590=CARTESIAN_POINT('Line Origine',(-5.5,7.,153.955415742)) ;
#2594=CARTESIAN_POINT('Vertex',(-5.5,7.,158.253628264)) ;
#2597=CARTESIAN_POINT('Line Origine',(-7.75,7.,158.253628264)) ;
#2611=CARTESIAN_POINT('Axis2P3D Location',(-6.25,5.5,158.253628265)) ;
#2616=CARTESIAN_POINT('Axis2P3D Location',(-5.5,5.5,158.253628265)) ;
#2620=CARTESIAN_POINT('Vertex',(-5.5,5.93513888478,159.689126141)) ;
#2623=CARTESIAN_POINT('Axis2P3D Location',(-5.5,5.5,158.253628265)) ;
#2627=CARTESIAN_POINT('Vertex',(-5.5,4.25246113206,159.086482858)) ;
#2630=CARTESIAN_POINT('Line Origine',(-6.25,4.25246113206,159.086482858)) ;
#2643=CARTESIAN_POINT('Axis2P3D Location',(-10.,-13.,133.243897623)) ;
#2648=CARTESIAN_POINT('Line Origine',(-5.50000002701,1.40877058073,154.826898391)) ;
#2652=CARTESIAN_POINT('Vertex',(-5.50000005402,-1.43491997031,150.567313924)) ;
#2656=CARTESIAN_POINT('Control Point',(-5.50000005402,-1.43491997031,150.567313924)) ;
#2657=CARTESIAN_POINT('Control Point',(-5.50000003859,-1.65239811012,150.241551859)) ;
#2658=CARTESIAN_POINT('Control Point',(-5.45498549266,-1.86987565863,149.91579068)) ;
#2659=CARTESIAN_POINT('Control Point',(-5.3649129018,-2.0838133807,149.595331832)) ;
#2660=CARTESIAN_POINT('Control Point',(-5.10861138679,-2.4728677981,149.012564431)) ;
#2661=CARTESIAN_POINT('Control Point',(-4.68975235272,-2.81538626652,148.499503561)) ;
#2662=CARTESIAN_POINT('Control Point',(-4.4566407008,-2.96263726869,148.278935229)) ;
#2663=CARTESIAN_POINT('Control Point',(-4.00719330973,-3.17693644492,147.957934956)) ;
#2664=CARTESIAN_POINT('Control Point',(-3.47781724281,-3.32092470637,147.742253907)) ;
#2665=CARTESIAN_POINT('Control Point',(-3.25275743089,-3.36591440084,147.674863521)) ;
#2666=CARTESIAN_POINT('Control Point',(-2.96424106926,-3.40337295221,147.618754089)) ;
#2667=CARTESIAN_POINT('Control Point',(-2.67078162803,-3.4172197494,147.598012872)) ;
#2668=CARTESIAN_POINT('Control Point',(-2.61380047525,-3.41901128845,147.595329313)) ;
#2669=CARTESIAN_POINT('Control Point',(-2.55690026269,-3.41990410464,147.593991957)) ;
#2670=CARTESIAN_POINT('Control Point',(-2.5,-3.41990403914,147.593992055)) ;
#2671=CARTESIAN_POINT('Vertex',(-2.5,-3.41990403914,147.593992055)) ;
#2674=CARTESIAN_POINT('Line Origine',(-2.5,-7.90447830844,140.876516101)) ;
#2678=CARTESIAN_POINT('Vertex',(-2.5,-12.3890525777,134.159040147)) ;
#2681=CARTESIAN_POINT('Line Origine',(-6.25,-12.3890525777,134.159040147)) ;
#2695=CARTESIAN_POINT('Axis2P3D Location',(-5.47862741411,-11.1415137101,133.326185554)) ;
#2700=CARTESIAN_POINT('Axis2P3D Location',(-2.5000000006,-11.1415137101,133.326185554)) ;
#2712=CARTESIAN_POINT('Axis2P3D Location',(-10.,7.,105.174652404)) ;
#2717=CARTESIAN_POINT('Line Origine',(-6.25,-8.22430367832,84.3752285257)) ;
#2721=CARTESIAN_POINT('Vertex',(-2.5,-8.22430367832,84.3752285257)) ;
#2724=CARTESIAN_POINT('Line Origine',(-2.5,-0.952063330908,94.3105538271)) ;
#2728=CARTESIAN_POINT('Vertex',(-2.5,6.32017701651,104.245879128)) ;
#2731=CARTESIAN_POINT('Line Origine',(-6.25,6.32017701596,104.245879128)) ;
#2743=CARTESIAN_POINT('Axis2P3D Location',(-5.47862885773,5.10977611582,105.131841689)) ;
#2748=CARTESIAN_POINT('Axis2P3D Location',(-2.50000000067,5.10977611582,105.131841689)) ;
#2752=CARTESIAN_POINT('Vertex',(-2.50000000067,6.27882504087,106.071695194)) ;
#2755=CARTESIAN_POINT('Line Origine',(-5.47862885706,6.27882504087,106.071695194)) ;
#2767=CARTESIAN_POINT('Axis2P3D Location',(-10.,-13.,130.051910804)) ;
#2772=CARTESIAN_POINT('Line Origine',(-2.5,-1.92124806067,116.271462067)) ;
#2776=CARTESIAN_POINT('Vertex',(-2.5,-10.121321162,126.471228939)) ;
#2779=CARTESIAN_POINT('Line Origine',(-6.25,-10.121321162,126.471228939)) ;
#2791=CARTESIAN_POINT('Axis2P3D Location',(-5.47854019177,-11.2903700871,125.531375434)) ;
#2796=CARTESIAN_POINT('Axis2P3D Location',(-2.50000000034,-11.2903700871,125.531375434)) ;
#2800=CARTESIAN_POINT('Vertex',(-2.50000000034,-12.7887800676,125.462328129)) ;
#2803=CARTESIAN_POINT('Line Origine',(-5.47854019143,-12.7887800676,125.462328129)) ;
#2815=CARTESIAN_POINT('Line Origine',(-2.5,-11.8609473133,105.327235955)) ;
#2819=CARTESIAN_POINT('Vertex',(-2.5,-10.9331145588,85.1921437803)) ;
#2822=CARTESIAN_POINT('Line Origine',(-6.25,-10.9331145589,85.1921437812)) ;
#2834=CARTESIAN_POINT('Axis2P3D Location',(-5.47862885773,-9.43470457843,85.2611910875)) ;
#2839=CARTESIAN_POINT('Axis2P3D Location',(-2.50000000067,-9.43470457843,85.2611910875)) ;
#2851=CARTESIAN_POINT('Axis2P3D Location',(-5.5,1.33226762955E-15,3.2276178141E-15)) ;
#2856=CARTESIAN_POINT('Line Origine',(-1767772.45297,-1767766.95297,-1.91933681036E-09)) ;
#2860=CARTESIAN_POINT('Vertex',(-9.5,-4.,2.22044604925E-15)) ;
#2863=CARTESIAN_POINT('Axis2P3D Location',(-9.5,1.33226762955E-15,-3.25095864702E-16)) ;
#2867=CARTESIAN_POINT('Vertex',(-9.49999999988,1.99999999994,-3.46410161503)) ;
#2870=CARTESIAN_POINT('Line Origine',(-1767772.45297,883883.476483,-1530931.08924)) ;
#2882=CARTESIAN_POINT('Axis2P3D Location',(-5.5,1.33226762955E-15,3.2276178141E-15)) ;
#2887=CARTESIAN_POINT('Axis2P3D Location',(-9.5,1.33226762955E-15,-3.25095864702E-16)) ;
#2891=CARTESIAN_POINT('Vertex',(-9.49999999991,3.99999999991,8.88178419777E-16)) ;
#2894=CARTESIAN_POINT('Line Origine',(-1767772.45297,1767766.95297,-1.22084487939E-09)) ;
#2906=CARTESIAN_POINT('Axis2P3D Location',(-9.5,1.33226762955E-15,-3.25095864702E-16)) ;
#2918=CARTESIAN_POINT('Axis2P3D Location',(-4.5,1.43218770177E-13,173.)) ;
#2923=CARTESIAN_POINT('Line Origine',(-1767771.45297,1767766.95297,173.000000101)) ;
#2927=CARTESIAN_POINT('Vertex',(-9.5,5.,173.)) ;
#2930=CARTESIAN_POINT('Axis2P3D Location',(-9.5,3.33066907394E-15,173.)) ;
#2934=CARTESIAN_POINT('Vertex',(-9.49999999991,-4.99999999991,173.)) ;
#2937=CARTESIAN_POINT('Line Origine',(-1767771.45297,-1767766.95297,173.0000001)) ;
#2949=CARTESIAN_POINT('Axis2P3D Location',(-4.5,9.05941988094E-14,173.)) ;
#2954=CARTESIAN_POINT('Axis2P3D Location',(-9.50000000001,1.77635683927E-15,173.)) ;
#2958=CARTESIAN_POINT('Vertex',(-9.49999999989,2.49999999994,168.669872981)) ;
#2961=CARTESIAN_POINT('Line Origine',(-1767771.45297,883883.476483,-1530758.08924)) ;
#2973=CARTESIAN_POINT('Axis2P3D Location',(-9.5,3.33066907394E-15,173.)) ;
#2985=CARTESIAN_POINT('Line Origine',(-6.25,4.25246113274,159.086482859)) ;
#2989=CARTESIAN_POINT('Vertex',(5.49999999999,4.25246113278,159.086482859)) ;
#2992=CARTESIAN_POINT('Axis2P3D Location',(5.49999999999,5.5,158.253628265)) ;
#2996=CARTESIAN_POINT('Vertex',(5.49999999999,7.,158.253628265)) ;
#2999=CARTESIAN_POINT('Line Origine',(-6.25,7.,158.253628265)) ;
#3011=CARTESIAN_POINT('Line Origine',(5.5,7.,153.9554159)) ;
#3015=CARTESIAN_POINT('Vertex',(5.5,7.,149.657203536)) ;
#3019=CARTESIAN_POINT('Control Point',(2.5,7.,146.656926773)) ;
#3020=CARTESIAN_POINT('Control Point',(2.83936994892,7.,146.656926773)) ;
#3021=CARTESIAN_POINT('Control Point',(3.17874230055,7.,146.704912921)) ;
#3022=CARTESIAN_POINT('Control Point',(3.50917567239,7.,146.800959007)) ;
#3023=CARTESIAN_POINT('Control Point',(4.13365029433,7.,147.083745304)) ;
#3024=CARTESIAN_POINT('Control Point',(4.6552217315,7.,147.528607555)) ;
#3025=CARTESIAN_POINT('Control Point',(4.88270463571,7.,147.78678832)) ;
#3026=CARTESIAN_POINT('Control Point',(5.21645505168,7.,148.2963128)) ;
#3027=CARTESIAN_POINT('Control Point',(5.41307797352,7.,148.870297176)) ;
#3028=CARTESIAN_POINT('Control Point',(5.47103741003,7.,149.129792118)) ;
#3029=CARTESIAN_POINT('Control Point',(5.49999999869,7.,149.393498511)) ;
#3030=CARTESIAN_POINT('Control Point',(5.5,7.,149.657203536)) ;
#3031=CARTESIAN_POINT('Vertex',(2.5,7.,146.656926773)) ;
#3034=CARTESIAN_POINT('Line Origine',(2.5,7.,129.641675245)) ;
#3038=CARTESIAN_POINT('Vertex',(2.5,7.,112.626423717)) ;
#3041=CARTESIAN_POINT('Line Origine',(6.25,7.,112.626423717)) ;
#3055=CARTESIAN_POINT('Axis2P3D Location',(2.5000000006,5.5,112.626423718)) ;
#3059=CARTESIAN_POINT('Vertex',(2.5000000006,4.33095107494,111.686570213)) ;
#3062=CARTESIAN_POINT('Line Origine',(-5.47862741351,4.33095107494,111.686570213)) ;
#3074=CARTESIAN_POINT('Line Origine',(2.5,-3.98980578044,122.036451131)) ;
#3078=CARTESIAN_POINT('Vertex',(2.5,-12.3105626353,132.386332049)) ;
#3081=CARTESIAN_POINT('Line Origine',(6.25,-12.3105626347,132.386332049)) ;
#3093=CARTESIAN_POINT('Axis2P3D Location',(2.5000000006,-11.1415137101,133.326185554)) ;
#3097=CARTESIAN_POINT('Vertex',(2.5000000006,-12.3890525776,134.159040148)) ;
#3100=CARTESIAN_POINT('Line Origine',(-5.47862741351,-12.3890525776,134.159040148)) ;
#3112=CARTESIAN_POINT('Line Origine',(2.5,-7.90447552332,140.876520273)) ;
#3116=CARTESIAN_POINT('Vertex',(2.5,-3.4198984689,147.594000399)) ;
#3120=CARTESIAN_POINT('Control Point',(5.50000006519,-1.43491997031,150.567313924)) ;
#3121=CARTESIAN_POINT('Control Point',(5.50000004861,-1.65193283816,150.242248794)) ;
#3122=CARTESIAN_POINT('Control Point',(5.45492607239,-1.86888774144,149.917270488)) ;
#3123=CARTESIAN_POINT('Control Point',(5.36582487993,-2.08237892581,149.597480513)) ;
#3124=CARTESIAN_POINT('Control Point',(5.11137160039,-2.47024312131,149.016495953)) ;
#3125=CARTESIAN_POINT('Control Point',(4.69336119414,-2.81277480953,148.503415281)) ;
#3126=CARTESIAN_POINT('Control Point',(4.46056000805,-2.96038751806,148.282305147)) ;
#3127=CARTESIAN_POINT('Control Point',(3.96901125012,-3.1958226804,147.929645129)) ;
#3128=CARTESIAN_POINT('Control Point',(3.37850738638,-3.34735649764,147.702661537)) ;
#3129=CARTESIAN_POINT('Control Point',(3.0916534542,-3.39580166923,147.630095168)) ;
#3130=CARTESIAN_POINT('Control Point',(2.79579426871,-3.41990437924,147.593991545)) ;
#3131=CARTESIAN_POINT('Control Point',(2.5,-3.41990404018,147.593992053)) ;
#3132=CARTESIAN_POINT('Vertex',(5.50000006519,-1.43491997031,150.567313924)) ;
#3135=CARTESIAN_POINT('Line Origine',(5.50000004284,1.40877058073,154.826898391)) ;
#3149=CARTESIAN_POINT('Line Origine',(-6.25,2.14669266154,164.259764842)) ;
#3153=CARTESIAN_POINT('Vertex',(2.5,2.14669266154,164.259764842)) ;
#3156=CARTESIAN_POINT('Axis2P3D Location',(2.5,2.50447477147,162.803058982)) ;
#3160=CARTESIAN_POINT('Vertex',(2.5,3.75201363899,161.970204388)) ;
#3163=CARTESIAN_POINT('Line Origine',(-6.25,3.75201363899,161.970204388)) ;
#3175=CARTESIAN_POINT('Line Origine',(2.5,2.0634732156,159.440927581)) ;
#3179=CARTESIAN_POINT('Vertex',(2.5,0.374932792568,156.911650774)) ;
#3183=CARTESIAN_POINT('Control Point',(2.5,0.374932792568,156.911650774)) ;
#3184=CARTESIAN_POINT('Control Point',(2.73522527898,0.374933351268,156.911651611)) ;
#3185=CARTESIAN_POINT('Control Point',(2.97044167509,0.359680955428,156.888804938)) ;
#3186=CARTESIAN_POINT('Control Point',(3.20122855028,0.329161789512,156.843090061)) ;
#3187=CARTESIAN_POINT('Control Point',(3.74634843685,0.219798589003,156.679274138)) ;
#3188=CARTESIAN_POINT('Control Point',(4.22484784542,0.0352137679122,156.402783211)) ;
#3189=CARTESIAN_POINT('Control Point',(4.47710054643,-0.0958020369645,156.206533698)) ;
#3190=CARTESIAN_POINT('Control Point',(4.94325269206,-0.409083378083,155.737267331)) ;
#3191=CARTESIAN_POINT('Control Point',(5.25403152582,-0.777394949586,155.185570787)) ;
#3192=CARTESIAN_POINT('Control Point',(5.37460966708,-0.983146352803,154.877374284)) ;
#3193=CARTESIAN_POINT('Control Point',(5.4658441497,-1.2343261516,154.501130263)) ;
#3194=CARTESIAN_POINT('Control Point',(5.49530810963,-1.488476079,154.120437264)) ;
#3195=CARTESIAN_POINT('Control Point',(5.4984379326,-1.52902152606,154.059703948)) ;
#3196=CARTESIAN_POINT('Control Point',(5.49999996573,-1.56953365631,153.999020538)) ;
#3197=CARTESIAN_POINT('Control Point',(5.49999996461,-1.61004577945,153.938337138)) ;
#3198=CARTESIAN_POINT('Vertex',(5.49999996461,-1.61004577945,153.938337138)) ;
#3201=CARTESIAN_POINT('Line Origine',(5.4999999823,-5.93125345622,147.465569175)) ;
#3205=CARTESIAN_POINT('Vertex',(5.5,-10.252461133,140.992801212)) ;
#3208=CARTESIAN_POINT('Line Origine',(7.75,-10.2524611325,140.992801212)) ;
#3222=CARTESIAN_POINT('Axis2P3D Location',(5.49999999999,-11.5,141.825655806)) ;
#3226=CARTESIAN_POINT('Vertex',(5.49999999999,-11.9351388848,140.39015793)) ;
#3229=CARTESIAN_POINT('Axis2P3D Location',(5.49999999999,-11.5,141.825655806)) ;
#3233=CARTESIAN_POINT('Vertex',(5.49999999999,-13.,141.825655807)) ;
#3236=CARTESIAN_POINT('Line Origine',(-5.5,-13.,141.825655807)) ;
#3249=CARTESIAN_POINT('Axis2P3D Location',(2.50000000006,-13.,180.510327649)) ;
#3253=CARTESIAN_POINT('Vertex',(2.5,-13.,177.510327649)) ;
#3255=CARTESIAN_POINT('Vertex',(5.5,-13.,180.510327649)) ;
#3258=CARTESIAN_POINT('Line Origine',(5.5,-13.,188.930388768)) ;
#3262=CARTESIAN_POINT('Vertex',(5.5,-13.,197.350449887)) ;
#3265=CARTESIAN_POINT('Line Origine',(7.75,-13.,197.350449886)) ;
#3270=CARTESIAN_POINT('Line Origine',(5.5,-13.,148.357121759)) ;
#3274=CARTESIAN_POINT('Vertex',(5.5,-13.,154.88858771)) ;
#3278=CARTESIAN_POINT('Control Point',(5.5,-13.,154.88858771)) ;
#3279=CARTESIAN_POINT('Control Point',(5.5000000036,-13.,155.227967611)) ;
#3280=CARTESIAN_POINT('Control Point',(5.4520177245,-13.,155.56734674)) ;
#3281=CARTESIAN_POINT('Control Point',(5.35596064665,-13.,155.897904708)) ;
#3282=CARTESIAN_POINT('Control Point',(5.07321754101,-13.,156.52236776)) ;
#3283=CARTESIAN_POINT('Control Point',(4.62843581104,-13.,157.043964141)) ;
#3284=CARTESIAN_POINT('Control Point',(4.3701927746,-13.,157.271541027)) ;
#3285=CARTESIAN_POINT('Control Point',(3.86075142982,-13.,157.605300859)) ;
#3286=CARTESIAN_POINT('Control Point',(3.28683819225,-13.,157.801932381)) ;
#3287=CARTESIAN_POINT('Control Point',(3.02735435033,-13.,157.859890593)) ;
#3288=CARTESIAN_POINT('Control Point',(2.76367745486,-13.,157.888864473)) ;
#3289=CARTESIAN_POINT('Control Point',(2.5,-13.,157.888864473)) ;
#3290=CARTESIAN_POINT('Vertex',(2.5,-13.,157.888864473)) ;
#3293=CARTESIAN_POINT('Line Origine',(2.5,-13.,167.699596061)) ;
#3309=CARTESIAN_POINT('Axis2P3D Location',(5.5,-11.,197.350449887)) ;
#3313=CARTESIAN_POINT('Vertex',(5.5,-11.6030036435,199.257381088)) ;
#3316=CARTESIAN_POINT('Axis2P3D Location',(5.5,-11.,197.350449887)) ;
#3320=CARTESIAN_POINT('Vertex',(5.5,-9.36361339391,198.500336349)) ;
#3323=CARTESIAN_POINT('Line Origine',(-5.5,-9.36361339391,198.500336349)) ;
#3336=CARTESIAN_POINT('Line Origine',(5.5,-4.63476523012,191.77078169)) ;
#3340=CARTESIAN_POINT('Vertex',(5.5,0.0940829336275,185.041227031)) ;
#3343=CARTESIAN_POINT('Line Origine',(7.75,0.0940829336275,185.041227031)) ;
#3355=CARTESIAN_POINT('Axis2P3D Location',(5.5,-1.54230367248,183.891340569)) ;
#3359=CARTESIAN_POINT('Vertex',(5.5,0.292895059397,183.096327604)) ;
#3362=CARTESIAN_POINT('Axis2P3D Location',(5.5,-1.54230367248,183.891340569)) ;
#3366=CARTESIAN_POINT('Vertex',(5.5,-1.2618986312,181.911094874)) ;
#3369=CARTESIAN_POINT('Line Origine',(-5.5,-1.2618986312,181.911094874)) ;
#3382=CARTESIAN_POINT('Line Origine',(0.,-4.09089384656,181.016519665)) ;
#3386=CARTESIAN_POINT('Vertex',(5.5,-4.09089384637,181.016519665)) ;
#3389=CARTESIAN_POINT('Axis2P3D Location',(5.5,0.,173.)) ;
#3402=CARTESIAN_POINT('Control Point',(5.50000978075,-6.70239681553,179.006486238)) ;
#3403=CARTESIAN_POINT('Control Point',(5.50000956195,-5.96511783838,179.829186245)) ;
#3404=CARTESIAN_POINT('Control Point',(5.50000934315,-5.07489866813,180.514374166)) ;
#3405=CARTESIAN_POINT('Control Point',(5.50000912435,-4.09089384656,181.016519665)) ;
#3406=CARTESIAN_POINT('Vertex',(5.5,-6.70239681553,179.006486238)) ;
#3410=CARTESIAN_POINT('Control Point',(2.5,-8.12736527508,176.865997114)) ;
#3411=CARTESIAN_POINT('Control Point',(2.85473477782,-8.12736417156,176.865999434)) ;
#3412=CARTESIAN_POINT('Control Point',(3.20947300991,-8.10805851249,176.906585119)) ;
#3413=CARTESIAN_POINT('Control Point',(3.55686217206,-8.06957642985,176.987542579)) ;
#3414=CARTESIAN_POINT('Control Point',(4.37898092859,-7.92043577743,177.287905235)) ;
#3415=CARTESIAN_POINT('Control Point',(5.04086516588,-7.61850949502,177.814103514)) ;
#3416=CARTESIAN_POINT('Control Point',(5.34815129565,-7.37184949314,178.2026004)) ;
#3417=CARTESIAN_POINT('Control Point',(5.50001732843,-7.05127727265,178.617184544)) ;
#3418=CARTESIAN_POINT('Control Point',(5.50000978075,-6.70239681553,179.006486238)) ;
#3419=CARTESIAN_POINT('Vertex',(2.5,-8.12736527508,176.865997114)) ;
#3422=CARTESIAN_POINT('Axis2P3D Location',(2.5,0.,173.)) ;
#3436=CARTESIAN_POINT('Line Origine',(-5.47854162008,7.,60.1360690947)) ;
#3440=CARTESIAN_POINT('Vertex',(2.49999999987,7.,60.1360690947)) ;
#3443=CARTESIAN_POINT('Axis2P3D Location',(2.49999999987,5.5,60.1360690947)) ;
#3447=CARTESIAN_POINT('Vertex',(2.49999999987,4.33095107494,59.1962155897)) ;
#3450=CARTESIAN_POINT('Line Origine',(-5.47854162008,4.33095107494,59.1962155897)) ;
#3462=CARTESIAN_POINT('Line Origine',(2.5,-2.76917382227,68.0277976766)) ;
#3466=CARTESIAN_POINT('Vertex',(2.5,-9.8692987192,76.8593797632)) ;
#3469=CARTESIAN_POINT('Line Origine',(6.25,-9.8692987192,76.8593797632)) ;
#3481=CARTESIAN_POINT('Axis2P3D Location',(2.50000000065,-8.70024979441,77.7992332685)) ;
#3485=CARTESIAN_POINT('Vertex',(2.50000000065,-9.91065069426,78.6851958307)) ;
#3488=CARTESIAN_POINT('Line Origine',(-5.49782430939,-9.91065069426,78.6851958307)) ;
#3500=CARTESIAN_POINT('Line Origine',(6.25,4.28959910035,98.0855586252)) ;
#3504=CARTESIAN_POINT('Vertex',(2.5,4.28959910035,98.0855586252)) ;
#3507=CARTESIAN_POINT('Line Origine',(2.5,-2.81052579694,88.3853772279)) ;
#3519=CARTESIAN_POINT('Axis2P3D Location',(2.49999999987,5.5,97.1995960629)) ;
#3523=CARTESIAN_POINT('Vertex',(2.49999999987,7.,97.1995960629)) ;
#3526=CARTESIAN_POINT('Line Origine',(-5.47854162008,7.,97.1995960629)) ;
#3538=CARTESIAN_POINT('Line Origine',(2.5,7.,78.6678325785)) ;
#3550=CARTESIAN_POINT('Line Origine',(-5.47854019143,6.27882504095,53.5813405713)) ;
#3554=CARTESIAN_POINT('Vertex',(2.50000000034,6.27882504095,53.5813405713)) ;
#3557=CARTESIAN_POINT('Axis2P3D Location',(2.50000000034,5.10977611583,52.6414870664)) ;
#3561=CARTESIAN_POINT('Vertex',(2.50000000034,6.32017701568,51.7555245042)) ;
#3564=CARTESIAN_POINT('Line Origine',(-5.47854019143,6.32017701568,51.7555245042)) ;
#3576=CARTESIAN_POINT('Line Origine',(2.5,0.185696839875,43.3746056691)) ;
#3580=CARTESIAN_POINT('Vertex',(2.5,-5.94878333566,34.9936868343)) ;
#3583=CARTESIAN_POINT('Line Origine',(6.25,-5.94878333566,34.9936868343)) ;
#3595=CARTESIAN_POINT('Axis2P3D Location',(2.50000000067,-7.15918423574,35.8796493961)) ;
#3599=CARTESIAN_POINT('Vertex',(2.50000000067,-8.65759421625,35.8106020913)) ;
#3602=CARTESIAN_POINT('Line Origine',(-5.47862885706,-8.65759421625,35.8106020913)) ;
#3614=CARTESIAN_POINT('Line Origine',(2.5,-9.4402652181,52.7955087885)) ;
#3618=CARTESIAN_POINT('Vertex',(2.5,-10.2229362199,69.7804154852)) ;
#3621=CARTESIAN_POINT('Line Origine',(6.25,-10.2229362199,69.7804154852)) ;
#3633=CARTESIAN_POINT('Axis2P3D Location',(2.50000000034,-8.7245262394,69.8494627899)) ;
#3637=CARTESIAN_POINT('Vertex',(2.50000000034,-7.55547731434,70.7893162949)) ;
#3640=CARTESIAN_POINT('Line Origine',(-5.47854019143,-7.55547731434,70.7893162949)) ;
#3652=CARTESIAN_POINT('Line Origine',(2.5,-0.638326136288,62.1853284326)) ;
#3664=CARTESIAN_POINT('Line Origine',(6.25,-5.27995697157,21.4077746033)) ;
#3668=CARTESIAN_POINT('Vertex',(2.5,-5.27995697157,21.4077746033)) ;
#3671=CARTESIAN_POINT('Line Origine',(2.5,-1.21923195243,16.3567893238)) ;
#3675=CARTESIAN_POINT('Vertex',(2.5,2.84149306672,11.3058040442)) ;
#3678=CARTESIAN_POINT('Line Origine',(6.25,2.84149306672,11.3058040442)) ;
#3690=CARTESIAN_POINT('Axis2P3D Location',(2.50000000034,1.67244414118,10.3659505399)) ;
#3694=CARTESIAN_POINT('Vertex',(2.50000000034,1.43352354958,8.88510046278)) ;
#3697=CARTESIAN_POINT('Line Origine',(-5.47854019143,1.43352354958,8.88510046278)) ;
#3709=CARTESIAN_POINT('Axis2P3D Location',(2.5,1.7763568394E-15,-1.42108547152E-14)) ;
#3713=CARTESIAN_POINT('Vertex',(2.5,-4.45560086209,7.81969442867)) ;
#3716=CARTESIAN_POINT('Line Origine',(0.,-4.45560086209,7.81969442867)) ;
#3728=CARTESIAN_POINT('Axis2P3D Location',(2.5,-5.44571504546,9.55741532234)) ;
#3732=CARTESIAN_POINT('Vertex',(2.5,-6.41057015742,7.80554357677)) ;
#3735=CARTESIAN_POINT('Axis2P3D Location',(2.5,-5.44571504546,9.55741532234)) ;
#3739=CARTESIAN_POINT('Vertex',(2.5,-7.44359501944,9.46535224843)) ;
#3742=CARTESIAN_POINT('Line Origine',(-5.5,-7.44359501944,9.46535224843)) ;
#3755=CARTESIAN_POINT('Line Origine',(2.5,-7.69550544831,14.9321130207)) ;
#3759=CARTESIAN_POINT('Vertex',(2.5,-7.94741587719,20.398873793)) ;
#3762=CARTESIAN_POINT('Line Origine',(6.25,-7.94741587719,20.398873793)) ;
#3774=CARTESIAN_POINT('Axis2P3D Location',(2.50000000034,-6.4490058967,20.4679210985)) ;
#3786=CARTESIAN_POINT('Line Origine',(-5.47862741351,7.,13.5849627812)) ;
#3790=CARTESIAN_POINT('Vertex',(2.49999999987,7.,13.5849627812)) ;
#3793=CARTESIAN_POINT('Axis2P3D Location',(2.49999999987,5.5,13.5849627812)) ;
#3797=CARTESIAN_POINT('Vertex',(2.49999999987,4.33095107494,12.6451092762)) ;
#3800=CARTESIAN_POINT('Line Origine',(-5.47862741351,4.33095107494,12.6451092762)) ;
#3812=CARTESIAN_POINT('Line Origine',(2.5,-1.63141365104,20.0614736744)) ;
#3816=CARTESIAN_POINT('Vertex',(2.5,-7.59377837649,27.4778380718)) ;
#3819=CARTESIAN_POINT('Line Origine',(6.25,-7.59377837707,27.4778380725)) ;
#3831=CARTESIAN_POINT('Axis2P3D Location',(2.50000000065,-6.42472945172,28.4176915771)) ;
#3835=CARTESIAN_POINT('Vertex',(2.50000000065,-7.63513035157,29.3036541393)) ;
#3838=CARTESIAN_POINT('Line Origine',(-5.47862741351,-7.63513035157,29.3036541393)) ;
#3850=CARTESIAN_POINT('Line Origine',(6.25,4.28959910035,45.5952040023)) ;
#3854=CARTESIAN_POINT('Vertex',(2.5,4.28959910035,45.5952040023)) ;
#3857=CARTESIAN_POINT('Line Origine',(2.5,-1.67276562561,37.4494290708)) ;
#3869=CARTESIAN_POINT('Axis2P3D Location',(5.47854161995,5.5,44.7092414398)) ;
#3874=CARTESIAN_POINT('Axis2P3D Location',(2.49999999987,5.5,44.7092414398)) ;
#3878=CARTESIAN_POINT('Vertex',(2.49999999987,7.,44.7092414398)) ;
#3881=CARTESIAN_POINT('Line Origine',(5.47854162008,7.,44.7092414398)) ;
#3893=CARTESIAN_POINT('Line Origine',(2.5,7.,29.1471021101)) ;
#3905=CARTESIAN_POINT('Line Origine',(-5.47862885706,-8.22430367858,84.3752285253)) ;
#3909=CARTESIAN_POINT('Vertex',(2.50000000067,-8.22430367858,84.3752285253)) ;
#3912=CARTESIAN_POINT('Axis2P3D Location',(2.50000000067,-9.43470457843,85.2611910875)) ;
#3916=CARTESIAN_POINT('Vertex',(2.50000000067,-10.933114559,85.192143783)) ;
#3919=CARTESIAN_POINT('Line Origine',(-5.47862885706,-10.933114559,85.192143783)) ;
#3931=CARTESIAN_POINT('Line Origine',(2.5,-11.8609473133,105.327235955)) ;
#3935=CARTESIAN_POINT('Vertex',(2.5,-12.7887800676,125.462328128)) ;
#3938=CARTESIAN_POINT('Line Origine',(6.25,-12.7887800676,125.462328128)) ;
#3950=CARTESIAN_POINT('Axis2P3D Location',(2.50000000034,-11.2903700871,125.531375434)) ;
#3954=CARTESIAN_POINT('Vertex',(2.50000000034,-10.1213211621,126.471228939)) ;
#3957=CARTESIAN_POINT('Line Origine',(-5.47854019143,-10.1213211621,126.471228939)) ;
#3969=CARTESIAN_POINT('Line Origine',(2.5,-1.92124806067,116.271462067)) ;
#3973=CARTESIAN_POINT('Vertex',(2.5,6.2788250407,106.071695195)) ;
#3976=CARTESIAN_POINT('Line Origine',(6.25,6.2788250407,106.071695195)) ;
#3988=CARTESIAN_POINT('Axis2P3D Location',(2.50000000067,5.10977611582,105.131841689)) ;
#3992=CARTESIAN_POINT('Vertex',(2.50000000067,6.32017701567,104.245879127)) ;
#3995=CARTESIAN_POINT('Line Origine',(-5.47862885706,6.32017701567,104.245879127)) ;
#4007=CARTESIAN_POINT('Line Origine',(2.5,-0.952063331458,94.3105538263)) ;
#4019=CARTESIAN_POINT('Axis2P3D Location',(4.5,1.43218770177E-13,173.)) ;
#4024=CARTESIAN_POINT('Line Origine',(1767771.45297,1767766.95297,173.0000001)) ;
#4028=CARTESIAN_POINT('Vertex',(9.49999999991,4.99999999991,173.)) ;
#4031=CARTESIAN_POINT('Line Origine',(1767771.45297,-1767766.95297,173.000000101)) ;
#4035=CARTESIAN_POINT('Vertex',(9.5,-5.,173.)) ;
#4038=CARTESIAN_POINT('Axis2P3D Location',(9.5,3.33066907394E-15,173.)) ;
#4050=CARTESIAN_POINT('Axis2P3D Location',(9.50000000002,3.3306690735E-15,173.)) ;
#4054=CARTESIAN_POINT('Vertex',(9.49999999989,2.49999999994,168.669872981)) ;
#4057=CARTESIAN_POINT('Line Origine',(1767771.45297,883883.476483,-1530758.08924)) ;
#4069=CARTESIAN_POINT('Axis2P3D Location',(4.5,9.05941988094E-14,173.)) ;
#4074=CARTESIAN_POINT('Axis2P3D Location',(9.5,1.77635683936E-15,173.)) ;
#4086=CARTESIAN_POINT('Axis2P3D Location',(5.5,1.33226762955E-15,3.2276178141E-15)) ;
#4091=CARTESIAN_POINT('Line Origine',(1767772.45297,1767766.95297,-5.41179646516E-09)) ;
#4095=CARTESIAN_POINT('Vertex',(9.5,4.,-7.9936057773E-15)) ;
#4098=CARTESIAN_POINT('Axis2P3D Location',(9.5,1.33226762955E-15,-3.25095864702E-16)) ;
#4102=CARTESIAN_POINT('Vertex',(9.49999999988,1.99999999994,-3.46410161503)) ;
#4105=CARTESIAN_POINT('Line Origine',(1767772.45297,883883.476483,-1530931.08924)) ;
#4117=CARTESIAN_POINT('Axis2P3D Location',(5.5,1.33226762955E-15,3.2276178141E-15)) ;
#4122=CARTESIAN_POINT('Axis2P3D Location',(9.5,1.33226762955E-15,-3.25095864702E-16)) ;
#4126=CARTESIAN_POINT('Vertex',(9.49999999991,-3.99999999991,2.22044605001E-16)) ;
#4129=CARTESIAN_POINT('Line Origine',(1767772.45297,-1767766.95297,-1.33726020122E-09)) ;
#4141=CARTESIAN_POINT('Axis2P3D Location',(9.5,1.33226762955E-15,-3.25095864702E-16)) ;
#4153=CARTESIAN_POINT('Axis2P3D Location',(7.62840390242E-12,-14.9,186.440654138)) ;
#4158=CARTESIAN_POINT('Line Origine',(1.81396315544,-14.9000000004,185.44968155)) ;
#4163=CARTESIAN_POINT('Line Origine',(-1.81396315542,-14.9000000004,187.431626726)) ;
#4184=CARTESIAN_POINT('Control Point',(1.62099999237,8.49999999869,173.000000001)) ;
#4185=CARTESIAN_POINT('Control Point',(2.12099998753,8.99999999731,173.)) ;
#4186=CARTESIAN_POINT('Control Point',(1.62099975846,8.49999995862,173.076465966)) ;
#4187=CARTESIAN_POINT('Control Point',(2.12099960535,8.99999991502,173.105937392)) ;
#4188=CARTESIAN_POINT('Control Point',(1.61648484551,8.49922086539,173.152974816)) ;
#4189=CARTESIAN_POINT('Control Point',(2.11370194605,8.99843906048,173.211933553)) ;
#4190=CARTESIAN_POINT('Control Point',(1.60735556263,8.49764563882,173.22995538)) ;
#4191=CARTESIAN_POINT('Control Point',(2.09894447102,8.99528248698,173.318185308)) ;
#4192=CARTESIAN_POINT('Control Point',(1.57891511743,8.49278188569,173.388560324)) ;
#4193=CARTESIAN_POINT('Control Point',(2.05336403425,8.98564101422,173.535459764)) ;
#4194=CARTESIAN_POINT('Control Point',(1.53072178174,8.48479267705,173.543451772)) ;
#4195=CARTESIAN_POINT('Control Point',(1.97797542226,8.97024225015,173.74314701)) ;
#4196=CARTESIAN_POINT('Control Point',(1.499759426,8.47975991739,173.623951382)) ;
#4197=CARTESIAN_POINT('Control Point',(1.93024054723,8.96070795488,173.849467588)) ;
#4198=CARTESIAN_POINT('Control Point',(1.46377668629,8.47408564825,173.7017046)) ;
#4199=CARTESIAN_POINT('Control Point',(1.8758578853,8.95020153076,173.950412483)) ;
#4200=CARTESIAN_POINT('Control Point',(1.42256133282,8.46785626282,173.777148798)) ;
#4201=CARTESIAN_POINT('Control Point',(1.81493840625,8.93893141915,174.046663787)) ;
#4203=CARTESIAN_POINT('Control Point',(1.42256133282,8.46785626282,173.777148798)) ;
#4204=CARTESIAN_POINT('Control Point',(1.81493840625,8.93893141915,174.046663787)) ;
#4205=CARTESIAN_POINT('Vertex',(1.42256133282,8.46785626282,173.777148798)) ;
#4209=CARTESIAN_POINT('Control Point',(1.62099999237,8.49999999869,173.000000001)) ;
#4210=CARTESIAN_POINT('Control Point',(2.12099998753,8.99999999731,173.)) ;
#4211=CARTESIAN_POINT('Vertex',(1.62099999553,8.49999999553,173.000000001)) ;
#4215=CARTESIAN_POINT('Control Point',(1.62099999237,8.49999999869,173.000000001)) ;
#4216=CARTESIAN_POINT('Control Point',(1.62099975846,8.49999995862,173.076465966)) ;
#4217=CARTESIAN_POINT('Control Point',(1.61648484551,8.49922086539,173.152974816)) ;
#4218=CARTESIAN_POINT('Control Point',(1.60735556263,8.49764563882,173.22995538)) ;
#4219=CARTESIAN_POINT('Control Point',(1.57891511743,8.49278188569,173.388560324)) ;
#4220=CARTESIAN_POINT('Control Point',(1.53072178174,8.48479267705,173.543451772)) ;
#4221=CARTESIAN_POINT('Control Point',(1.499759426,8.47975991739,173.623951382)) ;
#4222=CARTESIAN_POINT('Control Point',(1.46377668629,8.47408564825,173.7017046)) ;
#4223=CARTESIAN_POINT('Control Point',(1.42256133282,8.46785626282,173.777148798)) ;
#4233=CARTESIAN_POINT('Control Point',(1.42256133282,8.46785626282,173.777148798)) ;
#4234=CARTESIAN_POINT('Control Point',(1.81493840625,8.93893141915,174.046663787)) ;
#4235=CARTESIAN_POINT('Control Point',(1.33761403643,8.45501712869,173.932643781)) ;
#4236=CARTESIAN_POINT('Control Point',(1.68937973435,8.91570304841,174.245043454)) ;
#4237=CARTESIAN_POINT('Control Point',(1.23043877301,8.43981987921,174.078330128)) ;
#4238=CARTESIAN_POINT('Control Point',(1.53605288348,8.88923055893,174.423484906)) ;
#4239=CARTESIAN_POINT('Control Point',(1.1019192151,8.42345673715,174.210195296)) ;
#4240=CARTESIAN_POINT('Control Point',(1.36032194524,8.8622403085,174.577502765)) ;
#4241=CARTESIAN_POINT('Control Point',(0.757437102909,8.38711851549,174.474512967)) ;
#4242=CARTESIAN_POINT('Control Point',(0.91042656638,8.80466207159,174.875605483)) ;
#4243=CARTESIAN_POINT('Control Point',(0.332681457448,8.36340438766,174.617130464)) ;
#4244=CARTESIAN_POINT('Control Point',(0.393724040936,8.76972507949,175.023680382)) ;
#4245=CARTESIAN_POINT('Control Point',(0.0742744941083,8.35772039237,174.649769159)) ;
#4246=CARTESIAN_POINT('Control Point',(0.0887033481767,8.7616329833,175.056520995)) ;
#4247=CARTESIAN_POINT('Control Point',(-0.453893321532,8.36507043666,174.609565551)) ;
#4248=CARTESIAN_POINT('Control Point',(-0.537418688459,8.77197785363,175.017075297)) ;
#4249=CARTESIAN_POINT('Control Point',(-0.919662668172,8.401564793,174.373657721)) ;
#4250=CARTESIAN_POINT('Control Point',(-1.1165326302,8.82713647032,174.763734781)) ;
#4251=CARTESIAN_POINT('Control Point',(-1.12583059035,8.42538604206,174.207851089)) ;
#4252=CARTESIAN_POINT('Control Point',(-1.38819946615,8.86443526707,174.579770703)) ;
#4253=CARTESIAN_POINT('Control Point',(-1.40339498845,8.46357325618,173.877440168)) ;
#4254=CARTESIAN_POINT('Control Point',(-1.77971186162,8.929822652,174.184105507)) ;
#4255=CARTESIAN_POINT('Control Point',(-1.55833589221,8.48917785256,173.491200861)) ;
#4256=CARTESIAN_POINT('Control Point',(-2.01959858503,8.97828856274,173.67641282)) ;
#4257=CARTESIAN_POINT('Control Point',(-1.60009068463,8.49639185358,173.329333786)) ;
#4258=CARTESIAN_POINT('Control Point',(-2.08720380246,8.99277158975,173.456266293)) ;
#4259=CARTESIAN_POINT('Control Point',(-1.621,8.5,173.164666937)) ;
#4260=CARTESIAN_POINT('Control Point',(-2.121,9.,173.228132755)) ;
#4261=CARTESIAN_POINT('Control Point',(-1.621,8.5,173.)) ;
#4262=CARTESIAN_POINT('Control Point',(-2.121,9.,173.)) ;
#4264=CARTESIAN_POINT('Control Point',(-1.621,8.5,173.)) ;
#4265=CARTESIAN_POINT('Control Point',(-2.121,9.,173.)) ;
#4266=CARTESIAN_POINT('Vertex',(-1.621,8.5,173.)) ;
#4270=CARTESIAN_POINT('Control Point',(1.42256133282,8.46785626282,173.777148798)) ;
#4271=CARTESIAN_POINT('Control Point',(1.33761403643,8.45501712869,173.932643781)) ;
#4272=CARTESIAN_POINT('Control Point',(1.23043877301,8.43981987921,174.078330128)) ;
#4273=CARTESIAN_POINT('Control Point',(1.1019192151,8.42345673715,174.210195296)) ;
#4274=CARTESIAN_POINT('Control Point',(0.757437102909,8.38711851549,174.474512967)) ;
#4275=CARTESIAN_POINT('Control Point',(0.332681457448,8.36340438766,174.617130464)) ;
#4276=CARTESIAN_POINT('Control Point',(0.0742744941083,8.35772039237,174.649769159)) ;
#4277=CARTESIAN_POINT('Control Point',(-0.453893321532,8.36507043666,174.609565551)) ;
#4278=CARTESIAN_POINT('Control Point',(-0.919662668172,8.401564793,174.373657721)) ;
#4279=CARTESIAN_POINT('Control Point',(-1.12583059035,8.42538604206,174.207851089)) ;
#4280=CARTESIAN_POINT('Control Point',(-1.40339498845,8.46357325618,173.877440168)) ;
#4281=CARTESIAN_POINT('Control Point',(-1.55833589221,8.48917785256,173.491200861)) ;
#4282=CARTESIAN_POINT('Control Point',(-1.60009068463,8.49639185358,173.329333786)) ;
#4283=CARTESIAN_POINT('Control Point',(-1.621,8.5,173.164666937)) ;
#4284=CARTESIAN_POINT('Control Point',(-1.621,8.5,173.)) ;
#4293=CARTESIAN_POINT('Axis2P3D Location',(7.70006280959E-15,6.879,173.)) ;
#4298=CARTESIAN_POINT('Axis2P3D Location',(1.22124532779E-15,8.49999999983,173.)) ;
#4302=CARTESIAN_POINT('Vertex',(-1.42256133259,8.49999999974,172.222851202)) ;
#4305=CARTESIAN_POINT('Line Origine',(-1551361.45141,1767773.83197,-847339.623552)) ;
#4318=CARTESIAN_POINT('Control Point',(1.62099999934,8.49999999935,173.000000001)) ;
#4319=CARTESIAN_POINT('Control Point',(1.62099999971,8.49999999945,172.571797832)) ;
#4320=CARTESIAN_POINT('Control Point',(1.47960803703,8.49999999955,172.143595663)) ;
#4321=CARTESIAN_POINT('Control Point',(1.1958416882,8.49999999965,171.778267219)) ;
#4322=CARTESIAN_POINT('Control Point',(0.436022749979,8.49999999985,171.292396535)) ;
#4323=CARTESIAN_POINT('Control Point',(-0.463719914563,8.50000000005,171.35451157)) ;
#4324=CARTESIAN_POINT('Control Point',(-0.887896100419,8.50000000015,171.539072606)) ;
#4325=CARTESIAN_POINT('Control Point',(-1.21727027738,8.50000000025,171.847068445)) ;
#4326=CARTESIAN_POINT('Control Point',(-1.42256133313,8.50000000035,172.222851202)) ;
#4335=CARTESIAN_POINT('Axis2P3D Location',(-2.5,1.06581410364E-14,173.)) ;
#4340=CARTESIAN_POINT('Axis2P3D Location',(-2.5,2.50447477152,162.803058982)) ;
#4344=CARTESIAN_POINT('Vertex',(-1.,2.50447477129,162.803058982)) ;
#4347=CARTESIAN_POINT('Axis2P3D Location',(-1.,1.06581410364E-14,173.)) ;
#4351=CARTESIAN_POINT('Vertex',(-1.,-9.48192725634,177.510327649)) ;
#4355=CARTESIAN_POINT('Control Point',(-1.,-9.48192725634,177.510327649)) ;
#4356=CARTESIAN_POINT('Control Point',(-1.00000000006,-9.0563793562,177.307904618)) ;
#4357=CARTESIAN_POINT('Control Point',(-1.18452250616,-8.63043441711,177.105292724)) ;
#4358=CARTESIAN_POINT('Control Point',(-1.55708253503,-8.29399755119,176.945257696)) ;
#4359=CARTESIAN_POINT('Control Point',(-2.028761102,-8.12736621979,176.865995128)) ;
#4360=CARTESIAN_POINT('Control Point',(-2.5,-8.12736621977,176.865995128)) ;
#4370=CARTESIAN_POINT('Control Point',(-2.50000000744,-9.4819272493,179.010327706)) ;
#4371=CARTESIAN_POINT('Control Point',(-2.50000000359,-9.17970779679,179.010327708)) ;
#4372=CARTESIAN_POINT('Control Point',(-2.49999999888,-8.87746739775,178.934258064)) ;
#4373=CARTESIAN_POINT('Control Point',(-2.49999999363,-8.60088019808,178.781815094)) ;
#4374=CARTESIAN_POINT('Control Point',(-2.49999998301,-8.1494467675,178.352047026)) ;
#4375=CARTESIAN_POINT('Control Point',(-2.49999997381,-7.95526420617,177.759775256)) ;
#4376=CARTESIAN_POINT('Control Point',(-2.49999996999,-7.936411422,177.44452313)) ;
#4377=CARTESIAN_POINT('Control Point',(-2.4999999673,-7.99754632276,177.13891167)) ;
#4378=CARTESIAN_POINT('Control Point',(-2.49999996585,-8.12736621365,176.865995226)) ;
#4379=CARTESIAN_POINT('Control Point',(-2.81108412784,-9.48192719797,179.01032811)) ;
#4380=CARTESIAN_POINT('Control Point',(-2.7812700917,-9.17970767492,179.010328123)) ;
#4381=CARTESIAN_POINT('Control Point',(-2.76723002229,-8.87746720532,178.934258492)) ;
#4382=CARTESIAN_POINT('Control Point',(-2.77155966159,-8.60087994747,178.781815534)) ;
#4383=CARTESIAN_POINT('Control Point',(-2.81615493722,-8.14944644927,178.352047498)) ;
#4384=CARTESIAN_POINT('Control Point',(-2.91982961963,-7.95526393247,177.759775784)) ;
#4385=CARTESIAN_POINT('Control Point',(-2.9833497154,-7.93641120271,177.444523696)) ;
#4386=CARTESIAN_POINT('Control Point',(-3.05276124798,-7.99754618556,177.138912288)) ;
#4387=CARTESIAN_POINT('Control Point',(-3.12216797712,-8.1273661749,176.865995909)) ;
#4388=CARTESIAN_POINT('Control Point',(-3.12178073476,-9.40565276333,179.08997499)) ;
#4389=CARTESIAN_POINT('Control Point',(-3.06249290813,-9.10822336909,179.075308198)) ;
#4390=CARTESIAN_POINT('Control Point',(-3.03466490389,-8.81077382211,178.989173702)) ;
#4391=CARTESIAN_POINT('Control Point',(-3.0434619329,-8.53836744891,178.832504174)) ;
#4392=CARTESIAN_POINT('Control Point',(-3.13269684758,-8.09288912728,178.4064524)) ;
#4393=CARTESIAN_POINT('Control Point',(-3.33970591051,-7.89891040019,177.839043401)) ;
#4394=CARTESIAN_POINT('Control Point',(-3.46649848142,-7.87846961597,177.540754023)) ;
#4395=CARTESIAN_POINT('Control Point',(-3.60503493268,-7.9364463225,177.254868768)) ;
#4396=CARTESIAN_POINT('Control Point',(-3.7435617801,-8.06198807824,177.002533474)) ;
#4397=CARTESIAN_POINT('Control Point',(-3.40412522179,-9.25066116622,179.255577912)) ;
#4398=CARTESIAN_POINT('Control Point',(-3.32012276383,-8.96377872127,179.20668876)) ;
#4399=CARTESIAN_POINT('Control Point',(-3.28156743902,-8.67687815733,179.096351182)) ;
#4400=CARTESIAN_POINT('Control Point',(-3.2956622533,-8.41362504692,178.928595278)) ;
#4401=CARTESIAN_POINT('Control Point',(-3.42650426051,-7.98095693927,178.508203594)) ;
#4402=CARTESIAN_POINT('Control Point',(-3.7258904016,-7.7868217085,177.995118909)) ;
#4403=CARTESIAN_POINT('Control Point',(-3.90883786904,-7.76252337537,177.734516366)) ;
#4404=CARTESIAN_POINT('Control Point',(-4.10855073112,-7.81321577655,177.492728221)) ;
#4405=CARTESIAN_POINT('Control Point',(-4.30825029397,-7.92913820195,177.286423964)) ;
#4406=CARTESIAN_POINT('Control Point',(-3.76679061664,-8.8255869626,179.62534844)) ;
#4407=CARTESIAN_POINT('Control Point',(-3.67890458132,-8.57266022728,179.510203425)) ;
#4408=CARTESIAN_POINT('Control Point',(-3.64950117777,-8.31972151528,179.356161914)) ;
#4409=CARTESIAN_POINT('Control Point',(-3.68532645553,-8.08580403967,179.172178637)) ;
#4410=CARTESIAN_POINT('Control Point',(-3.88122321995,-7.69356170084,178.77429985)) ;
#4411=CARTESIAN_POINT('Control Point',(-4.27926080873,-7.49647600368,178.376238056)) ;
#4412=CARTESIAN_POINT('Control Point',(-4.51753265746,-7.45800079842,178.19208752)) ;
#4413=CARTESIAN_POINT('Control Point',(-4.7755634333,-7.48283510185,178.037332534)) ;
#4414=CARTESIAN_POINT('Control Point',(-5.03358134027,-7.56478878256,177.920316615)) ;
#4415=CARTESIAN_POINT('Control Point',(-3.94037024355,-8.21420944765,180.036167092)) ;
#4416=CARTESIAN_POINT('Control Point',(-3.88731803346,-8.00275468867,179.880052618)) ;
#4417=CARTESIAN_POINT('Control Point',(-3.89113559377,-7.79129335986,179.70598055)) ;
#4418=CARTESIAN_POINT('Control Point',(-3.95534165461,-7.59360239034,179.524270353)) ;
#4419=CARTESIAN_POINT('Control Point',(-4.19540206626,-7.25303471548,179.170824092)) ;
#4420=CARTESIAN_POINT('Control Point',(-4.61490887182,-7.05684712975,178.879092463)) ;
#4421=CARTESIAN_POINT('Control Point',(-4.85876485918,-7.00369723749,178.759173169)) ;
#4422=CARTESIAN_POINT('Control Point',(-5.1197567941,-6.99924000477,178.673356193)) ;
#4423=CARTESIAN_POINT('Control Point',(-5.3807404106,-7.04075098554,178.624576935)) ;
#4424=CARTESIAN_POINT('Control Point',(-3.98150723837,-7.93542864931,180.203366823)) ;
#4425=CARTESIAN_POINT('Control Point',(-3.94685117692,-7.74096088594,180.037500147)) ;
#4426=CARTESIAN_POINT('Control Point',(-3.96630603044,-7.54648832124,179.861134628)) ;
#4427=CARTESIAN_POINT('Control Point',(-4.04195627693,-7.36374171612,179.68438847)) ;
#4428=CARTESIAN_POINT('Control Point',(-4.29574640087,-7.04495812626,179.352731152)) ;
#4429=CARTESIAN_POINT('Control Point',(-4.71331767962,-6.85042322232,179.099748403)) ;
#4430=CARTESIAN_POINT('Control Point',(-4.95290761249,-6.79204449497,179.001757054)) ;
#4431=CARTESIAN_POINT('Control Point',(-5.20796431732,-6.77634485145,178.93842167)) ;
#4432=CARTESIAN_POINT('Control Point',(-5.4630146312,-6.80179594198,178.911205082)) ;
#4433=CARTESIAN_POINT('Control Point',(-4.,-7.64204528804,180.361752853)) ;
#4434=CARTESIAN_POINT('Control Point',(-3.98330699181,-7.46313145596,180.192288278)) ;
#4435=CARTESIAN_POINT('Control Point',(-4.01703761628,-7.28421408983,180.018238911)) ;
#4436=CARTESIAN_POINT('Control Point',(-4.10213953937,-7.11527250399,179.84910868)) ;
#4437=CARTESIAN_POINT('Control Point',(-4.36495371017,-6.81715015094,179.540554293)) ;
#4438=CARTESIAN_POINT('Control Point',(-4.77502247679,-6.62572582951,179.320666142)) ;
#4439=CARTESIAN_POINT('Control Point',(-5.00750200158,-6.5635709776,179.240278082)) ;
#4440=CARTESIAN_POINT('Control Point',(-5.25375345191,-6.53865864168,179.194122126)) ;
#4441=CARTESIAN_POINT('Control Point',(-5.5,-6.55032453261,179.182724048)) ;
#4442=CARTESIAN_POINT('Control Point',(-4.,-7.33791377693,180.510327649)) ;
#4443=CARTESIAN_POINT('Control Point',(-4.,-7.17325137683,180.341796291)) ;
#4444=CARTESIAN_POINT('Control Point',(-4.04625338942,-7.00858636797,180.173262263)) ;
#4445=CARTESIAN_POINT('Control Point',(-4.13882969317,-6.85239696178,180.013402982)) ;
#4446=CARTESIAN_POINT('Control Point',(-4.40663374291,-6.57381593682,179.728276332)) ;
#4447=CARTESIAN_POINT('Control Point',(-4.80526213389,-6.38666136291,179.536724317)) ;
#4448=CARTESIAN_POINT('Control Point',(-5.02875736903,-6.32196451198,179.470507329)) ;
#4449=CARTESIAN_POINT('Control Point',(-5.26438055098,-6.28964038022,179.4374237)) ;
#4450=CARTESIAN_POINT('Control Point',(-5.5,-6.28964038022,179.4374237)) ;
#4452=CARTESIAN_POINT('Control Point',(-2.50000000744,-9.4819272493,179.010327706)) ;
#4453=CARTESIAN_POINT('Control Point',(-2.50000000359,-9.17970779679,179.010327708)) ;
#4454=CARTESIAN_POINT('Control Point',(-2.49999999888,-8.87746739775,178.934258064)) ;
#4455=CARTESIAN_POINT('Control Point',(-2.49999999363,-8.60088019808,178.781815094)) ;
#4456=CARTESIAN_POINT('Control Point',(-2.49999998301,-8.1494467675,178.352047026)) ;
#4457=CARTESIAN_POINT('Control Point',(-2.49999997381,-7.95526420617,177.759775256)) ;
#4458=CARTESIAN_POINT('Control Point',(-2.49999996999,-7.936411422,177.44452313)) ;
#4459=CARTESIAN_POINT('Control Point',(-2.4999999673,-7.99754632276,177.13891167)) ;
#4460=CARTESIAN_POINT('Control Point',(-2.49999996585,-8.12736621365,176.865995226)) ;
#4461=CARTESIAN_POINT('Vertex',(-2.50000000744,-9.4819272493,179.010327649)) ;
#4465=CARTESIAN_POINT('Control Point',(-2.50000000744,-9.4819272493,179.010327706)) ;
#4466=CARTESIAN_POINT('Control Point',(-2.81108412784,-9.48192719797,179.01032811)) ;
#4467=CARTESIAN_POINT('Control Point',(-3.12178073476,-9.40565276333,179.08997499)) ;
#4468=CARTESIAN_POINT('Control Point',(-3.40412522179,-9.25066116622,179.255577912)) ;
#4469=CARTESIAN_POINT('Control Point',(-3.76679061664,-8.8255869626,179.62534844)) ;
#4470=CARTESIAN_POINT('Control Point',(-3.94037024355,-8.21420944765,180.036167092)) ;
#4471=CARTESIAN_POINT('Control Point',(-3.98150723837,-7.93542864931,180.203366823)) ;
#4472=CARTESIAN_POINT('Control Point',(-4.,-7.64204528804,180.361752853)) ;
#4473=CARTESIAN_POINT('Control Point',(-4.,-7.33791377693,180.510327649)) ;
#4474=CARTESIAN_POINT('Vertex',(-4.,-7.33791377693,180.510327649)) ;
#4478=CARTESIAN_POINT('Control Point',(-4.,-7.33791377693,180.510327649)) ;
#4479=CARTESIAN_POINT('Control Point',(-4.,-7.17325137683,180.341796291)) ;
#4480=CARTESIAN_POINT('Control Point',(-4.04625338942,-7.00858636797,180.173262263)) ;
#4481=CARTESIAN_POINT('Control Point',(-4.13882969317,-6.85239696178,180.013402982)) ;
#4482=CARTESIAN_POINT('Control Point',(-4.40663374291,-6.57381593682,179.728276332)) ;
#4483=CARTESIAN_POINT('Control Point',(-4.80526213389,-6.38666136291,179.536724317)) ;
#4484=CARTESIAN_POINT('Control Point',(-5.02875736903,-6.32196451198,179.470507329)) ;
#4485=CARTESIAN_POINT('Control Point',(-5.26438055098,-6.28964038022,179.4374237)) ;
#4486=CARTESIAN_POINT('Control Point',(-5.5,-6.28964038022,179.4374237)) ;
#4495=CARTESIAN_POINT('Axis2P3D Location',(-5.5,8.881784197E-16,173.)) ;
#4500=CARTESIAN_POINT('Axis2P3D Location',(-4.,8.881784197E-16,173.)) ;
#4504=CARTESIAN_POINT('Vertex',(-4.,-1.47221507058,183.396277352)) ;
#4507=CARTESIAN_POINT('Axis2P3D Location',(-5.5,-1.47221507062,183.396277352)) ;
#4521=CARTESIAN_POINT('Control Point',(-5.5,-3.37750240406,184.686353534)) ;
#4522=CARTESIAN_POINT('Control Point',(-5.02876110196,-3.37750240406,184.686353534)) ;
#4523=CARTESIAN_POINT('Control Point',(-4.55708253496,-3.20818466952,184.613004642)) ;
#4524=CARTESIAN_POINT('Control Point',(-4.18452250607,-2.86632382329,184.464909615)) ;
#4525=CARTESIAN_POINT('Control Point',(-4.,-2.43351186935,184.277414327)) ;
#4526=CARTESIAN_POINT('Control Point',(-4.,-2.00110335538,184.09009381)) ;
#4527=CARTESIAN_POINT('Axis1P Location',(-5.5,-1.54230367248,183.891340569)) ;
#4531=CARTESIAN_POINT('Axis2P3D Location',(-4.,-1.54230367248,183.891340569)) ;
#4535=CARTESIAN_POINT('Vertex',(-4.,-1.08350398958,183.692587328)) ;
#4539=CARTESIAN_POINT('Control Point',(-5.5,0.2928950591,183.096327604)) ;
#4540=CARTESIAN_POINT('Control Point',(-5.02876110196,0.2928950591,183.096327604)) ;
#4541=CARTESIAN_POINT('Control Point',(-4.55708253496,0.12357732456,183.169676496)) ;
#4542=CARTESIAN_POINT('Control Point',(-4.18452250607,-0.21828352167,183.317771523)) ;
#4543=CARTESIAN_POINT('Control Point',(-4.,-0.65109547561,183.505266811)) ;
#4544=CARTESIAN_POINT('Control Point',(-4.,-1.08350398958,183.692587328)) ;
#4554=CARTESIAN_POINT('Control Point',(-5.5,-3.37750240406,184.686353534)) ;
#4555=CARTESIAN_POINT('Control Point',(-5.02876110196,-3.37750240406,184.686353534)) ;
#4556=CARTESIAN_POINT('Control Point',(-4.55708253496,-3.20818466952,184.613004642)) ;
#4557=CARTESIAN_POINT('Control Point',(-4.18452250607,-2.86632382329,184.464909615)) ;
#4558=CARTESIAN_POINT('Control Point',(-4.,-2.43351186935,184.277414327)) ;
#4559=CARTESIAN_POINT('Control Point',(-4.,-2.00110335538,184.09009381)) ;
#4560=CARTESIAN_POINT('Axis1P Location',(-5.5,-1.54230367248,183.891340569)) ;
#4564=CARTESIAN_POINT('Axis2P3D Location',(-4.,-1.54230367248,183.891340569)) ;
#4568=CARTESIAN_POINT('Vertex',(-4.,-1.13320702127,184.178812185)) ;
#4572=CARTESIAN_POINT('Control Point',(-5.5,0.0940829332568,185.041227031)) ;
#4573=CARTESIAN_POINT('Control Point',(-5.02876110196,0.0940829332568,185.041227031)) ;
#4574=CARTESIAN_POINT('Control Point',(-4.55708253496,-0.0568921451548,184.935137065)) ;
#4575=CARTESIAN_POINT('Control Point',(-4.18452250607,-0.361718266048,184.720936198)) ;
#4576=CARTESIAN_POINT('Control Point',(-4.,-0.747642510643,184.449747799)) ;
#4577=CARTESIAN_POINT('Control Point',(-4.,-1.13320702126,184.178812185)) ;
#4586=CARTESIAN_POINT('Axis2P3D Location',(-5.5,-5.64643031937,190.601514251)) ;
#4591=CARTESIAN_POINT('Line Origine',(-4.,-5.64643031918,190.601514251)) ;
#4595=CARTESIAN_POINT('Vertex',(-4.,-10.5909033481,197.637921502)) ;
#4598=CARTESIAN_POINT('Axis2P3D Location',(-5.5,-10.590903348,197.637921502)) ;
#4611=CARTESIAN_POINT('Control Point',(-5.5,-10.3969963567,195.443518686)) ;
#4612=CARTESIAN_POINT('Control Point',(-5.02876110196,-10.3969963567,195.443518686)) ;
#4613=CARTESIAN_POINT('Control Point',(-4.55708253496,-10.4526302284,195.619454548)) ;
#4614=CARTESIAN_POINT('Control Point',(-4.18452250607,-10.5649577558,195.97467772)) ;
#4615=CARTESIAN_POINT('Control Point',(-4.,-10.707169703,196.424407008)) ;
#4616=CARTESIAN_POINT('Control Point',(-4.,-10.8492490892,196.873717087)) ;
#4617=CARTESIAN_POINT('Axis1P Location',(-5.5,-11.,197.350449887)) ;
#4621=CARTESIAN_POINT('Axis2P3D Location',(-4.,-11.,197.350449887)) ;
#4625=CARTESIAN_POINT('Vertex',(-4.,-11.1507509108,197.827182687)) ;
#4629=CARTESIAN_POINT('Control Point',(-5.5,-11.6030036433,199.257381088)) ;
#4630=CARTESIAN_POINT('Control Point',(-5.02876110196,-11.6030036433,199.257381088)) ;
#4631=CARTESIAN_POINT('Control Point',(-4.55708253496,-11.5473697716,199.081445226)) ;
#4632=CARTESIAN_POINT('Control Point',(-4.18452250607,-11.4350422442,198.726222054)) ;
#4633=CARTESIAN_POINT('Control Point',(-4.,-11.292830297,198.276492766)) ;
#4634=CARTESIAN_POINT('Control Point',(-4.,-11.1507509108,197.827182687)) ;
#4644=CARTESIAN_POINT('Control Point',(-5.5,-10.3969963567,195.443518686)) ;
#4645=CARTESIAN_POINT('Control Point',(-5.02876110196,-10.3969963567,195.443518686)) ;
#4646=CARTESIAN_POINT('Control Point',(-4.55708253496,-10.4526302284,195.619454548)) ;
#4647=CARTESIAN_POINT('Control Point',(-4.18452250607,-10.5649577558,195.97467772)) ;
#4648=CARTESIAN_POINT('Control Point',(-4.,-10.707169703,196.424407008)) ;
#4649=CARTESIAN_POINT('Control Point',(-4.,-10.8492490892,196.873717087)) ;
#4650=CARTESIAN_POINT('Axis1P Location',(-5.5,-11.,197.350449887)) ;
#4654=CARTESIAN_POINT('Axis2P3D Location',(-4.,-11.,197.350449887)) ;
#4658=CARTESIAN_POINT('Vertex',(-4.,-11.5,197.350449888)) ;
#4662=CARTESIAN_POINT('Control Point',(-5.5,-12.9999999998,197.350449887)) ;
#4663=CARTESIAN_POINT('Control Point',(-5.02876110196,-12.9999999998,197.350449887)) ;
#4664=CARTESIAN_POINT('Control Point',(-4.55708253496,-12.8154774938,197.350449887)) ;
#4665=CARTESIAN_POINT('Control Point',(-4.18452250607,-12.4429174646,197.350449887)) ;
#4666=CARTESIAN_POINT('Control Point',(-4.,-11.9712388978,197.350449887)) ;
#4667=CARTESIAN_POINT('Control Point',(-4.,-11.4999999997,197.350449887)) ;
#4676=CARTESIAN_POINT('Axis2P3D Location',(-5.5,-11.5,169.588052846)) ;
#4681=CARTESIAN_POINT('Line Origine',(-4.,-11.5,169.588052846)) ;
#4685=CARTESIAN_POINT('Vertex',(-4.,-11.5,180.51032765)) ;
#4688=CARTESIAN_POINT('Axis2P3D Location',(-5.5,-11.5,180.51032765)) ;
#4700=CARTESIAN_POINT('Axis2P3D Location',(-2.5,-11.5,180.510327649)) ;
#4705=CARTESIAN_POINT('Axis2P3D Location',(-2.5,-11.5,180.510327649)) ;
#4709=CARTESIAN_POINT('Vertex',(-2.5,-11.5,179.010327649)) ;
#4712=CARTESIAN_POINT('Axis2P3D Location',(-2.5,-11.5,177.510327649)) ;
#4724=CARTESIAN_POINT('Axis2P3D Location',(-2.5,-11.5,169.588052846)) ;
#4729=CARTESIAN_POINT('Axis2P3D Location',(-2.5,-11.5,177.51032765)) ;
#4733=CARTESIAN_POINT('Vertex',(-1.,-11.5,177.51032765)) ;
#4736=CARTESIAN_POINT('Line Origine',(-1.,-11.5,169.588052846)) ;
#4740=CARTESIAN_POINT('Vertex',(-1.,-11.5,157.888864474)) ;
#4743=CARTESIAN_POINT('Axis2P3D Location',(-2.5,-11.5,157.888864474)) ;
#4756=CARTESIAN_POINT('Control Point',(-3.99999999979,-11.4999999952,154.888587721)) ;
#4757=CARTESIAN_POINT('Control Point',(-3.99999999912,-11.9712388945,154.888587664)) ;
#4758=CARTESIAN_POINT('Control Point',(-4.18505508134,-12.4424777941,154.888587585)) ;
#4759=CARTESIAN_POINT('Control Point',(-4.55752220296,-12.8149449168,154.888587498)) ;
#4760=CARTESIAN_POINT('Control Point',(-5.02876110149,-13.,154.888587421)) ;
#4761=CARTESIAN_POINT('Control Point',(-5.49999999999,-13.,154.888587368)) ;
#4762=CARTESIAN_POINT('Control Point',(-4.00000000017,-11.5027238226,155.089183344)) ;
#4763=CARTESIAN_POINT('Control Point',(-4.00085572263,-11.9734179563,155.089183307)) ;
#4764=CARTESIAN_POINT('Control Point',(-4.18633867351,-12.4437760517,155.113921619)) ;
#4765=CARTESIAN_POINT('Control Point',(-4.55861176503,-12.8153727746,155.163713372)) ;
#4766=CARTESIAN_POINT('Control Point',(-5.02930590922,-13.,155.22670905)) ;
#4767=CARTESIAN_POINT('Control Point',(-5.50000005033,-13.,155.289704742)) ;
#4768=CARTESIAN_POINT('Control Point',(-3.96648993135,-11.5054477995,155.289789032)) ;
#4769=CARTESIAN_POINT('Control Point',(-3.96819921497,-11.9755951977,155.290074704)) ;
#4770=CARTESIAN_POINT('Control Point',(-4.14997414689,-12.4450724405,155.339695637)) ;
#4771=CARTESIAN_POINT('Control Point',(-4.51373254414,-12.8158000384,155.439217213)) ;
#4772=CARTESIAN_POINT('Control Point',(-4.97335605811,-13.,155.565030231)) ;
#4773=CARTESIAN_POINT('Control Point',(-5.43297958885,-13.,155.690843198)) ;
#4774=CARTESIAN_POINT('Control Point',(-3.89944561985,-11.5080702172,155.482918)) ;
#4775=CARTESIAN_POINT('Control Point',(-3.90187752853,-11.977689237,155.483776483)) ;
#4776=CARTESIAN_POINT('Control Point',(-4.07574132421,-12.4463184703,155.55750071)) ;
#4777=CARTESIAN_POINT('Control Point',(-4.42268790354,-12.8162107275,155.704830321)) ;
#4778=CARTESIAN_POINT('Control Point',(-4.86078970917,-13.,155.890929327)) ;
#4779=CARTESIAN_POINT('Control Point',(-5.29889149891,-13.,156.077028375)) ;
#4780=CARTESIAN_POINT('Control Point',(-3.66916976766,-11.5137557597,155.901627133)) ;
#4781=CARTESIAN_POINT('Control Point',(-3.67270670682,-11.9822254983,155.904274249)) ;
#4782=CARTESIAN_POINT('Control Point',(-3.81871073236,-12.4490162102,156.030527356)) ;
#4783=CARTESIAN_POINT('Control Point',(-4.1082258584,-12.8170999396,156.281383199)) ;
#4784=CARTESIAN_POINT('Control Point',(-4.47328251121,-13.,156.597838502)) ;
#4785=CARTESIAN_POINT('Control Point',(-4.83833918548,-13.,156.91429375)) ;
#4786=CARTESIAN_POINT('Control Point',(-3.29369062649,-11.517884231,156.205669741)) ;
#4787=CARTESIAN_POINT('Control Point',(-3.29680957752,-11.9855136573,156.210461873)) ;
#4788=CARTESIAN_POINT('Control Point',(-3.39628068654,-12.4509693695,156.375277711)) ;
#4789=CARTESIAN_POINT('Control Point',(-3.59265485248,-12.8177437923,156.701114933)) ;
#4790=CARTESIAN_POINT('Control Point',(-3.84001830329,-12.9999999999,157.111689773)) ;
#4791=CARTESIAN_POINT('Control Point',(-4.08738172514,-13.,157.522264688)) ;
#4792=CARTESIAN_POINT('Control Point',(-3.041404054,-11.5195445996,156.32794592)) ;
#4793=CARTESIAN_POINT('Control Point',(-3.04369678714,-11.9868348515,156.333779053)) ;
#4794=CARTESIAN_POINT('Control Point',(-3.11163131682,-12.4517536659,156.514191835)) ;
#4795=CARTESIAN_POINT('Control Point',(-3.24554742356,-12.818002347,156.870144107)) ;
#4796=CARTESIAN_POINT('Control Point',(-3.41417803319,-13.,157.318458702)) ;
#4797=CARTESIAN_POINT('Control Point',(-3.58280861232,-13.,157.766773288)) ;
#4798=CARTESIAN_POINT('Control Point',(-2.77070207734,-11.5203736707,156.389002841)) ;
#4799=CARTESIAN_POINT('Control Point',(-2.77184728498,-11.9874946154,156.395348072)) ;
#4800=CARTESIAN_POINT('Control Point',(-2.80581394683,-12.4521453404,156.583545058)) ;
#4801=CARTESIAN_POINT('Control Point',(-2.87277219416,-12.8181314675,156.954536395)) ;
#4802=CARTESIAN_POINT('Control Point',(-2.95708814266,-13.,157.421700433)) ;
#4803=CARTESIAN_POINT('Control Point',(-3.0414040948,-13.,157.888864472)) ;
#4804=CARTESIAN_POINT('Control Point',(-2.50000000002,-11.5203736707,156.389002841)) ;
#4805=CARTESIAN_POINT('Control Point',(-2.50000000024,-11.9874946154,156.395348072)) ;
#4806=CARTESIAN_POINT('Control Point',(-2.50000000054,-12.4521453404,156.583545059)) ;
#4807=CARTESIAN_POINT('Control Point',(-2.50000000088,-12.8181314675,156.954536395)) ;
#4808=CARTESIAN_POINT('Control Point',(-2.50000000119,-13.,157.421700434)) ;
#4809=CARTESIAN_POINT('Control Point',(-2.50000000141,-13.,157.888864473)) ;
#4811=CARTESIAN_POINT('Control Point',(-2.50000000002,-11.5203736707,156.389002841)) ;
#4812=CARTESIAN_POINT('Control Point',(-2.50000000024,-11.9874946154,156.395348072)) ;
#4813=CARTESIAN_POINT('Control Point',(-2.50000000054,-12.4521453404,156.583545059)) ;
#4814=CARTESIAN_POINT('Control Point',(-2.50000000088,-12.8181314675,156.954536395)) ;
#4815=CARTESIAN_POINT('Control Point',(-2.50000000119,-13.,157.421700434)) ;
#4816=CARTESIAN_POINT('Control Point',(-2.50000000141,-13.,157.888864473)) ;
#4817=CARTESIAN_POINT('Vertex',(-2.50000000002,-11.5203736707,156.389002841)) ;
#4821=CARTESIAN_POINT('Control Point',(-3.99999999979,-11.4999999952,154.888587721)) ;
#4822=CARTESIAN_POINT('Control Point',(-4.00000000017,-11.5027238226,155.089183344)) ;
#4823=CARTESIAN_POINT('Control Point',(-3.96648993135,-11.5054477995,155.289789032)) ;
#4824=CARTESIAN_POINT('Control Point',(-3.89944561985,-11.5080702172,155.482918)) ;
#4825=CARTESIAN_POINT('Control Point',(-3.66916976766,-11.5137557597,155.901627133)) ;
#4826=CARTESIAN_POINT('Control Point',(-3.29369062649,-11.517884231,156.205669741)) ;
#4827=CARTESIAN_POINT('Control Point',(-3.041404054,-11.5195445996,156.32794592)) ;
#4828=CARTESIAN_POINT('Control Point',(-2.77070207734,-11.5203736707,156.389002841)) ;
#4829=CARTESIAN_POINT('Control Point',(-2.50000000002,-11.5203736707,156.389002841)) ;
#4830=CARTESIAN_POINT('Vertex',(-4.,-11.5,154.88858772)) ;
#4834=CARTESIAN_POINT('Control Point',(-3.99999999979,-11.4999999952,154.888587721)) ;
#4835=CARTESIAN_POINT('Control Point',(-3.99999999912,-11.9712388945,154.888587664)) ;
#4836=CARTESIAN_POINT('Control Point',(-4.18505508134,-12.4424777941,154.888587585)) ;
#4837=CARTESIAN_POINT('Control Point',(-4.55752220296,-12.8149449168,154.888587498)) ;
#4838=CARTESIAN_POINT('Control Point',(-5.02876110149,-13.,154.888587421)) ;
#4839=CARTESIAN_POINT('Control Point',(-5.49999999999,-13.,154.888587368)) ;
#4848=CARTESIAN_POINT('Line Origine',(-4.,-11.5,169.588052846)) ;
#4852=CARTESIAN_POINT('Vertex',(-4.,-11.5,141.825655806)) ;
#4855=CARTESIAN_POINT('Axis2P3D Location',(-5.5,-11.5,141.825655806)) ;
#4867=CARTESIAN_POINT('Axis2P3D Location',(-5.5,-11.5,141.825655806)) ;
#4872=CARTESIAN_POINT('Axis2P3D Location',(-5.5,-11.5,141.825655806)) ;
#4883=CARTESIAN_POINT('Axis2P3D Location',(-5.5,-11.5,141.825655806)) ;
#4894=CARTESIAN_POINT('Axis2P3D Location',(-5.5,-3.47450023233,153.847109453)) ;
#4899=CARTESIAN_POINT('Line Origine',(-4.,-3.47450023238,153.847109453)) ;
#4903=CARTESIAN_POINT('Vertex',(-4.,-2.85758464766,154.77119173)) ;
#4906=CARTESIAN_POINT('Axis2P3D Location',(-5.5,-2.85758464793,154.77119173)) ;
#4919=CARTESIAN_POINT('Control Point',(-2.50000372497,-0.892971706802,156.244649648)) ;
#4920=CARTESIAN_POINT('Control Point',(-2.50000415443,-0.59427928892,156.240592065)) ;
#4921=CARTESIAN_POINT('Control Point',(-2.50000476196,-0.294576853101,156.310889623)) ;
#4922=CARTESIAN_POINT('Control Point',(-2.50000551241,-0.0186238618762,156.456060757)) ;
#4923=CARTESIAN_POINT('Control Point',(-2.50000633914,0.209081560178,156.663217692)) ;
#4924=CARTESIAN_POINT('Control Point',(-2.50000717302,0.374940916407,156.911662943)) ;
#4925=CARTESIAN_POINT('Control Point',(-2.73302590053,-0.892979563531,156.244643708)) ;
#4926=CARTESIAN_POINT('Control Point',(-2.76310336594,-0.594287444887,156.240586208)) ;
#4927=CARTESIAN_POINT('Control Point',(-2.80473296323,-0.294585318064,156.310883131)) ;
#4928=CARTESIAN_POINT('Control Point',(-2.85544951735,-0.0186324795317,156.456052899)) ;
#4929=CARTESIAN_POINT('Control Point',(-2.91075059775,0.209073107256,156.663207936)) ;
#4930=CARTESIAN_POINT('Control Point',(-2.96605168115,0.374932978855,156.911651053)) ;
#4931=CARTESIAN_POINT('Control Point',(-2.96721399267,-0.952459307421,156.200034102)) ;
#4932=CARTESIAN_POINT('Control Point',(-3.02759776447,-0.651841156292,156.184220227)) ;
#4933=CARTESIAN_POINT('Control Point',(-3.11108655523,-0.350203691528,156.24344582)) ;
#4934=CARTESIAN_POINT('Control Point',(-3.21275301958,-0.0734468592324,156.379228647)) ;
#4935=CARTESIAN_POINT('Control Point',(-3.32359066256,0.152835665818,156.578973105)) ;
#4936=CARTESIAN_POINT('Control Point',(-3.43442829687,0.314836406187,156.821631966)) ;
#4937=CARTESIAN_POINT('Control Point',(-3.17860824603,-1.0711278644,156.111032395)) ;
#4938=CARTESIAN_POINT('Control Point',(-3.26236376955,-0.766657199502,156.071793429)) ;
#4939=CARTESIAN_POINT('Control Point',(-3.38227461401,-0.461149025769,156.10893342)) ;
#4940=CARTESIAN_POINT('Control Point',(-3.53091485221,-0.182785092883,156.225977659)) ;
#4941=CARTESIAN_POINT('Control Point',(-3.69406553893,0.0406500996539,156.410924335)) ;
#4942=CARTESIAN_POINT('Control Point',(-3.85721623692,0.194937218327,156.642034113)) ;
#4943=CARTESIAN_POINT('Control Point',(-3.59910403591,-1.42972312336,155.842086977)) ;
#4944=CARTESIAN_POINT('Control Point',(-3.71524259872,-1.11268622458,155.736787919)) ;
#4945=CARTESIAN_POINT('Control Point',(-3.90243789642,-0.79461008911,155.707995016)) ;
#4946=CARTESIAN_POINT('Control Point',(-4.14798172546,-0.511137979428,155.766892697)) ;
#4947=CARTESIAN_POINT('Control Point',(-4.42309507495,-0.297122110522,155.904977559)) ;
#4948=CARTESIAN_POINT('Control Point',(-4.69820840953,-0.167376814503,156.099321325)) ;
#4949=CARTESIAN_POINT('Control Point',(-3.85791167064,-1.92871702224,155.467841078)) ;
#4950=CARTESIAN_POINT('Control Point',(-3.95802057025,-1.59070342762,155.286703905)) ;
#4951=CARTESIAN_POINT('Control Point',(-4.1720071918,-1.25181605436,155.169892257)) ;
#4952=CARTESIAN_POINT('Control Point',(-4.48586613814,-0.960346762391,155.142686619)) ;
#4953=CARTESIAN_POINT('Control Point',(-4.85084450633,-0.762571103666,155.207772033)) ;
#4954=CARTESIAN_POINT('Control Point',(-5.21582289426,-0.671545449982,155.344123511)) ;
#4955=CARTESIAN_POINT('Control Point',(-3.95226317934,-2.23160858872,155.240673796)) ;
#4956=CARTESIAN_POINT('Control Point',(-4.0282206243,-1.87901749375,155.021722947)) ;
#4957=CARTESIAN_POINT('Control Point',(-4.24395777529,-1.52573621882,154.853581519)) ;
#4958=CARTESIAN_POINT('Control Point',(-4.58707839932,-1.22895707901,154.771466578)) ;
#4959=CARTESIAN_POINT('Control Point',(-4.99580249167,-1.0427066813,154.788160389)) ;
#4960=CARTESIAN_POINT('Control Point',(-5.40452657085,-0.977578128423,154.885714968)) ;
#4961=CARTESIAN_POINT('Control Point',(-4.00000001755,-2.5445673464,155.005954254)) ;
#4962=CARTESIAN_POINT('Control Point',(-4.04083605528,-2.17426299025,154.758739812)) ;
#4963=CARTESIAN_POINT('Control Point',(-4.24630916026,-1.80355816202,154.541007179)) ;
#4964=CARTESIAN_POINT('Control Point',(-4.60951628183,-1.50067544908,154.398680519)) ;
#4965=CARTESIAN_POINT('Control Point',(-5.05475815263,-1.32876519914,154.359669206)) ;
#4966=CARTESIAN_POINT('Control Point',(-5.50000002504,-1.29378237251,154.412070363)) ;
#4967=CARTESIAN_POINT('Control Point',(-4.00000000337,-2.85758462346,154.771191616)) ;
#4968=CARTESIAN_POINT('Control Point',(-3.99999997745,-2.46565871509,154.509542661)) ;
#4969=CARTESIAN_POINT('Control Point',(-4.18505504736,-2.07373280667,154.247893709)) ;
#4970=CARTESIAN_POINT('Control Point',(-4.55752217534,-1.76395466073,154.041086442)) ;
#4971=CARTESIAN_POINT('Control Point',(-5.0287610908,-1.61004573245,153.938337155)) ;
#4972=CARTESIAN_POINT('Control Point',(-5.50000000628,-1.61004575385,153.938337177)) ;
#4974=CARTESIAN_POINT('Control Point',(-2.50000372497,-0.892971706802,156.244649648)) ;
#4975=CARTESIAN_POINT('Control Point',(-2.73302590053,-0.892979563531,156.244643708)) ;
#4976=CARTESIAN_POINT('Control Point',(-2.96721399267,-0.952459307421,156.200034102)) ;
#4977=CARTESIAN_POINT('Control Point',(-3.17860824603,-1.0711278644,156.111032395)) ;
#4978=CARTESIAN_POINT('Control Point',(-3.59910403591,-1.42972312336,155.842086977)) ;
#4979=CARTESIAN_POINT('Control Point',(-3.85791167064,-1.92871702224,155.467841078)) ;
#4980=CARTESIAN_POINT('Control Point',(-3.95226317934,-2.23160858872,155.240673796)) ;
#4981=CARTESIAN_POINT('Control Point',(-4.00000001755,-2.5445673464,155.005954254)) ;
#4982=CARTESIAN_POINT('Control Point',(-4.00000000337,-2.85758462346,154.771191616)) ;
#4983=CARTESIAN_POINT('Vertex',(-2.50000372499,-0.892971791633,156.2446434)) ;
#4987=CARTESIAN_POINT('Control Point',(-2.50000372497,-0.892971706802,156.244649648)) ;
#4988=CARTESIAN_POINT('Control Point',(-2.50000415443,-0.59427928892,156.240592065)) ;
#4989=CARTESIAN_POINT('Control Point',(-2.50000476196,-0.294576853101,156.310889623)) ;
#4990=CARTESIAN_POINT('Control Point',(-2.50000551241,-0.0186238618762,156.456060757)) ;
#4991=CARTESIAN_POINT('Control Point',(-2.50000633914,0.209081560178,156.663217692)) ;
#4992=CARTESIAN_POINT('Control Point',(-2.50000717302,0.374940916407,156.911662943)) ;
#5001=CARTESIAN_POINT('Axis2P3D Location',(-2.5,-2.57597691182,155.193013978)) ;
#5006=CARTESIAN_POINT('Axis2P3D Location',(-2.5,2.50447477097,162.803058982)) ;
#5011=CARTESIAN_POINT('Axis2P3D Location',(-2.5,-0.872597951376,157.744517537)) ;
#5015=CARTESIAN_POINT('Vertex',(-1.,-0.872606226153,157.744505142)) ;
#5018=CARTESIAN_POINT('Line Origine',(-1.,-2.57597691193,155.193013978)) ;
#5030=CARTESIAN_POINT('Axis2P3D Location',(-2.5,2.50447477147,162.803058982)) ;
#5041=CARTESIAN_POINT('Axis2P3D Location',(-2.5,5.5,78.8230374175)) ;
#5046=CARTESIAN_POINT('Line Origine',(-1.,5.5,78.8230374176)) ;
#5050=CARTESIAN_POINT('Vertex',(-1.,5.5,60.1360690947)) ;
#5052=CARTESIAN_POINT('Vertex',(-1.,5.5,97.1995960622)) ;
#5055=CARTESIAN_POINT('Axis2P3D Location',(-2.5,5.5,97.1995960622)) ;
#5060=CARTESIAN_POINT('Axis2P3D Location',(-2.5,5.5,60.1360690947)) ;
#5072=CARTESIAN_POINT('Axis2P3D Location',(-2.5,5.5,97.1995960629)) ;
#5078=CARTESIAN_POINT('Control Point',(-1.77183911466,4.44183322947,97.9742345662)) ;
#5079=CARTESIAN_POINT('Control Point',(-1.96713474507,4.35479612627,98.0389187622)) ;
#5080=CARTESIAN_POINT('Control Point',(-2.15357823292,4.31093607128,98.0698787102)) ;
#5081=CARTESIAN_POINT('Control Point',(-2.3286255613,4.28959910014,98.0855586251)) ;
#5082=CARTESIAN_POINT('Control Point',(-2.5,4.28959910014,98.0855586251)) ;
#5083=CARTESIAN_POINT('Vertex',(-1.77183911352,4.44183322805,97.9742345677)) ;
#5086=CARTESIAN_POINT('Axis2P3D Location',(-2.5,5.5,97.1995960629)) ;
#5097=CARTESIAN_POINT('Axis2P3D Location',(-2.5,-1.19003638937,88.0596770515)) ;
#5102=CARTESIAN_POINT('Axis2P3D Location',(-2.5,5.49999999964,97.1995960623)) ;
#5107=CARTESIAN_POINT('Line Origine',(-1.,-1.19003638905,88.0596770514)) ;
#5111=CARTESIAN_POINT('Vertex',(-1.,-8.70024979441,77.7992332696)) ;
#5114=CARTESIAN_POINT('Axis2P3D Location',(-2.5,-8.70024979385,77.7992332692)) ;
#5118=CARTESIAN_POINT('Vertex',(-1.74137852998,-9.74444022086,78.5635367543)) ;
#5121=CARTESIAN_POINT('Axis2P3D Location',(-2.5,-8.70024979385,77.7992332692)) ;
#5135=CARTESIAN_POINT('Axis2P3D Location',(-2.5,-8.70024979441,77.7992332685)) ;
#5140=CARTESIAN_POINT('Axis2P3D Location',(-2.5,-8.70024979441,77.7992332685)) ;
#5151=CARTESIAN_POINT('Axis2P3D Location',(-2.5,-0.639455895564,67.7727106321)) ;
#5156=CARTESIAN_POINT('Axis2P3D Location',(-2.5,5.49992951348,60.1361567703)) ;
#5160=CARTESIAN_POINT('Vertex',(-2.14076668146,4.3649714423,59.2235661654)) ;
#5163=CARTESIAN_POINT('Axis2P3D Location',(-2.5,5.50000000019,60.1360690945)) ;
#5168=CARTESIAN_POINT('Axis2P3D Location',(-2.5,-8.70024979367,77.7992332676)) ;
#5173=CARTESIAN_POINT('Line Origine',(-1.,-0.639455895871,67.7727106325)) ;
#5186=CARTESIAN_POINT('Axis2P3D Location',(-2.5,5.5,60.1360690947)) ;
#5191=CARTESIAN_POINT('Axis2P3D Location',(-2.5,5.5,60.1360690947)) ;
#5202=CARTESIAN_POINT('Axis2P3D Location',(-2.5,-2.874135213,62.5723783247)) ;
#5207=CARTESIAN_POINT('Axis2P3D Location',(-2.5,5.10977611589,52.6414870662)) ;
#5211=CARTESIAN_POINT('Vertex',(-1.,5.10977611589,52.6414870662)) ;
#5214=CARTESIAN_POINT('Line Origine',(-1.,-2.87413521297,62.5723783243)) ;
#5218=CARTESIAN_POINT('Vertex',(-1.,-8.72452623963,69.8494627902)) ;
#5221=CARTESIAN_POINT('Axis2P3D Location',(-2.5,-8.72452623966,69.8494627902)) ;
#5233=CARTESIAN_POINT('Axis2P3D Location',(-2.5,-8.7245262394,69.8494627899)) ;
#5239=CARTESIAN_POINT('Control Point',(-2.5,-10.2229362199,69.7804154844)) ;
#5240=CARTESIAN_POINT('Control Point',(-2.32863986143,-10.2229362199,69.7804154844)) ;
#5241=CARTESIAN_POINT('Control Point',(-2.15845982789,-10.1974902493,69.7817563617)) ;
#5242=CARTESIAN_POINT('Control Point',(-1.96841030485,-10.1433871695,69.7849641733)) ;
#5243=CARTESIAN_POINT('Control Point',(-1.77299181814,-10.0351833279,69.7891544177)) ;
#5244=CARTESIAN_POINT('Vertex',(-1.7729918169,-10.0351793201,69.789067395)) ;
#5247=CARTESIAN_POINT('Axis2P3D Location',(-2.5,-8.7245262394,69.8494627899)) ;
#5258=CARTESIAN_POINT('Axis2P3D Location',(-2.5,-7.94809379594,52.9999403498)) ;
#5263=CARTESIAN_POINT('Axis2P3D Location',(-2.5,-8.72453024831,69.8495497881)) ;
#5268=CARTESIAN_POINT('Line Origine',(-1.,-7.94809379586,52.9999403507)) ;
#5272=CARTESIAN_POINT('Vertex',(-1.,-7.15918935038,35.87976039)) ;
#5275=CARTESIAN_POINT('Axis2P3D Location',(-2.5,-7.15918935038,35.87976039)) ;
#5279=CARTESIAN_POINT('Vertex',(-2.14012704105,-8.61383138846,35.8126186979)) ;
#5282=CARTESIAN_POINT('Axis2P3D Location',(-2.5,-7.15918423571,35.8796493955)) ;
#5296=CARTESIAN_POINT('Axis2P3D Location',(-2.5,-7.15918423574,35.8796493961)) ;
#5301=CARTESIAN_POINT('Axis2P3D Location',(-2.5,-7.15918423574,35.8796493961)) ;
#5312=CARTESIAN_POINT('Axis2P3D Location',(-2.5,-1.30600466092,43.8762557162)) ;
#5317=CARTESIAN_POINT('Axis2P3D Location',(-2.5,5.10977611595,52.6414870665)) ;
#5321=CARTESIAN_POINT('Vertex',(-1.74137852998,6.15396654296,51.8771835814)) ;
#5324=CARTESIAN_POINT('Axis2P3D Location',(-2.5,5.10977611595,52.6414870665)) ;
#5329=CARTESIAN_POINT('Axis2P3D Location',(-2.5,-7.15918423511,35.879649397)) ;
#5334=CARTESIAN_POINT('Line Origine',(-1.,-1.30600466114,43.8762557162)) ;
#5347=CARTESIAN_POINT('Axis2P3D Location',(-2.5,5.10977611583,52.6414870664)) ;
#5352=CARTESIAN_POINT('Axis2P3D Location',(-2.5,5.10977611583,52.6414870664)) ;
#5363=CARTESIAN_POINT('Axis2P3D Location',(-2.5,-2.44212300322,15.4839080426)) ;
#5368=CARTESIAN_POINT('Line Origine',(-1.,-2.4421230033,15.4839080423)) ;
#5372=CARTESIAN_POINT('Vertex',(-1.,1.67244414118,10.3659505395)) ;
#5374=CARTESIAN_POINT('Vertex',(-1.,-6.44900589693,20.4679210988)) ;
#5377=CARTESIAN_POINT('Axis2P3D Location',(-2.5,-6.44900589692,20.4679210988)) ;
#5382=CARTESIAN_POINT('Axis2P3D Location',(-2.5,1.67244414137,10.3659505397)) ;
#5394=CARTESIAN_POINT('Axis2P3D Location',(-2.5,-6.4490058967,20.4679210985)) ;
#5400=CARTESIAN_POINT('Control Point',(-2.5,-7.94741587718,20.398873793)) ;
#5401=CARTESIAN_POINT('Control Point',(-2.32838562658,-7.94741587718,20.398873793)) ;
#5402=CARTESIAN_POINT('Control Point',(-2.15761507198,-7.92175625921,20.4000177697)) ;
#5403=CARTESIAN_POINT('Control Point',(-1.96822688517,-7.86771493585,20.4025464429)) ;
#5404=CARTESIAN_POINT('Control Point',(-1.77304235065,-7.75968694736,20.407524414)) ;
#5405=CARTESIAN_POINT('Vertex',(-1.77304235065,-7.75968694739,20.4075244146)) ;
#5408=CARTESIAN_POINT('Axis2P3D Location',(-2.5,-6.4490058967,20.4679210985)) ;
#5419=CARTESIAN_POINT('Axis2P3D Location',(-2.5,-6.44900589673,20.4679210991)) ;
#5424=CARTESIAN_POINT('Line Origine',(-1.,-7.94809379609,52.9999403507)) ;
#5428=CARTESIAN_POINT('Vertex',(-1.,-5.94518503921,9.53439955452)) ;
#5431=CARTESIAN_POINT('Axis2P3D Location',(-2.5,-5.94518503899,9.53439955453)) ;
#5445=CARTESIAN_POINT('Control Point',(-1.,-5.20450126747,9.99538325873)) ;
#5446=CARTESIAN_POINT('Control Point',(-1.,-4.97716263761,10.4081583142)) ;
#5447=CARTESIAN_POINT('Control Point',(-1.18452250607,-4.74961189932,10.8213184914)) ;
#5448=CARTESIAN_POINT('Control Point',(-1.55708253496,-4.56987867513,11.1476571855)) ;
#5449=CARTESIAN_POINT('Control Point',(-2.02876110196,-4.48085993351,11.3092870679)) ;
#5450=CARTESIAN_POINT('Control Point',(-2.5,-4.48085993351,11.3092870679)) ;
#5451=CARTESIAN_POINT('Axis1P Location',(-2.5,-5.44571504546,9.55741532234)) ;
#5455=CARTESIAN_POINT('Axis2P3D Location',(-1.,-5.44571504546,9.55741532234)) ;
#5459=CARTESIAN_POINT('Vertex',(-1.,-5.68692882345,9.11944738595)) ;
#5463=CARTESIAN_POINT('Control Point',(-1.,-5.68692882345,9.11944738595)) ;
#5464=CARTESIAN_POINT('Control Point',(-1.,-5.91426745331,8.70667233048)) ;
#5465=CARTESIAN_POINT('Control Point',(-1.18452250607,-6.1418181916,8.29351215328)) ;
#5466=CARTESIAN_POINT('Control Point',(-1.55708253496,-6.32155141579,7.96717345918)) ;
#5467=CARTESIAN_POINT('Control Point',(-2.02876110196,-6.41057015741,7.80554357678)) ;
#5468=CARTESIAN_POINT('Control Point',(-2.5,-6.41057015741,7.80554357678)) ;
#5478=CARTESIAN_POINT('Control Point',(-1.,-5.20450126747,9.99538325873)) ;
#5479=CARTESIAN_POINT('Control Point',(-1.,-4.97716263761,10.4081583142)) ;
#5480=CARTESIAN_POINT('Control Point',(-1.18452250607,-4.74961189932,10.8213184914)) ;
#5481=CARTESIAN_POINT('Control Point',(-1.55708253496,-4.56987867513,11.1476571855)) ;
#5482=CARTESIAN_POINT('Control Point',(-2.02876110196,-4.48085993351,11.3092870679)) ;
#5483=CARTESIAN_POINT('Control Point',(-2.5,-4.48085993351,11.3092870679)) ;
#5484=CARTESIAN_POINT('Axis1P Location',(-2.5,-5.44571504546,9.55741532234)) ;
#5488=CARTESIAN_POINT('Axis2P3D Location',(-1.,-5.44571504546,9.55741532234)) ;
#5492=CARTESIAN_POINT('Vertex',(-1.,-5.19820100568,9.1229768333)) ;
#5496=CARTESIAN_POINT('Control Point',(-1.,-5.19818649963,9.12298509895)) ;
#5497=CARTESIAN_POINT('Control Point',(-1.,-4.96489634127,8.71354425944)) ;
#5498=CARTESIAN_POINT('Control Point',(-1.18452250607,-4.73138852175,8.303721409)) ;
#5499=CARTESIAN_POINT('Control Point',(-1.55708253496,-4.54695003735,7.98001873583)) ;
#5500=CARTESIAN_POINT('Control Point',(-2.02876110196,-4.45560086215,7.81969442877)) ;
#5501=CARTESIAN_POINT('Control Point',(-2.5,-4.45560086215,7.81969442877)) ;
#5510=CARTESIAN_POINT('Axis2P3D Location',(-2.5,1.7763568394E-15,3.5527136788E-15)) ;
#5515=CARTESIAN_POINT('Axis2P3D Location',(-2.5,1.67235503708,10.3659649155)) ;
#5519=CARTESIAN_POINT('Vertex',(-2.09322912068,1.44247626546,8.94059015459)) ;
#5522=CARTESIAN_POINT('Axis2P3D Location',(-2.5,1.67244414118,10.3659505399)) ;
#5527=CARTESIAN_POINT('Axis2P3D Location',(-1.,1.7763568394E-15,3.5527136788E-15)) ;
#5540=CARTESIAN_POINT('Axis2P3D Location',(-2.5,1.67244414118,10.3659505399)) ;
#5545=CARTESIAN_POINT('Axis2P3D Location',(-2.5,1.67244414118,10.3659505399)) ;
#5556=CARTESIAN_POINT('Axis2P3D Location',(-2.5,0.488355377515,19.8187616953)) ;
#5561=CARTESIAN_POINT('Line Origine',(-1.,0.488355377689,19.8187616952)) ;
#5565=CARTESIAN_POINT('Vertex',(-1.,-6.42472945166,28.4176915771)) ;
#5567=CARTESIAN_POINT('Vertex',(-1.,5.49999999918,13.5849627822)) ;
#5570=CARTESIAN_POINT('Axis2P3D Location',(-2.5,5.49999999919,13.5849627823)) ;
#5575=CARTESIAN_POINT('Axis2P3D Location',(-2.5,-6.42472945171,28.4176915771)) ;
#5587=CARTESIAN_POINT('Axis2P3D Location',(-2.5,5.5,13.5849627812)) ;
#5593=CARTESIAN_POINT('Control Point',(-2.5,7.,13.5849627812)) ;
#5594=CARTESIAN_POINT('Control Point',(-2.3097040204,7.,13.5849627812)) ;
#5595=CARTESIAN_POINT('Control Point',(-2.12061116608,6.96868553631,13.5850064563)) ;
#5596=CARTESIAN_POINT('Control Point',(-1.91205785661,6.90136651148,13.5849627812)) ;
#5597=CARTESIAN_POINT('Control Point',(-1.70518330734,6.7721110113,13.5849627812)) ;
#5598=CARTESIAN_POINT('Vertex',(-1.70518330734,6.7721110113,13.5849627809)) ;
#5601=CARTESIAN_POINT('Axis2P3D Location',(-2.5,5.5,13.5849627812)) ;
#5612=CARTESIAN_POINT('Axis2P3D Location',(-2.5,5.5,13.5849627809)) ;
#5617=CARTESIAN_POINT('Line Origine',(-1.,5.5,78.8230374176)) ;
#5621=CARTESIAN_POINT('Vertex',(-1.,5.5,44.7092414399)) ;
#5625=CARTESIAN_POINT('Control Point',(-1.,5.5,44.7092414399)) ;
#5626=CARTESIAN_POINT('Control Point',(-1.,5.52868809142,44.797006129)) ;
#5627=CARTESIAN_POINT('Control Point',(-1.00068583882,5.55742487315,44.8847524211)) ;
#5628=CARTESIAN_POINT('Control Point',(-1.00200565682,5.58455338224,44.9677226189)) ;
#5629=CARTESIAN_POINT('Control Point',(-1.00490013606,5.62596619511,45.0946288865)) ;
#5630=CARTESIAN_POINT('Control Point',(-1.00936090516,5.66821853815,45.22391516)) ;
#5631=CARTESIAN_POINT('Control Point',(-1.01101924218,5.68235395245,45.2671402713)) ;
#5632=CARTESIAN_POINT('Control Point',(-1.01381948001,5.70390002991,45.333036454)) ;
#5633=CARTESIAN_POINT('Control Point',(-1.01695835215,5.72508592305,45.3978465673)) ;
#5634=CARTESIAN_POINT('Control Point',(-1.01802042073,5.73196365749,45.4188904449)) ;
#5635=CARTESIAN_POINT('Control Point',(-1.02022534726,5.74574412734,45.461050067)) ;
#5636=CARTESIAN_POINT('Control Point',(-1.02262032284,5.75966643901,45.5036362413)) ;
#5637=CARTESIAN_POINT('Control Point',(-1.02372053548,5.76586316191,45.5225894792)) ;
#5638=CARTESIAN_POINT('Control Point',(-1.0437154278,5.8745574065,45.8551185199)) ;
#5639=CARTESIAN_POINT('Control Point',(-1.07404273985,5.98298936421,46.1868913847)) ;
#5640=CARTESIAN_POINT('Control Point',(-1.11136511023,6.08267005362,46.4918845306)) ;
#5641=CARTESIAN_POINT('Control Point',(-1.20660954439,6.28153516035,47.1002523636)) ;
#5642=CARTESIAN_POINT('Control Point',(-1.35237346725,6.47747442955,47.6994524653)) ;
#5643=CARTESIAN_POINT('Control Point',(-1.43598772194,6.56903394032,47.9798062889)) ;
#5644=CARTESIAN_POINT('Control Point',(-1.57800438589,6.69892073273,48.3770191949)) ;
#5645=CARTESIAN_POINT('Control Point',(-1.78224271249,6.81953427035,48.7460786255)) ;
#5646=CARTESIAN_POINT('Control Point',(-1.84338477243,6.85143584095,48.8439285833)) ;
#5647=CARTESIAN_POINT('Control Point',(-1.97991189012,6.91304830543,49.0320139564)) ;
#5648=CARTESIAN_POINT('Control Point',(-2.15499729288,6.96437304693,49.1892865455)) ;
#5649=CARTESIAN_POINT('Control Point',(-2.25792229921,6.98779078357,49.2608001279)) ;
#5650=CARTESIAN_POINT('Control Point',(-2.37895843808,7.,49.2981501849)) ;
#5651=CARTESIAN_POINT('Control Point',(-2.5,7.,49.2981501849)) ;
#5661=CARTESIAN_POINT('Axis2P3D Location',(-2.5,-0.0522762180219,37.1237288943)) ;
#5666=CARTESIAN_POINT('Axis2P3D Location',(-2.5,-6.42472945117,28.4176915778)) ;
#5670=CARTESIAN_POINT('Vertex',(-1.74137853003,-7.4689198782,29.181995063)) ;
#5673=CARTESIAN_POINT('Axis2P3D Location',(-2.5,-6.42472945117,28.4176915778)) ;
#5678=CARTESIAN_POINT('Line Origine',(-1.,-0.05227621831,37.1237288946)) ;
#5691=CARTESIAN_POINT('Axis2P3D Location',(-2.5,-6.42472945172,28.4176915771)) ;
#5696=CARTESIAN_POINT('Axis2P3D Location',(-2.5,-6.42472945172,28.4176915771)) ;
#5707=CARTESIAN_POINT('Axis2P3D Location',(-2.5,-1.83737751989,121.753115545)) ;
#5712=CARTESIAN_POINT('Axis2P3D Location',(-2.5,-11.14151371,133.326185554)) ;
#5716=CARTESIAN_POINT('Vertex',(-1.,-11.14151371,133.326185554)) ;
#5719=CARTESIAN_POINT('Line Origine',(-1.,-1.83737752028,121.753115545)) ;
#5723=CARTESIAN_POINT('Vertex',(-1.,5.49999999937,112.626423718)) ;
#5726=CARTESIAN_POINT('Axis2P3D Location',(-2.5,5.49999999972,112.626423718)) ;
#5738=CARTESIAN_POINT('Axis2P3D Location',(-2.5,5.5,112.626423718)) ;
#5744=CARTESIAN_POINT('Control Point',(-2.5,7.,112.626423718)) ;
#5745=CARTESIAN_POINT('Control Point',(-2.31026964728,7.,112.626423718)) ;
#5746=CARTESIAN_POINT('Control Point',(-2.1205439619,6.96871943333,112.625540168)) ;
#5747=CARTESIAN_POINT('Control Point',(-1.91241324199,6.90158858472,112.626367228)) ;
#5748=CARTESIAN_POINT('Control Point',(-1.70518318381,6.77211093412,112.626423497)) ;
#5749=CARTESIAN_POINT('Vertex',(-1.70518318381,6.77211093412,112.626423718)) ;
#5752=CARTESIAN_POINT('Axis2P3D Location',(-2.5,5.5,112.626423718)) ;
#5763=CARTESIAN_POINT('Axis2P3D Location',(-2.5,5.5,112.626347944)) ;
#5768=CARTESIAN_POINT('Line Origine',(-1.,5.5,78.8230374176)) ;
#5772=CARTESIAN_POINT('Vertex',(-1.,5.5,146.656926773)) ;
#5775=CARTESIAN_POINT('Axis2P3D Location',(-2.5,5.5,146.656926773)) ;
#5779=CARTESIAN_POINT('Vertex',(-1.70205744613,6.77015262103,146.656926773)) ;
#5782=CARTESIAN_POINT('Axis2P3D Location',(-2.5,5.5,146.656926773)) ;
#5797=CARTESIAN_POINT('Control Point',(-2.50000009072,5.52037367069,148.156788405)) ;
#5798=CARTESIAN_POINT('Control Point',(-2.50000006246,5.98749461543,148.150443174)) ;
#5799=CARTESIAN_POINT('Control Point',(-2.5000000342,6.45214534044,147.962246187)) ;
#5800=CARTESIAN_POINT('Control Point',(-2.50000001177,6.81813146753,147.591254851)) ;
#5801=CARTESIAN_POINT('Control Point',(-2.50000000038,7.,147.124090812)) ;
#5802=CARTESIAN_POINT('Control Point',(-2.5,7.,146.656926773)) ;
#5803=CARTESIAN_POINT('Control Point',(-2.72523358146,5.52037367088,148.156788419)) ;
#5804=CARTESIAN_POINT('Control Point',(-2.72618640128,5.98749461556,148.150443184)) ;
#5805=CARTESIAN_POINT('Control Point',(-2.75444780453,6.45214534051,147.962246192)) ;
#5806=CARTESIAN_POINT('Control Point',(-2.81015935293,6.81813146756,147.591254852)) ;
#5807=CARTESIAN_POINT('Control Point',(-2.8803131209,7.00000000001,147.124090812)) ;
#5808=CARTESIAN_POINT('Control Point',(-2.95046690453,7.,146.656926773)) ;
#5809=CARTESIAN_POINT('Control Point',(-2.95047771641,5.51979954814,148.199069208)) ;
#5810=CARTESIAN_POINT('Control Point',(-2.95238425252,5.98703774103,148.193079323)) ;
#5811=CARTESIAN_POINT('Control Point',(-3.00890899585,6.45187411486,148.010273178)) ;
#5812=CARTESIAN_POINT('Control Point',(-3.12033488946,6.81804205444,147.649696077)) ;
#5813=CARTESIAN_POINT('Control Point',(-3.26064561333,6.99999999997,147.195584612)) ;
#5814=CARTESIAN_POINT('Control Point',(-3.40095628543,7.,146.741473126)) ;
#5815=CARTESIAN_POINT('Control Point',(-3.16510063078,5.518650792,148.283670479)) ;
#5816=CARTESIAN_POINT('Control Point',(-3.1677793813,5.98612362565,148.278397328)) ;
#5817=CARTESIAN_POINT('Control Point',(-3.2511666768,6.45133146229,148.106380435)) ;
#5818=CARTESIAN_POINT('Control Point',(-3.41570999048,6.81786316152,147.766639695)) ;
#5819=CARTESIAN_POINT('Control Point',(-3.62295506386,7.00000000002,147.338641376)) ;
#5820=CARTESIAN_POINT('Control Point',(-3.83020020175,7.,146.910643117)) ;
#5821=CARTESIAN_POINT('Control Point',(-3.56999964534,5.51516227677,148.540579436)) ;
#5822=CARTESIAN_POINT('Control Point',(-3.57356751629,5.98334598462,148.537238498)) ;
#5823=CARTESIAN_POINT('Control Point',(-3.70735178531,6.44968187804,148.397865816)) ;
#5824=CARTESIAN_POINT('Control Point',(-3.972235098,6.81731937205,148.121456402)) ;
#5825=CARTESIAN_POINT('Control Point',(-4.30611780844,6.99999999998,147.772912407)) ;
#5826=CARTESIAN_POINT('Control Point',(-4.64000044842,7.,147.424368346)) ;
#5827=CARTESIAN_POINT('Control Point',(-3.84865735012,5.50983665057,148.932786453)) ;
#5828=CARTESIAN_POINT('Control Point',(-3.85155560725,5.97909942213,148.931492383)) ;
#5829=CARTESIAN_POINT('Control Point',(-4.0193856567,6.44715744579,148.841507612)) ;
#5830=CARTESIAN_POINT('Control Point',(-4.35361456847,6.81648725618,148.661986207)) ;
#5831=CARTESIAN_POINT('Control Point',(-4.77546396351,7.00000000002,148.435310774)) ;
#5832=CARTESIAN_POINT('Control Point',(-5.19731343553,7.,148.208635415)) ;
#5833=CARTESIAN_POINT('Control Point',(-3.94958054953,5.50668284747,149.165045349)) ;
#5834=CARTESIAN_POINT('Control Point',(-3.95167765276,5.97658226332,149.164616519)) ;
#5835=CARTESIAN_POINT('Control Point',(-4.13156017653,6.4456601284,149.103707057)) ;
#5836=CARTESIAN_POINT('Control Point',(-4.4910319841,6.81599372959,148.981641211)) ;
#5837=CARTESIAN_POINT('Control Point',(-4.94509677612,7.00000000001,148.827355573)) ;
#5838=CARTESIAN_POINT('Control Point',(-5.39916154112,7.,148.673069864)) ;
#5839=CARTESIAN_POINT('Control Point',(-4.00000000037,5.50334134423,149.41113128)) ;
#5840=CARTESIAN_POINT('Control Point',(-4.00104970531,5.97391197311,149.411131216)) ;
#5841=CARTESIAN_POINT('Control Point',(-4.18662963293,6.44407038053,149.380784379)) ;
#5842=CARTESIAN_POINT('Control Point',(-4.55885870749,6.81546977448,149.319704267)) ;
#5843=CARTESIAN_POINT('Control Point',(-5.02942932561,7.,149.242426816)) ;
#5844=CARTESIAN_POINT('Control Point',(-5.49999994704,7.,149.165149391)) ;
#5845=CARTESIAN_POINT('Control Point',(-4.00000000034,5.50000000433,149.65720354)) ;
#5846=CARTESIAN_POINT('Control Point',(-4.00000000104,5.97123890125,149.657203489)) ;
#5847=CARTESIAN_POINT('Control Point',(-4.18505508397,6.44247779791,149.657203419)) ;
#5848=CARTESIAN_POINT('Control Point',(-4.55752220535,6.81494491809,149.65720334)) ;
#5849=CARTESIAN_POINT('Control Point',(-5.0287611031,7.,149.657203271)) ;
#5850=CARTESIAN_POINT('Control Point',(-5.50000000084,7.,149.657203221)) ;
#5852=CARTESIAN_POINT('Control Point',(-2.50000009072,5.52037367069,148.156788405)) ;
#5853=CARTESIAN_POINT('Control Point',(-2.50000006246,5.98749461543,148.150443174)) ;
#5854=CARTESIAN_POINT('Control Point',(-2.5000000342,6.45214534044,147.962246187)) ;
#5855=CARTESIAN_POINT('Control Point',(-2.50000001177,6.81813146753,147.591254851)) ;
#5856=CARTESIAN_POINT('Control Point',(-2.50000000038,7.,147.124090812)) ;
#5857=CARTESIAN_POINT('Control Point',(-2.5,7.,146.656926773)) ;
#5858=CARTESIAN_POINT('Vertex',(-2.50000009072,5.52037367069,148.156788405)) ;
#5862=CARTESIAN_POINT('Control Point',(-2.50000009072,5.52037367069,148.156788405)) ;
#5863=CARTESIAN_POINT('Control Point',(-2.72523358146,5.52037367088,148.156788419)) ;
#5864=CARTESIAN_POINT('Control Point',(-2.95047771641,5.51979954814,148.199069208)) ;
#5865=CARTESIAN_POINT('Control Point',(-3.16510063078,5.518650792,148.283670479)) ;
#5866=CARTESIAN_POINT('Control Point',(-3.56999964534,5.51516227677,148.540579436)) ;
#5867=CARTESIAN_POINT('Control Point',(-3.84865735012,5.50983665057,148.932786453)) ;
#5868=CARTESIAN_POINT('Control Point',(-3.94958054953,5.50668284747,149.165045349)) ;
#5869=CARTESIAN_POINT('Control Point',(-4.00000000037,5.50334134423,149.41113128)) ;
#5870=CARTESIAN_POINT('Control Point',(-4.00000000034,5.50000000433,149.65720354)) ;
#5871=CARTESIAN_POINT('Vertex',(-4.00000000034,5.50000000433,149.65720354)) ;
#5875=CARTESIAN_POINT('Control Point',(-4.00000000034,5.50000000433,149.65720354)) ;
#5876=CARTESIAN_POINT('Control Point',(-4.00000000104,5.97123890125,149.657203489)) ;
#5877=CARTESIAN_POINT('Control Point',(-4.18505508397,6.44247779791,149.657203419)) ;
#5878=CARTESIAN_POINT('Control Point',(-4.55752220535,6.81494491809,149.65720334)) ;
#5879=CARTESIAN_POINT('Control Point',(-5.0287611031,7.,149.657203271)) ;
#5880=CARTESIAN_POINT('Control Point',(-5.50000000084,7.,149.657203221)) ;
#5889=CARTESIAN_POINT('Axis2P3D Location',(-5.5,5.5,133.310133744)) ;
#5894=CARTESIAN_POINT('Line Origine',(-4.,5.5,133.310133744)) ;
#5898=CARTESIAN_POINT('Vertex',(-4.,5.5,158.253628265)) ;
#5901=CARTESIAN_POINT('Axis2P3D Location',(-5.5,5.5,158.253628265)) ;
#5913=CARTESIAN_POINT('Axis2P3D Location',(-5.5,5.5,158.253628265)) ;
#5918=CARTESIAN_POINT('Axis2P3D Location',(-5.5,5.5,158.253628265)) ;
#5929=CARTESIAN_POINT('Axis2P3D Location',(-5.5,5.5,158.253628265)) ;
#5940=CARTESIAN_POINT('Axis2P3D Location',(-5.5,-3.12623056624,145.332335647)) ;
#5945=CARTESIAN_POINT('Line Origine',(-4.,-3.12623056583,145.332335647)) ;
#5949=CARTESIAN_POINT('Vertex',(-4.,-0.187381156796,149.73445925)) ;
#5952=CARTESIAN_POINT('Axis2P3D Location',(-5.5,-0.18738115673,149.73445925)) ;
#5965=CARTESIAN_POINT('Control Point',(-4.00000002764,-0.187381106587,149.734459067)) ;
#5966=CARTESIAN_POINT('Control Point',(-4.0000000749,-0.579306974796,149.9961081)) ;
#5967=CARTESIAN_POINT('Control Point',(-4.18505518437,-0.971232842897,150.257757141)) ;
#5968=CARTESIAN_POINT('Control Point',(-4.55752230174,-1.28101097363,150.464564503)) ;
#5969=CARTESIAN_POINT('Control Point',(-5.02876117818,-1.43491993143,150.567313878)) ;
#5970=CARTESIAN_POINT('Control Point',(-5.50000005465,-1.43491997053,150.567313924)) ;
#5971=CARTESIAN_POINT('Control Point',(-4.00000000555,-0.553985476593,149.459506148)) ;
#5972=CARTESIAN_POINT('Control Point',(-4.0478269983,-0.920588324505,149.704249562)) ;
#5973=CARTESIAN_POINT('Control Point',(-4.25679558206,-1.2876602032,149.914464035)) ;
#5974=CARTESIAN_POINT('Control Point',(-4.61841743702,-1.58936244859,150.045752024)) ;
#5975=CARTESIAN_POINT('Control Point',(-5.05920873411,-1.76435443717,150.073851775)) ;
#5976=CARTESIAN_POINT('Control Point',(-5.50000002839,-1.80532616246,150.012479833)) ;
#5977=CARTESIAN_POINT('Control Point',(-3.93434376584,-0.919968876595,149.185019933)) ;
#5978=CARTESIAN_POINT('Control Point',(-4.02199090824,-1.26663770243,149.393950331)) ;
#5979=CARTESIAN_POINT('Control Point',(-4.24085290379,-1.61409227025,149.545036256)) ;
#5980=CARTESIAN_POINT('Control Point',(-4.57677407138,-1.90881528263,149.606761195)) ;
#5981=CARTESIAN_POINT('Control Point',(-4.97273054717,-2.09984619085,149.571317958)) ;
#5982=CARTESIAN_POINT('Control Point',(-5.36868704723,-2.17510495824,149.458585524)) ;
#5983=CARTESIAN_POINT('Control Point',(-3.80598975231,-1.27203790294,148.920966603)) ;
#5984=CARTESIAN_POINT('Control Point',(-3.91785297829,-1.6027917732,149.081660152)) ;
#5985=CARTESIAN_POINT('Control Point',(-4.13009659732,-1.93450445939,149.171767933)) ;
#5986=CARTESIAN_POINT('Control Point',(-4.42820652488,-2.22329798113,149.171049656)) ;
#5987=CARTESIAN_POINT('Control Point',(-4.77009382743,-2.42678338582,149.081594018)) ;
#5988=CARTESIAN_POINT('Control Point',(-5.11198107419,-2.53082504324,148.925749858)) ;
#5989=CARTESIAN_POINT('Control Point',(-3.49607930385,-1.75203204382,148.560973015)) ;
#5990=CARTESIAN_POINT('Control Point',(-3.60916929012,-2.06413025926,148.641813236)) ;
#5991=CARTESIAN_POINT('Control Point',(-3.78165547449,-2.37727539713,148.645581494)) ;
#5992=CARTESIAN_POINT('Control Point',(-4.00225711375,-2.6587591339,148.564263868)) ;
#5993=CARTESIAN_POINT('Control Point',(-4.24720745579,-2.8764959445,148.407967228)) ;
#5994=CARTESIAN_POINT('Control Point',(-4.49215782563,-3.01579692107,148.199307005)) ;
#5995=CARTESIAN_POINT('Control Point',(-3.03121676211,-2.0454121914,148.340937383)) ;
#5996=CARTESIAN_POINT('Control Point',(-3.0980640087,-2.34755730516,148.366058815)) ;
#5997=CARTESIAN_POINT('Control Point',(-3.19236833236,-2.65072907874,148.31559997)) ;
#5998=CARTESIAN_POINT('Control Point',(-3.30840776521,-2.92812326221,148.187250505)) ;
#5999=CARTESIAN_POINT('Control Point',(-3.43542084648,-3.15327756523,147.993373617)) ;
#6000=CARTESIAN_POINT('Control Point',(-3.56243391389,-3.31221951728,147.755293472)) ;
#6001=CARTESIAN_POINT('Control Point',(-2.86032674034,-2.11663252113,148.287522585)) ;
#6002=CARTESIAN_POINT('Control Point',(-2.90685697274,-2.41647033759,148.298561299)) ;
#6003=CARTESIAN_POINT('Control Point',(-2.97123462144,-2.71732361902,148.234843875)) ;
#6004=CARTESIAN_POINT('Control Point',(-3.04965187597,-2.99375454234,148.095255407)) ;
#6005=CARTESIAN_POINT('Control Point',(-3.13515240358,-3.22061345196,147.892508003)) ;
#6006=CARTESIAN_POINT('Control Point',(-3.22065294609,-3.38417843325,147.647505696)) ;
#6007=CARTESIAN_POINT('Control Point',(-2.68006079179,-2.15199185331,148.261002959)) ;
#6008=CARTESIAN_POINT('Control Point',(-2.70330196522,-2.45068416461,148.26506047)) ;
#6009=CARTESIAN_POINT('Control Point',(-2.7354695413,-2.75038649062,148.194763078)) ;
#6010=CARTESIAN_POINT('Control Point',(-2.77465865783,-3.02633942824,148.049592355)) ;
#6011=CARTESIAN_POINT('Control Point',(-2.81739025698,-3.25404491046,147.842436012)) ;
#6012=CARTESIAN_POINT('Control Point',(-2.8601218493,-3.41990445245,147.593991436)) ;
#6013=CARTESIAN_POINT('Control Point',(-2.49999987362,-2.15199144396,148.261003302)) ;
#6014=CARTESIAN_POINT('Control Point',(-2.49999990409,-2.45068373573,148.26506079)) ;
#6015=CARTESIAN_POINT('Control Point',(-2.49999993434,-2.75038604162,148.194763418)) ;
#6016=CARTESIAN_POINT('Control Point',(-2.49999996184,-3.0263389695,148.049592759)) ;
#6017=CARTESIAN_POINT('Control Point',(-2.49999998415,-3.25404446297,147.842436516)) ;
#6018=CARTESIAN_POINT('Control Point',(-2.49999999998,-3.41990403936,147.593992055)) ;
#6020=CARTESIAN_POINT('Control Point',(-4.00000002764,-0.187381106587,149.734459067)) ;
#6021=CARTESIAN_POINT('Control Point',(-4.00000000555,-0.553985476593,149.459506148)) ;
#6022=CARTESIAN_POINT('Control Point',(-3.93434376584,-0.919968876595,149.185019933)) ;
#6023=CARTESIAN_POINT('Control Point',(-3.80598975231,-1.27203790294,148.920966603)) ;
#6024=CARTESIAN_POINT('Control Point',(-3.49607930385,-1.75203204382,148.560973015)) ;
#6025=CARTESIAN_POINT('Control Point',(-3.03121676211,-2.0454121914,148.340937383)) ;
#6026=CARTESIAN_POINT('Control Point',(-2.86032674034,-2.11663252113,148.287522585)) ;
#6027=CARTESIAN_POINT('Control Point',(-2.68006079179,-2.15199185331,148.261002959)) ;
#6028=CARTESIAN_POINT('Control Point',(-2.49999987362,-2.15199144396,148.261003302)) ;
#6029=CARTESIAN_POINT('Vertex',(-2.49999987362,-2.15199144396,148.261003302)) ;
#6033=CARTESIAN_POINT('Control Point',(-2.49999987362,-2.15199144396,148.261003302)) ;
#6034=CARTESIAN_POINT('Control Point',(-2.49999990409,-2.45068373573,148.26506079)) ;
#6035=CARTESIAN_POINT('Control Point',(-2.49999993434,-2.75038604162,148.194763418)) ;
#6036=CARTESIAN_POINT('Control Point',(-2.49999996184,-3.0263389695,148.049592759)) ;
#6037=CARTESIAN_POINT('Control Point',(-2.49999998415,-3.25404446297,147.842436516)) ;
#6038=CARTESIAN_POINT('Control Point',(-2.49999999998,-3.41990403936,147.593992055)) ;
#6047=CARTESIAN_POINT('Axis2P3D Location',(-2.5,-2.37623056624,146.455766025)) ;
#6052=CARTESIAN_POINT('Axis2P3D Location',(-2.5,-11.1415137101,133.326185554)) ;
#6056=CARTESIAN_POINT('Vertex',(-1.75554661869,-12.2245643264,134.049228102)) ;
#6059=CARTESIAN_POINT('Axis2P3D Location',(-2.5,-11.1415137101,133.326185554)) ;
#6064=CARTESIAN_POINT('Axis2P3D Location',(-2.5,-2.17236517148,146.761137462)) ;
#6068=CARTESIAN_POINT('Vertex',(-1.38078168048,-3.00294960297,147.315646123)) ;
#6071=CARTESIAN_POINT('Axis2P3D Location',(-2.5,-2.17235960123,146.761145805)) ;
#6075=CARTESIAN_POINT('Vertex',(-1.,-2.17235960095,146.761145805)) ;
#6078=CARTESIAN_POINT('Line Origine',(-1.,-2.37623056583,146.455766025)) ;
#6092=CARTESIAN_POINT('Axis2P3D Location',(-2.5,-11.1415137101,133.326185554)) ;
#6097=CARTESIAN_POINT('Axis2P3D Location',(-2.5,-11.1415137101,133.326185554)) ;
#6108=CARTESIAN_POINT('Axis2P3D Location',(-2.5,-2.97926583359,94.0806031021)) ;
#6113=CARTESIAN_POINT('Line Origine',(-1.,-2.97926583234,94.0806031013)) ;
#6117=CARTESIAN_POINT('Vertex',(-1.,-9.43470457744,85.2611910864)) ;
#6119=CARTESIAN_POINT('Vertex',(-1.,5.10977611723,105.131841689)) ;
#6122=CARTESIAN_POINT('Axis2P3D Location',(-2.5,5.10977611619,105.13184169)) ;
#6127=CARTESIAN_POINT('Axis2P3D Location',(-2.5,-9.43470457864,85.2611910872)) ;
#6139=CARTESIAN_POINT('Axis2P3D Location',(-2.5,5.10977611582,105.131841689)) ;
#6145=CARTESIAN_POINT('Control Point',(-2.5,6.27882504086,106.071695194)) ;
#6146=CARTESIAN_POINT('Control Point',(-2.13652976819,6.27882504086,106.071695194)) ;
#6147=CARTESIAN_POINT('Control Point',(-1.77231012563,6.18761673009,105.998366937)) ;
#6148=CARTESIAN_POINT('Control Point',(-1.46360916086,6.00324611046,105.850144309)) ;
#6149=CARTESIAN_POINT('Control Point',(-1.25583605385,5.76279738793,105.656836254)) ;
#6150=CARTESIAN_POINT('Vertex',(-1.25583605368,5.76279738862,105.656836253)) ;
#6153=CARTESIAN_POINT('Axis2P3D Location',(-2.5,5.10977611582,105.131841689)) ;
#6164=CARTESIAN_POINT('Axis2P3D Location',(-2.5,-3.74378510421,116.144458201)) ;
#6169=CARTESIAN_POINT('Axis2P3D Location',(-2.5,5.10977611535,105.13184169)) ;
#6174=CARTESIAN_POINT('Line Origine',(-1.,-3.74378510378,116.144458201)) ;
#6178=CARTESIAN_POINT('Vertex',(-1.,-11.2903700874,125.531375434)) ;
#6181=CARTESIAN_POINT('Axis2P3D Location',(-2.5,-11.2903700874,125.531375434)) ;
#6194=CARTESIAN_POINT('Axis2P3D Location',(-2.5,-11.2903700871,125.531375434)) ;
#6200=CARTESIAN_POINT('Control Point',(-2.5,-12.7887800676,125.462328128)) ;
#6201=CARTESIAN_POINT('Control Point',(-2.32838562667,-12.7887800676,125.462328128)) ;
#6202=CARTESIAN_POINT('Control Point',(-2.15761507204,-12.7631204496,125.463472105)) ;
#6203=CARTESIAN_POINT('Control Point',(-1.96822688533,-12.7090791263,125.466000778)) ;
#6204=CARTESIAN_POINT('Control Point',(-1.77304235093,-12.6010511379,125.470978749)) ;
#6205=CARTESIAN_POINT('Vertex',(-1.77304235092,-12.601051138,125.47097875)) ;
#6208=CARTESIAN_POINT('Axis2P3D Location',(-2.5,-11.2903700871,125.531375434)) ;
#6219=CARTESIAN_POINT('Axis2P3D Location',(-2.5,-9.43470969306,85.2613020812)) ;
#6223=CARTESIAN_POINT('Vertex',(-2.14012704106,-10.8893517311,85.194160389)) ;
#6226=CARTESIAN_POINT('Axis2P3D Location',(-2.5,-9.43470457839,85.2611910866)) ;
#6231=CARTESIAN_POINT('Axis2P3D Location',(-2.5,-11.2903700872,125.531375434)) ;
#6236=CARTESIAN_POINT('Line Origine',(-1.,-7.94809379539,52.9999403507)) ;
#6250=CARTESIAN_POINT('Axis2P3D Location',(-2.5,-9.43470457843,85.2611910875)) ;
#6255=CARTESIAN_POINT('Axis2P3D Location',(-2.5,-9.43470457843,85.2611910875)) ;
#6266=CARTESIAN_POINT('Axis2P3D Location',(0.,1.7763568394E-15,0.)) ;
#6271=CARTESIAN_POINT('Line Origine',(0.,4.,-9.79717439319E-16)) ;
#6276=CARTESIAN_POINT('Line Origine',(0.,-4.,4.8985871966E-16)) ;
#6297=CARTESIAN_POINT('Axis2P3D Location',(0.,-2.6645352591E-15,173.)) ;
#6303=CARTESIAN_POINT('Control Point',(1.42256133282,4.93923473279,173.777148798)) ;
#6304=CARTESIAN_POINT('Control Point',(1.41846333704,4.93805445879,173.784650129)) ;
#6305=CARTESIAN_POINT('Control Point',(1.41436534126,4.93685994424,173.792149219)) ;
#6306=CARTESIAN_POINT('Control Point',(1.41379500002,4.93671583304,173.793019207)) ;
#6307=CARTESIAN_POINT('Control Point',(1.4020859963,4.93336733584,173.8137579)) ;
#6308=CARTESIAN_POINT('Control Point',(1.39000244625,4.92994441053,173.834270689)) ;
#6309=CARTESIAN_POINT('Control Point',(1.38077826641,4.92735086396,173.84945004)) ;
#6310=CARTESIAN_POINT('Control Point',(1.35834340129,4.92109235959,173.885254989)) ;
#6311=CARTESIAN_POINT('Control Point',(1.33476829994,4.91464153881,173.920289767)) ;
#6312=CARTESIAN_POINT('Control Point',(1.32072362508,4.91084369342,173.940333948)) ;
#6313=CARTESIAN_POINT('Control Point',(1.27789363842,4.89940785987,173.999070282)) ;
#6314=CARTESIAN_POINT('Control Point',(1.23185701199,4.8875847793,174.055297549)) ;
#6315=CARTESIAN_POINT('Control Point',(1.19995540479,4.87962480966,174.091434187)) ;
#6316=CARTESIAN_POINT('Control Point',(1.03851497199,4.84063678689,174.261167308)) ;
#6317=CARTESIAN_POINT('Control Point',(0.847565394269,4.8015994988,174.40065684)) ;
#6318=CARTESIAN_POINT('Control Point',(0.680316999498,4.77380218742,174.489363324)) ;
#6319=CARTESIAN_POINT('Control Point',(0.402642029254,4.74132863287,174.58804856)) ;
#6320=CARTESIAN_POINT('Control Point',(0.110726844039,4.72949865113,174.622304102)) ;
#6321=CARTESIAN_POINT('Control Point',(0.0056875019906,4.72818782539,174.626074257)) ;
#6322=CARTESIAN_POINT('Control Point',(-0.415000784512,4.73484754204,174.607064934)) ;
#6323=CARTESIAN_POINT('Control Point',(-0.816828447746,4.78630417827,174.45379712)) ;
#6324=CARTESIAN_POINT('Control Point',(-1.08063322171,4.84474242104,174.268603989)) ;
#6325=CARTESIAN_POINT('Control Point',(-1.39606082991,4.92909963192,173.909015851)) ;
#6326=CARTESIAN_POINT('Control Point',(-1.56401914889,4.98151797041,173.467348524)) ;
#6327=CARTESIAN_POINT('Control Point',(-1.60200727878,4.99384255978,173.31387702)) ;
#6328=CARTESIAN_POINT('Control Point',(-1.621,5.,173.156938717)) ;
#6329=CARTESIAN_POINT('Control Point',(-1.621,5.,173.)) ;
#6330=CARTESIAN_POINT('Vertex',(1.42256133283,4.9392347328,173.777148798)) ;
#6332=CARTESIAN_POINT('Vertex',(-1.621,5.,173.)) ;
#6336=CARTESIAN_POINT('Control Point',(1.42256133283,4.9392347328,173.777148798)) ;
#6337=CARTESIAN_POINT('Control Point',(1.42666145132,4.94041561816,173.769643582)) ;
#6338=CARTESIAN_POINT('Control Point',(1.43076156981,4.94158224821,173.762136122)) ;
#6339=CARTESIAN_POINT('Control Point',(1.43118577227,4.94172446427,173.761185375)) ;
#6340=CARTESIAN_POINT('Control Point',(1.44059941565,4.9444545373,173.743365682)) ;
#6341=CARTESIAN_POINT('Control Point',(1.44973908798,4.94712513749,173.725393869)) ;
#6342=CARTESIAN_POINT('Control Point',(1.45599994884,4.94896380497,173.712744029)) ;
#6343=CARTESIAN_POINT('Control Point',(1.47087562176,4.95335344907,173.681846653)) ;
#6344=CARTESIAN_POINT('Control Point',(1.48493970145,4.9575511979,173.650543129)) ;
#6345=CARTESIAN_POINT('Control Point',(1.49292943989,4.95995109383,173.631992496)) ;
#6346=CARTESIAN_POINT('Control Point',(1.51603720375,4.96693276726,173.575953214)) ;
#6347=CARTESIAN_POINT('Control Point',(1.53653450673,4.97323451041,173.518805563)) ;
#6348=CARTESIAN_POINT('Control Point',(1.54901596473,4.97711046797,173.480262321)) ;
#6349=CARTESIAN_POINT('Control Point',(1.5828483354,4.98770222773,173.363449705)) ;
#6350=CARTESIAN_POINT('Control Point',(1.60569047996,4.99503655346,173.243564192)) ;
#6351=CARTESIAN_POINT('Control Point',(1.61589695049,4.99834559135,173.162697579)) ;
#6352=CARTESIAN_POINT('Control Point',(1.621,5.,173.081348845)) ;
#6353=CARTESIAN_POINT('Control Point',(1.621,5.,173.)) ;
#6354=CARTESIAN_POINT('Vertex',(1.62099999934,5.,173.)) ;
#6357=CARTESIAN_POINT('Line Origine',(0.,5.,173.)) ;
#6362=CARTESIAN_POINT('Line Origine',(0.,-5.,173.)) ;
#6367=CARTESIAN_POINT('Line Origine',(0.,5.,173.)) ;
#6383=CARTESIAN_POINT('Control Point',(-1.42256133282,4.93923473279,172.222851202)) ;
#6384=CARTESIAN_POINT('Control Point',(-1.41846333704,4.93805445879,172.215349871)) ;
#6385=CARTESIAN_POINT('Control Point',(-1.41436534127,4.93685994424,172.207850781)) ;
#6386=CARTESIAN_POINT('Control Point',(-1.41379500002,4.93671583304,172.206980793)) ;
#6387=CARTESIAN_POINT('Control Point',(-1.4020859963,4.93336733583,172.1862421)) ;
#6388=CARTESIAN_POINT('Control Point',(-1.39000244625,4.92994441053,172.165729311)) ;
#6389=CARTESIAN_POINT('Control Point',(-1.38077826641,4.92735086396,172.15054996)) ;
#6390=CARTESIAN_POINT('Control Point',(-1.35834340128,4.92109235959,172.114745011)) ;
#6391=CARTESIAN_POINT('Control Point',(-1.33476829994,4.91464153881,172.079710233)) ;
#6392=CARTESIAN_POINT('Control Point',(-1.32072362508,4.91084369342,172.059666052)) ;
#6393=CARTESIAN_POINT('Control Point',(-1.27789363841,4.89940785987,172.000929718)) ;
#6394=CARTESIAN_POINT('Control Point',(-1.23185701198,4.8875847793,171.944702451)) ;
#6395=CARTESIAN_POINT('Control Point',(-1.19995540478,4.87962480966,171.908565813)) ;
#6396=CARTESIAN_POINT('Control Point',(-1.03851497199,4.8406367869,171.738832692)) ;
#6397=CARTESIAN_POINT('Control Point',(-0.847565394302,4.80159949881,171.59934316)) ;
#6398=CARTESIAN_POINT('Control Point',(-0.680316999395,4.77380218741,171.510636676)) ;
#6399=CARTESIAN_POINT('Control Point',(-0.402642029176,4.74132863287,171.41195144)) ;
#6400=CARTESIAN_POINT('Control Point',(-0.110726843991,4.72949865113,171.377695898)) ;
#6401=CARTESIAN_POINT('Control Point',(-0.00568750194132,4.72818782539,171.373925743)) ;
#6402=CARTESIAN_POINT('Control Point',(0.41500078457,4.73484754204,171.392935066)) ;
#6403=CARTESIAN_POINT('Control Point',(0.816828447808,4.78630417828,171.54620288)) ;
#6404=CARTESIAN_POINT('Control Point',(1.08063322174,4.84474242105,171.731396011)) ;
#6405=CARTESIAN_POINT('Control Point',(1.39606082993,4.92909963192,172.090984149)) ;
#6406=CARTESIAN_POINT('Control Point',(1.56401914889,4.98151797041,172.532651476)) ;
#6407=CARTESIAN_POINT('Control Point',(1.60200727878,4.99384255978,172.68612298)) ;
#6408=CARTESIAN_POINT('Control Point',(1.621,5.,172.843061283)) ;
#6409=CARTESIAN_POINT('Control Point',(1.621,5.,173.)) ;
#6410=CARTESIAN_POINT('Vertex',(-1.42256133283,4.9392347328,172.222851202)) ;
#6414=CARTESIAN_POINT('Control Point',(-1.42256133283,4.9392347328,172.222851202)) ;
#6415=CARTESIAN_POINT('Control Point',(-1.42666145133,4.94041561816,172.230356418)) ;
#6416=CARTESIAN_POINT('Control Point',(-1.43076156984,4.94158224821,172.237863878)) ;
#6417=CARTESIAN_POINT('Control Point',(-1.43118577227,4.94172446427,172.238814625)) ;
#6418=CARTESIAN_POINT('Control Point',(-1.44059941565,4.9444545373,172.256634318)) ;
#6419=CARTESIAN_POINT('Control Point',(-1.44973908799,4.94712513749,172.274606131)) ;
#6420=CARTESIAN_POINT('Control Point',(-1.45599994884,4.94896380497,172.287255971)) ;
#6421=CARTESIAN_POINT('Control Point',(-1.47087562176,4.95335344907,172.318153347)) ;
#6422=CARTESIAN_POINT('Control Point',(-1.48493970145,4.9575511979,172.349456871)) ;
#6423=CARTESIAN_POINT('Control Point',(-1.49292943989,4.95995109383,172.368007504)) ;
#6424=CARTESIAN_POINT('Control Point',(-1.51603720375,4.96693276726,172.424046786)) ;
#6425=CARTESIAN_POINT('Control Point',(-1.53653450673,4.97323451041,172.481194437)) ;
#6426=CARTESIAN_POINT('Control Point',(-1.54901596474,4.97711046797,172.519737679)) ;
#6427=CARTESIAN_POINT('Control Point',(-1.5828483354,4.98770222773,172.636550295)) ;
#6428=CARTESIAN_POINT('Control Point',(-1.60569047996,4.99503655346,172.756435808)) ;
#6429=CARTESIAN_POINT('Control Point',(-1.61589695049,4.99834559135,172.837302421)) ;
#6430=CARTESIAN_POINT('Control Point',(-1.621,5.,172.918651155)) ;
#6431=CARTESIAN_POINT('Control Point',(-1.621,5.,173.)) ;
#6445=CARTESIAN_POINT('Axis2P3D Location',(5.5,5.5,158.253628265)) ;
#6451=CARTESIAN_POINT('Control Point',(5.5,4.25246113274,159.086482859)) ;
#6452=CARTESIAN_POINT('Control Point',(5.42919690494,4.25246113096,159.086482856)) ;
#6453=CARTESIAN_POINT('Control Point',(5.35839385102,4.25593557862,159.084163317)) ;
#6454=CARTESIAN_POINT('Control Point',(5.28189003246,4.2632353131,159.079291737)) ;
#6455=CARTESIAN_POINT('Control Point',(5.12928667504,4.28305564552,159.06605715)) ;
#6456=CARTESIAN_POINT('Control Point',(4.90790476612,4.34956501579,159.021657235)) ;
#6457=CARTESIAN_POINT('Control Point',(4.80910372355,4.38582123458,158.997451781)) ;
#6458=CARTESIAN_POINT('Control Point',(4.49235721865,4.54030416721,158.894319528)) ;
#6459=CARTESIAN_POINT('Control Point',(4.19791362765,4.81085908147,158.713696738)) ;
#6460=CARTESIAN_POINT('Control Point',(4.06705951289,5.02813974403,158.568641389)) ;
#6461=CARTESIAN_POINT('Control Point',(4.,5.26406974005,158.411134861)) ;
#6462=CARTESIAN_POINT('Control Point',(4.,5.49999999998,158.253628265)) ;
#6463=CARTESIAN_POINT('Vertex',(4.,5.5,158.253628265)) ;
#6467=CARTESIAN_POINT('Control Point',(5.5,7.,158.253628265)) ;
#6468=CARTESIAN_POINT('Control Point',(5.42919690755,7.,158.253628265)) ;
#6469=CARTESIAN_POINT('Control Point',(5.35839385502,6.99582243508,158.253628265)) ;
#6470=CARTESIAN_POINT('Control Point',(5.28189004029,6.98704642251,158.253629679)) ;
#6471=CARTESIAN_POINT('Control Point',(5.12928668833,6.96321367612,158.253627542)) ;
#6472=CARTESIAN_POINT('Control Point',(4.90790478983,6.88324588503,158.253628884)) ;
#6473=CARTESIAN_POINT('Control Point',(4.80910374977,6.83965211157,158.25362816)) ;
#6474=CARTESIAN_POINT('Control Point',(4.4923572402,6.65390702852,158.253628378)) ;
#6475=CARTESIAN_POINT('Control Point',(4.19791363659,6.32860016624,158.253627679)) ;
#6476=CARTESIAN_POINT('Control Point',(4.06705951581,6.06734943696,158.253628355)) ;
#6477=CARTESIAN_POINT('Control Point',(4.,5.78367484726,158.253628265)) ;
#6478=CARTESIAN_POINT('Control Point',(4.,5.5,158.253628265)) ;
#6486=CARTESIAN_POINT('Axis2P3D Location',(5.5,5.5,135.784340126)) ;
#6491=CARTESIAN_POINT('Line Origine',(4.,5.5,135.784340126)) ;
#6495=CARTESIAN_POINT('Vertex',(4.,5.50000000219,149.657203536)) ;
#6498=CARTESIAN_POINT('Axis2P3D Location',(5.5,5.5,149.657203536)) ;
#6511=CARTESIAN_POINT('Control Point',(2.5,7.,146.656926773)) ;
#6512=CARTESIAN_POINT('Control Point',(2.50000002826,7.,147.124090812)) ;
#6513=CARTESIAN_POINT('Control Point',(2.50000005651,6.81813146753,147.591254851)) ;
#6514=CARTESIAN_POINT('Control Point',(2.50000007895,6.45214534044,147.962246187)) ;
#6515=CARTESIAN_POINT('Control Point',(2.50000009033,5.98749461543,148.150443174)) ;
#6516=CARTESIAN_POINT('Control Point',(2.50000009072,5.52037367069,148.156788405)) ;
#6517=CARTESIAN_POINT('Control Point',(2.95046690192,7.,146.656926773)) ;
#6518=CARTESIAN_POINT('Control Point',(2.88031315839,7.,147.124090816)) ;
#6519=CARTESIAN_POINT('Control Point',(2.81015941486,6.81813146756,147.591254859)) ;
#6520=CARTESIAN_POINT('Control Point',(2.75444786678,6.45214534053,147.962246199)) ;
#6521=CARTESIAN_POINT('Control Point',(2.72618643967,5.98749461558,148.150443188)) ;
#6522=CARTESIAN_POINT('Control Point',(2.72523358016,5.52037367088,148.156788419)) ;
#6523=CARTESIAN_POINT('Control Point',(3.40095627444,7.,146.741473122)) ;
#6524=CARTESIAN_POINT('Control Point',(3.26064547255,6.99999999999,147.195584556)) ;
#6525=CARTESIAN_POINT('Control Point',(3.12033467066,6.8180420544,147.64969599)) ;
#6526=CARTESIAN_POINT('Control Point',(3.00890877833,6.45187411466,148.010273091)) ;
#6527=CARTESIAN_POINT('Control Point',(2.95238411536,5.98703774081,148.193079269)) ;
#6528=CARTESIAN_POINT('Control Point',(2.95047771092,5.51979954817,148.199069206)) ;
#6529=CARTESIAN_POINT('Control Point',(3.83020020716,7.,146.910643126)) ;
#6530=CARTESIAN_POINT('Control Point',(3.62295523307,6.99999999998,147.338641537)) ;
#6531=CARTESIAN_POINT('Control Point',(3.41571025897,6.81786316167,147.766639948)) ;
#6532=CARTESIAN_POINT('Control Point',(3.25116694497,6.4513314629,148.106380686)) ;
#6533=CARTESIAN_POINT('Control Point',(3.16777954922,5.98612362633,148.278397486)) ;
#6534=CARTESIAN_POINT('Control Point',(3.16510063348,5.51865079194,148.283670483)) ;
#6535=CARTESIAN_POINT('Control Point',(4.64000049875,7.,147.424368374)) ;
#6536=CARTESIAN_POINT('Control Point',(4.30611767105,7.00000000003,147.772912262)) ;
#6537=CARTESIAN_POINT('Control Point',(3.97223484335,6.81731937185,148.121456151)) ;
#6538=CARTESIAN_POINT('Control Point',(3.70735152404,6.44968187726,148.397865563)) ;
#6539=CARTESIAN_POINT('Control Point',(3.57356736103,5.98334598367,148.537238344)) ;
#6540=CARTESIAN_POINT('Control Point',(3.56999967051,5.51516227658,148.54057945)) ;
#6541=CARTESIAN_POINT('Control Point',(5.19731350316,7.,148.208635516)) ;
#6542=CARTESIAN_POINT('Control Point',(4.77546421693,6.99999999997,148.435311043)) ;
#6543=CARTESIAN_POINT('Control Point',(4.35361493071,6.81648725626,148.661986571)) ;
#6544=CARTESIAN_POINT('Control Point',(4.01938601095,6.44715744623,148.841507963)) ;
#6545=CARTESIAN_POINT('Control Point',(3.85155583813,5.97909942245,148.931492616)) ;
#6546=CARTESIAN_POINT('Control Point',(3.84865738393,5.50983664989,148.932786503)) ;
#6547=CARTESIAN_POINT('Control Point',(5.39916162171,7.,148.673070048)) ;
#6548=CARTESIAN_POINT('Control Point',(4.9450967738,7.00000000004,148.827355549)) ;
#6549=CARTESIAN_POINT('Control Point',(4.49103192588,6.81599372918,148.981641051)) ;
#6550=CARTESIAN_POINT('Control Point',(4.13156010773,6.44566012704,149.103706875)) ;
#6551=CARTESIAN_POINT('Control Point',(3.95167762187,5.97658226147,149.164616433)) ;
#6552=CARTESIAN_POINT('Control Point',(3.94958058983,5.50668284623,149.165045441)) ;
#6553=CARTESIAN_POINT('Control Point',(5.49999999775,7.,149.16514964)) ;
#6554=CARTESIAN_POINT('Control Point',(5.02942937701,7.,149.24242709)) ;
#6555=CARTESIAN_POINT('Control Point',(4.55885875627,6.8154697743,149.319704541)) ;
#6556=CARTESIAN_POINT('Control Point',(4.1866296755,6.44407038001,149.380784622)) ;
#6557=CARTESIAN_POINT('Control Point',(4.00104973945,5.97391197207,149.411131405)) ;
#6558=CARTESIAN_POINT('Control Point',(4.00000002573,5.50334134254,149.411131405)) ;
#6559=CARTESIAN_POINT('Control Point',(5.5000000002,7.,149.657203536)) ;
#6560=CARTESIAN_POINT('Control Point',(5.02876110254,7.,149.657203587)) ;
#6561=CARTESIAN_POINT('Control Point',(4.55752220488,6.81494491782,149.657203637)) ;
#6562=CARTESIAN_POINT('Control Point',(4.18505508359,6.44247779712,149.657203677)) ;
#6563=CARTESIAN_POINT('Control Point',(4.0000000007,5.97123889979,149.657203697)) ;
#6564=CARTESIAN_POINT('Control Point',(4.00000000002,5.50000000219,149.657203697)) ;
#6566=CARTESIAN_POINT('Control Point',(2.50000009072,5.52037367069,148.156788405)) ;
#6567=CARTESIAN_POINT('Control Point',(2.72523358016,5.52037367088,148.156788419)) ;
#6568=CARTESIAN_POINT('Control Point',(2.95047771092,5.51979954817,148.199069206)) ;
#6569=CARTESIAN_POINT('Control Point',(3.16510063348,5.51865079194,148.283670483)) ;
#6570=CARTESIAN_POINT('Control Point',(3.56999967051,5.51516227658,148.54057945)) ;
#6571=CARTESIAN_POINT('Control Point',(3.84865738393,5.50983664989,148.932786503)) ;
#6572=CARTESIAN_POINT('Control Point',(3.94958058983,5.50668284623,149.165045441)) ;
#6573=CARTESIAN_POINT('Control Point',(4.00000002573,5.50334134254,149.411131405)) ;
#6574=CARTESIAN_POINT('Control Point',(4.00000000002,5.50000000219,149.657203697)) ;
#6575=CARTESIAN_POINT('Vertex',(2.50000009072,5.52037367069,148.156788405)) ;
#6579=CARTESIAN_POINT('Control Point',(2.5,7.,146.656926773)) ;
#6580=CARTESIAN_POINT('Control Point',(2.50000002826,7.,147.124090812)) ;
#6581=CARTESIAN_POINT('Control Point',(2.50000005651,6.81813146753,147.591254851)) ;
#6582=CARTESIAN_POINT('Control Point',(2.50000007895,6.45214534044,147.962246187)) ;
#6583=CARTESIAN_POINT('Control Point',(2.50000009033,5.98749461543,148.150443174)) ;
#6584=CARTESIAN_POINT('Control Point',(2.50000009072,5.52037367069,148.156788405)) ;
#6593=CARTESIAN_POINT('Axis2P3D Location',(2.5,5.5,135.784340126)) ;
#6598=CARTESIAN_POINT('Axis2P3D Location',(2.5,5.5,112.626423718)) ;
#6602=CARTESIAN_POINT('Vertex',(2.14076668124,6.9563486611,112.626536278)) ;
#6604=CARTESIAN_POINT('Vertex',(1.,5.5,112.626423718)) ;
#6607=CARTESIAN_POINT('Axis2P3D Location',(2.5,5.5,112.626536278)) ;
#6612=CARTESIAN_POINT('Axis2P3D Location',(2.5,5.5,146.656926775)) ;
#6616=CARTESIAN_POINT('Vertex',(1.22998003743,6.29815367861,146.656926775)) ;
#6619=CARTESIAN_POINT('Axis2P3D Location',(2.5,5.5,146.656926775)) ;
#6623=CARTESIAN_POINT('Vertex',(1.,5.5,146.656926775)) ;
#6626=CARTESIAN_POINT('Line Origine',(1.,5.5,135.784340126)) ;
#6640=CARTESIAN_POINT('Axis2P3D Location',(2.5,5.5,112.626423718)) ;
#6645=CARTESIAN_POINT('Axis2P3D Location',(2.5,5.5,112.626423718)) ;
#6656=CARTESIAN_POINT('Axis2P3D Location',(2.5,-1.83737751989,121.753115545)) ;
#6661=CARTESIAN_POINT('Line Origine',(1.,-1.83737752028,121.753115545)) ;
#6665=CARTESIAN_POINT('Vertex',(1.,-11.1415137104,133.326185554)) ;
#6668=CARTESIAN_POINT('Axis2P3D Location',(2.5,-11.14151371,133.326185554)) ;
#6673=CARTESIAN_POINT('Axis2P3D Location',(2.5,5.49999999972,112.626423718)) ;
#6685=CARTESIAN_POINT('Axis2P3D Location',(2.5,-11.1415137101,133.326185554)) ;
#6691=CARTESIAN_POINT('Control Point',(1.26573852735,-11.8504547363,133.799473245)) ;
#6692=CARTESIAN_POINT('Control Point',(1.47568136883,-12.1032819307,133.968260204)) ;
#6693=CARTESIAN_POINT('Control Point',(1.78350860522,-12.2948599051,134.096153968)) ;
#6694=CARTESIAN_POINT('Control Point',(2.14198436744,-12.3890525774,134.159040148)) ;
#6695=CARTESIAN_POINT('Control Point',(2.5,-12.3890525774,134.159040148)) ;
#6696=CARTESIAN_POINT('Vertex',(1.26573852729,-11.8504547362,133.799473245)) ;
#6699=CARTESIAN_POINT('Axis2P3D Location',(2.5,-11.1415137101,133.326185554)) ;
#6710=CARTESIAN_POINT('Axis2P3D Location',(2.5,-2.37623056624,146.455766025)) ;
#6715=CARTESIAN_POINT('Axis2P3D Location',(2.5,-11.1415137101,133.326185554)) ;
#6720=CARTESIAN_POINT('Line Origine',(1.,-2.37623056583,146.455766025)) ;
#6724=CARTESIAN_POINT('Vertex',(1.,-2.17235960123,146.761145805)) ;
#6727=CARTESIAN_POINT('Axis2P3D Location',(2.5,-2.17235960123,146.761145805)) ;
#6731=CARTESIAN_POINT('Vertex',(1.89286404692,-3.31354586487,147.522119118)) ;
#6734=CARTESIAN_POINT('Axis2P3D Location',(2.5,-2.17276619612,146.760536764)) ;
#6749=CARTESIAN_POINT('Control Point',(5.5000000659,-1.43491997048,150.567313924)) ;
#6750=CARTESIAN_POINT('Control Point',(5.02876116584,-1.43491996085,150.567313834)) ;
#6751=CARTESIAN_POINT('Control Point',(4.55752226578,-1.28101101788,150.464564431)) ;
#6752=CARTESIAN_POINT('Control Point',(4.1850551392,-0.971232880661,150.257757065)) ;
#6753=CARTESIAN_POINT('Control Point',(4.00000004619,-0.579306993819,149.99610805)) ;
#6754=CARTESIAN_POINT('Control Point',(4.00000003327,-0.187381106535,149.734459067)) ;
#6755=CARTESIAN_POINT('Control Point',(5.50000003758,-1.80532691147,150.012478711)) ;
#6756=CARTESIAN_POINT('Control Point',(5.05920877768,-1.76435512915,150.073850754)) ;
#6757=CARTESIAN_POINT('Control Point',(4.61841751778,-1.58936310994,150.04575114)) ;
#6758=CARTESIAN_POINT('Control Point',(4.25679567656,-1.28766087496,149.9144633)) ;
#6759=CARTESIAN_POINT('Control Point',(4.04782706223,-0.920589030675,149.704248944)) ;
#6760=CARTESIAN_POINT('Control Point',(4.00000001015,-0.553986217915,149.459505592)) ;
#6761=CARTESIAN_POINT('Control Point',(5.36868508044,-2.17510795275,149.458581038)) ;
#6762=CARTESIAN_POINT('Control Point',(4.97272917469,-2.09984880524,149.571313918)) ;
#6763=CARTESIAN_POINT('Control Point',(4.57677326894,-1.90881772612,149.606757675)) ;
#6764=CARTESIAN_POINT('Control Point',(4.24085243707,-1.61409479495,149.545033291)) ;
#6765=CARTESIAN_POINT('Control Point',(4.02199036516,-1.26664044535,149.393947834)) ;
#6766=CARTESIAN_POINT('Control Point',(3.93434278244,-0.919971840373,149.18501771)) ;
#6767=CARTESIAN_POINT('Control Point',(5.11198519018,-2.53082365831,148.925751932)) ;
#6768=CARTESIAN_POINT('Control Point',(4.77009718896,-2.42678223935,149.08159594)) ;
#6769=CARTESIAN_POINT('Control Point',(4.42820918774,-2.22329693108,149.171051395)) ;
#6770=CARTESIAN_POINT('Control Point',(4.13009875372,-1.93450335534,149.171769442)) ;
#6771=CARTESIAN_POINT('Control Point',(3.91785493391,-1.60279053598,149.081661409)) ;
#6772=CARTESIAN_POINT('Control Point',(3.8059918103,-1.27203653222,148.920967631)) ;
#6773=CARTESIAN_POINT('Control Point',(4.49215786072,-3.01579662164,148.199307453)) ;
#6774=CARTESIAN_POINT('Control Point',(4.24720758152,-2.87649559534,148.407967649)) ;
#6775=CARTESIAN_POINT('Control Point',(4.00225730233,-2.65875876386,148.564264248)) ;
#6776=CARTESIAN_POINT('Control Point',(3.78165567201,-2.37727503963,148.645581828)) ;
#6777=CARTESIAN_POINT('Control Point',(3.60916942623,-2.06412993229,148.641813517)) ;
#6778=CARTESIAN_POINT('Control Point',(3.49607932139,-1.75203174747,148.560973237)) ;
#6779=CARTESIAN_POINT('Control Point',(3.56243381391,-3.31221974382,147.755293133)) ;
#6780=CARTESIAN_POINT('Control Point',(3.43542071504,-3.15327781087,147.9933733)) ;
#6781=CARTESIAN_POINT('Control Point',(3.30840761618,-2.92812351595,148.187250219)) ;
#6782=CARTESIAN_POINT('Control Point',(3.19236818954,-2.65072932739,148.31559972)) ;
#6783=CARTESIAN_POINT('Control Point',(3.09806390122,-2.34755754161,148.366058604)) ;
#6784=CARTESIAN_POINT('Control Point',(3.03121671211,-2.04541241562,148.340937214)) ;
#6785=CARTESIAN_POINT('Control Point',(3.22065409375,-3.38417826698,147.647505945)) ;
#6786=CARTESIAN_POINT('Control Point',(3.13515345216,-3.22061328242,147.89250823)) ;
#6787=CARTESIAN_POINT('Control Point',(3.04965281056,-2.99375437164,148.09525561)) ;
#6788=CARTESIAN_POINT('Control Point',(2.97123543304,-2.71732344954,148.23484405)) ;
#6789=CARTESIAN_POINT('Control Point',(2.90685766111,-2.41647017058,148.298561448)) ;
#6790=CARTESIAN_POINT('Control Point',(2.86032731417,-2.11663235657,148.287522709)) ;
#6791=CARTESIAN_POINT('Control Point',(2.86012221961,-3.41990445344,147.593991434)) ;
#6792=CARTESIAN_POINT('Control Point',(2.81739056845,-3.25404491509,147.842436013)) ;
#6793=CARTESIAN_POINT('Control Point',(2.77465891729,-3.02633943412,148.049592357)) ;
#6794=CARTESIAN_POINT('Control Point',(2.73546976047,-2.75038649559,148.194763082)) ;
#6795=CARTESIAN_POINT('Control Point',(2.70330215938,-2.45068416757,148.265060472)) ;
#6796=CARTESIAN_POINT('Control Point',(2.68006097695,-2.15199185429,148.261002958)) ;
#6797=CARTESIAN_POINT('Control Point',(2.49999999998,-3.41990404028,147.593992053)) ;
#6798=CARTESIAN_POINT('Control Point',(2.49999996999,-3.25404446378,147.842436514)) ;
#6799=CARTESIAN_POINT('Control Point',(2.49999994,-3.02633897027,148.049592758)) ;
#6800=CARTESIAN_POINT('Control Point',(2.4999999125,-2.75038604242,148.194763417)) ;
#6801=CARTESIAN_POINT('Control Point',(2.49999988993,-2.45068373658,148.265060789)) ;
#6802=CARTESIAN_POINT('Control Point',(2.49999987362,-2.15199144487,148.261003302)) ;
#6804=CARTESIAN_POINT('Control Point',(4.00000003327,-0.187381106535,149.734459067)) ;
#6805=CARTESIAN_POINT('Control Point',(4.00000001015,-0.553986217915,149.459505592)) ;
#6806=CARTESIAN_POINT('Control Point',(3.93434278244,-0.919971840373,149.18501771)) ;
#6807=CARTESIAN_POINT('Control Point',(3.8059918103,-1.27203653222,148.920967631)) ;
#6808=CARTESIAN_POINT('Control Point',(3.49607932139,-1.75203174747,148.560973237)) ;
#6809=CARTESIAN_POINT('Control Point',(3.03121671211,-2.04541241562,148.340937214)) ;
#6810=CARTESIAN_POINT('Control Point',(2.86032731417,-2.11663235657,148.287522709)) ;
#6811=CARTESIAN_POINT('Control Point',(2.68006097695,-2.15199185429,148.261002958)) ;
#6812=CARTESIAN_POINT('Control Point',(2.49999987362,-2.15199144487,148.261003302)) ;
#6813=CARTESIAN_POINT('Vertex',(2.5,-2.1519913877,148.261007512)) ;
#6815=CARTESIAN_POINT('Vertex',(4.00000003327,-0.187381106535,149.734459067)) ;
#6819=CARTESIAN_POINT('Control Point',(5.5000000659,-1.43491997048,150.567313924)) ;
#6820=CARTESIAN_POINT('Control Point',(5.02876116584,-1.43491996085,150.567313834)) ;
#6821=CARTESIAN_POINT('Control Point',(4.55752226578,-1.28101101788,150.464564431)) ;
#6822=CARTESIAN_POINT('Control Point',(4.1850551392,-0.971232880661,150.257757065)) ;
#6823=CARTESIAN_POINT('Control Point',(4.00000004619,-0.579306993819,149.99610805)) ;
#6824=CARTESIAN_POINT('Control Point',(4.00000003327,-0.187381106535,149.734459067)) ;
#6827=CARTESIAN_POINT('Control Point',(2.49999999998,-3.41989846859,147.594000399)) ;
#6828=CARTESIAN_POINT('Control Point',(2.49999996999,-3.25403834438,147.842442081)) ;
#6829=CARTESIAN_POINT('Control Point',(2.49999994,-3.02633340827,148.049595684)) ;
#6830=CARTESIAN_POINT('Control Point',(2.4999999125,-2.7503820153,148.194764362)) ;
#6831=CARTESIAN_POINT('Control Point',(2.49999988993,-2.45068172981,148.265060762)) ;
#6832=CARTESIAN_POINT('Control Point',(2.49999987362,-2.15199144487,148.261003302)) ;
#6841=CARTESIAN_POINT('Axis2P3D Location',(5.5,-1.75246113248,147.390114732)) ;
#6846=CARTESIAN_POINT('Line Origine',(4.,-1.75246113259,147.390114732)) ;
#6858=CARTESIAN_POINT('Axis2P3D Location',(2.5,2.50447477147,162.803058982)) ;
#6864=CARTESIAN_POINT('Control Point',(1.,2.50447477147,162.803058982)) ;
#6865=CARTESIAN_POINT('Control Point',(1.,2.65470741732,162.702763951)) ;
#6866=CARTESIAN_POINT('Control Point',(1.02719078427,2.80494117033,162.602470295)) ;
#6867=CARTESIAN_POINT('Control Point',(1.08176937461,2.95102196357,162.504947833)) ;
#6868=CARTESIAN_POINT('Control Point',(1.21780610727,3.1814778002,162.351093225)) ;
#6869=CARTESIAN_POINT('Control Point',(1.40808388216,3.36863666776,162.226146641)) ;
#6870=CARTESIAN_POINT('Control Point',(1.49414194867,3.43729173615,162.180311644)) ;
#6871=CARTESIAN_POINT('Control Point',(1.69748141047,3.57059804829,162.091316002)) ;
#6872=CARTESIAN_POINT('Control Point',(1.89250006129,3.65139896838,162.037374294)) ;
#6873=CARTESIAN_POINT('Control Point',(1.99082438753,3.68171534588,162.017134572)) ;
#6874=CARTESIAN_POINT('Control Point',(2.16661523057,3.72558488597,161.987847639)) ;
#6875=CARTESIAN_POINT('Control Point',(2.30739857452,3.743631341,161.97579894)) ;
#6876=CARTESIAN_POINT('Control Point',(2.37337615232,3.74923550667,161.972059064)) ;
#6877=CARTESIAN_POINT('Control Point',(2.43668805395,3.75201363871,161.970204388)) ;
#6878=CARTESIAN_POINT('Control Point',(2.5,3.75201363871,161.970204388)) ;
#6879=CARTESIAN_POINT('Vertex',(1.,2.50447477123,162.803058982)) ;
#6883=CARTESIAN_POINT('Control Point',(1.,2.50447477147,162.803058982)) ;
#6884=CARTESIAN_POINT('Control Point',(1.,2.46138949823,162.978480191)) ;
#6885=CARTESIAN_POINT('Control Point',(1.02719078431,2.41830589445,163.153901971)) ;
#6886=CARTESIAN_POINT('Control Point',(1.08176937458,2.37641208431,163.324474939)) ;
#6887=CARTESIAN_POINT('Control Point',(1.21780610723,2.31031701156,163.593570785)) ;
#6888=CARTESIAN_POINT('Control Point',(1.40808388198,2.25664195782,163.812109292)) ;
#6889=CARTESIAN_POINT('Control Point',(1.49414194846,2.23695140359,163.892275666)) ;
#6890=CARTESIAN_POINT('Control Point',(1.6974814098,2.19871987564,164.047932812)) ;
#6891=CARTESIAN_POINT('Control Point',(1.89250006035,2.17554773451,164.14228083)) ;
#6892=CARTESIAN_POINT('Control Point',(1.99082438641,2.16685275856,164.177680356)) ;
#6893=CARTESIAN_POINT('Control Point',(2.16661522976,2.15427166863,164.228905128)) ;
#6894=CARTESIAN_POINT('Control Point',(2.30739857364,2.14909525577,164.249977632)) ;
#6895=CARTESIAN_POINT('Control Point',(2.37337615163,2.14748940283,164.256520918)) ;
#6896=CARTESIAN_POINT('Control Point',(2.43668805361,2.14669266148,164.259764842)) ;
#6897=CARTESIAN_POINT('Control Point',(2.5,2.14669266148,164.259764842)) ;
#6905=CARTESIAN_POINT('Axis2P3D Location',(2.5,-4.76263120715,151.91760883)) ;
#6910=CARTESIAN_POINT('Line Origine',(1.,-4.76263120677,151.91760883)) ;
#6914=CARTESIAN_POINT('Vertex',(1.,-0.872606075013,157.744505368)) ;
#6917=CARTESIAN_POINT('Axis2P3D Location',(2.5,-0.872606075122,157.744505368)) ;
#6930=CARTESIAN_POINT('Control Point',(2.5,0.37493279266,156.911650774)) ;
#6931=CARTESIAN_POINT('Control Point',(2.50000000572,0.209072817852,156.663207838)) ;
#6932=CARTESIAN_POINT('Control Point',(2.50000001144,-0.0186328040227,156.45605294)) ;
#6933=CARTESIAN_POINT('Control Point',(2.50000001669,-0.294585615777,156.310883227)) ;
#6934=CARTESIAN_POINT('Control Point',(2.500000021,-0.594287684912,156.240586259)) ;
#6935=CARTESIAN_POINT('Control Point',(2.50000002411,-0.892979747085,156.244643623)) ;
#6936=CARTESIAN_POINT('Control Point',(2.96690316329,0.374933901002,156.911652435)) ;
#6937=CARTESIAN_POINT('Control Point',(2.91150113775,0.209074094014,156.663209071)) ;
#6938=CARTESIAN_POINT('Control Point',(2.8560991122,-0.0186314718853,156.456053818)) ;
#6939=CARTESIAN_POINT('Control Point',(2.80528994673,-0.294584329221,156.310883901)) ;
#6940=CARTESIAN_POINT('Control Point',(2.76358426148,-0.594286494356,156.240586918)) ;
#6941=CARTESIAN_POINT('Control Point',(2.7334517282,-0.892978650137,156.244644445)) ;
#6942=CARTESIAN_POINT('Control Point',(3.43362574592,0.314781488523,156.821549705)) ;
#6943=CARTESIAN_POINT('Control Point',(3.32288186271,0.152786477221,156.578893484)) ;
#6944=CARTESIAN_POINT('Control Point',(3.2121379795,-0.0734939470059,156.379154083)) ;
#6945=CARTESIAN_POINT('Control Point',(3.11055825321,-0.350252064854,156.243379659)) ;
#6946=CARTESIAN_POINT('Control Point',(3.02714224117,-0.651892534378,156.184165702)) ;
#6947=CARTESIAN_POINT('Control Point',(2.96681314859,-0.952513664863,156.199993083)) ;
#6948=CARTESIAN_POINT('Control Point',(3.85713800644,0.195028234646,156.642170447)) ;
#6949=CARTESIAN_POINT('Control Point',(3.69399906943,0.0407343584534,156.411052487)) ;
#6950=CARTESIAN_POINT('Control Point',(3.53086013243,-0.182703373659,156.226094834)) ;
#6951=CARTESIAN_POINT('Control Point',(3.38222947798,-0.461065868891,156.109036223)) ;
#6952=CARTESIAN_POINT('Control Point',(3.26232398505,-0.766570573488,156.071879091)) ;
#6953=CARTESIAN_POINT('Control Point',(3.17856898663,-1.07103778133,156.111100025)) ;
#6954=CARTESIAN_POINT('Control Point',(4.69811676118,-0.167393296845,156.099296636)) ;
#6955=CARTESIAN_POINT('Control Point',(4.42301532843,-0.297137015529,155.904952665)) ;
#6956=CARTESIAN_POINT('Control Point',(4.14791389568,-0.511152448071,155.76686833)) ;
#6957=CARTESIAN_POINT('Control Point',(3.90238048635,-0.794624931649,155.707972617)) ;
#6958=CARTESIAN_POINT('Control Point',(3.71519268792,-1.11270181673,155.736769549)) ;
#6959=CARTESIAN_POINT('Control Point',(3.59905840254,-1.42973943777,155.842074651)) ;
#6960=CARTESIAN_POINT('Control Point',(5.21589286754,-0.671474457026,155.344229852)) ;
#6961=CARTESIAN_POINT('Control Point',(4.85090757769,-0.762505969366,155.207872998)) ;
#6962=CARTESIAN_POINT('Control Point',(4.48592228783,-0.960283785782,155.142779775)) ;
#6963=CARTESIAN_POINT('Control Point',(4.17205629971,-1.25175180396,155.169974416)) ;
#6964=CARTESIAN_POINT('Control Point',(3.95806245142,-1.59063615931,155.286772141)) ;
#6965=CARTESIAN_POINT('Control Point',(3.85794640472,-1.92864675632,155.467893897)) ;
#6966=CARTESIAN_POINT('Control Point',(5.40452768535,-0.977580110523,154.885711999)) ;
#6967=CARTESIAN_POINT('Control Point',(4.99580322043,-1.04270839233,154.78815775)) ;
#6968=CARTESIAN_POINT('Control Point',(4.58707875551,-1.22895866412,154.771464314)) ;
#6969=CARTESIAN_POINT('Control Point',(4.24395792326,-1.5257378614,154.853579636)) ;
#6970=CARTESIAN_POINT('Control Point',(4.02822085423,-1.87901929482,155.02172135)) ;
#6971=CARTESIAN_POINT('Control Point',(3.95226373659,-2.23161055048,155.240672325)) ;
#6972=CARTESIAN_POINT('Control Point',(5.49999997363,-1.29378277314,154.412069763)) ;
#6973=CARTESIAN_POINT('Control Point',(5.05475809843,-1.32876558041,154.359668644)) ;
#6974=CARTESIAN_POINT('Control Point',(4.60951622323,-1.50067581963,154.398680019)) ;
#6975=CARTESIAN_POINT('Control Point',(4.24630910292,-1.8035585357,154.541006758)) ;
#6976=CARTESIAN_POINT('Control Point',(4.04083601066,-2.17426337521,154.758739462)) ;
#6977=CARTESIAN_POINT('Control Point',(3.99999999184,-2.54456774292,155.005953957)) ;
#6978=CARTESIAN_POINT('Control Point',(5.49999996486,-1.61004577996,153.938337138)) ;
#6979=CARTESIAN_POINT('Control Point',(5.02876106822,-1.61004577506,153.938337092)) ;
#6980=CARTESIAN_POINT('Control Point',(4.55752217159,-1.76395471161,154.041086365)) ;
#6981=CARTESIAN_POINT('Control Point',(4.18505505311,-2.07373285385,154.247893634)) ;
#6982=CARTESIAN_POINT('Control Point',(3.99999997608,-2.46565875169,154.509542607)) ;
#6983=CARTESIAN_POINT('Control Point',(3.99999998266,-2.8575846493,154.771191597)) ;
#6985=CARTESIAN_POINT('Control Point',(2.50000002411,-0.892979747085,156.244643623)) ;
#6986=CARTESIAN_POINT('Control Point',(2.7334517282,-0.892978650137,156.244644445)) ;
#6987=CARTESIAN_POINT('Control Point',(2.96681314859,-0.952513664863,156.199993083)) ;
#6988=CARTESIAN_POINT('Control Point',(3.17856898663,-1.07103778133,156.111100025)) ;
#6989=CARTESIAN_POINT('Control Point',(3.59905840254,-1.42973943777,155.842074651)) ;
#6990=CARTESIAN_POINT('Control Point',(3.85794640472,-1.92864675632,155.467893897)) ;
#6991=CARTESIAN_POINT('Control Point',(3.95226373659,-2.23161055048,155.240672325)) ;
#6992=CARTESIAN_POINT('Control Point',(3.99999999184,-2.54456774292,155.005953957)) ;
#6993=CARTESIAN_POINT('Control Point',(3.99999998266,-2.8575846493,154.771191597)) ;
#6994=CARTESIAN_POINT('Vertex',(2.50000002411,-0.892979747085,156.244643623)) ;
#6996=CARTESIAN_POINT('Vertex',(4.,-2.85758458627,154.771191691)) ;
#7000=CARTESIAN_POINT('Control Point',(5.49999996486,-1.61004577996,153.938337138)) ;
#7001=CARTESIAN_POINT('Control Point',(5.02876106822,-1.61004577506,153.938337092)) ;
#7002=CARTESIAN_POINT('Control Point',(4.55752217159,-1.76395471161,154.041086365)) ;
#7003=CARTESIAN_POINT('Control Point',(4.18505505311,-2.07373285385,154.247893634)) ;
#7004=CARTESIAN_POINT('Control Point',(3.99999997608,-2.46565875169,154.509542607)) ;
#7005=CARTESIAN_POINT('Control Point',(3.99999998266,-2.8575846493,154.771191597)) ;
#7008=CARTESIAN_POINT('Control Point',(2.5,0.37493279266,156.911650774)) ;
#7009=CARTESIAN_POINT('Control Point',(2.50000000572,0.209072817852,156.663207838)) ;
#7010=CARTESIAN_POINT('Control Point',(2.50000001144,-0.0186328040227,156.45605294)) ;
#7011=CARTESIAN_POINT('Control Point',(2.50000001669,-0.294585615777,156.310883227)) ;
#7012=CARTESIAN_POINT('Control Point',(2.500000021,-0.594287684912,156.240586259)) ;
#7013=CARTESIAN_POINT('Control Point',(2.50000002411,-0.892979747085,156.244643623)) ;
#7022=CARTESIAN_POINT('Axis2P3D Location',(5.5,-3.47450023233,153.847109453)) ;
#7027=CARTESIAN_POINT('Line Origine',(4.,-3.47450023238,153.847109453)) ;
#7031=CARTESIAN_POINT('Vertex',(4.,-11.5000000003,141.825655805)) ;
#7034=CARTESIAN_POINT('Axis2P3D Location',(5.5,-11.5000000004,141.825655805)) ;
#7046=CARTESIAN_POINT('Axis2P3D Location',(5.5,-11.5,141.825655806)) ;
#7051=CARTESIAN_POINT('Axis2P3D Location',(5.5,-11.5,141.825655806)) ;
#7062=CARTESIAN_POINT('Axis2P3D Location',(5.5,-11.5,141.825655806)) ;
#7073=CARTESIAN_POINT('Axis2P3D Location',(2.5,-11.5,180.510327649)) ;
#7078=CARTESIAN_POINT('Axis2P3D Location',(2.5,-11.5,180.510327649)) ;
#7082=CARTESIAN_POINT('Vertex',(2.5,-11.5,179.010327649)) ;
#7084=CARTESIAN_POINT('Vertex',(4.,-11.5,180.510327649)) ;
#7087=CARTESIAN_POINT('Axis2P3D Location',(5.5,-11.5,180.510327649)) ;
#7092=CARTESIAN_POINT('Axis2P3D Location',(2.5,-11.5,177.510327649)) ;
#7104=CARTESIAN_POINT('Axis2P3D Location',(5.5,-11.5,169.588052846)) ;
#7109=CARTESIAN_POINT('Line Origine',(4.,-11.5,169.588052846)) ;
#7113=CARTESIAN_POINT('Vertex',(4.,-11.5,197.350449888)) ;
#7116=CARTESIAN_POINT('Axis2P3D Location',(5.5,-11.5,197.350449888)) ;
#7128=CARTESIAN_POINT('Line Origine',(4.,-11.4999999975,169.588052846)) ;
#7132=CARTESIAN_POINT('Vertex',(4.,-11.4999999975,154.888587711)) ;
#7135=CARTESIAN_POINT('Axis2P3D Location',(5.5,-11.5,154.888587711)) ;
#7148=CARTESIAN_POINT('Control Point',(5.50000000063,-13.,154.88858771)) ;
#7149=CARTESIAN_POINT('Control Point',(5.02876110193,-13.,154.888587767)) ;
#7150=CARTESIAN_POINT('Control Point',(4.55752220324,-12.8149449171,154.888587824)) ;
#7151=CARTESIAN_POINT('Control Point',(4.18505508153,-12.4424777949,154.888587869)) ;
#7152=CARTESIAN_POINT('Control Point',(3.99999999933,-11.9712388961,154.888587892)) ;
#7153=CARTESIAN_POINT('Control Point',(4.00000000011,-11.4999999975,154.888587892)) ;
#7154=CARTESIAN_POINT('Control Point',(5.50000000488,-13.,155.289705014)) ;
#7155=CARTESIAN_POINT('Control Point',(5.02930586311,-13.,155.226709316)) ;
#7156=CARTESIAN_POINT('Control Point',(4.55861172133,-12.8153727748,155.163713618)) ;
#7157=CARTESIAN_POINT('Control Point',(4.18633863547,-12.4437760524,155.113921831)) ;
#7158=CARTESIAN_POINT('Control Point',(4.00085569212,-11.9734179576,155.08918348)) ;
#7159=CARTESIAN_POINT('Control Point',(3.99999997745,-11.5027238244,155.08918348)) ;
#7160=CARTESIAN_POINT('Control Point',(5.43297951757,-13.,155.690843404)) ;
#7161=CARTESIAN_POINT('Control Point',(4.97335604199,-13.,155.565030274)) ;
#7162=CARTESIAN_POINT('Control Point',(4.51373256642,-12.8158000388,155.439217143)) ;
#7163=CARTESIAN_POINT('Control Point',(4.14997417849,-12.4450724418,155.339695541)) ;
#7164=CARTESIAN_POINT('Control Point',(3.96819922406,-11.9755951995,155.290074676)) ;
#7165=CARTESIAN_POINT('Control Point',(3.96648989571,-11.5054478009,155.289789135)) ;
#7166=CARTESIAN_POINT('Control Point',(5.29889144303,-13.,156.07702849)) ;
#7167=CARTESIAN_POINT('Control Point',(4.86078962096,-13.,155.890929528)) ;
#7168=CARTESIAN_POINT('Control Point',(4.42268779889,-12.8162107275,155.704830566)) ;
#7169=CARTESIAN_POINT('Control Point',(4.07574122625,-12.4463184702,155.557500942)) ;
#7170=CARTESIAN_POINT('Control Point',(3.90187745906,-11.9776892371,155.483776644)) ;
#7171=CARTESIAN_POINT('Control Point',(3.89944559188,-11.508070218,155.482918058)) ;
#7172=CARTESIAN_POINT('Control Point',(4.83833912323,-13.,156.914293793)) ;
#7173=CARTESIAN_POINT('Control Point',(4.47328251434,-13.,156.597838399)) ;
#7174=CARTESIAN_POINT('Control Point',(4.10822590545,-12.8170999398,156.281383004)) ;
#7175=CARTESIAN_POINT('Control Point',(3.81871078752,-12.4490162109,156.030527157)) ;
#7176=CARTESIAN_POINT('Control Point',(3.67270673192,-11.9822254992,155.904274131)) ;
#7177=CARTESIAN_POINT('Control Point',(3.66916973657,-11.51375576,155.901627155)) ;
#7178=CARTESIAN_POINT('Control Point',(4.08738172995,-13.,157.522264697)) ;
#7179=CARTESIAN_POINT('Control Point',(3.84001823228,-13.,157.111689969)) ;
#7180=CARTESIAN_POINT('Control Point',(3.59265473462,-12.8177437921,156.701115242)) ;
#7181=CARTESIAN_POINT('Control Point',(3.39628056755,-12.4509693688,156.375278018)) ;
#7182=CARTESIAN_POINT('Control Point',(3.29680950401,-11.9855136564,156.210462066)) ;
#7183=CARTESIAN_POINT('Control Point',(3.29369062885,-11.5178842311,156.205669746)) ;
#7184=CARTESIAN_POINT('Control Point',(3.5828085836,-13.,157.766773291)) ;
#7185=CARTESIAN_POINT('Control Point',(3.41417793199,-13.,157.318458683)) ;
#7186=CARTESIAN_POINT('Control Point',(3.24554728038,-12.818002347,156.870144075)) ;
#7187=CARTESIAN_POINT('Control Point',(3.11163117732,-12.451753666,156.514191803)) ;
#7188=CARTESIAN_POINT('Control Point',(3.04369669603,-11.9868348516,156.333779033)) ;
#7189=CARTESIAN_POINT('Control Point',(3.04140403983,-11.5195445996,156.327945921)) ;
#7190=CARTESIAN_POINT('Control Point',(3.04140411546,-13.,157.888864472)) ;
#7191=CARTESIAN_POINT('Control Point',(2.95708816926,-13.,157.421700434)) ;
#7192=CARTESIAN_POINT('Control Point',(2.87277222306,-12.8181314675,156.954536395)) ;
#7193=CARTESIAN_POINT('Control Point',(2.80581397315,-12.4521453404,156.583545059)) ;
#7194=CARTESIAN_POINT('Control Point',(2.77184730441,-11.9874946154,156.395348072)) ;
#7195=CARTESIAN_POINT('Control Point',(2.77070208753,-11.5203736707,156.389002841)) ;
#7196=CARTESIAN_POINT('Control Point',(2.5,-13.,157.888864473)) ;
#7197=CARTESIAN_POINT('Control Point',(2.49999999979,-13.,157.421700434)) ;
#7198=CARTESIAN_POINT('Control Point',(2.49999999958,-12.8181314675,156.954536395)) ;
#7199=CARTESIAN_POINT('Control Point',(2.49999999941,-12.4521453404,156.583545059)) ;
#7200=CARTESIAN_POINT('Control Point',(2.49999999932,-11.9874946154,156.395348072)) ;
#7201=CARTESIAN_POINT('Control Point',(2.49999999932,-11.5203736707,156.389002841)) ;
#7203=CARTESIAN_POINT('Control Point',(4.00000000011,-11.4999999975,154.888587892)) ;
#7204=CARTESIAN_POINT('Control Point',(3.99999997745,-11.5027238244,155.08918348)) ;
#7205=CARTESIAN_POINT('Control Point',(3.96648989571,-11.5054478009,155.289789135)) ;
#7206=CARTESIAN_POINT('Control Point',(3.89944559188,-11.508070218,155.482918058)) ;
#7207=CARTESIAN_POINT('Control Point',(3.66916973657,-11.51375576,155.901627155)) ;
#7208=CARTESIAN_POINT('Control Point',(3.29369062885,-11.5178842311,156.205669746)) ;
#7209=CARTESIAN_POINT('Control Point',(3.04140403983,-11.5195445996,156.327945921)) ;
#7210=CARTESIAN_POINT('Control Point',(2.77070208753,-11.5203736707,156.389002841)) ;
#7211=CARTESIAN_POINT('Control Point',(2.49999999932,-11.5203736707,156.389002841)) ;
#7212=CARTESIAN_POINT('Vertex',(2.5,-11.5203736707,156.389002842)) ;
#7216=CARTESIAN_POINT('Control Point',(2.5,-13.,157.888864473)) ;
#7217=CARTESIAN_POINT('Control Point',(2.49999999979,-13.,157.421700434)) ;
#7218=CARTESIAN_POINT('Control Point',(2.49999999958,-12.8181314675,156.954536395)) ;
#7219=CARTESIAN_POINT('Control Point',(2.49999999941,-12.4521453404,156.583545059)) ;
#7220=CARTESIAN_POINT('Control Point',(2.49999999932,-11.9874946154,156.395348072)) ;
#7221=CARTESIAN_POINT('Control Point',(2.49999999932,-11.5203736707,156.389002841)) ;
#7230=CARTESIAN_POINT('Axis2P3D Location',(2.5,-11.5,167.113846465)) ;
#7235=CARTESIAN_POINT('Axis2P3D Location',(2.5,-11.5,157.888864473)) ;
#7239=CARTESIAN_POINT('Vertex',(1.,-11.5,157.888864473)) ;
#7242=CARTESIAN_POINT('Line Origine',(1.,-11.5,167.113846464)) ;
#7246=CARTESIAN_POINT('Vertex',(1.,-11.5,177.510327649)) ;
#7249=CARTESIAN_POINT('Axis2P3D Location',(2.5,-11.5,177.510327649)) ;
#7262=CARTESIAN_POINT('Control Point',(4.,-10.8492490892,196.873717087)) ;
#7263=CARTESIAN_POINT('Control Point',(4.,-10.707169703,196.424407008)) ;
#7264=CARTESIAN_POINT('Control Point',(4.18452250607,-10.5649577558,195.97467772)) ;
#7265=CARTESIAN_POINT('Control Point',(4.55708253496,-10.4526302284,195.619454548)) ;
#7266=CARTESIAN_POINT('Control Point',(5.02876110196,-10.3969963567,195.443518686)) ;
#7267=CARTESIAN_POINT('Control Point',(5.5,-10.3969963567,195.443518686)) ;
#7268=CARTESIAN_POINT('Axis1P Location',(5.5,-11.,197.350449887)) ;
#7272=CARTESIAN_POINT('Axis2P3D Location',(4.,-11.,197.350449887)) ;
#7276=CARTESIAN_POINT('Vertex',(4.,-11.1507509108,197.827182687)) ;
#7280=CARTESIAN_POINT('Control Point',(4.,-11.1507509108,197.827182687)) ;
#7281=CARTESIAN_POINT('Control Point',(4.,-11.292830297,198.276492766)) ;
#7282=CARTESIAN_POINT('Control Point',(4.18452250607,-11.4350422442,198.726222054)) ;
#7283=CARTESIAN_POINT('Control Point',(4.55708253496,-11.5473697716,199.081445226)) ;
#7284=CARTESIAN_POINT('Control Point',(5.02876110196,-11.6030036433,199.257381088)) ;
#7285=CARTESIAN_POINT('Control Point',(5.5,-11.6030036433,199.257381088)) ;
#7295=CARTESIAN_POINT('Control Point',(4.,-10.8492490892,196.873717087)) ;
#7296=CARTESIAN_POINT('Control Point',(4.,-10.707169703,196.424407008)) ;
#7297=CARTESIAN_POINT('Control Point',(4.18452250607,-10.5649577558,195.97467772)) ;
#7298=CARTESIAN_POINT('Control Point',(4.55708253496,-10.4526302284,195.619454548)) ;
#7299=CARTESIAN_POINT('Control Point',(5.02876110196,-10.3969963567,195.443518686)) ;
#7300=CARTESIAN_POINT('Control Point',(5.5,-10.3969963567,195.443518686)) ;
#7301=CARTESIAN_POINT('Axis1P Location',(5.5,-11.,197.350449887)) ;
#7305=CARTESIAN_POINT('Axis2P3D Location',(4.,-11.,197.350449887)) ;
#7309=CARTESIAN_POINT('Vertex',(4.,-10.5909033488,197.637921502)) ;
#7313=CARTESIAN_POINT('Control Point',(4.,-10.5909033492,197.637921503)) ;
#7314=CARTESIAN_POINT('Control Point',(4.,-10.2053388391,197.908857118)) ;
#7315=CARTESIAN_POINT('Control Point',(4.18452250607,-9.81941459494,198.180045518)) ;
#7316=CARTESIAN_POINT('Control Point',(4.55708253496,-9.51458847437,198.394246385)) ;
#7317=CARTESIAN_POINT('Control Point',(5.02876110196,-9.36361339587,198.500336351)) ;
#7318=CARTESIAN_POINT('Control Point',(5.5,-9.36361339587,198.500336351)) ;
#7327=CARTESIAN_POINT('Axis2P3D Location',(5.5,-5.76095112909,190.76448714)) ;
#7332=CARTESIAN_POINT('Line Origine',(4.,-5.76095112879,190.76448714)) ;
#7336=CARTESIAN_POINT('Vertex',(4.,-1.13320702123,184.178812184)) ;
#7339=CARTESIAN_POINT('Axis2P3D Location',(5.5,-1.13320702125,184.178812184)) ;
#7352=CARTESIAN_POINT('Control Point',(4.,-2.00110335538,184.09009381)) ;
#7353=CARTESIAN_POINT('Control Point',(4.,-2.43351186935,184.277414327)) ;
#7354=CARTESIAN_POINT('Control Point',(4.18452250607,-2.86632382329,184.464909615)) ;
#7355=CARTESIAN_POINT('Control Point',(4.55708253496,-3.20818466952,184.613004642)) ;
#7356=CARTESIAN_POINT('Control Point',(5.02876110196,-3.37750240406,184.686353534)) ;
#7357=CARTESIAN_POINT('Control Point',(5.5,-3.37750240406,184.686353534)) ;
#7358=CARTESIAN_POINT('Axis1P Location',(5.5,-1.54230367248,183.891340569)) ;
#7362=CARTESIAN_POINT('Axis2P3D Location',(4.,-1.54230367248,183.891340569)) ;
#7366=CARTESIAN_POINT('Vertex',(4.,-1.08350398958,183.692587328)) ;
#7370=CARTESIAN_POINT('Control Point',(4.,-1.08350398958,183.692587328)) ;
#7371=CARTESIAN_POINT('Control Point',(4.,-0.65109547561,183.505266811)) ;
#7372=CARTESIAN_POINT('Control Point',(4.18452250607,-0.21828352167,183.317771523)) ;
#7373=CARTESIAN_POINT('Control Point',(4.55708253496,0.12357732456,183.169676496)) ;
#7374=CARTESIAN_POINT('Control Point',(5.02876110196,0.2928950591,183.096327604)) ;
#7375=CARTESIAN_POINT('Control Point',(5.5,0.2928950591,183.096327604)) ;
#7385=CARTESIAN_POINT('Control Point',(4.,-2.00110335538,184.09009381)) ;
#7386=CARTESIAN_POINT('Control Point',(4.,-2.43351186935,184.277414327)) ;
#7387=CARTESIAN_POINT('Control Point',(4.18452250607,-2.86632382329,184.464909615)) ;
#7388=CARTESIAN_POINT('Control Point',(4.55708253496,-3.20818466952,184.613004642)) ;
#7389=CARTESIAN_POINT('Control Point',(5.02876110196,-3.37750240406,184.686353534)) ;
#7390=CARTESIAN_POINT('Control Point',(5.5,-3.37750240406,184.686353534)) ;
#7391=CARTESIAN_POINT('Axis1P Location',(5.5,-1.54230367248,183.891340569)) ;
#7395=CARTESIAN_POINT('Axis2P3D Location',(4.,-1.54230367248,183.891340569)) ;
#7399=CARTESIAN_POINT('Vertex',(4.,-1.47221507058,183.396277352)) ;
#7403=CARTESIAN_POINT('Control Point',(4.,-1.47221507078,183.396277353)) ;
#7404=CARTESIAN_POINT('Control Point',(4.,-1.40615812032,182.929691264)) ;
#7405=CARTESIAN_POINT('Control Point',(4.18452250607,-1.34003953807,182.462669848)) ;
#7406=CARTESIAN_POINT('Control Point',(4.55708253496,-1.28781511562,182.093788315)) ;
#7407=CARTESIAN_POINT('Control Point',(5.02876110196,-1.26194926656,181.911087705)) ;
#7408=CARTESIAN_POINT('Control Point',(5.5,-1.26194926656,181.911087705)) ;
#7417=CARTESIAN_POINT('Axis2P3D Location',(5.5,7.54063478325E-13,173.)) ;
#7422=CARTESIAN_POINT('Axis2P3D Location',(4.,7.54063478325E-13,173.)) ;
#7426=CARTESIAN_POINT('Vertex',(4.,-7.81946307142,180.007567385)) ;
#7429=CARTESIAN_POINT('Axis2P3D Location',(5.5,-7.81946295146,180.007567278)) ;
#7443=CARTESIAN_POINT('Control Point',(2.49999999998,-8.12736731078,176.865996481)) ;
#7444=CARTESIAN_POINT('Control Point',(2.50000002584,-8.02615547675,177.078770316)) ;
#7445=CARTESIAN_POINT('Control Point',(2.50000005169,-7.96671077011,177.311415921)) ;
#7446=CARTESIAN_POINT('Control Point',(2.50000007622,-7.95430721916,177.553007755)) ;
#7447=CARTESIAN_POINT('Control Point',(2.50000011996,-8.02491204889,178.028021867)) ;
#7448=CARTESIAN_POINT('Control Point',(2.50000014934,-8.26985312144,178.441092554)) ;
#7449=CARTESIAN_POINT('Control Point',(2.5000001595,-8.43191186413,178.620696178)) ;
#7450=CARTESIAN_POINT('Control Point',(2.50000016458,-8.62482093866,178.76367794)) ;
#7451=CARTESIAN_POINT('Control Point',(2.50000016458,-8.83759506218,178.864889401)) ;
#7452=CARTESIAN_POINT('Control Point',(3.00612312128,-8.12736928935,176.865998747)) ;
#7453=CARTESIAN_POINT('Control Point',(2.96637234437,-8.02615688494,177.078772414)) ;
#7454=CARTESIAN_POINT('Control Point',(2.92662093769,-7.96671168219,177.311417891)) ;
#7455=CARTESIAN_POINT('Control Point',(2.88891560864,-7.95430774714,177.553009634)) ;
#7456=CARTESIAN_POINT('Control Point',(2.82166400416,-8.02491207621,178.028023596)) ;
#7457=CARTESIAN_POINT('Control Point',(2.77648346742,-8.26985318072,178.441094152)) ;
#7458=CARTESIAN_POINT('Control Point',(2.76086516421,-8.43191207268,178.620697699)) ;
#7459=CARTESIAN_POINT('Control Point',(2.7530618901,-8.6248214077,178.763679364)) ;
#7460=CARTESIAN_POINT('Control Point',(2.75306191443,-8.83759586843,178.864890704)) ;
#7461=CARTESIAN_POINT('Control Point',(3.51231898419,-8.08785995017,176.948772998)) ;
#7462=CARTESIAN_POINT('Control Point',(3.43282923463,-7.98780168681,177.153591577)) ;
#7463=CARTESIAN_POINT('Control Point',(3.35333822654,-7.9295744507,177.378836631)) ;
#7464=CARTESIAN_POINT('Control Point',(3.2779370483,-7.91842613485,177.613925014)) ;
#7465=CARTESIAN_POINT('Control Point',(3.14344353808,-7.99148832751,178.078256848)) ;
#7466=CARTESIAN_POINT('Control Point',(3.05306821028,-8.23844185603,178.485830209)) ;
#7467=CARTESIAN_POINT('Control Point',(3.02181710364,-8.40131214449,178.66411858)) ;
#7468=CARTESIAN_POINT('Control Point',(3.00618827316,-8.59473577697,178.807224456)) ;
#7469=CARTESIAN_POINT('Control Point',(3.00615918105,-8.80765042916,178.909888712)) ;
#7470=CARTESIAN_POINT('Control Point',(3.99465187469,-8.01027061373,177.113249846)) ;
#7471=CARTESIAN_POINT('Control Point',(3.8765460073,-7.91220818797,177.302483616)) ;
#7472=CARTESIAN_POINT('Control Point',(3.75843820346,-7.85613559714,177.513240651)) ;
#7473=CARTESIAN_POINT('Control Point',(3.64648325833,-7.84727587859,177.735585728)) ;
#7474=CARTESIAN_POINT('Control Point',(3.44710709231,-7.92496631602,178.178913642)) ;
#7475=CARTESIAN_POINT('Control Point',(3.31401688949,-8.17599232465,178.575459824)) ;
#7476=CARTESIAN_POINT('Control Point',(3.26839690129,-8.34059844376,178.750987406)) ;
#7477=CARTESIAN_POINT('Control Point',(3.24619750903,-8.53524288518,178.89410076)) ;
#7478=CARTESIAN_POINT('Control Point',(3.24732638881,-8.7486877199,178.999342542)) ;
#7479=CARTESIAN_POINT('Control Point',(4.76077671683,-7.78496941771,177.544182252)) ;
#7480=CARTESIAN_POINT('Control Point',(4.57933032006,-7.69693549765,177.68980684)) ;
#7481=CARTESIAN_POINT('Control Point',(4.39788066677,-7.65073310117,177.85982584)) ;
#7482=CARTESIAN_POINT('Control Point',(4.2261737247,-7.65117655362,178.046419514)) ;
#7483=CARTESIAN_POINT('Control Point',(3.9215997491,-7.7453083067,178.431633015)) ;
#7484=CARTESIAN_POINT('Control Point',(3.721623419,-8.00656471594,178.800333006)) ;
#7485=CARTESIAN_POINT('Control Point',(3.65459614314,-8.17426461188,178.970399744)) ;
#7486=CARTESIAN_POINT('Control Point',(3.62431245059,-8.36956618322,179.116570663)) ;
#7487=CARTESIAN_POINT('Control Point',(3.63038801073,-8.58105610657,179.232652404)) ;
#7488=CARTESIAN_POINT('Control Point',(5.26621537463,-7.39146633078,178.150263924)) ;
#7489=CARTESIAN_POINT('Control Point',(5.04348529715,-7.33159792159,178.233275423)) ;
#7490=CARTESIAN_POINT('Control Point',(4.82075114579,-7.31159301595,178.344061592)) ;
#7491=CARTESIAN_POINT('Control Point',(4.61005029042,-7.33475498192,178.478179757)) ;
#7492=CARTESIAN_POINT('Control Point',(4.23661789209,-7.46477960138,178.777854977)) ;
#7493=CARTESIAN_POINT('Control Point',(3.99227948465,-7.74008990045,179.106431736)) ;
#7494=CARTESIAN_POINT('Control Point',(3.91077512261,-7.90865293029,179.269474328)) ;
#7495=CARTESIAN_POINT('Control Point',(3.87456338511,-8.09856416267,179.422021239)) ;
#7496=CARTESIAN_POINT('Control Point',(3.88310795507,-8.29897472046,179.556818099)) ;
#7497=CARTESIAN_POINT('Control Point',(5.42271181324,-7.18612855444,178.437802212)) ;
#7498=CARTESIAN_POINT('Control Point',(5.18795488584,-7.14298777078,178.491113988)) ;
#7499=CARTESIAN_POINT('Control Point',(4.95319372576,-7.13835862435,178.573618598)) ;
#7500=CARTESIAN_POINT('Control Point',(4.73105674856,-7.17460301692,178.682533564)) ;
#7501=CARTESIAN_POINT('Control Point',(4.33710932385,-7.32471067388,178.94095969)) ;
#7502=CARTESIAN_POINT('Control Point',(4.07867069726,-7.60662468591,179.250092368)) ;
#7503=CARTESIAN_POINT('Control Point',(3.99214909968,-7.77477844486,179.409754428)) ;
#7504=CARTESIAN_POINT('Control Point',(3.95321537791,-7.96065009119,179.565512665)) ;
#7505=CARTESIAN_POINT('Control Point',(3.96135573084,-8.15385519752,179.70963026)) ;
#7506=CARTESIAN_POINT('Control Point',(5.50001516869,-6.95148073705,178.728541034)) ;
#7507=CARTESIAN_POINT('Control Point',(5.2613162959,-6.92912305657,178.753489507)) ;
#7508=CARTESIAN_POINT('Control Point',(5.02261335145,-6.94339015331,178.808685087)) ;
#7509=CARTESIAN_POINT('Control Point',(4.79651460838,-6.99549091088,178.892891073)) ;
#7510=CARTESIAN_POINT('Control Point',(4.394570399,-7.16952947725,179.110053104)) ;
#7511=CARTESIAN_POINT('Control Point',(4.12821036355,-7.45857367117,179.398017602)) ;
#7512=CARTESIAN_POINT('Control Point',(4.0377986159,-7.62576677602,179.553080445)) ;
#7513=CARTESIAN_POINT('Control Point',(3.99517232685,-7.80636956897,179.710641274)) ;
#7514=CARTESIAN_POINT('Control Point',(4.00000760969,-7.9906512898,179.862668502)) ;
#7515=CARTESIAN_POINT('Control Point',(5.50000977998,-6.70239594816,179.006485628)) ;
#7516=CARTESIAN_POINT('Control Point',(5.2643896045,-6.70239601949,179.006485815)) ;
#7517=CARTESIAN_POINT('Control Point',(5.02876569609,-6.73684147073,179.037354914)) ;
#7518=CARTESIAN_POINT('Control Point',(4.80526976752,-6.8057840741,179.099139317)) ;
#7519=CARTESIAN_POINT('Control Point',(4.4066401215,-7.0052206571,179.27786859)) ;
#7520=CARTESIAN_POINT('Control Point',(4.1388351782,-7.30208346108,179.543908243)) ;
#7521=CARTESIAN_POINT('Control Point',(4.04625854269,-7.4685227276,179.693066155)) ;
#7522=CARTESIAN_POINT('Control Point',(4.00000495258,-7.64399379625,179.850318071)) ;
#7523=CARTESIAN_POINT('Control Point',(4.0000048862,-7.81946208066,180.007567469)) ;
#7525=CARTESIAN_POINT('Control Point',(2.50000016458,-8.83759506218,178.864889401)) ;
#7526=CARTESIAN_POINT('Control Point',(2.75306191443,-8.83759586843,178.864890704)) ;
#7527=CARTESIAN_POINT('Control Point',(3.00615918105,-8.80765042916,178.909888712)) ;
#7528=CARTESIAN_POINT('Control Point',(3.24732638881,-8.7486877199,178.999342542)) ;
#7529=CARTESIAN_POINT('Control Point',(3.63038801073,-8.58105610657,179.232652404)) ;
#7530=CARTESIAN_POINT('Control Point',(3.88310795507,-8.29897472046,179.556818099)) ;
#7531=CARTESIAN_POINT('Control Point',(3.96135573084,-8.15385519752,179.70963026)) ;
#7532=CARTESIAN_POINT('Control Point',(4.00000760969,-7.9906512898,179.862668502)) ;
#7533=CARTESIAN_POINT('Control Point',(4.0000048862,-7.81946208066,180.007567469)) ;
#7534=CARTESIAN_POINT('Vertex',(2.50000016458,-8.83759506218,178.864889401)) ;
#7538=CARTESIAN_POINT('Control Point',(2.49999999998,-8.12736731078,176.865996481)) ;
#7539=CARTESIAN_POINT('Control Point',(2.50000002584,-8.02615547675,177.078770316)) ;
#7540=CARTESIAN_POINT('Control Point',(2.50000005169,-7.96671077011,177.311415921)) ;
#7541=CARTESIAN_POINT('Control Point',(2.50000007622,-7.95430721916,177.553007755)) ;
#7542=CARTESIAN_POINT('Control Point',(2.50000011996,-8.02491204889,178.028021867)) ;
#7543=CARTESIAN_POINT('Control Point',(2.50000014934,-8.26985312144,178.441092554)) ;
#7544=CARTESIAN_POINT('Control Point',(2.5000001595,-8.43191186413,178.620696178)) ;
#7545=CARTESIAN_POINT('Control Point',(2.50000016458,-8.62482093866,178.76367794)) ;
#7546=CARTESIAN_POINT('Control Point',(2.50000016458,-8.83759506218,178.864889401)) ;
#7555=CARTESIAN_POINT('Axis2P3D Location',(2.5,3.77475828373E-15,173.)) ;
#7560=CARTESIAN_POINT('Axis2P3D Location',(2.5,-9.48192725656,177.510327649)) ;
#7564=CARTESIAN_POINT('Vertex',(1.,-9.48192725656,177.510327649)) ;
#7567=CARTESIAN_POINT('Axis2P3D Location',(1.,3.77475828373E-15,173.)) ;
#7579=CARTESIAN_POINT('Axis2P3D Location',(2.5,5.5,60.1360690947)) ;
#7585=CARTESIAN_POINT('Control Point',(1.70518318394,4.50856019153,59.3390036425)) ;
#7586=CARTESIAN_POINT('Control Point',(1.91264749288,4.40757094694,59.2577413522)) ;
#7587=CARTESIAN_POINT('Control Point',(2.12183002269,4.35556209965,59.2151781016)) ;
#7588=CARTESIAN_POINT('Control Point',(2.31006783531,4.33095107496,59.1962155897)) ;
#7589=CARTESIAN_POINT('Control Point',(2.5,4.33095107496,59.1962155897)) ;
#7590=CARTESIAN_POINT('Vertex',(1.70518318395,4.50856019111,59.339003643)) ;
#7593=CARTESIAN_POINT('Axis2P3D Location',(2.5,5.5,60.1360690947)) ;
#7604=CARTESIAN_POINT('Axis2P3D Location',(2.5,-0.639455895564,67.7727106321)) ;
#7609=CARTESIAN_POINT('Axis2P3D Location',(2.5,5.50000000019,60.1360690945)) ;
#7613=CARTESIAN_POINT('Vertex',(1.,5.50000000019,60.1360690945)) ;
#7616=CARTESIAN_POINT('Line Origine',(1.,-0.639455895871,67.7727106325)) ;
#7620=CARTESIAN_POINT('Vertex',(1.,-8.70024979487,77.799233269)) ;
#7623=CARTESIAN_POINT('Axis2P3D Location',(2.5,-8.70024979484,77.799233269)) ;
#7636=CARTESIAN_POINT('Axis2P3D Location',(2.5,-8.70024979441,77.7992332685)) ;
#7642=CARTESIAN_POINT('Control Point',(2.5,-9.91065069427,78.6851958307)) ;
#7643=CARTESIAN_POINT('Control Point',(2.13706869861,-9.91065069427,78.6851958307)) ;
#7644=CARTESIAN_POINT('Control Point',(1.77291611045,-9.81642208701,78.6163154223)) ;
#7645=CARTESIAN_POINT('Control Point',(1.46392256543,-9.62569941869,78.4766234789)) ;
#7646=CARTESIAN_POINT('Control Point',(1.25583605375,-9.37636994519,78.2941247885)) ;
#7647=CARTESIAN_POINT('Vertex',(1.25583605377,-9.37636994465,78.2941247892)) ;
#7650=CARTESIAN_POINT('Axis2P3D Location',(2.5,-8.70024979441,77.7992332685)) ;
#7661=CARTESIAN_POINT('Axis2P3D Location',(2.5,-1.19003638937,88.0596770515)) ;
#7666=CARTESIAN_POINT('Axis2P3D Location',(2.5,5.49999999964,97.1995960623)) ;
#7670=CARTESIAN_POINT('Vertex',(1.,5.49999999991,97.1995960621)) ;
#7672=CARTESIAN_POINT('Vertex',(2.1788229934,4.31767095827,98.0650112045)) ;
#7675=CARTESIAN_POINT('Axis2P3D Location',(2.5,5.49999999964,97.1995960623)) ;
#7680=CARTESIAN_POINT('Axis2P3D Location',(2.5,-8.70024979385,77.7992332692)) ;
#7685=CARTESIAN_POINT('Line Origine',(1.,-1.19003638905,88.0596770514)) ;
#7699=CARTESIAN_POINT('Axis2P3D Location',(2.5,5.5,97.1995960629)) ;
#7704=CARTESIAN_POINT('Axis2P3D Location',(2.5,5.5,97.1995960629)) ;
#7715=CARTESIAN_POINT('Axis2P3D Location',(2.5,5.5,97.1995960622)) ;
#7720=CARTESIAN_POINT('Line Origine',(1.,5.5,135.784340126)) ;
#7725=CARTESIAN_POINT('Axis2P3D Location',(2.5,5.5,60.1360690947)) ;
#7737=CARTESIAN_POINT('Axis2P3D Location',(2.5,5.10977611583,52.6414870664)) ;
#7743=CARTESIAN_POINT('Control Point',(1.25583605374,5.78589626659,52.1465955464)) ;
#7744=CARTESIAN_POINT('Control Point',(1.46360936354,6.03485046129,51.9643715443)) ;
#7745=CARTESIAN_POINT('Control Point',(1.77231019924,6.22574214855,51.8246482717)) ;
#7746=CARTESIAN_POINT('Control Point',(2.13652941999,6.32017701569,51.7555245042)) ;
#7747=CARTESIAN_POINT('Control Point',(2.5,6.32017701569,51.7555245042)) ;
#7748=CARTESIAN_POINT('Vertex',(1.25583605373,5.7858962667,52.1465955465)) ;
#7751=CARTESIAN_POINT('Axis2P3D Location',(2.5,5.10977611583,52.6414870664)) ;
#7762=CARTESIAN_POINT('Axis2P3D Location',(2.5,-1.30600466092,43.8762557162)) ;
#7767=CARTESIAN_POINT('Axis2P3D Location',(2.5,5.10977611595,52.6414870665)) ;
#7771=CARTESIAN_POINT('Vertex',(1.,5.10977611595,52.6414870665)) ;
#7774=CARTESIAN_POINT('Line Origine',(1.,-1.30600466114,43.8762557162)) ;
#7778=CARTESIAN_POINT('Vertex',(1.,-7.15918423618,35.8796493955)) ;
#7781=CARTESIAN_POINT('Axis2P3D Location',(2.5,-7.15918423621,35.8796493955)) ;
#7794=CARTESIAN_POINT('Axis2P3D Location',(2.5,-7.15918423574,35.8796493961)) ;
#7800=CARTESIAN_POINT('Control Point',(1.70410514581,-8.42927323065,35.8211231108)) ;
#7801=CARTESIAN_POINT('Control Point',(1.91174522464,-8.559112395,35.8151022858)) ;
#7802=CARTESIAN_POINT('Control Point',(2.12119134102,-8.6264279475,35.8113876645)) ;
#7803=CARTESIAN_POINT('Control Point',(2.30976290883,-8.65759421622,35.8106020907)) ;
#7804=CARTESIAN_POINT('Control Point',(2.5,-8.65759421622,35.8106020907)) ;
#7805=CARTESIAN_POINT('Vertex',(1.70410514581,-8.42927323068,35.8211231115)) ;
#7808=CARTESIAN_POINT('Axis2P3D Location',(2.5,-7.15918423574,35.8796493961)) ;
#7819=CARTESIAN_POINT('Axis2P3D Location',(2.5,-7.94809379594,52.9999403498)) ;
#7824=CARTESIAN_POINT('Axis2P3D Location',(2.5,-8.72452623943,69.8494627906)) ;
#7828=CARTESIAN_POINT('Vertex',(2.1795202465,-10.1883265234,69.7817759303)) ;
#7830=CARTESIAN_POINT('Vertex',(1.,-8.72452623943,69.8494627906)) ;
#7833=CARTESIAN_POINT('Axis2P3D Location',(2.5,-8.72451546186,69.8492289043)) ;
#7838=CARTESIAN_POINT('Axis2P3D Location',(2.5,-7.15918423571,35.8796493955)) ;
#7843=CARTESIAN_POINT('Line Origine',(1.,-7.94809379592,52.9999403507)) ;
#7857=CARTESIAN_POINT('Axis2P3D Location',(2.5,-8.7245262394,69.8494627899)) ;
#7862=CARTESIAN_POINT('Axis2P3D Location',(2.5,-8.7245262394,69.8494627899)) ;
#7873=CARTESIAN_POINT('Axis2P3D Location',(2.5,-2.874135213,62.5723783247)) ;
#7878=CARTESIAN_POINT('Line Origine',(1.,-2.87413521297,62.5723783243)) ;
#7883=CARTESIAN_POINT('Axis2P3D Location',(2.5,5.10977611589,52.6414870662)) ;
#7888=CARTESIAN_POINT('Axis2P3D Location',(2.5,-8.72452623966,69.8494627902)) ;
#7900=CARTESIAN_POINT('Axis2P3D Location',(2.5,-2.44212300322,15.4839080426)) ;
#7905=CARTESIAN_POINT('Axis2P3D Location',(2.5,-6.44900589692,20.4679210988)) ;
#7909=CARTESIAN_POINT('Vertex',(1.,-6.44900589692,20.4679210988)) ;
#7912=CARTESIAN_POINT('Line Origine',(1.,-2.4421230033,15.4839080423)) ;
#7916=CARTESIAN_POINT('Vertex',(1.,1.6724441414,10.3659505397)) ;
#7919=CARTESIAN_POINT('Axis2P3D Location',(2.5,1.67244414137,10.3659505397)) ;
#7931=CARTESIAN_POINT('Axis2P3D Location',(2.5,1.67244414118,10.3659505399)) ;
#7937=CARTESIAN_POINT('Control Point',(1.62865477873,1.47804592076,9.1605597994)) ;
#7938=CARTESIAN_POINT('Control Point',(1.84681522634,1.45243639395,9.00698750883)) ;
#7939=CARTESIAN_POINT('Control Point',(2.07719344394,1.4407470941,8.92304409361)) ;
#7940=CARTESIAN_POINT('Control Point',(2.28777150617,1.43352354959,8.88510046278)) ;
#7941=CARTESIAN_POINT('Control Point',(2.5,1.43352354959,8.88510046278)) ;
#7942=CARTESIAN_POINT('Vertex',(1.62865477735,1.47804592045,9.1605597975)) ;
#7945=CARTESIAN_POINT('Axis2P3D Location',(2.5,1.67244414118,10.3659505399)) ;
#7956=CARTESIAN_POINT('Axis2P3D Location',(2.5,1.7763568394E-15,3.5527136788E-15)) ;
#7961=CARTESIAN_POINT('Axis2P3D Location',(2.5,1.67244414117,10.3659505399)) ;
#7966=CARTESIAN_POINT('Axis2P3D Location',(1.,1.7763568394E-15,3.5527136788E-15)) ;
#7970=CARTESIAN_POINT('Vertex',(1.,-5.19820100577,9.12297683345)) ;
#7973=CARTESIAN_POINT('Axis2P3D Location',(2.5,-5.19820100577,9.12297683345)) ;
#7987=CARTESIAN_POINT('Control Point',(2.5,-4.48085993351,11.3092870679)) ;
#7988=CARTESIAN_POINT('Control Point',(2.02876110196,-4.48085993351,11.3092870679)) ;
#7989=CARTESIAN_POINT('Control Point',(1.55708253496,-4.56987867513,11.1476571855)) ;
#7990=CARTESIAN_POINT('Control Point',(1.18452250607,-4.74961189932,10.8213184914)) ;
#7991=CARTESIAN_POINT('Control Point',(1.,-4.97716263761,10.4081583142)) ;
#7992=CARTESIAN_POINT('Control Point',(1.,-5.20450126747,9.99538325873)) ;
#7993=CARTESIAN_POINT('Axis1P Location',(2.5,-5.44571504546,9.55741532234)) ;
#7997=CARTESIAN_POINT('Axis2P3D Location',(1.,-5.44571504546,9.55741532234)) ;
#8001=CARTESIAN_POINT('Vertex',(1.,-5.68692882345,9.11944738595)) ;
#8005=CARTESIAN_POINT('Control Point',(2.5,-6.41057015741,7.80554357678)) ;
#8006=CARTESIAN_POINT('Control Point',(2.02876110196,-6.41057015741,7.80554357678)) ;
#8007=CARTESIAN_POINT('Control Point',(1.55708253496,-6.32155141579,7.96717345918)) ;
#8008=CARTESIAN_POINT('Control Point',(1.18452250607,-6.1418181916,8.29351215328)) ;
#8009=CARTESIAN_POINT('Control Point',(1.,-5.91426745331,8.70667233048)) ;
#8010=CARTESIAN_POINT('Control Point',(1.,-5.68692882345,9.11944738595)) ;
#8020=CARTESIAN_POINT('Control Point',(2.5,-4.48085993351,11.3092870679)) ;
#8021=CARTESIAN_POINT('Control Point',(2.02876110196,-4.48085993351,11.3092870679)) ;
#8022=CARTESIAN_POINT('Control Point',(1.55708253496,-4.56987867513,11.1476571855)) ;
#8023=CARTESIAN_POINT('Control Point',(1.18452250607,-4.74961189932,10.8213184914)) ;
#8024=CARTESIAN_POINT('Control Point',(1.,-4.97716263761,10.4081583142)) ;
#8025=CARTESIAN_POINT('Control Point',(1.,-5.20450126747,9.99538325873)) ;
#8026=CARTESIAN_POINT('Axis1P Location',(2.5,-5.44571504546,9.55741532234)) ;
#8030=CARTESIAN_POINT('Axis2P3D Location',(1.,-5.44571504546,9.55741532234)) ;
#8034=CARTESIAN_POINT('Vertex',(1.,-5.94518503899,9.53439955453)) ;
#8038=CARTESIAN_POINT('Control Point',(2.5,-7.44359501942,9.46535224841)) ;
#8039=CARTESIAN_POINT('Control Point',(2.02876110196,-7.44359501942,9.46535224841)) ;
#8040=CARTESIAN_POINT('Control Point',(1.55708253496,-7.25926810962,9.47384610297)) ;
#8041=CARTESIAN_POINT('Control Point',(1.18452250607,-6.88710299918,9.49099561373)) ;
#8042=CARTESIAN_POINT('Control Point',(1.,-6.41592441765,9.51270770309)) ;
#8043=CARTESIAN_POINT('Control Point',(1.,-5.94518503895,9.53439955386)) ;
#8052=CARTESIAN_POINT('Axis2P3D Location',(2.5,-6.44900589673,20.4679210991)) ;
#8056=CARTESIAN_POINT('Vertex',(2.1795202465,-7.9128061807,20.4002342388)) ;
#8059=CARTESIAN_POINT('Axis2P3D Location',(2.5,-6.44899511916,20.4676872128)) ;
#8064=CARTESIAN_POINT('Line Origine',(1.,-7.94809379592,52.9999403507)) ;
#8077=CARTESIAN_POINT('Axis2P3D Location',(2.5,-6.4490058967,20.4679210985)) ;
#8082=CARTESIAN_POINT('Axis2P3D Location',(2.5,-6.4490058967,20.4679210985)) ;
#8093=CARTESIAN_POINT('Axis2P3D Location',(2.5,5.5,13.5849627812)) ;
#8099=CARTESIAN_POINT('Control Point',(1.705183184,4.50856019148,12.787897329)) ;
#8100=CARTESIAN_POINT('Control Point',(1.91264749301,4.40757094652,12.7066350391)) ;
#8101=CARTESIAN_POINT('Control Point',(2.12183002268,4.35556209983,12.6640717879)) ;
#8102=CARTESIAN_POINT('Control Point',(2.31006783535,4.33095107488,12.6451092763)) ;
#8103=CARTESIAN_POINT('Control Point',(2.5,4.33095107488,12.6451092763)) ;
#8104=CARTESIAN_POINT('Vertex',(1.705183184,4.50856019132,12.7878973292)) ;
#8107=CARTESIAN_POINT('Axis2P3D Location',(2.5,5.5,13.5849627812)) ;
#8118=CARTESIAN_POINT('Axis2P3D Location',(2.5,0.476233349596,19.8338398363)) ;
#8123=CARTESIAN_POINT('Axis2P3D Location',(2.5,5.50000000042,13.5849627807)) ;
#8127=CARTESIAN_POINT('Vertex',(1.,5.50000000042,13.5849627807)) ;
#8130=CARTESIAN_POINT('Line Origine',(1.,0.476233349182,19.8338398365)) ;
#8134=CARTESIAN_POINT('Vertex',(1.,-6.42472945165,28.417691577)) ;
#8137=CARTESIAN_POINT('Axis2P3D Location',(2.5,-6.42472945165,28.417691577)) ;
#8150=CARTESIAN_POINT('Axis2P3D Location',(2.5,-6.42472945172,28.4176915771)) ;
#8156=CARTESIAN_POINT('Control Point',(2.5,-7.63513035158,29.3036541393)) ;
#8157=CARTESIAN_POINT('Control Point',(2.13706869861,-7.63513035158,29.3036541393)) ;
#8158=CARTESIAN_POINT('Control Point',(1.77291611045,-7.54090174432,29.2347737309)) ;
#8159=CARTESIAN_POINT('Control Point',(1.46392256543,-7.35017907601,29.0950817875)) ;
#8160=CARTESIAN_POINT('Control Point',(1.25583605375,-7.1008496025,28.9125830971)) ;
#8161=CARTESIAN_POINT('Vertex',(1.25583605376,-7.10084960305,28.9125830963)) ;
#8164=CARTESIAN_POINT('Axis2P3D Location',(2.5,-6.42472945172,28.4176915771)) ;
#8175=CARTESIAN_POINT('Axis2P3D Location',(2.5,-0.0522762180219,37.1237288943)) ;
#8180=CARTESIAN_POINT('Axis2P3D Location',(2.5,5.50000000075,44.7092414408)) ;
#8184=CARTESIAN_POINT('Vertex',(1.,5.50000000043,44.709241441)) ;
#8186=CARTESIAN_POINT('Vertex',(2.1788229934,4.31767095938,45.574656583)) ;
#8189=CARTESIAN_POINT('Axis2P3D Location',(2.5,5.50000000075,44.7092414408)) ;
#8194=CARTESIAN_POINT('Axis2P3D Location',(2.5,-6.42472945117,28.4176915778)) ;
#8199=CARTESIAN_POINT('Line Origine',(1.,-0.05227621831,37.1237288946)) ;
#8213=CARTESIAN_POINT('Axis2P3D Location',(2.5,5.5,44.7092414398)) ;
#8218=CARTESIAN_POINT('Axis2P3D Location',(2.5,5.5,44.7092414398)) ;
#8229=CARTESIAN_POINT('Axis2P3D Location',(2.5,5.5,44.7092414389)) ;
#8234=CARTESIAN_POINT('Line Origine',(1.,5.5,135.784340126)) ;
#8239=CARTESIAN_POINT('Axis2P3D Location',(2.5,5.5,13.5849627799)) ;
#8251=CARTESIAN_POINT('Axis2P3D Location',(2.5,-9.43470457843,85.2611910875)) ;
#8257=CARTESIAN_POINT('Control Point',(1.70410514576,-10.7047935733,85.2026648021)) ;
#8258=CARTESIAN_POINT('Control Point',(1.91174522465,-10.8346327377,85.1966439772)) ;
#8259=CARTESIAN_POINT('Control Point',(2.12119134082,-10.9019482901,85.1929293558)) ;
#8260=CARTESIAN_POINT('Control Point',(2.30976290879,-10.9331145589,85.1921437821)) ;
#8261=CARTESIAN_POINT('Control Point',(2.5,-10.9331145589,85.1921437821)) ;
#8262=CARTESIAN_POINT('Vertex',(1.70410514577,-10.7047935733,85.2026648026)) ;
#8265=CARTESIAN_POINT('Axis2P3D Location',(2.5,-9.43470457843,85.2611910875)) ;
#8276=CARTESIAN_POINT('Axis2P3D Location',(2.5,-9.43470457839,85.2611910866)) ;
#8280=CARTESIAN_POINT('Vertex',(1.,-9.43470457839,85.2611910866)) ;
#8283=CARTESIAN_POINT('Line Origine',(1.,-7.94809379592,52.9999403507)) ;
#8287=CARTESIAN_POINT('Vertex',(1.,-11.2903700872,125.531375434)) ;
#8290=CARTESIAN_POINT('Axis2P3D Location',(2.5,-11.2903700872,125.531375434)) ;
#8294=CARTESIAN_POINT('Vertex',(2.17952024664,-12.7541703712,125.463688574)) ;
#8297=CARTESIAN_POINT('Axis2P3D Location',(2.5,-11.2903593096,125.531141548)) ;
#8311=CARTESIAN_POINT('Axis2P3D Location',(2.5,-11.2903700871,125.531375434)) ;
#8316=CARTESIAN_POINT('Axis2P3D Location',(2.5,-11.2903700871,125.531375434)) ;
#8327=CARTESIAN_POINT('Axis2P3D Location',(2.5,-3.74378510421,116.144458201)) ;
#8332=CARTESIAN_POINT('Axis2P3D Location',(2.5,5.10977611535,105.13184169)) ;
#8336=CARTESIAN_POINT('Vertex',(1.,5.10977611535,105.13184169)) ;
#8338=CARTESIAN_POINT('Vertex',(1.74137852945,6.1182929609,105.942635891)) ;
#8341=CARTESIAN_POINT('Axis2P3D Location',(2.5,5.10977611651,105.131841689)) ;
#8346=CARTESIAN_POINT('Axis2P3D Location',(2.5,-11.2903700874,125.531375434)) ;
#8351=CARTESIAN_POINT('Line Origine',(1.,-3.74378510378,116.144458201)) ;
#8364=CARTESIAN_POINT('Axis2P3D Location',(2.5,5.10977611583,105.131841689)) ;
#8369=CARTESIAN_POINT('Axis2P3D Location',(2.5,5.10977611583,105.131841689)) ;
#8380=CARTESIAN_POINT('Axis2P3D Location',(2.5,-2.97926583359,94.0806031021)) ;
#8385=CARTESIAN_POINT('Axis2P3D Location',(2.5,5.10977611619,105.13184169)) ;
#8390=CARTESIAN_POINT('Line Origine',(1.,-2.97926583327,94.0806031022)) ;
#8395=CARTESIAN_POINT('Axis2P3D Location',(2.5,-9.43470457864,85.2611910872)) ;
#8407=CARTESIAN_POINT('Axis2P3D Location',(0.,8.9,173.)) ;
#8412=CARTESIAN_POINT('Line Origine',(-1.42256133282,8.90000000037,172.222851202)) ;
#8417=CARTESIAN_POINT('Line Origine',(1.42256133282,8.90000000037,173.777148798)) ;
#8440=CARTESIAN_POINT('Axis2P3D Location',(-1.,0.,0.)) ;
#8445=CARTESIAN_POINT('Line Origine',(-1.,-10.4909636285,177.510327649)) ;
#8450=CARTESIAN_POINT('Line Origine',(-1.,-6.18630311266,157.816684809)) ;
#8463=CARTESIAN_POINT('Axis2P3D Location',(-2.5,-9.48192725634,177.510327649)) ;
#8469=CARTESIAN_POINT('Control Point',(-1.,-9.48192725634,177.510327649)) ;
#8470=CARTESIAN_POINT('Control Point',(-1.,-9.48192725634,177.758891761)) ;
#8471=CARTESIAN_POINT('Control Point',(-1.05510170155,-9.48192269441,178.007915293)) ;
#8472=CARTESIAN_POINT('Control Point',(-1.16448289471,-9.48192725634,178.23465678)) ;
#8473=CARTESIAN_POINT('Control Point',(-1.31180194537,-9.48192725634,178.425852298)) ;
#8474=CARTESIAN_POINT('Vertex',(-1.31180194561,-9.48192725622,178.425852298)) ;
#8477=CARTESIAN_POINT('Axis2P3D Location',(-2.5,-9.48192725634,177.510327649)) ;
#8489=CARTESIAN_POINT('Control Point',(-1.31180194558,-9.48192725607,178.425852298)) ;
#8490=CARTESIAN_POINT('Control Point',(-1.52994607894,-9.4819272561,178.708966942)) ;
#8491=CARTESIAN_POINT('Control Point',(-1.83222634413,-9.48194209924,178.912665367)) ;
#8492=CARTESIAN_POINT('Control Point',(-2.16579710821,-9.48192725634,179.010327649)) ;
#8493=CARTESIAN_POINT('Control Point',(-2.5,-9.48192725634,179.010327649)) ;
#8501=CARTESIAN_POINT('Axis2P3D Location',(-2.5,-6.2711679284,180.510327649)) ;
#8506=CARTESIAN_POINT('Line Origine',(-4.,-6.27116792835,180.510327649)) ;
#8511=CARTESIAN_POINT('Line Origine',(-2.50000000744,-6.27116792835,179.010327649)) ;
#8523=CARTESIAN_POINT('Axis2P3D Location',(-4.,0.,0.)) ;
#8539=CARTESIAN_POINT('Axis2P3D Location',(-2.5,-11.5,177.510327649)) ;
#8544=CARTESIAN_POINT('Axis2P3D Location',(-2.5,-11.5,177.510327649)) ;
#8548=CARTESIAN_POINT('Vertex',(-2.11177143235,-11.5,178.959216388)) ;
#8551=CARTESIAN_POINT('Axis2P3D Location',(-2.5,-11.5,177.510327649)) ;
#8562=CARTESIAN_POINT('Axis2P3D Location',(-2.5,-11.5,177.510327649)) ;
#8573=CARTESIAN_POINT('Axis2P3D Location',(-2.5,-11.5,157.888864473)) ;
#8579=CARTESIAN_POINT('Control Point',(-1.,-11.5,157.888864473)) ;
#8580=CARTESIAN_POINT('Control Point',(-1.,-11.5038104679,157.608346799)) ;
#8581=CARTESIAN_POINT('Control Point',(-1.08070671562,-11.5076147324,157.328285814)) ;
#8582=CARTESIAN_POINT('Control Point',(-1.2299800372,-11.5108408801,157.090784421)) ;
#8583=CARTESIAN_POINT('Vertex',(-1.22998003743,-11.5108408801,157.090784421)) ;
#8586=CARTESIAN_POINT('Axis2P3D Location',(-2.5,-11.5,157.888864473)) ;
#8598=CARTESIAN_POINT('Control Point',(-1.22998003743,-11.5108408801,157.090784421)) ;
#8599=CARTESIAN_POINT('Control Point',(-1.43142378772,-11.5151945535,156.770277241)) ;
#8600=CARTESIAN_POINT('Control Point',(-1.7417138722,-11.5186363647,156.516807542)) ;
#8601=CARTESIAN_POINT('Control Point',(-2.12144493977,-11.5203736707,156.389002842)) ;
#8602=CARTESIAN_POINT('Control Point',(-2.5,-11.5203736707,156.389002842)) ;
#8610=CARTESIAN_POINT('Axis2P3D Location',(-2.5,-6.53887642287,154.821197295)) ;
#8615=CARTESIAN_POINT('Line Origine',(-4.,-6.53887642361,154.821197294)) ;
#8620=CARTESIAN_POINT('Line Origine',(-2.5,-6.51850275323,156.321058926)) ;
#8638=CARTESIAN_POINT('Axis2P3D Location',(-2.5,-0.872606225683,157.744505142)) ;
#8644=CARTESIAN_POINT('Control Point',(-1.89286412598,-0.892037508644,156.373006525)) ;
#8645=CARTESIAN_POINT('Control Point',(-2.0883155254,-0.893273454624,156.286501487)) ;
#8646=CARTESIAN_POINT('Control Point',(-2.29515325474,-0.892979896399,156.244643511)) ;
#8647=CARTESIAN_POINT('Control Point',(-2.5,-0.892979896399,156.244643511)) ;
#8648=CARTESIAN_POINT('Vertex',(-1.89286412559,-0.892037508516,156.373006525)) ;
#8651=CARTESIAN_POINT('Axis2P3D Location',(-2.5,-0.872606225683,157.744505142)) ;
#8663=CARTESIAN_POINT('Control Point',(-1.,-0.872606225683,157.744505142)) ;
#8664=CARTESIAN_POINT('Control Point',(-1.,-0.877558173018,157.379954447)) ;
#8665=CARTESIAN_POINT('Control Point',(-1.11004309238,-0.88231248831,157.013619149)) ;
#8666=CARTESIAN_POINT('Control Point',(-1.33582261895,-0.886725128338,156.709141154)) ;
#8667=CARTESIAN_POINT('Control Point',(-1.6034618971,-0.890207460301,156.501093359)) ;
#8668=CARTESIAN_POINT('Control Point',(-1.89286412556,-0.892037508639,156.373006525)) ;
#8768=CARTESIAN_POINT('Line Origine',(-1.,1.66382019967,146.70903629)) ;
#8786=CARTESIAN_POINT('Axis2P3D Location',(-2.5,5.5,146.656926774)) ;
#8791=CARTESIAN_POINT('Axis2P3D Location',(-2.5,5.5,146.656926774)) ;
#8796=CARTESIAN_POINT('Axis2P3D Location',(-2.5,5.5,146.656926774)) ;
#8813=CARTESIAN_POINT('Axis2P3D Location',(-2.5,2.01639350964,149.704523802)) ;
#8818=CARTESIAN_POINT('Line Origine',(-4.,2.01639350876,149.704523836)) ;
#8823=CARTESIAN_POINT('Line Origine',(-2.5,1.99601983838,148.204662171)) ;
#8841=CARTESIAN_POINT('Axis2P3D Location',(-2.5,-2.17235960077,146.761145806)) ;
#8846=CARTESIAN_POINT('Axis2P3D Location',(-2.5,-2.17235960077,146.761145806)) ;
#8858=CARTESIAN_POINT('Control Point',(-2.5,-2.15198593008,148.261007437)) ;
#8859=CARTESIAN_POINT('Control Point',(-2.02876110196,-2.15198593004,148.261007437)) ;
#8860=CARTESIAN_POINT('Control Point',(-1.55708253496,-2.15449219721,148.076501953)) ;
#8861=CARTESIAN_POINT('Control Point',(-1.18452250607,-2.15955247411,147.703976291)) ;
#8862=CARTESIAN_POINT('Control Point',(-1.,-2.16595902333,147.232341234)) ;
#8863=CARTESIAN_POINT('Control Point',(-1.,-2.17235960077,146.761145806)) ;
#8895=CARTESIAN_POINT('Axis2P3D Location',(4.,0.,0.)) ;
#8900=CARTESIAN_POINT('Line Origine',(4.,2.65630944725,149.695831302)) ;
#8911=CARTESIAN_POINT('Axis2P3D Location',(2.5,2.01639350964,149.704523802)) ;
#8916=CARTESIAN_POINT('Line Origine',(2.49999987362,1.99601983838,148.204662171)) ;
#8920=CARTESIAN_POINT('Vertex',(2.49999987362,5.02716555803,148.163487996)) ;
#8923=CARTESIAN_POINT('Line Origine',(2.49999987362,1.99601983838,148.204662171)) ;
#8936=CARTESIAN_POINT('Axis2P3D Location',(2.5,5.5,146.656926774)) ;
#8941=CARTESIAN_POINT('Axis2P3D Location',(2.5,5.5,146.656926774)) ;
#8958=CARTESIAN_POINT('Axis2P3D Location',(2.5,5.5,146.656926774)) ;
#8969=CARTESIAN_POINT('Axis2P3D Location',(1.,0.,0.)) ;
#8974=CARTESIAN_POINT('Line Origine',(1.,1.66382019967,146.70903629)) ;
#8992=CARTESIAN_POINT('Axis2P3D Location',(2.5,-2.17235960077,146.761145806)) ;
#8998=CARTESIAN_POINT('Control Point',(2.5,-2.15198593008,148.261007437)) ;
#8999=CARTESIAN_POINT('Control Point',(2.02876110196,-2.15198593004,148.261007437)) ;
#9000=CARTESIAN_POINT('Control Point',(1.55708253496,-2.15449219721,148.076501953)) ;
#9001=CARTESIAN_POINT('Control Point',(1.18452250607,-2.15955247411,147.703976291)) ;
#9002=CARTESIAN_POINT('Control Point',(1.,-2.16595902333,147.232341234)) ;
#9003=CARTESIAN_POINT('Control Point',(1.,-2.17235960077,146.761145806)) ;
#9005=CARTESIAN_POINT('Axis2P3D Location',(2.5,-2.17235960077,146.761145806)) ;
#9022=CARTESIAN_POINT('Line Origine',(1.,-6.18630303722,157.81668492)) ;
#9027=CARTESIAN_POINT('Line Origine',(1.,-10.4909636285,177.510327648)) ;
#9040=CARTESIAN_POINT('Axis2P3D Location',(2.5,-0.872606074859,157.744505368)) ;
#9046=CARTESIAN_POINT('Control Point',(2.5,-0.892979745577,156.244643737)) ;
#9047=CARTESIAN_POINT('Control Point',(2.05820566726,-0.892979745577,156.244643737)) ;
#9048=CARTESIAN_POINT('Control Point',(1.62523318776,-0.890880406655,156.402631926)) ;
#9049=CARTESIAN_POINT('Control Point',(1.20884364489,-0.886229354088,156.738655006)) ;
#9050=CARTESIAN_POINT('Control Point',(1.,-0.879385670248,157.24540753)) ;
#9051=CARTESIAN_POINT('Control Point',(1.,-0.872606074861,157.744505368)) ;
#9059=CARTESIAN_POINT('Axis2P3D Location',(2.5,-6.53887642287,154.821197295)) ;
#9064=CARTESIAN_POINT('Line Origine',(2.50000002411,-6.51850275323,156.321058926)) ;
#9069=CARTESIAN_POINT('Line Origine',(4.,-6.53887642361,154.821197295)) ;
#9087=CARTESIAN_POINT('Axis2P3D Location',(2.5,-6.2711679284,180.510327649)) ;
#9092=CARTESIAN_POINT('Line Origine',(2.5,-6.27116792835,179.010327649)) ;
#9096=CARTESIAN_POINT('Vertex',(2.5,-9.48192725708,179.010327649)) ;
#9099=CARTESIAN_POINT('Axis2P3D Location',(2.5,-9.48192725708,180.510327649)) ;
#9103=CARTESIAN_POINT('Vertex',(4.,-9.48192725708,180.510327648)) ;
#9106=CARTESIAN_POINT('Line Origine',(4.,-6.27116792835,180.510327648)) ;
#9118=CARTESIAN_POINT('Axis2P3D Location',(2.5,-11.5,177.510327649)) ;
#9123=CARTESIAN_POINT('Axis2P3D Location',(2.5,-11.5,177.510327649)) ;
#9127=CARTESIAN_POINT('Vertex',(1.05111126066,-11.5,177.898556217)) ;
#9130=CARTESIAN_POINT('Axis2P3D Location',(2.5,-11.5,177.510327649)) ;
#9141=CARTESIAN_POINT('Axis2P3D Location',(4.,-9.48192726395,177.510327614)) ;
#9158=CARTESIAN_POINT('Axis2P3D Location',(2.5,-11.5,157.888864473)) ;
#9164=CARTESIAN_POINT('Control Point',(2.5,-11.5203736707,156.389002842)) ;
#9165=CARTESIAN_POINT('Control Point',(2.41439511045,-11.5203736707,156.389002842)) ;
#9166=CARTESIAN_POINT('Control Point',(2.32879148365,-11.5202910673,156.395109114)) ;
#9167=CARTESIAN_POINT('Control Point',(2.24324027853,-11.5189946781,156.407087904)) ;
#9168=CARTESIAN_POINT('Control Point',(2.12557819146,-11.5199069858,156.432866321)) ;
#9169=CARTESIAN_POINT('Control Point',(2.01008604081,-11.5191663322,156.470741096)) ;
#9170=CARTESIAN_POINT('Control Point',(1.98753682193,-11.5189629614,156.478696081)) ;
#9171=CARTESIAN_POINT('Control Point',(1.93211315773,-11.5190027957,156.49984443)) ;
#9172=CARTESIAN_POINT('Control Point',(1.87728429355,-11.5187627173,156.523947704)) ;
#9173=CARTESIAN_POINT('Control Point',(1.85272818565,-11.5185602277,156.535429768)) ;
#9174=CARTESIAN_POINT('Control Point',(1.77024393704,-11.5177753452,156.576214534)) ;
#9175=CARTESIAN_POINT('Control Point',(1.68782233783,-11.517180368,156.625120851)) ;
#9176=CARTESIAN_POINT('Control Point',(1.62770190979,-11.5165032421,156.665517511)) ;
#9177=CARTESIAN_POINT('Control Point',(1.53783397525,-11.5151441866,156.734527428)) ;
#9178=CARTESIAN_POINT('Control Point',(1.45416376301,-11.5147508263,156.812477495)) ;
#9179=CARTESIAN_POINT('Control Point',(1.42265859129,-11.5144101451,156.843907347)) ;
#9180=CARTESIAN_POINT('Control Point',(1.37368414878,-11.5134861423,156.896604388)) ;
#9181=CARTESIAN_POINT('Control Point',(1.32762707699,-11.512371738,156.952575506)) ;
#9182=CARTESIAN_POINT('Control Point',(1.30973992312,-11.5119349035,156.97540092)) ;
#9183=CARTESIAN_POINT('Control Point',(1.2585881685,-11.5108147956,157.044052002)) ;
#9184=CARTESIAN_POINT('Control Point',(1.2109479807,-11.5100879948,157.118550639)) ;
#9185=CARTESIAN_POINT('Control Point',(1.18156313395,-11.5094444234,157.169917504)) ;
#9186=CARTESIAN_POINT('Control Point',(1.09891854847,-11.5070329059,157.332594529)) ;
#9187=CARTESIAN_POINT('Control Point',(1.04037354747,-11.5046904182,157.510091441)) ;
#9188=CARTESIAN_POINT('Control Point',(1.01344712429,-11.503449934,157.634828442)) ;
#9189=CARTESIAN_POINT('Control Point',(1.,-11.5017253744,157.761846473)) ;
#9190=CARTESIAN_POINT('Control Point',(1.,-11.5,157.888864473)) ;
#9198=CARTESIAN_POINT('Axis2P3D Location',(2.5,-11.5,177.510327649)) ;
#9209=CARTESIAN_POINT('Axis2P3D Location',(2.5,-9.48192725634,177.510327649)) ;
#9214=CARTESIAN_POINT('Axis2P3D Location',(2.5,-9.48192725634,177.510327649)) ;
#9226=CARTESIAN_POINT('Axis2P3D Location',(2.5,-9.48192725634,177.510327649)) ;
#9232=CARTESIAN_POINT('Control Point',(2.5,-9.48192725634,179.010327649)) ;
#9233=CARTESIAN_POINT('Control Point',(2.26568429263,-9.48192725634,179.010327649)) ;
#9234=CARTESIAN_POINT('Control Point',(2.02980685532,-9.48192725631,178.954852289)) ;
#9235=CARTESIAN_POINT('Control Point',(1.81596783996,-9.48192725628,178.845280833)) ;
#9236=CARTESIAN_POINT('Vertex',(1.81596783998,-9.48192725641,178.845280833)) ;
#9239=CARTESIAN_POINT('Axis2P3D Location',(2.5,-9.48192725634,177.510327649)) ;
#9252=CARTESIAN_POINT('Control Point',(1.81596783976,-9.48192725634,178.845280833)) ;
#9253=CARTESIAN_POINT('Control Point',(1.46621887864,-9.48192725634,178.666068902)) ;
#9254=CARTESIAN_POINT('Control Point',(1.1620686902,-9.48194322084,178.357380283)) ;
#9255=CARTESIAN_POINT('Control Point',(1.,-9.48192725634,177.932275596)) ;
#9256=CARTESIAN_POINT('Control Point',(1.,-9.48192725634,177.510327649)) ;
#9380=CARTESIAN_POINT('Axis2P3D Location',(-2.5,-3.60073079858,177.510327649)) ;
#9394=CARTESIAN_POINT('Axis2P3D Location',(-2.5,-3.60073079858,157.781563168)) ;
#9408=CARTESIAN_POINT('Axis2P3D Location',(-2.5,-3.25733432792,146.775883777)) ;
#9420=CARTESIAN_POINT('Axis2P3D Location',(2.5,-3.25733432792,146.775883777)) ;
#9433=CARTESIAN_POINT('Axis2P3D Location',(2.5,-4.04916730992,157.787654595)) ;
#9445=CARTESIAN_POINT('Axis2P3D Location',(2.5,-3.60073079858,177.510327649)) ;
#6=PRODUCT_RELATED_PRODUCT_CATEGORY('part',$,(#16)) ;
#11=UNCERTAINTY_MEASURE_WITH_UNIT(LENGTH_MEASURE(0.005),#8,'distance_accuracy_value','CONFUSED CURVE UNCERTAINTY') ;
#29=STYLED_ITEM(' ',(#28),#21) ;
#28=PRESENTATION_STYLE_ASSIGNMENT((#27)) ;
#27=SURFACE_STYLE_USAGE(.BOTH.,#26) ;
#26=SURFACE_SIDE_STYLE(' ',(#25)) ;
#25=SURFACE_STYLE_FILL_AREA(#24) ;
#24=FILL_AREA_STYLE(' ',(#23)) ;
#23=FILL_AREA_STYLE_COLOUR(' ',#22) ;
#38=VECTOR('Line Direction',#37,1.) ;
#54=VECTOR('Line Direction',#53,1.) ;
#90=VECTOR('Line Direction',#89,1.) ;
#95=VECTOR('Line Direction',#94,1.) ;
#132=VECTOR('Line Direction',#131,1.) ;
#139=VECTOR('Line Direction',#138,1.) ;
#165=VECTOR('Line Direction',#164,1.) ;
#199=VECTOR('Line Direction',#198,1.) ;
#208=VECTOR('Line Direction',#207,1.) ;
#215=VECTOR('Line Direction',#214,1.) ;
#222=VECTOR('Line Direction',#221,1.) ;
#270=VECTOR('Line Direction',#269,1.) ;
#301=VECTOR('Line Direction',#300,1.) ;
#315=VECTOR('Line Direction',#314,1.) ;
#329=VECTOR('Line Direction',#328,1.) ;
#366=VECTOR('Line Direction',#365,1.) ;
#380=VECTOR('Line Direction',#379,1.) ;
#394=VECTOR('Line Direction',#393,1.) ;
#417=VECTOR('Line Direction',#416,1.) ;
#433=VECTOR('Line Direction',#432,1.) ;
#447=VECTOR('Line Direction',#446,1.) ;
#467=VECTOR('Line Direction',#466,1.) ;
#483=VECTOR('Line Direction',#482,1.) ;
#497=VECTOR('Line Direction',#496,1.) ;
#517=VECTOR('Line Direction',#516,1.) ;
#533=VECTOR('Line Direction',#532,1.) ;
#567=VECTOR('Line Direction',#566,1.) ;
#583=VECTOR('Line Direction',#582,1.) ;
#590=VECTOR('Line Direction',#589,1.) ;
#609=VECTOR('Line Direction',#608,1.) ;
#625=VECTOR('Line Direction',#624,1.) ;
#639=VECTOR('Line Direction',#638,1.) ;
#659=VECTOR('Line Direction',#658,1.) ;
#675=VECTOR('Line Direction',#674,1.) ;
#689=VECTOR('Line Direction',#688,1.) ;
#767=VECTOR('Line Direction',#766,1.) ;
#774=VECTOR('Line Direction',#773,1.) ;
#798=VECTOR('Line Direction',#797,1.) ;
#812=VECTOR('Line Direction',#811,1.) ;
#835=VECTOR('Line Direction',#834,1.) ;
#849=VECTOR('Line Direction',#848,1.) ;
#863=VECTOR('Line Direction',#862,1.) ;
#885=VECTOR('Line Direction',#884,1.) ;
#914=VECTOR('Line Direction',#913,1.) ;
#943=VECTOR('Line Direction',#942,1.) ;
#1022=VECTOR('Line Direction',#1021,1.) ;
#1036=VECTOR('Line Direction',#1035,1.) ;
#1050=VECTOR('Line Direction',#1049,1.) ;
#1072=VECTOR('Line Direction',#1071,1.) ;
#1101=VECTOR('Line Direction',#1100,1.) ;
#1115=VECTOR('Line Direction',#1114,1.) ;
#1128=VECTOR('Line Direction',#1127,1.) ;
#1176=VECTOR('Line Direction',#1175,1.) ;
#1220=VECTOR('Line Direction',#1219,1.) ;
#1234=VECTOR('Line Direction',#1233,1.) ;
#1248=VECTOR('Line Direction',#1247,1.) ;
#1285=VECTOR('Line Direction',#1284,1.) ;
#1314=VECTOR('Line Direction',#1313,1.) ;
#1328=VECTOR('Line Direction',#1327,1.) ;
#1399=VECTOR('Line Direction',#1398,1.) ;
#1413=VECTOR('Line Direction',#1412,1.) ;
#1437=VECTOR('Line Direction',#1436,1.) ;
#1466=VECTOR('Line Direction',#1465,1.) ;
#1555=VECTOR('Line Direction',#1554,1.) ;
#1562=VECTOR('Line Direction',#1561,1.) ;
#1606=VECTOR('Line Direction',#1605,1.) ;
#1645=VECTOR('Line Direction',#1644,1.) ;
#1652=VECTOR('Line Direction',#1651,1.) ;
#1703=VECTOR('Line Direction',#1702,1.) ;
#1734=VECTOR('Line Direction',#1733,1.) ;
#1752=VECTOR('Line Direction',#1751,1.) ;
#1759=VECTOR('Line Direction',#1758,1.) ;
#1790=VECTOR('Line Direction',#1789,1.) ;
#1808=VECTOR('Line Direction',#1807,1.) ;
#1822=VECTOR('Line Direction',#1821,1.) ;
#1845=VECTOR('Line Direction',#1844,1.) ;
#1852=VECTOR('Line Direction',#1851,1.) ;
#1887=VECTOR('Line Direction',#1886,1.) ;
#1905=VECTOR('Line Direction',#1904,1.) ;
#1912=VECTOR('Line Direction',#1911,1.) ;
#1938=VECTOR('Line Direction',#1937,1.) ;
#1974=VECTOR('Line Direction',#1973,1.) ;
#1981=VECTOR('Line Direction',#1980,1.) ;
#1988=VECTOR('Line Direction',#1987,1.) ;
#2012=VECTOR('Line Direction',#2011,1.) ;
#2029=VECTOR('Line Direction',#2028,1.) ;
#2036=VECTOR('Line Direction',#2035,1.) ;
#2060=VECTOR('Line Direction',#2059,1.) ;
#2077=VECTOR('Line Direction',#2076,1.) ;
#2084=VECTOR('Line Direction',#2083,1.) ;
#2118=VECTOR('Line Direction',#2117,1.) ;
#2125=VECTOR('Line Direction',#2124,1.) ;
#2132=VECTOR('Line Direction',#2131,1.) ;
#2156=VECTOR('Line Direction',#2155,1.) ;
#2173=VECTOR('Line Direction',#2172,1.) ;
#2180=VECTOR('Line Direction',#2179,1.) ;
#2204=VECTOR('Line Direction',#2203,1.) ;
#2221=VECTOR('Line Direction',#2220,1.) ;
#2228=VECTOR('Line Direction',#2227,1.) ;
#2262=VECTOR('Line Direction',#2261,1.) ;
#2269=VECTOR('Line Direction',#2268,1.) ;
#2276=VECTOR('Line Direction',#2275,1.) ;
#2300=VECTOR('Line Direction',#2299,1.) ;
#2312=VECTOR('Line Direction',#2311,1.) ;
#2319=VECTOR('Line Direction',#2318,1.) ;
#2350=VECTOR('Line Direction',#2349,1.) ;
#2370=VECTOR('Line Direction',#2369,1.) ;
#2404=VECTOR('Line Direction',#2403,1.) ;
#2411=VECTOR('Line Direction',#2410,1.) ;
#2418=VECTOR('Line Direction',#2417,1.) ;
#2442=VECTOR('Line Direction',#2441,1.) ;
#2454=VECTOR('Line Direction',#2453,1.) ;
#2461=VECTOR('Line Direction',#2460,1.) ;
#2478=VECTOR('Line Direction',#2477,1.) ;
#2485=VECTOR('Line Direction',#2484,1.) ;
#2519=VECTOR('Line Direction',#2518,1.) ;
#2526=VECTOR('Line Direction',#2525,1.) ;
#2533=VECTOR('Line Direction',#2532,1.) ;
#2557=VECTOR('Line Direction',#2556,1.) ;
#2569=VECTOR('Line Direction',#2568,1.) ;
#2592=VECTOR('Line Direction',#2591,1.) ;
#2599=VECTOR('Line Direction',#2598,1.) ;
#2632=VECTOR('Line Direction',#2631,1.) ;
#2650=VECTOR('Line Direction',#2649,1.) ;
#2676=VECTOR('Line Direction',#2675,1.) ;
#2683=VECTOR('Line Direction',#2682,1.) ;
#2719=VECTOR('Line Direction',#2718,1.) ;
#2726=VECTOR('Line Direction',#2725,1.) ;
#2733=VECTOR('Line Direction',#2732,1.) ;
#2757=VECTOR('Line Direction',#2756,1.) ;
#2774=VECTOR('Line Direction',#2773,1.) ;
#2781=VECTOR('Line Direction',#2780,1.) ;
#2805=VECTOR('Line Direction',#2804,1.) ;
#2817=VECTOR('Line Direction',#2816,1.) ;
#2824=VECTOR('Line Direction',#2823,1.) ;
#2858=VECTOR('Line Direction',#2857,1.) ;
#2872=VECTOR('Line Direction',#2871,1.) ;
#2896=VECTOR('Line Direction',#2895,1.) ;
#2925=VECTOR('Line Direction',#2924,1.) ;
#2939=VECTOR('Line Direction',#2938,1.) ;
#2963=VECTOR('Line Direction',#2962,1.) ;
#2987=VECTOR('Line Direction',#2986,1.) ;
#3001=VECTOR('Line Direction',#3000,1.) ;
#3013=VECTOR('Line Direction',#3012,1.) ;
#3036=VECTOR('Line Direction',#3035,1.) ;
#3043=VECTOR('Line Direction',#3042,1.) ;
#3064=VECTOR('Line Direction',#3063,1.) ;
#3076=VECTOR('Line Direction',#3075,1.) ;
#3083=VECTOR('Line Direction',#3082,1.) ;
#3102=VECTOR('Line Direction',#3101,1.) ;
#3114=VECTOR('Line Direction',#3113,1.) ;
#3137=VECTOR('Line Direction',#3136,1.) ;
#3151=VECTOR('Line Direction',#3150,1.) ;
#3165=VECTOR('Line Direction',#3164,1.) ;
#3177=VECTOR('Line Direction',#3176,1.) ;
#3203=VECTOR('Line Direction',#3202,1.) ;
#3210=VECTOR('Line Direction',#3209,1.) ;
#3238=VECTOR('Line Direction',#3237,1.) ;
#3260=VECTOR('Line Direction',#3259,1.) ;
#3267=VECTOR('Line Direction',#3266,1.) ;
#3272=VECTOR('Line Direction',#3271,1.) ;
#3295=VECTOR('Line Direction',#3294,1.) ;
#3325=VECTOR('Line Direction',#3324,1.) ;
#3338=VECTOR('Line Direction',#3337,1.) ;
#3345=VECTOR('Line Direction',#3344,1.) ;
#3371=VECTOR('Line Direction',#3370,1.) ;
#3384=VECTOR('Line Direction',#3383,1.) ;
#3438=VECTOR('Line Direction',#3437,1.) ;
#3452=VECTOR('Line Direction',#3451,1.) ;
#3464=VECTOR('Line Direction',#3463,1.) ;
#3471=VECTOR('Line Direction',#3470,1.) ;
#3490=VECTOR('Line Direction',#3489,1.) ;
#3502=VECTOR('Line Direction',#3501,1.) ;
#3509=VECTOR('Line Direction',#3508,1.) ;
#3528=VECTOR('Line Direction',#3527,1.) ;
#3540=VECTOR('Line Direction',#3539,1.) ;
#3552=VECTOR('Line Direction',#3551,1.) ;
#3566=VECTOR('Line Direction',#3565,1.) ;
#3578=VECTOR('Line Direction',#3577,1.) ;
#3585=VECTOR('Line Direction',#3584,1.) ;
#3604=VECTOR('Line Direction',#3603,1.) ;
#3616=VECTOR('Line Direction',#3615,1.) ;
#3623=VECTOR('Line Direction',#3622,1.) ;
#3642=VECTOR('Line Direction',#3641,1.) ;
#3654=VECTOR('Line Direction',#3653,1.) ;
#3666=VECTOR('Line Direction',#3665,1.) ;
#3673=VECTOR('Line Direction',#3672,1.) ;
#3680=VECTOR('Line Direction',#3679,1.) ;
#3699=VECTOR('Line Direction',#3698,1.) ;
#3718=VECTOR('Line Direction',#3717,1.) ;
#3744=VECTOR('Line Direction',#3743,1.) ;
#3757=VECTOR('Line Direction',#3756,1.) ;
#3764=VECTOR('Line Direction',#3763,1.) ;
#3788=VECTOR('Line Direction',#3787,1.) ;
#3802=VECTOR('Line Direction',#3801,1.) ;
#3814=VECTOR('Line Direction',#3813,1.) ;
#3821=VECTOR('Line Direction',#3820,1.) ;
#3840=VECTOR('Line Direction',#3839,1.) ;
#3852=VECTOR('Line Direction',#3851,1.) ;
#3859=VECTOR('Line Direction',#3858,1.) ;
#3883=VECTOR('Line Direction',#3882,1.) ;
#3895=VECTOR('Line Direction',#3894,1.) ;
#3907=VECTOR('Line Direction',#3906,1.) ;
#3921=VECTOR('Line Direction',#3920,1.) ;
#3933=VECTOR('Line Direction',#3932,1.) ;
#3940=VECTOR('Line Direction',#3939,1.) ;
#3959=VECTOR('Line Direction',#3958,1.) ;
#3971=VECTOR('Line Direction',#3970,1.) ;
#3978=VECTOR('Line Direction',#3977,1.) ;
#3997=VECTOR('Line Direction',#3996,1.) ;
#4009=VECTOR('Line Direction',#4008,1.) ;
#4026=VECTOR('Line Direction',#4025,1.) ;
#4033=VECTOR('Line Direction',#4032,1.) ;
#4059=VECTOR('Line Direction',#4058,1.) ;
#4093=VECTOR('Line Direction',#4092,1.) ;
#4107=VECTOR('Line Direction',#4106,1.) ;
#4131=VECTOR('Line Direction',#4130,1.) ;
#4160=VECTOR('Line Direction',#4159,1.) ;
#4165=VECTOR('Line Direction',#4164,1.) ;
#4307=VECTOR('Line Direction',#4306,1.) ;
#4593=VECTOR('Line Direction',#4592,1.) ;
#4683=VECTOR('Line Direction',#4682,1.) ;
#4738=VECTOR('Line Direction',#4737,1.) ;
#4850=VECTOR('Line Direction',#4849,1.) ;
#4901=VECTOR('Line Direction',#4900,1.) ;
#5020=VECTOR('Line Direction',#5019,1.) ;
#5048=VECTOR('Line Direction',#5047,1.) ;
#5109=VECTOR('Line Direction',#5108,1.) ;
#5175=VECTOR('Line Direction',#5174,1.) ;
#5216=VECTOR('Line Direction',#5215,1.) ;
#5270=VECTOR('Line Direction',#5269,1.) ;
#5336=VECTOR('Line Direction',#5335,1.) ;
#5370=VECTOR('Line Direction',#5369,1.) ;
#5426=VECTOR('Line Direction',#5425,1.) ;
#5563=VECTOR('Line Direction',#5562,1.) ;
#5619=VECTOR('Line Direction',#5618,1.) ;
#5680=VECTOR('Line Direction',#5679,1.) ;
#5721=VECTOR('Line Direction',#5720,1.) ;
#5770=VECTOR('Line Direction',#5769,1.) ;
#5896=VECTOR('Line Direction',#5895,1.) ;
#5947=VECTOR('Line Direction',#5946,1.) ;
#6080=VECTOR('Line Direction',#6079,1.) ;
#6115=VECTOR('Line Direction',#6114,1.) ;
#6176=VECTOR('Line Direction',#6175,1.) ;
#6238=VECTOR('Line Direction',#6237,1.) ;
#6273=VECTOR('Line Direction',#6272,1.) ;
#6278=VECTOR('Line Direction',#6277,1.) ;
#6359=VECTOR('Line Direction',#6358,1.) ;
#6364=VECTOR('Line Direction',#6363,1.) ;
#6369=VECTOR('Line Direction',#6368,1.) ;
#6493=VECTOR('Line Direction',#6492,1.) ;
#6628=VECTOR('Line Direction',#6627,1.) ;
#6663=VECTOR('Line Direction',#6662,1.) ;
#6722=VECTOR('Line Direction',#6721,1.) ;
#6848=VECTOR('Line Direction',#6847,1.) ;
#6912=VECTOR('Line Direction',#6911,1.) ;
#7029=VECTOR('Line Direction',#7028,1.) ;
#7111=VECTOR('Line Direction',#7110,1.) ;
#7130=VECTOR('Line Direction',#7129,1.) ;
#7244=VECTOR('Line Direction',#7243,1.) ;
#7334=VECTOR('Line Direction',#7333,1.) ;
#7618=VECTOR('Line Direction',#7617,1.) ;
#7687=VECTOR('Line Direction',#7686,1.) ;
#7722=VECTOR('Line Direction',#7721,1.) ;
#7776=VECTOR('Line Direction',#7775,1.) ;
#7845=VECTOR('Line Direction',#7844,1.) ;
#7880=VECTOR('Line Direction',#7879,1.) ;
#7914=VECTOR('Line Direction',#7913,1.) ;
#8066=VECTOR('Line Direction',#8065,1.) ;
#8132=VECTOR('Line Direction',#8131,1.) ;
#8201=VECTOR('Line Direction',#8200,1.) ;
#8236=VECTOR('Line Direction',#8235,1.) ;
#8285=VECTOR('Line Direction',#8284,1.) ;
#8353=VECTOR('Line Direction',#8352,1.) ;
#8392=VECTOR('Line Direction',#8391,1.) ;
#8414=VECTOR('Line Direction',#8413,1.) ;
#8419=VECTOR('Line Direction',#8418,1.) ;
#8447=VECTOR('Line Direction',#8446,1.) ;
#8452=VECTOR('Line Direction',#8451,1.) ;
#8508=VECTOR('Line Direction',#8507,1.) ;
#8513=VECTOR('Line Direction',#8512,1.) ;
#8617=VECTOR('Line Direction',#8616,1.) ;
#8622=VECTOR('Line Direction',#8621,1.) ;
#8770=VECTOR('Line Direction',#8769,1.) ;
#8820=VECTOR('Line Direction',#8819,1.) ;
#8825=VECTOR('Line Direction',#8824,1.) ;
#8902=VECTOR('Line Direction',#8901,1.) ;
#8918=VECTOR('Line Direction',#8917,1.) ;
#8925=VECTOR('Line Direction',#8924,1.) ;
#8976=VECTOR('Line Direction',#8975,1.) ;
#9024=VECTOR('Line Direction',#9023,1.) ;
#9029=VECTOR('Line Direction',#9028,1.) ;
#9066=VECTOR('Line Direction',#9065,1.) ;
#9071=VECTOR('Line Direction',#9070,1.) ;
#9094=VECTOR('Line Direction',#9093,1.) ;
#9108=VECTOR('Line Direction',#9107,1.) ;
#32=DIRECTION('Axis2P3D Direction',(0.,-1.,0.)) ;
#33=DIRECTION('Axis2P3D XDirection',(0.87758256189,0.,-0.479425538604)) ;
#37=DIRECTION('Vector Direction',(-0.760008792517,-0.499999999997,0.415194695655)) ;
#46=DIRECTION('Axis2P3D Direction',(0.,-1.,0.)) ;
#53=DIRECTION('Vector Direction',(0.760008792517,-0.499999999997,-0.415194695655)) ;
#64=DIRECTION('Axis2P3D Direction',(0.,-1.,0.)) ;
#75=DIRECTION('Axis2P3D Direction',(0.,1.,0.)) ;
#76=DIRECTION('Axis2P3D XDirection',(-0.87758256189,-0.,0.479425538604)) ;
#80=DIRECTION('Axis2P3D Direction',(0.,1.,0.)) ;
#89=DIRECTION('Vector Direction',(0.,1.,0.)) ;
#94=DIRECTION('Vector Direction',(0.,1.,0.)) ;
#106=DIRECTION('Axis2P3D Direction',(0.,1.,0.)) ;
#113=DIRECTION('Axis2P3D Direction',(0.,1.,0.)) ;
#126=DIRECTION('Axis2P3D Direction',(1.24483756636E-14,-1.,5.68434188608E-14)) ;
#127=DIRECTION('Axis2P3D XDirection',(-0.87758256189,1.6331903798E-14,0.479425538604)) ;
#131=DIRECTION('Vector Direction',(0.620544580563,-0.707106781187,-0.339005049421)) ;
#138=DIRECTION('Vector Direction',(-0.620544580563,-0.707106781187,0.339005049421)) ;
#145=DIRECTION('Axis2P3D Direction',(1.24483756636E-14,-1.,5.68434188608E-14)) ;
#157=DIRECTION('Axis2P3D Direction',(1.24483756636E-14,-1.,5.68434188608E-14)) ;
#164=DIRECTION('Vector Direction',(0.603859275091,-0.707106781187,0.367904846238)) ;
#176=DIRECTION('Axis2P3D Direction',(1.15463194561E-14,-1.,0.)) ;
#177=DIRECTION('Axis2P3D XDirection',(0.853985976599,9.87816761975E-15,0.520296023213)) ;
#181=DIRECTION('Axis2P3D Direction',(1.15463194561E-14,-1.,7.88860905221E-31)) ;
#193=DIRECTION('Axis2P3D Direction',(0.,1.,0.)) ;
#194=DIRECTION('Axis2P3D XDirection',(0.,0.,1.)) ;
#198=DIRECTION('Vector Direction',(1.,0.,0.)) ;
#207=DIRECTION('Vector Direction',(0.,0.,1.)) ;
#214=DIRECTION('Vector Direction',(1.,0.,0.)) ;
#221=DIRECTION('Vector Direction',(0.,0.,1.)) ;
#232=DIRECTION('Axis2P3D Direction',(0.,1.,0.)) ;
#241=DIRECTION('Axis2P3D Direction',(0.,1.,0.)) ;
#248=DIRECTION('Axis2P3D Direction',(0.,1.,0.)) ;
#264=DIRECTION('Axis2P3D Direction',(1.,0.,-0.)) ;
#265=DIRECTION('Axis2P3D XDirection',(0.,0.818193303055,0.574943230968)) ;
#269=DIRECTION('Vector Direction',(1.,0.,0.)) ;
#278=DIRECTION('Axis2P3D Direction',(1.,0.,-0.)) ;
#283=DIRECTION('Axis2P3D Direction',(1.,0.,-0.)) ;
#295=DIRECTION('Axis2P3D Direction',(1.,0.,0.)) ;
#296=DIRECTION('Axis2P3D XDirection',(0.,1.,0.)) ;
#300=DIRECTION('Vector Direction',(0.,0.57494323096,-0.81819330306)) ;
#307=DIRECTION('Axis2P3D Direction',(1.,0.,0.)) ;
#314=DIRECTION('Vector Direction',(0.,0.,1.)) ;
#321=DIRECTION('Axis2P3D Direction',(1.,0.,0.)) ;
#328=DIRECTION('Vector Direction',(0.,-0.0460315369569,0.998939986989)) ;
#342=DIRECTION('Axis2P3D Direction',(1.,0.,0.)) ;
#351=DIRECTION('Axis2P3D Direction',(1.,0.,0.)) ;
#358=DIRECTION('Axis2P3D Direction',(1.,0.,0.)) ;
#365=DIRECTION('Vector Direction',(0.,-0.574943230936,0.818193303077)) ;
#372=DIRECTION('Axis2P3D Direction',(1.,0.,0.)) ;
#379=DIRECTION('Vector Direction',(0.,0.,-1.)) ;
#386=DIRECTION('Axis2P3D Direction',(1.,0.,0.)) ;
#393=DIRECTION('Vector Direction',(0.,0.55523639567,0.831692578375)) ;
#400=DIRECTION('Axis2P3D Direction',(1.,0.,0.)) ;
#416=DIRECTION('Vector Direction',(0.,0.,-1.)) ;
#425=DIRECTION('Axis2P3D Direction',(1.,0.,0.)) ;
#432=DIRECTION('Vector Direction',(0.,-0.590641708176,-0.806933933208)) ;
#439=DIRECTION('Axis2P3D Direction',(1.,0.,0.)) ;
#446=DIRECTION('Vector Direction',(0.,0.626569003312,-0.779365950044)) ;
#453=DIRECTION('Axis2P3D Direction',(1.,0.,0.)) ;
#466=DIRECTION('Vector Direction',(0.,0.626569003316,-0.779365950041)) ;
#475=DIRECTION('Axis2P3D Direction',(1.,0.,0.)) ;
#482=DIRECTION('Vector Direction',(0.,-0.0460315369554,0.998939986989)) ;
#489=DIRECTION('Axis2P3D Direction',(1.,0.,0.)) ;
#496=DIRECTION('Vector Direction',(0.,-0.590641708121,-0.806933933248)) ;
#503=DIRECTION('Axis2P3D Direction',(1.,0.,0.)) ;
#516=DIRECTION('Vector Direction',(0.,0.62656900334,-0.779365950022)) ;
#525=DIRECTION('Axis2P3D Direction',(1.,0.,0.)) ;
#532=DIRECTION('Vector Direction',(0.,-0.046031536895,0.998939986992)) ;
#539=DIRECTION('Axis2P3D Direction',(1.,0.,0.)) ;
#546=DIRECTION('Axis2P3D Direction',(1.,0.,0.)) ;
#553=DIRECTION('Axis2P3D Direction',(1.,0.,0.)) ;
#566=DIRECTION('Vector Direction',(0.,0.626569003268,-0.77936595008)) ;
#575=DIRECTION('Axis2P3D Direction',(1.,0.,0.)) ;
#582=DIRECTION('Vector Direction',(0.,0.,-1.)) ;
#589=DIRECTION('Vector Direction',(0.,-0.590641708142,-0.806933933233)) ;
#596=DIRECTION('Axis2P3D Direction',(1.,0.,0.)) ;
#608=DIRECTION('Vector Direction',(0.,0.626569003303,-0.779365950052)) ;
#617=DIRECTION('Axis2P3D Direction',(1.,0.,0.)) ;
#624=DIRECTION('Vector Direction',(0.,0.,-1.)) ;
#631=DIRECTION('Axis2P3D Direction',(1.,0.,0.)) ;
#638=DIRECTION('Vector Direction',(0.,0.555236395688,0.831692578363)) ;
#645=DIRECTION('Axis2P3D Direction',(1.,0.,0.)) ;
#658=DIRECTION('Vector Direction',(0.,-0.590641708124,-0.806933933246)) ;
#667=DIRECTION('Axis2P3D Direction',(1.,0.,0.)) ;
#674=DIRECTION('Vector Direction',(0.,0.626569003309,-0.779365950047)) ;
#681=DIRECTION('Axis2P3D Direction',(1.,0.,0.)) ;
#688=DIRECTION('Vector Direction',(0.,-0.0460315369597,0.998939986989)) ;
#695=DIRECTION('Axis2P3D Direction',(1.,0.,0.)) ;
#708=DIRECTION('Axis2P3D Direction',(1.,0.,0.)) ;
#717=DIRECTION('Axis2P3D Direction',(1.,0.,0.)) ;
#724=DIRECTION('Axis2P3D Direction',(1.,0.,0.)) ;
#734=DIRECTION('Axis2P3D Direction',(1.,0.,0.)) ;
#743=DIRECTION('Axis2P3D Direction',(1.,0.,0.)) ;
#750=DIRECTION('Axis2P3D Direction',(1.,0.,0.)) ;
#761=DIRECTION('Axis2P3D Direction',(-0.,0.998939986989,0.0460315369602)) ;
#762=DIRECTION('Axis2P3D XDirection',(0.,-0.0460315369602,0.998939986989)) ;
#766=DIRECTION('Vector Direction',(1.,0.,0.)) ;
#773=DIRECTION('Vector Direction',(0.,-0.0460315369602,0.998939986989)) ;
#785=DIRECTION('Axis2P3D Direction',(1.,0.,0.)) ;
#786=DIRECTION('Axis2P3D XDirection',(0.,1.,0.)) ;
#790=DIRECTION('Axis2P3D Direction',(1.,0.,0.)) ;
#797=DIRECTION('Vector Direction',(0.,0.,1.)) ;
#804=DIRECTION('Axis2P3D Direction',(1.,0.,0.)) ;
#811=DIRECTION('Vector Direction',(0.,0.574943230929,-0.818193303082)) ;
#825=DIRECTION('Axis2P3D Direction',(1.,0.,0.)) ;
#834=DIRECTION('Vector Direction',(0.,0.,-1.)) ;
#841=DIRECTION('Axis2P3D Direction',(1.,0.,0.)) ;
#848=DIRECTION('Vector Direction',(0.,0.626569003303,-0.779365950052)) ;
#855=DIRECTION('Axis2P3D Direction',(1.,0.,0.)) ;
#862=DIRECTION('Vector Direction',(0.,0.555236395702,0.831692578353)) ;
#875=DIRECTION('Axis2P3D Direction',(1.,0.,0.)) ;
#884=DIRECTION('Vector Direction',(0.,0.55523639567,0.831692578375)) ;
#913=DIRECTION('Vector Direction',(0.,0.,-1.)) ;
#942=DIRECTION('Vector Direction',(0.,-0.574943230936,0.818193303077)) ;
#1012=DIRECTION('Axis2P3D Direction',(1.,0.,0.)) ;
#1021=DIRECTION('Vector Direction',(0.,0.626569003312,-0.779365950044)) ;
#1028=DIRECTION('Axis2P3D Direction',(1.,0.,0.)) ;
#1035=DIRECTION('Vector Direction',(0.,-0.590641708176,-0.806933933208)) ;
#1042=DIRECTION('Axis2P3D Direction',(1.,0.,0.)) ;
#1049=DIRECTION('Vector Direction',(0.,0.,-1.)) ;
#1062=DIRECTION('Axis2P3D Direction',(1.,0.,0.)) ;
#1071=DIRECTION('Vector Direction',(0.,-0.590641708121,-0.806933933248)) ;
#1100=DIRECTION('Vector Direction',(0.,-0.0460315369554,0.998939986989)) ;
#1107=DIRECTION('Axis2P3D Direction',(1.,0.,0.)) ;
#1114=DIRECTION('Vector Direction',(0.,0.626569003316,-0.779365950041)) ;
#1127=DIRECTION('Vector Direction',(0.,0.62656900334,-0.779365950022)) ;
#1136=DIRECTION('Axis2P3D Direction',(1.,0.,0.)) ;
#1175=DIRECTION('Vector Direction',(0.,-0.046031536895,0.998939986992)) ;
#1210=DIRECTION('Axis2P3D Direction',(1.,0.,0.)) ;
#1219=DIRECTION('Vector Direction',(0.,0.626569003268,-0.77936595008)) ;
#1226=DIRECTION('Axis2P3D Direction',(1.,0.,0.)) ;
#1233=DIRECTION('Vector Direction',(0.,-0.590641708167,-0.806933933215)) ;
#1240=DIRECTION('Axis2P3D Direction',(1.,0.,0.)) ;
#1247=DIRECTION('Vector Direction',(0.,0.,-1.)) ;
#1284=DIRECTION('Vector Direction',(0.,-0.0460315369597,0.998939986989)) ;
#1313=DIRECTION('Vector Direction',(0.,0.626569003343,-0.779365950019)) ;
#1320=DIRECTION('Axis2P3D Direction',(1.,0.,0.)) ;
#1327=DIRECTION('Vector Direction',(0.,-0.590641708124,-0.806933933246)) ;
#1340=DIRECTION('Axis2P3D Direction',(1.,0.,0.)) ;
#1349=DIRECTION('Axis2P3D Direction',(1.,0.,0.)) ;
#1356=DIRECTION('Axis2P3D Direction',(1.,0.,0.)) ;
#1366=DIRECTION('Axis2P3D Direction',(1.,0.,0.)) ;
#1375=DIRECTION('Axis2P3D Direction',(1.,0.,0.)) ;
#1382=DIRECTION('Axis2P3D Direction',(1.,0.,0.)) ;
#1393=DIRECTION('Axis2P3D Direction',(1.15185638805E-14,-1.,5.68434188608E-14)) ;
#1394=DIRECTION('Axis2P3D XDirection',(-0.87758256189,1.71221572076E-14,0.479425538604)) ;
#1398=DIRECTION('Vector Direction',(0.620544580563,-0.707106781187,-0.339005049421)) ;
#1405=DIRECTION('Axis2P3D Direction',(1.15185638805E-14,-1.,5.68434188608E-14)) ;
#1412=DIRECTION('Vector Direction',(-0.620544580563,-0.707106781187,0.339005049421)) ;
#1424=DIRECTION('Axis2P3D Direction',(1.26565424807E-14,-1.,0.)) ;
#1425=DIRECTION('Axis2P3D XDirection',(0.853985976599,1.08001299309E-14,0.520296023213)) ;
#1429=DIRECTION('Axis2P3D Direction',(1.26565424807E-14,-1.,0.)) ;
#1436=DIRECTION('Vector Direction',(0.603859275091,-0.707106781187,0.367904846238)) ;
#1448=DIRECTION('Axis2P3D Direction',(1.15185638805E-14,-1.,5.68434188608E-14)) ;
#1460=DIRECTION('Axis2P3D Direction',(0.,-0.818193303055,-0.574943230968)) ;
#1461=DIRECTION('Axis2P3D XDirection',(0.,0.574943230968,-0.818193303055)) ;
#1465=DIRECTION('Vector Direction',(1.,5.35457900241E-11,-7.62000240684E-11)) ;
#1549=DIRECTION('Axis2P3D Direction',(1.,0.,-0.)) ;
#1550=DIRECTION('Axis2P3D XDirection',(0.,0.786931193582,-0.617040757622)) ;
#1554=DIRECTION('Vector Direction',(1.,0.,0.)) ;
#1561=DIRECTION('Vector Direction',(1.,0.,0.)) ;
#1600=DIRECTION('Axis2P3D Direction',(0.,1.,0.)) ;
#1601=DIRECTION('Axis2P3D XDirection',(0.,0.,1.)) ;
#1605=DIRECTION('Vector Direction',(1.,0.,0.)) ;
#1610=DIRECTION('Axis2P3D Direction',(0.,1.,0.)) ;
#1617=DIRECTION('Axis2P3D Direction',(0.,1.,0.)) ;
#1632=DIRECTION('Axis2P3D Direction',(1.,0.,0.)) ;
#1633=DIRECTION('Axis2P3D XDirection',(0.,0.761341051828,0.648351604302)) ;
#1644=DIRECTION('Vector Direction',(1.,0.,0.)) ;
#1651=DIRECTION('Vector Direction',(1.,0.,0.)) ;
#1658=DIRECTION('Axis2P3D Direction',(1.,0.,-0.)) ;
#1681=DIRECTION('Axis2P3D Direction',(1.,0.,-0.)) ;
#1695=DIRECTION('Axis2P3D Direction',(1.,0.,-0.)) ;
#1702=DIRECTION('Vector Direction',(1.,0.,0.)) ;
#1714=DIRECTION('Axis2P3D Direction',(-1.,0.,0.)) ;
#1715=DIRECTION('Axis2P3D XDirection',(0.,0.818193303055,0.574943230968)) ;
#1719=DIRECTION('Axis2P3D Direction',(-1.,0.,0.)) ;
#1726=DIRECTION('Axis2P3D Direction',(-1.,0.,0.)) ;
#1733=DIRECTION('Vector Direction',(-1.,0.,0.)) ;
#1746=DIRECTION('Axis2P3D Direction',(-0.,0.818193303055,0.574943230968)) ;
#1747=DIRECTION('Axis2P3D XDirection',(0.,-0.574943230968,0.818193303055)) ;
#1751=DIRECTION('Vector Direction',(0.,0.574943230968,-0.818193303055)) ;
#1758=DIRECTION('Vector Direction',(1.,0.,0.)) ;
#1770=DIRECTION('Axis2P3D Direction',(-1.,0.,0.)) ;
#1771=DIRECTION('Axis2P3D XDirection',(0.,-1.,0.)) ;
#1775=DIRECTION('Axis2P3D Direction',(-1.,0.,0.)) ;
#1782=DIRECTION('Axis2P3D Direction',(-1.,0.,0.)) ;
#1789=DIRECTION('Vector Direction',(-1.,0.,0.)) ;
#1802=DIRECTION('Axis2P3D Direction',(0.,-1.,0.)) ;
#1803=DIRECTION('Axis2P3D XDirection',(0.,0.,-1.)) ;
#1807=DIRECTION('Vector Direction',(0.,0.,-1.)) ;
#1814=DIRECTION('Axis2P3D Direction',(0.,-1.,0.)) ;
#1821=DIRECTION('Vector Direction',(-9.49289628677E-11,0.,-1.)) ;
#1844=DIRECTION('Vector Direction',(0.,0.,-1.)) ;
#1851=DIRECTION('Vector Direction',(1.,0.,-4.13921144274E-10)) ;
#1867=DIRECTION('Axis2P3D Direction',(1.,0.,0.)) ;
#1868=DIRECTION('Axis2P3D XDirection',(0.,-1.,0.)) ;
#1872=DIRECTION('Axis2P3D Direction',(1.,0.,0.)) ;
#1879=DIRECTION('Axis2P3D Direction',(1.,0.,0.)) ;
#1886=DIRECTION('Vector Direction',(1.,0.,0.)) ;
#1899=DIRECTION('Axis2P3D Direction',(0.,0.831692578346,-0.555236395713)) ;
#1900=DIRECTION('Axis2P3D XDirection',(0.,0.555236395713,0.831692578346)) ;
#1904=DIRECTION('Vector Direction',(1.,0.,0.)) ;
#1911=DIRECTION('Vector Direction',(-3.58999771537E-10,0.555236395713,0.831692578346)) ;
#1937=DIRECTION('Vector Direction',(-1.17934578126E-06,-0.555236395713,-0.831692578345)) ;
#1951=DIRECTION('Axis2P3D Direction',(1.,0.,0.)) ;
#1952=DIRECTION('Axis2P3D XDirection',(-0.,0.831692578346,-0.555236395713)) ;
#1956=DIRECTION('Axis2P3D Direction',(1.,0.,0.)) ;
#1968=DIRECTION('Axis2P3D Direction',(0.,-1.,0.)) ;
#1969=DIRECTION('Axis2P3D XDirection',(0.,0.,-1.)) ;
#1973=DIRECTION('Vector Direction',(1.,0.,-2.48352686564E-10)) ;
#1980=DIRECTION('Vector Direction',(0.,0.,-1.)) ;
#1987=DIRECTION('Vector Direction',(1.,0.,0.)) ;
#1999=DIRECTION('Axis2P3D Direction',(1.,0.,0.)) ;
#2000=DIRECTION('Axis2P3D XDirection',(0.,1.,0.)) ;
#2004=DIRECTION('Axis2P3D Direction',(1.,0.,0.)) ;
#2011=DIRECTION('Vector Direction',(1.,0.,0.)) ;
#2023=DIRECTION('Axis2P3D Direction',(0.,-0.806933933232,0.590641708144)) ;
#2024=DIRECTION('Axis2P3D XDirection',(0.,-0.590641708144,-0.806933933232)) ;
#2028=DIRECTION('Vector Direction',(0.,-0.590641708144,-0.806933933232)) ;
#2035=DIRECTION('Vector Direction',(1.,0.,0.)) ;
#2047=DIRECTION('Axis2P3D Direction',(1.,0.,0.)) ;
#2048=DIRECTION('Axis2P3D XDirection',(0.,-0.806933933232,0.590641708144)) ;
#2052=DIRECTION('Axis2P3D Direction',(1.,0.,0.)) ;
#2059=DIRECTION('Vector Direction',(1.,0.,0.)) ;
#2071=DIRECTION('Axis2P3D Direction',(0.,-0.779365950039,-0.626569003318)) ;
#2072=DIRECTION('Axis2P3D XDirection',(0.,0.626569003318,-0.779365950039)) ;
#2076=DIRECTION('Vector Direction',(1.,0.,0.)) ;
#2083=DIRECTION('Vector Direction',(0.,-0.626569003318,0.779365950039)) ;
#2095=DIRECTION('Axis2P3D Direction',(1.,0.,0.)) ;
#2096=DIRECTION('Axis2P3D XDirection',(0.,-0.779365950039,-0.626569003318)) ;
#2100=DIRECTION('Axis2P3D Direction',(1.,0.,0.)) ;
#2112=DIRECTION('Axis2P3D Direction',(0.,-0.779365950039,-0.626569003318)) ;
#2113=DIRECTION('Axis2P3D XDirection',(0.,0.626569003318,-0.779365950039)) ;
#2117=DIRECTION('Vector Direction',(1.,1.55610280217E-10,-1.93557525563E-10)) ;
#2124=DIRECTION('Vector Direction',(0.,-0.626569003318,0.779365950039)) ;
#2131=DIRECTION('Vector Direction',(1.,0.,0.)) ;
#2143=DIRECTION('Axis2P3D Direction',(1.,0.,-0.)) ;
#2144=DIRECTION('Axis2P3D XDirection',(0.,0.779365950039,0.626569003318)) ;
#2148=DIRECTION('Axis2P3D Direction',(1.,0.,-0.)) ;
#2155=DIRECTION('Vector Direction',(1.,0.,0.)) ;
#2167=DIRECTION('Axis2P3D Direction',(-0.,0.998939986989,0.0460315369602)) ;
#2168=DIRECTION('Axis2P3D XDirection',(0.,-0.0460315369602,0.998939986989)) ;
#2172=DIRECTION('Vector Direction',(0.,-0.0460315369602,0.998939986989)) ;
#2179=DIRECTION('Vector Direction',(1.,1.14321589232E-11,-2.48089312057E-10)) ;
#2191=DIRECTION('Axis2P3D Direction',(1.,0.,0.)) ;
#2192=DIRECTION('Axis2P3D XDirection',(0.,-0.998939986989,-0.0460315369602)) ;
#2196=DIRECTION('Axis2P3D Direction',(1.,0.,0.)) ;
#2203=DIRECTION('Vector Direction',(1.,0.,0.)) ;
#2215=DIRECTION('Axis2P3D Direction',(0.,-0.806933933232,0.590641708144)) ;
#2216=DIRECTION('Axis2P3D XDirection',(0.,-0.590641708144,-0.806933933232)) ;
#2220=DIRECTION('Vector Direction',(0.,-0.590641708144,-0.806933933232)) ;
#2227=DIRECTION('Vector Direction',(1.,0.,0.)) ;
#2239=DIRECTION('Axis2P3D Direction',(1.,0.,0.)) ;
#2240=DIRECTION('Axis2P3D XDirection',(0.,0.806933933232,-0.590641708144)) ;
#2244=DIRECTION('Axis2P3D Direction',(1.,0.,0.)) ;
#2256=DIRECTION('Axis2P3D Direction',(0.,-0.779365950039,-0.626569003318)) ;
#2257=DIRECTION('Axis2P3D XDirection',(0.,0.626569003318,-0.779365950039)) ;
#2261=DIRECTION('Vector Direction',(-1.,0.,0.)) ;
#2268=DIRECTION('Vector Direction',(0.,0.626569003318,-0.779365950039)) ;
#2275=DIRECTION('Vector Direction',(1.,0.,0.)) ;
#2287=DIRECTION('Axis2P3D Direction',(1.,0.,-0.)) ;
#2288=DIRECTION('Axis2P3D XDirection',(0.,0.779365950039,0.626569003318)) ;
#2292=DIRECTION('Axis2P3D Direction',(1.,0.,-0.)) ;
#2299=DIRECTION('Vector Direction',(1.,0.,0.)) ;
#2311=DIRECTION('Vector Direction',(0.,-0.0460315369602,0.998939986989)) ;
#2318=DIRECTION('Vector Direction',(1.,0.,0.)) ;
#2330=DIRECTION('Axis2P3D Direction',(-1.,0.,0.)) ;
#2331=DIRECTION('Axis2P3D XDirection',(-0.,0.49505709166,-0.86886044679)) ;
#2335=DIRECTION('Axis2P3D Direction',(-1.,0.,0.)) ;
#2342=DIRECTION('Axis2P3D Direction',(-1.,0.,0.)) ;
#2349=DIRECTION('Vector Direction',(-1.,0.,0.)) ;
#2362=DIRECTION('Axis2P3D Direction',(1.,0.,0.)) ;
#2369=DIRECTION('Vector Direction',(1.,0.,0.)) ;
#2381=DIRECTION('Axis2P3D Direction',(-1.,0.,0.)) ;
#2382=DIRECTION('Axis2P3D XDirection',(0.,0.779365950039,0.626569003318)) ;
#2386=DIRECTION('Axis2P3D Direction',(-1.,0.,0.)) ;
#2398=DIRECTION('Axis2P3D Direction',(0.,-0.779365950039,-0.626569003318)) ;
#2399=DIRECTION('Axis2P3D XDirection',(0.,0.626569003318,-0.779365950039)) ;
#2403=DIRECTION('Vector Direction',(1.,1.55610043369E-10,-1.93557999258E-10)) ;
#2410=DIRECTION('Vector Direction',(0.,-0.626569003318,0.779365950039)) ;
#2417=DIRECTION('Vector Direction',(1.,-1.55610043369E-10,1.93557762411E-10)) ;
#2429=DIRECTION('Axis2P3D Direction',(1.,0.,0.)) ;
#2430=DIRECTION('Axis2P3D XDirection',(0.,-0.779365950039,-0.626569003318)) ;
#2434=DIRECTION('Axis2P3D Direction',(1.,0.,0.)) ;
#2441=DIRECTION('Vector Direction',(1.,0.,0.)) ;
#2453=DIRECTION('Vector Direction',(0.,0.,-1.)) ;
#2460=DIRECTION('Vector Direction',(1.,0.,-2.48352686564E-10)) ;
#2472=DIRECTION('Axis2P3D Direction',(0.,-0.806933933232,0.590641708144)) ;
#2473=DIRECTION('Axis2P3D XDirection',(0.,-0.590641708144,-0.806933933232)) ;
#2477=DIRECTION('Vector Direction',(1.,0.,0.)) ;
#2484=DIRECTION('Vector Direction',(0.,-0.590641708144,-0.806933933232)) ;
#2496=DIRECTION('Axis2P3D Direction',(1.,0.,0.)) ;
#2497=DIRECTION('Axis2P3D XDirection',(0.,-0.806933933232,0.590641708144)) ;
#2501=DIRECTION('Axis2P3D Direction',(1.,0.,0.)) ;
#2513=DIRECTION('Axis2P3D Direction',(0.,-0.779365950039,-0.626569003318)) ;
#2514=DIRECTION('Axis2P3D XDirection',(0.,0.626569003318,-0.779365950039)) ;
#2518=DIRECTION('Vector Direction',(1.,-1.55610043369E-10,1.93559420344E-10)) ;
#2525=DIRECTION('Vector Direction',(0.,0.626569003318,-0.779365950039)) ;
#2532=DIRECTION('Vector Direction',(1.,-1.55609806522E-10,1.93559420344E-10)) ;
#2544=DIRECTION('Axis2P3D Direction',(1.,0.,0.)) ;
#2545=DIRECTION('Axis2P3D XDirection',(0.,-0.779365950039,-0.626569003318)) ;
#2549=DIRECTION('Axis2P3D Direction',(1.,0.,0.)) ;
#2556=DIRECTION('Vector Direction',(1.,0.,0.)) ;
#2568=DIRECTION('Vector Direction',(0.,0.,-1.)) ;
#2591=DIRECTION('Vector Direction',(0.,0.,1.)) ;
#2598=DIRECTION('Vector Direction',(1.,0.,0.)) ;
#2612=DIRECTION('Axis2P3D Direction',(1.,0.,0.)) ;
#2613=DIRECTION('Axis2P3D XDirection',(0.,1.,0.)) ;
#2617=DIRECTION('Axis2P3D Direction',(1.,0.,0.)) ;
#2624=DIRECTION('Axis2P3D Direction',(1.,0.,0.)) ;
#2631=DIRECTION('Vector Direction',(1.,0.,0.)) ;
#2644=DIRECTION('Axis2P3D Direction',(0.,0.831692578346,-0.555236395713)) ;
#2645=DIRECTION('Axis2P3D XDirection',(0.,0.555236395713,0.831692578346)) ;
#2649=DIRECTION('Vector Direction',(-5.27343648282E-09,-0.555236395713,-0.831692578346)) ;
#2675=DIRECTION('Vector Direction',(0.,0.555236395713,0.831692578346)) ;
#2682=DIRECTION('Vector Direction',(1.,0.,0.)) ;
#2696=DIRECTION('Axis2P3D Direction',(1.,0.,0.)) ;
#2697=DIRECTION('Axis2P3D XDirection',(0.,-0.831692578346,0.555236395713)) ;
#2701=DIRECTION('Axis2P3D Direction',(1.,0.,0.)) ;
#2713=DIRECTION('Axis2P3D Direction',(0.,-0.806933933232,0.590641708144)) ;
#2714=DIRECTION('Axis2P3D XDirection',(0.,-0.590641708144,-0.806933933232)) ;
#2718=DIRECTION('Vector Direction',(1.,0.,0.)) ;
#2725=DIRECTION('Vector Direction',(0.,-0.590641708144,-0.806933933232)) ;
#2732=DIRECTION('Vector Direction',(1.,1.46687402965E-10,2.00405262755E-10)) ;
#2744=DIRECTION('Axis2P3D Direction',(1.,0.,0.)) ;
#2745=DIRECTION('Axis2P3D XDirection',(0.,0.806933933232,-0.590641708144)) ;
#2749=DIRECTION('Axis2P3D Direction',(1.,0.,0.)) ;
#2756=DIRECTION('Vector Direction',(1.,0.,0.)) ;
#2768=DIRECTION('Axis2P3D Direction',(0.,-0.779365950039,-0.626569003318)) ;
#2769=DIRECTION('Axis2P3D XDirection',(0.,0.626569003318,-0.779365950039)) ;
#2773=DIRECTION('Vector Direction',(0.,0.626569003318,-0.779365950039)) ;
#2780=DIRECTION('Vector Direction',(1.,0.,0.)) ;
#2792=DIRECTION('Axis2P3D Direction',(1.,0.,-0.)) ;
#2793=DIRECTION('Axis2P3D XDirection',(0.,0.779365950039,0.626569003318)) ;
#2797=DIRECTION('Axis2P3D Direction',(1.,0.,-0.)) ;
#2804=DIRECTION('Vector Direction',(1.,0.,0.)) ;
#2816=DIRECTION('Vector Direction',(0.,-0.0460315369602,0.998939986989)) ;
#2823=DIRECTION('Vector Direction',(1.,1.14321589232E-11,-2.48089312057E-10)) ;
#2835=DIRECTION('Axis2P3D Direction',(1.,0.,0.)) ;
#2836=DIRECTION('Axis2P3D XDirection',(0.,-0.998939986989,-0.0460315369602)) ;
#2840=DIRECTION('Axis2P3D Direction',(1.,0.,0.)) ;
#2852=DIRECTION('Axis2P3D Direction',(-1.,0.,-8.881784197E-16)) ;
#2853=DIRECTION('Axis2P3D XDirection',(7.9025340958E-16,0.5,-0.866025403784)) ;
#2857=DIRECTION('Vector Direction',(-0.707106781187,-0.707106781186,-7.6773601519E-16)) ;
#2864=DIRECTION('Axis2P3D Direction',(-1.,0.,-8.881784197E-16)) ;
#2871=DIRECTION('Vector Direction',(-0.707106781187,0.353553390593,-0.612372435695)) ;
#2883=DIRECTION('Axis2P3D Direction',(-1.,0.,-8.881784197E-16)) ;
#2884=DIRECTION('Axis2P3D XDirection',(-7.9025340958E-16,-0.5,0.866025403784)) ;
#2888=DIRECTION('Axis2P3D Direction',(-1.,0.,-8.881784197E-16)) ;
#2895=DIRECTION('Vector Direction',(-0.707106781187,0.707106781186,-4.88339242805E-16)) ;
#2907=DIRECTION('Axis2P3D Direction',(-1.,0.,-8.881784197E-16)) ;
#2919=DIRECTION('Axis2P3D Direction',(-1.,-2.79776202206E-14,5.68434188608E-14)) ;
#2920=DIRECTION('Axis2P3D XDirection',(2.79222871385E-14,-1.,-1.224641972E-16)) ;
#2924=DIRECTION('Vector Direction',(-0.707106781187,0.707106781186,4.03675585403E-14)) ;
#2931=DIRECTION('Axis2P3D Direction',(-1.,-2.79776202206E-14,5.68434188608E-14)) ;
#2938=DIRECTION('Vector Direction',(-0.707106781187,-0.707106781186,4.01077727474E-14)) ;
#2950=DIRECTION('Axis2P3D Direction',(-1.,-1.7763568394E-14,0.)) ;
#2951=DIRECTION('Axis2P3D XDirection',(-8.82449640697E-15,0.5,-0.866025403784)) ;
#2955=DIRECTION('Axis2P3D Direction',(-1.,-1.7763568394E-14,0.)) ;
#2962=DIRECTION('Vector Direction',(-0.707106781187,0.353553390593,-0.612372435695)) ;
#2974=DIRECTION('Axis2P3D Direction',(-1.,-2.79776202206E-14,5.68434188608E-14)) ;
#2986=DIRECTION('Vector Direction',(1.,0.,0.)) ;
#2993=DIRECTION('Axis2P3D Direction',(1.,0.,0.)) ;
#3000=DIRECTION('Vector Direction',(1.,0.,0.)) ;
#3012=DIRECTION('Vector Direction',(0.,0.,1.)) ;
#3035=DIRECTION('Vector Direction',(0.,0.,-1.)) ;
#3042=DIRECTION('Vector Direction',(1.,0.,0.)) ;
#3056=DIRECTION('Axis2P3D Direction',(1.,0.,0.)) ;
#3063=DIRECTION('Vector Direction',(1.,0.,0.)) ;
#3075=DIRECTION('Vector Direction',(0.,0.626569003318,-0.779365950039)) ;
#3082=DIRECTION('Vector Direction',(1.,1.55610043369E-10,-1.93559420344E-10)) ;
#3094=DIRECTION('Axis2P3D Direction',(1.,0.,0.)) ;
#3101=DIRECTION('Vector Direction',(1.,0.,0.)) ;
#3113=DIRECTION('Vector Direction',(0.,0.555236395713,0.831692578346)) ;
#3136=DIRECTION('Vector Direction',(4.36422329454E-09,-0.555236395713,-0.831692578346)) ;
#3150=DIRECTION('Vector Direction',(1.,0.,0.)) ;
#3157=DIRECTION('Axis2P3D Direction',(1.,0.,0.)) ;
#3164=DIRECTION('Vector Direction',(1.,0.,0.)) ;
#3176=DIRECTION('Vector Direction',(0.,-0.555236395713,-0.831692578346)) ;
#3202=DIRECTION('Vector Direction',(-2.27366521974E-09,0.555236395713,0.831692578346)) ;
#3209=DIRECTION('Vector Direction',(-1.,-2.29823863644E-10,-3.44250060556E-10)) ;
#3223=DIRECTION('Axis2P3D Direction',(1.,0.,0.)) ;
#3230=DIRECTION('Axis2P3D Direction',(1.,0.,0.)) ;
#3237=DIRECTION('Vector Direction',(1.,0.,0.)) ;
#3250=DIRECTION('Axis2P3D Direction',(0.,-1.,0.)) ;
#3259=DIRECTION('Vector Direction',(0.,0.,-1.)) ;
#3266=DIRECTION('Vector Direction',(1.,0.,-4.13921144274E-10)) ;
#3271=DIRECTION('Vector Direction',(0.,0.,-1.)) ;
#3294=DIRECTION('Vector Direction',(0.,0.,-1.)) ;
#3310=DIRECTION('Axis2P3D Direction',(-1.,0.,0.)) ;
#3317=DIRECTION('Axis2P3D Direction',(-1.,0.,0.)) ;
#3324=DIRECTION('Vector Direction',(-1.,0.,0.)) ;
#3337=DIRECTION('Vector Direction',(0.,0.574943230968,-0.818193303055)) ;
#3344=DIRECTION('Vector Direction',(1.,0.,0.)) ;
#3356=DIRECTION('Axis2P3D Direction',(-1.,0.,0.)) ;
#3363=DIRECTION('Axis2P3D Direction',(-1.,0.,0.)) ;
#3370=DIRECTION('Vector Direction',(-1.,0.,0.)) ;
#3383=DIRECTION('Vector Direction',(1.,0.,0.)) ;
#3390=DIRECTION('Axis2P3D Direction',(1.,0.,-0.)) ;
#3423=DIRECTION('Axis2P3D Direction',(1.,0.,-0.)) ;
#3437=DIRECTION('Vector Direction',(1.,0.,0.)) ;
#3444=DIRECTION('Axis2P3D Direction',(1.,0.,0.)) ;
#3451=DIRECTION('Vector Direction',(1.,0.,0.)) ;
#3463=DIRECTION('Vector Direction',(0.,-0.626569003318,0.779365950039)) ;
#3470=DIRECTION('Vector Direction',(1.,0.,0.)) ;
#3482=DIRECTION('Axis2P3D Direction',(1.,0.,0.)) ;
#3489=DIRECTION('Vector Direction',(1.,0.,0.)) ;
#3501=DIRECTION('Vector Direction',(1.,0.,0.)) ;
#3508=DIRECTION('Vector Direction',(0.,-0.590641708144,-0.806933933232)) ;
#3520=DIRECTION('Axis2P3D Direction',(1.,0.,0.)) ;
#3527=DIRECTION('Vector Direction',(1.,0.,0.)) ;
#3539=DIRECTION('Vector Direction',(0.,0.,-1.)) ;
#3551=DIRECTION('Vector Direction',(1.,0.,0.)) ;
#3558=DIRECTION('Axis2P3D Direction',(1.,0.,0.)) ;
#3565=DIRECTION('Vector Direction',(1.,0.,0.)) ;
#3577=DIRECTION('Vector Direction',(0.,-0.590641708144,-0.806933933232)) ;
#3584=DIRECTION('Vector Direction',(-1.,0.,0.)) ;
#3596=DIRECTION('Axis2P3D Direction',(1.,0.,0.)) ;
#3603=DIRECTION('Vector Direction',(1.,0.,0.)) ;
#3615=DIRECTION('Vector Direction',(0.,-0.0460315369602,0.998939986989)) ;
#3622=DIRECTION('Vector Direction',(1.,0.,0.)) ;
#3634=DIRECTION('Axis2P3D Direction',(1.,0.,-0.)) ;
#3641=DIRECTION('Vector Direction',(1.,0.,0.)) ;
#3653=DIRECTION('Vector Direction',(0.,-0.626569003318,0.779365950039)) ;
#3665=DIRECTION('Vector Direction',(-1.,0.,0.)) ;
#3672=DIRECTION('Vector Direction',(0.,0.626569003318,-0.779365950039)) ;
#3679=DIRECTION('Vector Direction',(1.,0.,0.)) ;
#3691=DIRECTION('Axis2P3D Direction',(-1.,0.,0.)) ;
#3698=DIRECTION('Vector Direction',(-1.,0.,0.)) ;
#3710=DIRECTION('Axis2P3D Direction',(1.,0.,0.)) ;
#3717=DIRECTION('Vector Direction',(1.,0.,0.)) ;
#3729=DIRECTION('Axis2P3D Direction',(-1.,0.,0.)) ;
#3736=DIRECTION('Axis2P3D Direction',(-1.,0.,0.)) ;
#3743=DIRECTION('Vector Direction',(-1.,0.,0.)) ;
#3756=DIRECTION('Vector Direction',(0.,-0.0460315369602,0.998939986989)) ;
#3763=DIRECTION('Vector Direction',(-1.,0.,0.)) ;
#3775=DIRECTION('Axis2P3D Direction',(1.,0.,-0.)) ;
#3787=DIRECTION('Vector Direction',(1.,0.,0.)) ;
#3794=DIRECTION('Axis2P3D Direction',(1.,0.,0.)) ;
#3801=DIRECTION('Vector Direction',(1.,0.,0.)) ;
#3813=DIRECTION('Vector Direction',(0.,-0.626569003318,0.779365950039)) ;
#3820=DIRECTION('Vector Direction',(1.,-1.55610043369E-10,1.93557999258E-10)) ;
#3832=DIRECTION('Axis2P3D Direction',(1.,0.,0.)) ;
#3839=DIRECTION('Vector Direction',(1.,0.,0.)) ;
#3851=DIRECTION('Vector Direction',(1.,0.,0.)) ;
#3858=DIRECTION('Vector Direction',(0.,-0.590641708144,-0.806933933232)) ;
#3870=DIRECTION('Axis2P3D Direction',(1.,0.,0.)) ;
#3871=DIRECTION('Axis2P3D XDirection',(-0.,1.,-5.55111512313E-17)) ;
#3875=DIRECTION('Axis2P3D Direction',(1.,0.,0.)) ;
#3882=DIRECTION('Vector Direction',(1.,0.,0.)) ;
#3894=DIRECTION('Vector Direction',(0.,0.,-1.)) ;
#3906=DIRECTION('Vector Direction',(1.,0.,0.)) ;
#3913=DIRECTION('Axis2P3D Direction',(1.,0.,0.)) ;
#3920=DIRECTION('Vector Direction',(1.,0.,0.)) ;
#3932=DIRECTION('Vector Direction',(0.,-0.0460315369602,0.998939986989)) ;
#3939=DIRECTION('Vector Direction',(-1.,0.,0.)) ;
#3951=DIRECTION('Axis2P3D Direction',(1.,0.,-0.)) ;
#3958=DIRECTION('Vector Direction',(1.,0.,0.)) ;
#3970=DIRECTION('Vector Direction',(0.,0.626569003318,-0.779365950039)) ;
#3977=DIRECTION('Vector Direction',(1.,0.,0.)) ;
#3989=DIRECTION('Axis2P3D Direction',(1.,0.,0.)) ;
#3996=DIRECTION('Vector Direction',(1.,0.,0.)) ;
#4008=DIRECTION('Vector Direction',(0.,-0.590641708144,-0.806933933232)) ;
#4020=DIRECTION('Axis2P3D Direction',(1.,-2.79776202206E-14,5.68434188608E-14)) ;
#4021=DIRECTION('Axis2P3D XDirection',(2.79222871385E-14,1.,0.)) ;
#4025=DIRECTION('Vector Direction',(0.707106781187,0.707106781186,4.01943680117E-14)) ;
#4032=DIRECTION('Vector Direction',(0.707106781187,-0.707106781186,4.0280963276E-14)) ;
#4039=DIRECTION('Axis2P3D Direction',(1.,-2.79776202206E-14,5.68434188608E-14)) ;
#4051=DIRECTION('Axis2P3D Direction',(1.,-2.79776202206E-14,5.68434188608E-14)) ;
#4058=DIRECTION('Vector Direction',(0.707106781187,0.353553390593,-0.612372435695)) ;
#4070=DIRECTION('Axis2P3D Direction',(1.,-1.7763568394E-14,0.)) ;
#4071=DIRECTION('Axis2P3D XDirection',(-8.82449640697E-15,-0.5,0.866025403784)) ;
#4075=DIRECTION('Axis2P3D Direction',(1.,-1.7763568394E-14,0.)) ;
#4087=DIRECTION('Axis2P3D Direction',(1.,0.,-8.881784197E-16)) ;
#4088=DIRECTION('Axis2P3D XDirection',(-7.9025340958E-16,0.5,-0.866025403784)) ;
#4092=DIRECTION('Vector Direction',(0.707106781187,0.707106781186,-2.16471987711E-15)) ;
#4099=DIRECTION('Axis2P3D Direction',(1.,0.,-8.881784197E-16)) ;
#4106=DIRECTION('Vector Direction',(0.707106781187,0.353553390593,-0.612372435695)) ;
#4118=DIRECTION('Axis2P3D Direction',(1.,0.,-8.881784197E-16)) ;
#4119=DIRECTION('Axis2P3D XDirection',(7.9025340958E-16,-0.5,0.866025403784)) ;
#4123=DIRECTION('Axis2P3D Direction',(1.,0.,-8.881784197E-16)) ;
#4130=DIRECTION('Vector Direction',(0.707106781187,-0.707106781186,-5.34905371536E-16)) ;
#4142=DIRECTION('Axis2P3D Direction',(1.,0.,-8.881784197E-16)) ;
#4154=DIRECTION('Axis2P3D Direction',(0.,1.,0.)) ;
#4155=DIRECTION('Axis2P3D XDirection',(-0.87758256189,-0.,0.479425538604)) ;
#4159=DIRECTION('Vector Direction',(0.,1.,0.)) ;
#4164=DIRECTION('Vector Direction',(0.,1.,0.)) ;
#4294=DIRECTION('Axis2P3D Direction',(-3.99680288865E-15,1.,5.68434188608E-14)) ;
#4295=DIRECTION('Axis2P3D XDirection',(0.87758256189,-2.37076022874E-14,0.479425538604)) ;
#4299=DIRECTION('Axis2P3D Direction',(-3.99680288865E-15,1.,5.68434188608E-14)) ;
#4306=DIRECTION('Vector Direction',(-0.620544580563,0.707106781187,-0.339005049421)) ;
#4336=DIRECTION('Axis2P3D Direction',(-1.,0.,0.)) ;
#4337=DIRECTION('Axis2P3D XDirection',(0.,0.454543760729,-0.8907244072)) ;
#4341=DIRECTION('Axis2P3D Direction',(0.,0.971137239783,0.238521406811)) ;
#4348=DIRECTION('Axis2P3D Direction',(-1.,0.,0.)) ;
#4496=DIRECTION('Axis2P3D Direction',(1.,0.,0.)) ;
#4497=DIRECTION('Axis2P3D XDirection',(0.,-0.140210959107,0.990121652599)) ;
#4501=DIRECTION('Axis2P3D Direction',(1.,0.,0.)) ;
#4508=DIRECTION('Axis2P3D Direction',(-0.,0.990121652599,0.140210959107)) ;
#4528=DIRECTION('Axis1P Direction',(-1.,0.,0.)) ;
#4532=DIRECTION('Axis2P3D Direction',(-1.,0.,0.)) ;
#4561=DIRECTION('Axis1P Direction',(-1.,0.,0.)) ;
#4565=DIRECTION('Axis2P3D Direction',(-1.,0.,0.)) ;
#4587=DIRECTION('Axis2P3D Direction',(0.,0.574943230968,-0.818193303055)) ;
#4588=DIRECTION('Axis2P3D XDirection',(-1.83697019872E-16,0.818193303055,0.574943230968)) ;
#4592=DIRECTION('Vector Direction',(0.,0.574943230968,-0.818193303055)) ;
#4599=DIRECTION('Axis2P3D Direction',(0.,0.574943230968,-0.818193303055)) ;
#4618=DIRECTION('Axis1P Direction',(-1.,0.,0.)) ;
#4622=DIRECTION('Axis2P3D Direction',(-1.,0.,0.)) ;
#4651=DIRECTION('Axis1P Direction',(-1.,0.,0.)) ;
#4655=DIRECTION('Axis2P3D Direction',(-1.,0.,0.)) ;
#4677=DIRECTION('Axis2P3D Direction',(0.,0.,-1.)) ;
#4678=DIRECTION('Axis2P3D XDirection',(1.,0.,0.)) ;
#4682=DIRECTION('Vector Direction',(0.,0.,-1.)) ;
#4689=DIRECTION('Axis2P3D Direction',(0.,0.,-1.)) ;
#4701=DIRECTION('Axis2P3D Direction',(0.,-1.,0.)) ;
#4702=DIRECTION('Axis2P3D XDirection',(-1.,0.,1.89478062869E-14)) ;
#4706=DIRECTION('Axis2P3D Direction',(0.,-1.,0.)) ;
#4713=DIRECTION('Axis2P3D Direction',(-1.,0.,1.3524720823E-16)) ;
#4725=DIRECTION('Axis2P3D Direction',(0.,0.,-1.)) ;
#4726=DIRECTION('Axis2P3D XDirection',(1.,0.,0.)) ;
#4730=DIRECTION('Axis2P3D Direction',(0.,0.,-1.)) ;
#4737=DIRECTION('Vector Direction',(0.,0.,-1.)) ;
#4744=DIRECTION('Axis2P3D Direction',(0.,0.,-1.)) ;
#4849=DIRECTION('Vector Direction',(0.,0.,-1.)) ;
#4856=DIRECTION('Axis2P3D Direction',(0.,0.,-1.)) ;
#4868=DIRECTION('Axis2P3D Direction',(1.,0.,0.)) ;
#4869=DIRECTION('Axis2P3D XDirection',(0.,-0.956998583684,0.290092590093)) ;
#4873=DIRECTION('Axis2P3D Direction',(0.,-0.956998583684,0.290092590093)) ;
#4884=DIRECTION('Axis2P3D Direction',(0.,-0.555236395887,-0.83169257823)) ;
#4895=DIRECTION('Axis2P3D Direction',(-0.,0.555236395713,0.831692578346)) ;
#4896=DIRECTION('Axis2P3D XDirection',(1.,0.,0.)) ;
#4900=DIRECTION('Vector Direction',(0.,0.555236395713,0.831692578346)) ;
#4907=DIRECTION('Axis2P3D Direction',(-0.,0.555236395713,0.831692578346)) ;
#5002=DIRECTION('Axis2P3D Direction',(3.69778549322E-32,-0.555236395713,-0.831692578346)) ;
#5003=DIRECTION('Axis2P3D XDirection',(-1.83697019872E-16,0.831692578346,-0.555236395713)) ;
#5007=DIRECTION('Axis2P3D Direction',(3.69778549322E-32,-0.555236395713,-0.831692578346)) ;
#5012=DIRECTION('Axis2P3D Direction',(3.69778549322E-32,-0.555236395713,-0.831692578346)) ;
#5019=DIRECTION('Vector Direction',(0.,-0.555236395713,-0.831692578346)) ;
#5031=DIRECTION('Axis2P3D Direction',(-1.58814684746E-16,0.574093086118,-0.818790039309)) ;
#5032=DIRECTION('Axis2P3D XDirection',(-5.92118946467E-16,0.818790039309,0.574093086118)) ;
#5042=DIRECTION('Axis2P3D Direction',(0.,0.,-1.)) ;
#5043=DIRECTION('Axis2P3D XDirection',(0.,1.,0.)) ;
#5047=DIRECTION('Vector Direction',(0.,0.,-1.)) ;
#5056=DIRECTION('Axis2P3D Direction',(0.,0.,-1.)) ;
#5061=DIRECTION('Axis2P3D Direction',(0.,0.,-1.)) ;
#5073=DIRECTION('Axis2P3D Direction',(0.,1.,0.)) ;
#5074=DIRECTION('Axis2P3D XDirection',(-0.728627343966,0.,0.684910354444)) ;
#5087=DIRECTION('Axis2P3D Direction',(-0.728627343966,0.,0.684910354444)) ;
#5098=DIRECTION('Axis2P3D Direction',(0.,-0.590641708144,-0.806933933232)) ;
#5099=DIRECTION('Axis2P3D XDirection',(1.,0.,0.)) ;
#5103=DIRECTION('Axis2P3D Direction',(0.,-0.590641708144,-0.806933933232)) ;
#5108=DIRECTION('Vector Direction',(0.,-0.590641708144,-0.806933933232)) ;
#5115=DIRECTION('Axis2P3D Direction',(0.,-0.590641708144,-0.806933933232)) ;
#5122=DIRECTION('Axis2P3D Direction',(0.,-0.590641708144,-0.806933933232)) ;
#5136=DIRECTION('Axis2P3D Direction',(1.38777878078E-16,-0.779365950039,-0.626569003318)) ;
#5137=DIRECTION('Axis2P3D XDirection',(0.518846062244,-0.535633595132,0.666254767683)) ;
#5141=DIRECTION('Axis2P3D Direction',(0.854867687829,0.325092860096,-0.404370954225)) ;
#5152=DIRECTION('Axis2P3D Direction',(0.,-0.626569003318,0.779365950039)) ;
#5153=DIRECTION('Axis2P3D XDirection',(0.,-0.779365950039,-0.626569003318)) ;
#5157=DIRECTION('Axis2P3D Direction',(0.,-0.626569003318,0.779365950039)) ;
#5164=DIRECTION('Axis2P3D Direction',(0.,-0.626569003318,0.779365950039)) ;
#5169=DIRECTION('Axis2P3D Direction',(0.,-0.626569003318,0.779365950039)) ;
#5174=DIRECTION('Vector Direction',(0.,-0.626569003318,0.779365950039)) ;
#5187=DIRECTION('Axis2P3D Direction',(0.,1.,0.)) ;
#5188=DIRECTION('Axis2P3D XDirection',(0.366331198203,0.,-0.930484526053)) ;
#5192=DIRECTION('Axis2P3D Direction',(0.930484526053,-0.,0.366331198203)) ;
#5203=DIRECTION('Axis2P3D Direction',(0.,-0.626569003318,0.779365950039)) ;
#5204=DIRECTION('Axis2P3D XDirection',(1.,0.,0.)) ;
#5208=DIRECTION('Axis2P3D Direction',(0.,-0.626569003318,0.779365950039)) ;
#5215=DIRECTION('Vector Direction',(0.,-0.626569003318,0.779365950039)) ;
#5222=DIRECTION('Axis2P3D Direction',(0.,-0.626569003318,0.779365950039)) ;
#5234=DIRECTION('Axis2P3D Direction',(4.71844785466E-16,0.779365950039,0.626569003318)) ;
#5235=DIRECTION('Axis2P3D XDirection',(-0.728981746352,-0.428907244397,0.533501817419)) ;
#5248=DIRECTION('Axis2P3D Direction',(-0.728981746352,-0.428907244397,0.533501817419)) ;
#5259=DIRECTION('Axis2P3D Direction',(0.,-0.0460315369602,0.998939986989)) ;
#5260=DIRECTION('Axis2P3D XDirection',(0.,-0.998939986989,-0.0460315369602)) ;
#5264=DIRECTION('Axis2P3D Direction',(0.,-0.0460315369602,0.998939986989)) ;
#5269=DIRECTION('Vector Direction',(0.,-0.0460315369602,0.998939986989)) ;
#5276=DIRECTION('Axis2P3D Direction',(0.,-0.0460315369602,0.998939986989)) ;
#5283=DIRECTION('Axis2P3D Direction',(0.,-0.0460315369602,0.998939986989)) ;
#5297=DIRECTION('Axis2P3D Direction',(-8.32667268469E-17,0.806933933232,-0.590641708144)) ;
#5298=DIRECTION('Axis2P3D XDirection',(0.366630319607,-0.549513380785,-0.750744465902)) ;
#5302=DIRECTION('Axis2P3D Direction',(0.930366706597,0.21654715823,0.295846445843)) ;
#5313=DIRECTION('Axis2P3D Direction',(0.,-0.590641708144,-0.806933933232)) ;
#5314=DIRECTION('Axis2P3D XDirection',(0.,0.806933933232,-0.590641708144)) ;
#5318=DIRECTION('Axis2P3D Direction',(0.,-0.590641708144,-0.806933933232)) ;
#5325=DIRECTION('Axis2P3D Direction',(0.,-0.590641708144,-0.806933933232)) ;
#5330=DIRECTION('Axis2P3D Direction',(0.,-0.590641708144,-0.806933933232)) ;
#5335=DIRECTION('Vector Direction',(0.,-0.590641708144,-0.806933933232)) ;
#5348=DIRECTION('Axis2P3D Direction',(-1.47104550763E-15,0.779365950039,0.626569003318)) ;
#5349=DIRECTION('Axis2P3D XDirection',(0.518846062244,0.535633595132,-0.666254767683)) ;
#5353=DIRECTION('Axis2P3D Direction',(0.854867687829,-0.325092860096,0.404370954225)) ;
#5364=DIRECTION('Axis2P3D Direction',(0.,0.626569003318,-0.779365950039)) ;
#5365=DIRECTION('Axis2P3D XDirection',(0.,0.779365950039,0.626569003318)) ;
#5369=DIRECTION('Vector Direction',(0.,0.626569003318,-0.779365950039)) ;
#5378=DIRECTION('Axis2P3D Direction',(0.,0.626569003318,-0.779365950039)) ;
#5383=DIRECTION('Axis2P3D Direction',(0.,0.626569003318,-0.779365950039)) ;
#5395=DIRECTION('Axis2P3D Direction',(1.11022302463E-16,0.779365950039,0.626569003318)) ;
#5396=DIRECTION('Axis2P3D XDirection',(-0.728981746352,-0.428907244397,0.533501817419)) ;
#5409=DIRECTION('Axis2P3D Direction',(-0.728981746352,-0.428907244397,0.533501817419)) ;
#5420=DIRECTION('Axis2P3D Direction',(0.,-0.0460315369602,0.998939986989)) ;
#5425=DIRECTION('Vector Direction',(0.,-0.0460315369602,0.998939986989)) ;
#5432=DIRECTION('Axis2P3D Direction',(0.,-0.0460315369602,0.998939986989)) ;
#5452=DIRECTION('Axis1P Direction',(1.,0.,-0.)) ;
#5456=DIRECTION('Axis2P3D Direction',(1.,0.,-0.)) ;
#5485=DIRECTION('Axis1P Direction',(1.,0.,-0.)) ;
#5489=DIRECTION('Axis2P3D Direction',(1.,0.,-0.)) ;
#5511=DIRECTION('Axis2P3D Direction',(-1.,0.,0.)) ;
#5512=DIRECTION('Axis2P3D XDirection',(0.,-0.495066762454,0.868854936519)) ;
#5516=DIRECTION('Axis2P3D Direction',(0.,-0.98723475386,0.159271908294)) ;
#5523=DIRECTION('Axis2P3D Direction',(0.,-0.987233384748,0.159280394398)) ;
#5528=DIRECTION('Axis2P3D Direction',(-1.,0.,0.)) ;
#5541=DIRECTION('Axis2P3D Direction',(-5.55111512313E-17,0.779365950039,0.626569003318)) ;
#5542=DIRECTION('Axis2P3D XDirection',(0.387818146688,0.577531149539,-0.718369582048)) ;
#5546=DIRECTION('Axis2P3D Direction',(0.921735908544,-0.242994829639,0.302252258336)) ;
#5557=DIRECTION('Axis2P3D Direction',(0.,-0.626569003318,0.779365950039)) ;
#5558=DIRECTION('Axis2P3D XDirection',(0.,-0.779365950039,-0.626569003318)) ;
#5562=DIRECTION('Vector Direction',(0.,-0.626569003318,0.779365950039)) ;
#5571=DIRECTION('Axis2P3D Direction',(0.,-0.626569003318,0.779365950039)) ;
#5576=DIRECTION('Axis2P3D Direction',(0.,-0.626569003318,0.779365950039)) ;
#5588=DIRECTION('Axis2P3D Direction',(-2.77555756156E-17,-0.779365950039,-0.626569003318)) ;
#5589=DIRECTION('Axis2P3D XDirection',(-0.708104908566,0.442424911415,-0.550315942187)) ;
#5602=DIRECTION('Axis2P3D Direction',(-0.708104908566,0.442424911415,-0.550315942187)) ;
#5613=DIRECTION('Axis2P3D Direction',(0.,0.,-1.)) ;
#5618=DIRECTION('Vector Direction',(0.,0.,-1.)) ;
#5662=DIRECTION('Axis2P3D Direction',(0.,-0.590641708144,-0.806933933232)) ;
#5663=DIRECTION('Axis2P3D XDirection',(1.,0.,0.)) ;
#5667=DIRECTION('Axis2P3D Direction',(0.,-0.590641708144,-0.806933933232)) ;
#5674=DIRECTION('Axis2P3D Direction',(0.,-0.590641708144,-0.806933933232)) ;
#5679=DIRECTION('Vector Direction',(0.,-0.590641708144,-0.806933933232)) ;
#5692=DIRECTION('Axis2P3D Direction',(-1.38777878078E-16,-0.779365950039,-0.626569003318)) ;
#5693=DIRECTION('Axis2P3D XDirection',(0.518846062244,-0.535633595132,0.666254767683)) ;
#5697=DIRECTION('Axis2P3D Direction',(0.854867687829,0.325092860096,-0.404370954225)) ;
#5708=DIRECTION('Axis2P3D Direction',(0.,0.626569003318,-0.779365950039)) ;
#5709=DIRECTION('Axis2P3D XDirection',(1.,0.,0.)) ;
#5713=DIRECTION('Axis2P3D Direction',(0.,0.626569003318,-0.779365950039)) ;
#5720=DIRECTION('Vector Direction',(0.,0.626569003318,-0.779365950039)) ;
#5727=DIRECTION('Axis2P3D Direction',(0.,0.626569003318,-0.779365950039)) ;
#5739=DIRECTION('Axis2P3D Direction',(-2.77555756156E-17,-0.779365950039,-0.626569003318)) ;
#5740=DIRECTION('Axis2P3D XDirection',(-0.708104908566,0.442424911415,-0.550315942187)) ;
#5753=DIRECTION('Axis2P3D Direction',(-0.708104908566,0.442424911415,-0.550315942187)) ;
#5764=DIRECTION('Axis2P3D Direction',(0.,0.,-1.)) ;
#5769=DIRECTION('Vector Direction',(0.,0.,-1.)) ;
#5776=DIRECTION('Axis2P3D Direction',(0.,0.,-1.)) ;
#5783=DIRECTION('Axis2P3D Direction',(0.,0.,-1.)) ;
#5890=DIRECTION('Axis2P3D Direction',(0.,0.,1.)) ;
#5891=DIRECTION('Axis2P3D XDirection',(1.,0.,0.)) ;
#5895=DIRECTION('Vector Direction',(0.,0.,1.)) ;
#5902=DIRECTION('Axis2P3D Direction',(0.,0.,1.)) ;
#5914=DIRECTION('Axis2P3D Direction',(1.,0.,0.)) ;
#5915=DIRECTION('Axis2P3D XDirection',(0.,0.956998583684,-0.290092590093)) ;
#5919=DIRECTION('Axis2P3D Direction',(0.,0.956998583684,-0.290092590093)) ;
#5930=DIRECTION('Axis2P3D Direction',(-0.,0.555236395293,0.831692578626)) ;
#5941=DIRECTION('Axis2P3D Direction',(0.,-0.555236395713,-0.831692578346)) ;
#5942=DIRECTION('Axis2P3D XDirection',(1.,0.,0.)) ;
#5946=DIRECTION('Vector Direction',(0.,-0.555236395713,-0.831692578346)) ;
#5953=DIRECTION('Axis2P3D Direction',(0.,-0.555236395713,-0.831692578346)) ;
#6048=DIRECTION('Axis2P3D Direction',(0.,0.555236395713,0.831692578346)) ;
#6049=DIRECTION('Axis2P3D XDirection',(0.,-0.831692578346,0.555236395713)) ;
#6053=DIRECTION('Axis2P3D Direction',(0.,0.555236395713,0.831692578346)) ;
#6060=DIRECTION('Axis2P3D Direction',(0.,0.555236395713,0.831692578346)) ;
#6065=DIRECTION('Axis2P3D Direction',(0.,0.555236395713,0.831692578346)) ;
#6072=DIRECTION('Axis2P3D Direction',(0.,0.555236395713,0.831692578346)) ;
#6079=DIRECTION('Vector Direction',(0.,0.555236395713,0.831692578346)) ;
#6093=DIRECTION('Axis2P3D Direction',(-6.85562717706E-15,-0.779365950039,-0.626569003318)) ;
#6094=DIRECTION('Axis2P3D XDirection',(0.514079827999,-0.537434766224,0.668495177617)) ;
#6098=DIRECTION('Axis2P3D Direction',(0.857742345022,0.322106485456,-0.400656313545)) ;
#6109=DIRECTION('Axis2P3D Direction',(0.,-0.590641708144,-0.806933933232)) ;
#6110=DIRECTION('Axis2P3D XDirection',(0.,0.806933933232,-0.590641708144)) ;
#6114=DIRECTION('Vector Direction',(0.,-0.590641708144,-0.806933933232)) ;
#6123=DIRECTION('Axis2P3D Direction',(0.,-0.590641708144,-0.806933933232)) ;
#6128=DIRECTION('Axis2P3D Direction',(0.,-0.590641708144,-0.806933933232)) ;
#6140=DIRECTION('Axis2P3D Direction',(2.77555756156E-17,0.806933933232,-0.590641708144)) ;
#6141=DIRECTION('Axis2P3D XDirection',(-0.545287162086,0.495105006123,0.676411815225)) ;
#6154=DIRECTION('Axis2P3D Direction',(-0.545287162086,0.495105006123,0.676411815225)) ;
#6165=DIRECTION('Axis2P3D Direction',(0.,0.626569003318,-0.779365950039)) ;
#6166=DIRECTION('Axis2P3D XDirection',(0.,0.779365950039,0.626569003318)) ;
#6170=DIRECTION('Axis2P3D Direction',(0.,0.626569003318,-0.779365950039)) ;
#6175=DIRECTION('Vector Direction',(0.,0.626569003318,-0.779365950039)) ;
#6182=DIRECTION('Axis2P3D Direction',(0.,0.626569003318,-0.779365950039)) ;
#6195=DIRECTION('Axis2P3D Direction',(1.11022302463E-16,0.779365950039,0.626569003318)) ;
#6196=DIRECTION('Axis2P3D XDirection',(-0.728981746352,-0.428907244397,0.533501817419)) ;
#6209=DIRECTION('Axis2P3D Direction',(-0.728981746352,-0.428907244397,0.533501817419)) ;
#6220=DIRECTION('Axis2P3D Direction',(0.,-0.0460315369602,0.998939986989)) ;
#6227=DIRECTION('Axis2P3D Direction',(0.,-0.0460315369602,0.998939986989)) ;
#6232=DIRECTION('Axis2P3D Direction',(0.,-0.0460315369602,0.998939986989)) ;
#6237=DIRECTION('Vector Direction',(0.,-0.0460315369602,0.998939986989)) ;
#6251=DIRECTION('Axis2P3D Direction',(-8.32667268469E-17,0.806933933232,-0.590641708144)) ;
#6252=DIRECTION('Axis2P3D XDirection',(0.366630319607,-0.549513380785,-0.750744465902)) ;
#6256=DIRECTION('Axis2P3D Direction',(0.930366706597,0.21654715823,0.295846445843)) ;
#6267=DIRECTION('Axis2P3D Direction',(1.,0.,0.)) ;
#6268=DIRECTION('Axis2P3D XDirection',(0.,1.,-1.7763568394E-15)) ;
#6272=DIRECTION('Vector Direction',(1.,0.,0.)) ;
#6277=DIRECTION('Vector Direction',(1.,0.,0.)) ;
#6298=DIRECTION('Axis2P3D Direction',(1.,0.,0.)) ;
#6299=DIRECTION('Axis2P3D XDirection',(0.,1.,0.)) ;
#6358=DIRECTION('Vector Direction',(1.,0.,0.)) ;
#6363=DIRECTION('Vector Direction',(1.,0.,0.)) ;
#6368=DIRECTION('Vector Direction',(1.,0.,0.)) ;
#6446=DIRECTION('Axis2P3D Direction',(0.,-0.956998583553,0.290092590525)) ;
#6447=DIRECTION('Axis2P3D XDirection',(0.,0.290092590525,0.956998583553)) ;
#6487=DIRECTION('Axis2P3D Direction',(0.,-0.,1.)) ;
#6488=DIRECTION('Axis2P3D XDirection',(0.,1.,0.)) ;
#6492=DIRECTION('Vector Direction',(0.,0.,1.)) ;
#6499=DIRECTION('Axis2P3D Direction',(0.,-0.,1.)) ;
#6594=DIRECTION('Axis2P3D Direction',(0.,0.,-1.)) ;
#6595=DIRECTION('Axis2P3D XDirection',(-1.,0.,0.)) ;
#6599=DIRECTION('Axis2P3D Direction',(0.,0.,-1.)) ;
#6608=DIRECTION('Axis2P3D Direction',(0.,0.,-1.)) ;
#6613=DIRECTION('Axis2P3D Direction',(0.,0.,-1.)) ;
#6620=DIRECTION('Axis2P3D Direction',(0.,0.,-1.)) ;
#6627=DIRECTION('Vector Direction',(0.,0.,-1.)) ;
#6641=DIRECTION('Axis2P3D Direction',(0.,-0.779365950039,-0.626569003318)) ;
#6642=DIRECTION('Axis2P3D XDirection',(-0.366331198202,0.583012762092,-0.725187956644)) ;
#6646=DIRECTION('Axis2P3D Direction',(-0.930484526053,-0.229531773742,0.285506062316)) ;
#6657=DIRECTION('Axis2P3D Direction',(0.,0.626569003318,-0.779365950039)) ;
#6658=DIRECTION('Axis2P3D XDirection',(0.,-0.779365950039,-0.626569003318)) ;
#6662=DIRECTION('Vector Direction',(0.,0.626569003318,-0.779365950039)) ;
#6669=DIRECTION('Axis2P3D Direction',(0.,0.626569003318,-0.779365950039)) ;
#6674=DIRECTION('Axis2P3D Direction',(0.,0.626569003318,-0.779365950039)) ;
#6686=DIRECTION('Axis2P3D Direction',(8.32667268469E-17,-0.779365950039,-0.626569003318)) ;
#6687=DIRECTION('Axis2P3D XDirection',(0.550112532635,-0.523241844117,0.650841128082)) ;
#6700=DIRECTION('Axis2P3D Direction',(0.550112532635,-0.523241844117,0.650841128082)) ;
#6711=DIRECTION('Axis2P3D Direction',(0.,0.555236395713,0.831692578346)) ;
#6712=DIRECTION('Axis2P3D XDirection',(-1.,0.,0.)) ;
#6716=DIRECTION('Axis2P3D Direction',(0.,0.555236395713,0.831692578346)) ;
#6721=DIRECTION('Vector Direction',(0.,0.555236395713,0.831692578346)) ;
#6728=DIRECTION('Axis2P3D Direction',(0.,0.555236395713,0.831692578346)) ;
#6735=DIRECTION('Axis2P3D Direction',(0.,0.555236395713,0.831692578346)) ;
#6842=DIRECTION('Axis2P3D Direction',(0.,-0.555236395713,-0.831692578346)) ;
#6843=DIRECTION('Axis2P3D XDirection',(0.,-0.831692578346,0.555236395713)) ;
#6847=DIRECTION('Vector Direction',(0.,-0.555236395713,-0.831692578346)) ;
#6859=DIRECTION('Axis2P3D Direction',(0.,0.574093086118,-0.818790039309)) ;
#6860=DIRECTION('Axis2P3D XDirection',(-1.,0.,0.)) ;
#6906=DIRECTION('Axis2P3D Direction',(-0.,-0.555236395713,-0.831692578346)) ;
#6907=DIRECTION('Axis2P3D XDirection',(-1.,0.,0.)) ;
#6911=DIRECTION('Vector Direction',(0.,-0.555236395713,-0.831692578346)) ;
#6918=DIRECTION('Axis2P3D Direction',(-0.,-0.555236395713,-0.831692578346)) ;
#7023=DIRECTION('Axis2P3D Direction',(0.,0.555236395713,0.831692578346)) ;
#7024=DIRECTION('Axis2P3D XDirection',(0.,0.831692578346,-0.555236395713)) ;
#7028=DIRECTION('Vector Direction',(0.,0.555236395713,0.831692578346)) ;
#7035=DIRECTION('Axis2P3D Direction',(0.,0.555236395713,0.831692578346)) ;
#7047=DIRECTION('Axis2P3D Direction',(-1.,0.,0.)) ;
#7048=DIRECTION('Axis2P3D XDirection',(0.,0.956998583684,-0.290092590093)) ;
#7052=DIRECTION('Axis2P3D Direction',(0.,0.956998583684,-0.290092590093)) ;
#7063=DIRECTION('Axis2P3D Direction',(-0.,-6.66678231139E-10,-1.)) ;
#7074=DIRECTION('Axis2P3D Direction',(-0.,-1.,0.)) ;
#7075=DIRECTION('Axis2P3D XDirection',(-0.160156757049,0.,-0.987091593101)) ;
#7079=DIRECTION('Axis2P3D Direction',(-0.,-1.,0.)) ;
#7088=DIRECTION('Axis2P3D Direction',(0.,-0.,-1.)) ;
#7093=DIRECTION('Axis2P3D Direction',(-1.,0.,5.55111512313E-17)) ;
#7105=DIRECTION('Axis2P3D Direction',(0.,0.,-1.)) ;
#7106=DIRECTION('Axis2P3D XDirection',(0.,-1.,0.)) ;
#7110=DIRECTION('Vector Direction',(0.,0.,-1.)) ;
#7117=DIRECTION('Axis2P3D Direction',(0.,0.,-1.)) ;
#7129=DIRECTION('Vector Direction',(0.,0.,-1.)) ;
#7136=DIRECTION('Axis2P3D Direction',(0.,0.,-1.)) ;
#7231=DIRECTION('Axis2P3D Direction',(0.,0.,-1.)) ;
#7232=DIRECTION('Axis2P3D XDirection',(1.83697019872E-16,-1.,-0.)) ;
#7236=DIRECTION('Axis2P3D Direction',(0.,0.,-1.)) ;
#7243=DIRECTION('Vector Direction',(0.,0.,-1.)) ;
#7250=DIRECTION('Axis2P3D Direction',(0.,0.,-1.)) ;
#7269=DIRECTION('Axis1P Direction',(-1.,0.,0.)) ;
#7273=DIRECTION('Axis2P3D Direction',(-1.,0.,0.)) ;
#7302=DIRECTION('Axis1P Direction',(-1.,0.,0.)) ;
#7306=DIRECTION('Axis2P3D Direction',(-1.,0.,0.)) ;
#7328=DIRECTION('Axis2P3D Direction',(-7.95886697658E-29,0.574943230968,-0.818193303055)) ;
#7329=DIRECTION('Axis2P3D XDirection',(-1.,-1.5029967145E-16,-1.05615358124E-16)) ;
#7333=DIRECTION('Vector Direction',(0.,0.574943230968,-0.818193303055)) ;
#7340=DIRECTION('Axis2P3D Direction',(-7.95886697658E-29,0.574943230968,-0.818193303055)) ;
#7359=DIRECTION('Axis1P Direction',(-1.,0.,0.)) ;
#7363=DIRECTION('Axis2P3D Direction',(-1.,0.,0.)) ;
#7392=DIRECTION('Axis1P Direction',(-1.,0.,0.)) ;
#7396=DIRECTION('Axis2P3D Direction',(-1.,0.,0.)) ;
#7418=DIRECTION('Axis2P3D Direction',(1.,-0.,0.)) ;
#7419=DIRECTION('Axis2P3D XDirection',(0.,-0.140210959107,0.990121652599)) ;
#7423=DIRECTION('Axis2P3D Direction',(1.,0.,0.)) ;
#7430=DIRECTION('Axis2P3D Direction',(0.,0.667387359776,0.744710757282)) ;
#7556=DIRECTION('Axis2P3D Direction',(-1.,0.,0.)) ;
#7557=DIRECTION('Axis2P3D XDirection',(0.,0.454543760729,-0.8907244072)) ;
#7561=DIRECTION('Axis2P3D Direction',(-0.,-0.42955501419,-0.903040691101)) ;
#7568=DIRECTION('Axis2P3D Direction',(-1.,0.,0.)) ;
#7580=DIRECTION('Axis2P3D Direction',(1.24827011215E-16,1.,9.34942828719E-15)) ;
#7581=DIRECTION('Axis2P3D XDirection',(0.708104908566,6.51330841113E-15,-0.706107242893)) ;
#7594=DIRECTION('Axis2P3D Direction',(0.708104908566,6.51330841113E-15,-0.706107242893)) ;
#7605=DIRECTION('Axis2P3D Direction',(0.,-0.626569003318,0.779365950039)) ;
#7606=DIRECTION('Axis2P3D XDirection',(-1.,0.,0.)) ;
#7610=DIRECTION('Axis2P3D Direction',(0.,-0.626569003318,0.779365950039)) ;
#7617=DIRECTION('Vector Direction',(0.,-0.626569003318,0.779365950039)) ;
#7624=DIRECTION('Axis2P3D Direction',(0.,-0.626569003318,0.779365950039)) ;
#7637=DIRECTION('Axis2P3D Direction',(1.94289029309E-16,-0.779365950039,-0.626569003318)) ;
#7638=DIRECTION('Axis2P3D XDirection',(0.545287162086,-0.525221036623,0.653302972251)) ;
#7651=DIRECTION('Axis2P3D Direction',(0.545287162086,-0.525221036623,0.653302972251)) ;
#7662=DIRECTION('Axis2P3D Direction',(0.,-0.590641708144,-0.806933933232)) ;
#7663=DIRECTION('Axis2P3D XDirection',(0.,-0.806933933232,0.590641708144)) ;
#7667=DIRECTION('Axis2P3D Direction',(0.,-0.590641708144,-0.806933933232)) ;
#7676=DIRECTION('Axis2P3D Direction',(0.,-0.590641708144,-0.806933933232)) ;
#7681=DIRECTION('Axis2P3D Direction',(0.,-0.590641708144,-0.806933933232)) ;
#7686=DIRECTION('Vector Direction',(0.,-0.590641708144,-0.806933933232)) ;
#7700=DIRECTION('Axis2P3D Direction',(2.7070557668E-16,1.,-9.3732536845E-15)) ;
#7701=DIRECTION('Axis2P3D XDirection',(-0.347936238054,8.881784197E-15,0.937518199423)) ;
#7705=DIRECTION('Axis2P3D Direction',(-0.937518199423,-3.00750322049E-15,-0.347936238054)) ;
#7716=DIRECTION('Axis2P3D Direction',(0.,0.,-1.)) ;
#7721=DIRECTION('Vector Direction',(0.,0.,-1.)) ;
#7726=DIRECTION('Axis2P3D Direction',(0.,0.,-1.)) ;
#7738=DIRECTION('Axis2P3D Direction',(1.94289029309E-16,0.779365950039,0.626569003318)) ;
#7739=DIRECTION('Axis2P3D XDirection',(0.545287162086,0.525221036623,-0.653302972251)) ;
#7752=DIRECTION('Axis2P3D Direction',(0.545287162086,0.525221036623,-0.653302972251)) ;
#7763=DIRECTION('Axis2P3D Direction',(-0.,-0.590641708144,-0.806933933232)) ;
#7764=DIRECTION('Axis2P3D XDirection',(-1.,0.,0.)) ;
#7768=DIRECTION('Axis2P3D Direction',(-0.,-0.590641708144,-0.806933933232)) ;
#7775=DIRECTION('Vector Direction',(0.,-0.590641708144,-0.806933933232)) ;
#7782=DIRECTION('Axis2P3D Direction',(-0.,-0.590641708144,-0.806933933232)) ;
#7795=DIRECTION('Axis2P3D Direction',(-2.77555756156E-17,0.806933933232,-0.590641708144)) ;
#7796=DIRECTION('Axis2P3D XDirection',(0.707771961582,-0.417253503859,-0.570051194119)) ;
#7809=DIRECTION('Axis2P3D Direction',(0.707771961582,-0.417253503859,-0.570051194119)) ;
#7820=DIRECTION('Axis2P3D Direction',(0.,-0.0460315369602,0.998939986989)) ;
#7821=DIRECTION('Axis2P3D XDirection',(-1.,0.,0.)) ;
#7825=DIRECTION('Axis2P3D Direction',(0.,-0.0460315369602,0.998939986989)) ;
#7834=DIRECTION('Axis2P3D Direction',(0.,-0.0460315369602,0.998939986989)) ;
#7839=DIRECTION('Axis2P3D Direction',(0.,-0.0460315369602,0.998939986989)) ;
#7844=DIRECTION('Vector Direction',(0.,-0.0460315369602,0.998939986989)) ;
#7858=DIRECTION('Axis2P3D Direction',(6.38378239159E-16,0.779365950039,0.626569003318)) ;
#7859=DIRECTION('Axis2P3D XDirection',(-0.347619155087,-0.587493538563,0.730761428349)) ;
#7863=DIRECTION('Axis2P3D Direction',(-0.937635815771,0.217807387537,-0.270922533056)) ;
#7874=DIRECTION('Axis2P3D Direction',(0.,-0.626569003318,0.779365950039)) ;
#7875=DIRECTION('Axis2P3D XDirection',(0.,0.779365950039,0.626569003318)) ;
#7879=DIRECTION('Vector Direction',(0.,-0.626569003318,0.779365950039)) ;
#7884=DIRECTION('Axis2P3D Direction',(0.,-0.626569003318,0.779365950039)) ;
#7889=DIRECTION('Axis2P3D Direction',(0.,-0.626569003318,0.779365950039)) ;
#7901=DIRECTION('Axis2P3D Direction',(0.,0.626569003318,-0.779365950039)) ;
#7902=DIRECTION('Axis2P3D XDirection',(-1.,0.,0.)) ;
#7906=DIRECTION('Axis2P3D Direction',(0.,0.626569003318,-0.779365950039)) ;
#7913=DIRECTION('Vector Direction',(0.,0.626569003318,-0.779365950039)) ;
#7920=DIRECTION('Axis2P3D Direction',(0.,0.626569003318,-0.779365950039)) ;
#7932=DIRECTION('Axis2P3D Direction',(-5.55111512313E-17,0.779365950039,0.626569003318)) ;
#7933=DIRECTION('Axis2P3D XDirection',(0.684275321682,0.456909001057,-0.568332164222)) ;
#7946=DIRECTION('Axis2P3D Direction',(0.684275321682,0.456909001057,-0.568332164222)) ;
#7957=DIRECTION('Axis2P3D Direction',(-1.,0.,0.)) ;
#7958=DIRECTION('Axis2P3D XDirection',(0.,-0.495066762454,0.868854936519)) ;
#7962=DIRECTION('Axis2P3D Direction',(0.,-0.987233384748,0.159280394397)) ;
#7967=DIRECTION('Axis2P3D Direction',(-1.,0.,0.)) ;
#7974=DIRECTION('Axis2P3D Direction',(-0.,-0.868854936519,-0.495066762454)) ;
#7994=DIRECTION('Axis1P Direction',(1.,0.,-0.)) ;
#7998=DIRECTION('Axis2P3D Direction',(1.,0.,-0.)) ;
#8027=DIRECTION('Axis1P Direction',(1.,0.,-0.)) ;
#8031=DIRECTION('Axis2P3D Direction',(1.,0.,-0.)) ;
#8053=DIRECTION('Axis2P3D Direction',(0.,-0.0460315369602,0.998939986989)) ;
#8060=DIRECTION('Axis2P3D Direction',(0.,-0.0460315369602,0.998939986989)) ;
#8065=DIRECTION('Vector Direction',(0.,-0.0460315369602,0.998939986989)) ;
#8078=DIRECTION('Axis2P3D Direction',(6.38378239159E-16,0.779365950039,0.626569003318)) ;
#8079=DIRECTION('Axis2P3D XDirection',(-0.347619155087,-0.587493538563,0.730761428349)) ;
#8083=DIRECTION('Axis2P3D Direction',(-0.937635815771,0.217807387537,-0.270922533056)) ;
#8094=DIRECTION('Axis2P3D Direction',(1.9844084152E-16,1.,6.9075463462E-15)) ;
#8095=DIRECTION('Axis2P3D XDirection',(0.708104908566,4.73695157173E-15,-0.706107242893)) ;
#8108=DIRECTION('Axis2P3D Direction',(0.708104908566,4.73695157173E-15,-0.706107242893)) ;
#8119=DIRECTION('Axis2P3D Direction',(0.,-0.626569003318,0.779365950039)) ;
#8120=DIRECTION('Axis2P3D XDirection',(-1.,0.,0.)) ;
#8124=DIRECTION('Axis2P3D Direction',(0.,-0.626569003318,0.779365950039)) ;
#8131=DIRECTION('Vector Direction',(0.,-0.626569003318,0.779365950039)) ;
#8138=DIRECTION('Axis2P3D Direction',(0.,-0.626569003318,0.779365950039)) ;
#8151=DIRECTION('Axis2P3D Direction',(-1.11022302463E-16,-0.779365950039,-0.626569003318)) ;
#8152=DIRECTION('Axis2P3D XDirection',(0.545287162086,-0.525221036623,0.653302972251)) ;
#8165=DIRECTION('Axis2P3D Direction',(0.545287162086,-0.525221036623,0.653302972251)) ;
#8176=DIRECTION('Axis2P3D Direction',(0.,-0.590641708144,-0.806933933232)) ;
#8177=DIRECTION('Axis2P3D XDirection',(0.,-0.806933933232,0.590641708144)) ;
#8181=DIRECTION('Axis2P3D Direction',(0.,-0.590641708144,-0.806933933232)) ;
#8190=DIRECTION('Axis2P3D Direction',(0.,-0.590641708144,-0.806933933232)) ;
#8195=DIRECTION('Axis2P3D Direction',(0.,-0.590641708144,-0.806933933232)) ;
#8200=DIRECTION('Vector Direction',(0.,-0.590641708144,-0.806933933232)) ;
#8214=DIRECTION('Axis2P3D Direction',(3.91366836659E-17,1.,-1.45118448971E-14)) ;
#8215=DIRECTION('Axis2P3D XDirection',(-0.347936238054,1.36187357687E-14,0.937518199423)) ;
#8219=DIRECTION('Axis2P3D Direction',(-0.937518199423,-5.01250536752E-15,-0.347936238054)) ;
#8230=DIRECTION('Axis2P3D Direction',(0.,0.,-1.)) ;
#8235=DIRECTION('Vector Direction',(0.,0.,-1.)) ;
#8240=DIRECTION('Axis2P3D Direction',(0.,0.,-1.)) ;
#8252=DIRECTION('Axis2P3D Direction',(-2.77555756156E-17,0.806933933232,-0.590641708144)) ;
#8253=DIRECTION('Axis2P3D XDirection',(0.707771961582,-0.417253503859,-0.570051194119)) ;
#8266=DIRECTION('Axis2P3D Direction',(0.707771961582,-0.417253503859,-0.570051194119)) ;
#8277=DIRECTION('Axis2P3D Direction',(0.,-0.0460315369602,0.998939986989)) ;
#8284=DIRECTION('Vector Direction',(0.,-0.0460315369602,0.998939986989)) ;
#8291=DIRECTION('Axis2P3D Direction',(0.,-0.0460315369602,0.998939986989)) ;
#8298=DIRECTION('Axis2P3D Direction',(0.,-0.0460315369602,0.998939986989)) ;
#8312=DIRECTION('Axis2P3D Direction',(6.38378239159E-16,0.779365950039,0.626569003318)) ;
#8313=DIRECTION('Axis2P3D XDirection',(-0.347619155087,-0.587493538563,0.730761428349)) ;
#8317=DIRECTION('Axis2P3D Direction',(-0.937635815771,0.217807387537,-0.270922533056)) ;
#8328=DIRECTION('Axis2P3D Direction',(0.,0.626569003318,-0.779365950039)) ;
#8329=DIRECTION('Axis2P3D XDirection',(-1.,0.,0.)) ;
#8333=DIRECTION('Axis2P3D Direction',(0.,0.626569003318,-0.779365950039)) ;
#8342=DIRECTION('Axis2P3D Direction',(0.,0.626569003318,-0.779365950039)) ;
#8347=DIRECTION('Axis2P3D Direction',(0.,0.626569003318,-0.779365950039)) ;
#8352=DIRECTION('Vector Direction',(0.,0.626569003318,-0.779365950039)) ;
#8365=DIRECTION('Axis2P3D Direction',(0.,0.806933933232,-0.590641708144)) ;
#8366=DIRECTION('Axis2P3D XDirection',(-0.518846062245,0.504920511376,0.689821745732)) ;
#8370=DIRECTION('Axis2P3D Direction',(-0.854867687828,-0.306452124468,-0.418674493749)) ;
#8381=DIRECTION('Axis2P3D Direction',(-0.,-0.590641708144,-0.806933933232)) ;
#8382=DIRECTION('Axis2P3D XDirection',(-1.,0.,0.)) ;
#8386=DIRECTION('Axis2P3D Direction',(-0.,-0.590641708144,-0.806933933232)) ;
#8391=DIRECTION('Vector Direction',(0.,-0.590641708144,-0.806933933232)) ;
#8396=DIRECTION('Axis2P3D Direction',(-0.,-0.590641708144,-0.806933933232)) ;
#8408=DIRECTION('Axis2P3D Direction',(0.,-1.,-0.)) ;
#8409=DIRECTION('Axis2P3D XDirection',(0.87758256189,-0.,0.479425538604)) ;
#8413=DIRECTION('Vector Direction',(0.,-1.,0.)) ;
#8418=DIRECTION('Vector Direction',(0.,-1.,0.)) ;
#8441=DIRECTION('Axis2P3D Direction',(-1.,0.,0.)) ;
#8442=DIRECTION('Axis2P3D XDirection',(0.,-1.,0.)) ;
#8446=DIRECTION('Vector Direction',(0.,-1.,9.229821649E-10)) ;
#8451=DIRECTION('Vector Direction',(0.,0.999907754309,-0.013582447222)) ;
#8464=DIRECTION('Axis2P3D Direction',(2.77555756156E-17,0.90304069108,-0.429555014235)) ;
#8465=DIRECTION('Axis2P3D XDirection',(0.820845785287,0.245340299103,0.51577159132)) ;
#8478=DIRECTION('Axis2P3D Direction',(-0.571149889938,0.352598422984,0.741257145215)) ;
#8502=DIRECTION('Axis2P3D Direction',(0.,-1.,0.)) ;
#8503=DIRECTION('Axis2P3D XDirection',(-1.,0.,0.)) ;
#8507=DIRECTION('Vector Direction',(0.,-1.,0.)) ;
#8512=DIRECTION('Vector Direction',(0.,-1.,0.)) ;
#8524=DIRECTION('Axis2P3D Direction',(1.,0.,0.)) ;
#8525=DIRECTION('Axis2P3D XDirection',(0.,1.,0.)) ;
#8540=DIRECTION('Axis2P3D Direction',(0.,-1.,0.)) ;
#8541=DIRECTION('Axis2P3D XDirection',(0.258819045103,0.,0.965925826289)) ;
#8545=DIRECTION('Axis2P3D Direction',(0.,-1.,0.)) ;
#8552=DIRECTION('Axis2P3D Direction',(0.965925826289,0.,-0.258819045103)) ;
#8563=DIRECTION('Axis2P3D Direction',(0.,-1.,0.)) ;
#8574=DIRECTION('Axis2P3D Direction',(4.26831142717E-15,-1.,1.15163108624E-16)) ;
#8575=DIRECTION('Axis2P3D XDirection',(0.84670208831,3.5527136788E-15,-0.532067264217)) ;
#8587=DIRECTION('Axis2P3D Direction',(-0.532067264217,-2.36853762845E-15,-0.84670208831)) ;
#8611=DIRECTION('Axis2P3D Direction',(0.,-0.99990775431,0.0135824471275)) ;
#8612=DIRECTION('Axis2P3D XDirection',(1.83697019872E-16,0.0135824471275,0.99990775431)) ;
#8616=DIRECTION('Vector Direction',(0.,-0.99990775431,0.0135824471275)) ;
#8621=DIRECTION('Vector Direction',(0.,-0.99990775431,0.0135824471275)) ;
#8639=DIRECTION('Axis2P3D Direction',(3.83026943496E-15,0.831692578346,-0.555236395713)) ;
#8640=DIRECTION('Axis2P3D XDirection',(0.466412462524,-0.491143992865,-0.735688108559)) ;
#8652=DIRECTION('Axis2P3D Direction',(0.88456736024,0.258969174607,0.387911783529)) ;
#8769=DIRECTION('Vector Direction',(0.,0.999907754317,-0.013582446652)) ;
#8787=DIRECTION('Axis2P3D Direction',(-5.20417042793E-18,0.0135824471275,0.99990775431)) ;
#8788=DIRECTION('Axis2P3D XDirection',(0.846746307799,-0.531947814884,0.00722581962096)) ;
#8792=DIRECTION('Axis2P3D Direction',(9.05485200677E-12,-0.99990775431,0.0135824471275)) ;
#8797=DIRECTION('Axis2P3D Direction',(0.846746307799,-0.531947814884,0.00722581962097)) ;
#8814=DIRECTION('Axis2P3D Direction',(0.,0.99990775431,-0.0135824471275)) ;
#8815=DIRECTION('Axis2P3D XDirection',(1.83697019872E-16,-0.0135824471275,-0.99990775431)) ;
#8819=DIRECTION('Vector Direction',(0.,0.99990775431,-0.0135824471275)) ;
#8824=DIRECTION('Vector Direction',(0.,0.99990775431,-0.0135824471275)) ;
#8842=DIRECTION('Axis2P3D Direction',(1.77028530723E-15,0.0135824471275,0.99990775431)) ;
#8843=DIRECTION('Axis2P3D XDirection',(-0.599373235286,-0.800395850255,0.0108723372434)) ;
#8847=DIRECTION('Axis2P3D Direction',(-0.599373235286,-0.800395850255,0.0108723372434)) ;
#8896=DIRECTION('Axis2P3D Direction',(1.,0.,0.)) ;
#8897=DIRECTION('Axis2P3D XDirection',(0.,1.,0.)) ;
#8901=DIRECTION('Vector Direction',(0.,0.999907754667,-0.0135824208607)) ;
#8912=DIRECTION('Axis2P3D Direction',(5.49737443326E-30,0.99990775431,-0.0135824471275)) ;
#8913=DIRECTION('Axis2P3D XDirection',(1.,2.49505505989E-18,1.83680074614E-16)) ;
#8917=DIRECTION('Vector Direction',(0.,0.99990775431,-0.0135824471275)) ;
#8924=DIRECTION('Vector Direction',(0.,0.99990775431,-0.0135824471275)) ;
#8937=DIRECTION('Axis2P3D Direction',(-5.20417042793E-18,0.0135824471275,0.99990775431)) ;
#8938=DIRECTION('Axis2P3D XDirection',(0.532067264217,0.846623983692,-0.0115002863472)) ;
#8942=DIRECTION('Axis2P3D Direction',(0.532067264217,0.846623983692,-0.0115002863472)) ;
#8959=DIRECTION('Axis2P3D Direction',(-9.05433382482E-12,0.99990775431,-0.0135824471275)) ;
#8970=DIRECTION('Axis2P3D Direction',(-1.,0.,0.)) ;
#8971=DIRECTION('Axis2P3D XDirection',(0.,-1.,0.)) ;
#8975=DIRECTION('Vector Direction',(0.,-0.999907754317,0.013582446652)) ;
#8993=DIRECTION('Axis2P3D Direction',(0.,0.0135824471275,0.99990775431)) ;
#8994=DIRECTION('Axis2P3D XDirection',(-0.88456736024,0.466369437985,-0.00633502261185)) ;
#9006=DIRECTION('Axis2P3D Direction',(-0.88456736024,0.466369437985,-0.00633502261185)) ;
#9023=DIRECTION('Vector Direction',(0.,-0.999907754602,0.0135824256524)) ;
#9028=DIRECTION('Vector Direction',(0.,-1.,0.)) ;
#9041=DIRECTION('Axis2P3D Direction',(-0.,-0.885008945178,-0.465574018772)) ;
#9042=DIRECTION('Axis2P3D XDirection',(-1.,0.,0.)) ;
#9060=DIRECTION('Axis2P3D Direction',(5.49737443326E-30,-0.99990775431,0.0135824471275)) ;
#9061=DIRECTION('Axis2P3D XDirection',(1.,-2.49505505989E-18,-1.83680074614E-16)) ;
#9065=DIRECTION('Vector Direction',(0.,-0.99990775431,0.0135824471275)) ;
#9070=DIRECTION('Vector Direction',(0.,-0.99990775431,0.0135824471275)) ;
#9088=DIRECTION('Axis2P3D Direction',(0.,-1.,0.)) ;
#9089=DIRECTION('Axis2P3D XDirection',(0.,0.,-1.)) ;
#9093=DIRECTION('Vector Direction',(0.,-1.,0.)) ;
#9100=DIRECTION('Axis2P3D Direction',(0.,-1.,0.)) ;
#9107=DIRECTION('Vector Direction',(0.,-1.,0.)) ;
#9119=DIRECTION('Axis2P3D Direction',(0.,-1.,0.)) ;
#9120=DIRECTION('Axis2P3D XDirection',(0.258819045103,0.,0.965925826289)) ;
#9124=DIRECTION('Axis2P3D Direction',(0.,-1.,0.)) ;
#9131=DIRECTION('Axis2P3D Direction',(0.258819045103,0.,0.965925826289)) ;
#9142=DIRECTION('Axis2P3D Direction',(1.,0.,0.)) ;
#9159=DIRECTION('Axis2P3D Direction',(-1.23259516441E-31,0.70228824313,-0.711892705091)) ;
#9160=DIRECTION('Axis2P3D XDirection',(2.96059473233E-16,-0.711892705091,-0.70228824313)) ;
#9199=DIRECTION('Axis2P3D Direction',(0.,-1.,0.)) ;
#9210=DIRECTION('Axis2P3D Direction',(1.,0.,-0.)) ;
#9211=DIRECTION('Axis2P3D XDirection',(0.,0.90304069108,-0.429555014235)) ;
#9215=DIRECTION('Axis2P3D Direction',(1.,-0.,0.)) ;
#9227=DIRECTION('Axis2P3D Direction',(0.,0.90304069108,-0.429555014235)) ;
#9228=DIRECTION('Axis2P3D XDirection',(-0.493507174389,0.373601919216,0.785412168727)) ;
#9240=DIRECTION('Axis2P3D Direction',(-0.869741725357,-0.21198848132,-0.445657059813)) ;
#9381=DIRECTION('Axis2P3D Direction',(0.,-1.,0.)) ;
#9382=DIRECTION('Axis2P3D XDirection',(1.,0.,-1.83697019872E-16)) ;
#9395=DIRECTION('Axis2P3D Direction',(5.49737443326E-30,0.99990775431,-0.0135824471275)) ;
#9396=DIRECTION('Axis2P3D XDirection',(1.,2.49505505989E-18,1.83680074614E-16)) ;
#9409=DIRECTION('Axis2P3D Direction',(0.,0.99990775431,-0.0135824471275)) ;
#9410=DIRECTION('Axis2P3D XDirection',(0.,0.0135824471275,0.99990775431)) ;
#9421=DIRECTION('Axis2P3D Direction',(0.,-0.99990775431,0.0135824471275)) ;
#9422=DIRECTION('Axis2P3D XDirection',(1.83697019872E-16,0.0135824471275,0.99990775431)) ;
#9434=DIRECTION('Axis2P3D Direction',(0.,0.99990775431,-0.0135824471275)) ;
#9435=DIRECTION('Axis2P3D XDirection',(1.83697019872E-16,-0.0135824471275,-0.99990775431)) ;
#9446=DIRECTION('Axis2P3D Direction',(0.,-1.,0.)) ;
#9447=DIRECTION('Axis2P3D XDirection',(1.83697019872E-16,0.,1.)) ;
#15=AXIS2_PLACEMENT_3D('',#14,$,$) ;
#34=AXIS2_PLACEMENT_3D('Cone Axis2P3D',#31,#32,#33) ;
#47=AXIS2_PLACEMENT_3D('Circle Axis2P3D',#45,#46,$) ;
#65=AXIS2_PLACEMENT_3D('Circle Axis2P3D',#63,#64,$) ;
#77=AXIS2_PLACEMENT_3D('Cylinder Axis2P3D',#74,#75,#76) ;
#81=AXIS2_PLACEMENT_3D('Circle Axis2P3D',#79,#80,$) ;
#107=AXIS2_PLACEMENT_3D('Circle Axis2P3D',#105,#106,$) ;
#114=AXIS2_PLACEMENT_3D('Circle Axis2P3D',#112,#113,$) ;
#128=AXIS2_PLACEMENT_3D('Cone Axis2P3D',#125,#126,#127) ;
#146=AXIS2_PLACEMENT_3D('Circle Axis2P3D',#144,#145,$) ;
#158=AXIS2_PLACEMENT_3D('Circle Axis2P3D',#156,#157,$) ;
#178=AXIS2_PLACEMENT_3D('Cone Axis2P3D',#175,#176,#177) ;
#182=AXIS2_PLACEMENT_3D('Circle Axis2P3D',#180,#181,$) ;
#195=AXIS2_PLACEMENT_3D('Plane Axis2P3D',#192,#193,#194) ;
#233=AXIS2_PLACEMENT_3D('Circle Axis2P3D',#231,#232,$) ;
#242=AXIS2_PLACEMENT_3D('Circle Axis2P3D',#240,#241,$) ;
#249=AXIS2_PLACEMENT_3D('Circle Axis2P3D',#247,#248,$) ;
#266=AXIS2_PLACEMENT_3D('Cylinder Axis2P3D',#263,#264,#265) ;
#279=AXIS2_PLACEMENT_3D('Circle Axis2P3D',#277,#278,$) ;
#284=AXIS2_PLACEMENT_3D('Circle Axis2P3D',#282,#283,$) ;
#297=AXIS2_PLACEMENT_3D('Plane Axis2P3D',#294,#295,#296) ;
#308=AXIS2_PLACEMENT_3D('Circle Axis2P3D',#306,#307,$) ;
#322=AXIS2_PLACEMENT_3D('Circle Axis2P3D',#320,#321,$) ;
#343=AXIS2_PLACEMENT_3D('Circle Axis2P3D',#341,#342,$) ;
#352=AXIS2_PLACEMENT_3D('Circle Axis2P3D',#350,#351,$) ;
#359=AXIS2_PLACEMENT_3D('Circle Axis2P3D',#357,#358,$) ;
#373=AXIS2_PLACEMENT_3D('Circle Axis2P3D',#371,#372,$) ;
#387=AXIS2_PLACEMENT_3D('Circle Axis2P3D',#385,#386,$) ;
#401=AXIS2_PLACEMENT_3D('Circle Axis2P3D',#399,#400,$) ;
#426=AXIS2_PLACEMENT_3D('Circle Axis2P3D',#424,#425,$) ;
#440=AXIS2_PLACEMENT_3D('Circle Axis2P3D',#438,#439,$) ;
#454=AXIS2_PLACEMENT_3D('Circle Axis2P3D',#452,#453,$) ;
#476=AXIS2_PLACEMENT_3D('Circle Axis2P3D',#474,#475,$) ;
#490=AXIS2_PLACEMENT_3D('Circle Axis2P3D',#488,#489,$) ;
#504=AXIS2_PLACEMENT_3D('Circle Axis2P3D',#502,#503,$) ;
#526=AXIS2_PLACEMENT_3D('Circle Axis2P3D',#524,#525,$) ;
#540=AXIS2_PLACEMENT_3D('Circle Axis2P3D',#538,#539,$) ;
#547=AXIS2_PLACEMENT_3D('Circle Axis2P3D',#545,#546,$) ;
#554=AXIS2_PLACEMENT_3D('Circle Axis2P3D',#552,#553,$) ;
#576=AXIS2_PLACEMENT_3D('Circle Axis2P3D',#574,#575,$) ;
#597=AXIS2_PLACEMENT_3D('Circle Axis2P3D',#595,#596,$) ;
#618=AXIS2_PLACEMENT_3D('Circle Axis2P3D',#616,#617,$) ;
#632=AXIS2_PLACEMENT_3D('Circle Axis2P3D',#630,#631,$) ;
#646=AXIS2_PLACEMENT_3D('Circle Axis2P3D',#644,#645,$) ;
#668=AXIS2_PLACEMENT_3D('Circle Axis2P3D',#666,#667,$) ;
#682=AXIS2_PLACEMENT_3D('Circle Axis2P3D',#680,#681,$) ;
#696=AXIS2_PLACEMENT_3D('Circle Axis2P3D',#694,#695,$) ;
#709=AXIS2_PLACEMENT_3D('Circle Axis2P3D',#707,#708,$) ;
#718=AXIS2_PLACEMENT_3D('Circle Axis2P3D',#716,#717,$) ;
#725=AXIS2_PLACEMENT_3D('Circle Axis2P3D',#723,#724,$) ;
#735=AXIS2_PLACEMENT_3D('Circle Axis2P3D',#733,#734,$) ;
#744=AXIS2_PLACEMENT_3D('Circle Axis2P3D',#742,#743,$) ;
#751=AXIS2_PLACEMENT_3D('Circle Axis2P3D',#749,#750,$) ;
#763=AXIS2_PLACEMENT_3D('Plane Axis2P3D',#760,#761,#762) ;
#787=AXIS2_PLACEMENT_3D('Plane Axis2P3D',#784,#785,#786) ;
#791=AXIS2_PLACEMENT_3D('Circle Axis2P3D',#789,#790,$) ;
#805=AXIS2_PLACEMENT_3D('Circle Axis2P3D',#803,#804,$) ;
#826=AXIS2_PLACEMENT_3D('Circle Axis2P3D',#824,#825,$) ;
#842=AXIS2_PLACEMENT_3D('Circle Axis2P3D',#840,#841,$) ;
#856=AXIS2_PLACEMENT_3D('Circle Axis2P3D',#854,#855,$) ;
#876=AXIS2_PLACEMENT_3D('Circle Axis2P3D',#874,#875,$) ;
#1013=AXIS2_PLACEMENT_3D('Circle Axis2P3D',#1011,#1012,$) ;
#1029=AXIS2_PLACEMENT_3D('Circle Axis2P3D',#1027,#1028,$) ;
#1043=AXIS2_PLACEMENT_3D('Circle Axis2P3D',#1041,#1042,$) ;
#1063=AXIS2_PLACEMENT_3D('Circle Axis2P3D',#1061,#1062,$) ;
#1108=AXIS2_PLACEMENT_3D('Circle Axis2P3D',#1106,#1107,$) ;
#1137=AXIS2_PLACEMENT_3D('Circle Axis2P3D',#1135,#1136,$) ;
#1211=AXIS2_PLACEMENT_3D('Circle Axis2P3D',#1209,#1210,$) ;
#1227=AXIS2_PLACEMENT_3D('Circle Axis2P3D',#1225,#1226,$) ;
#1241=AXIS2_PLACEMENT_3D('Circle Axis2P3D',#1239,#1240,$) ;
#1321=AXIS2_PLACEMENT_3D('Circle Axis2P3D',#1319,#1320,$) ;
#1341=AXIS2_PLACEMENT_3D('Circle Axis2P3D',#1339,#1340,$) ;
#1350=AXIS2_PLACEMENT_3D('Circle Axis2P3D',#1348,#1349,$) ;
#1357=AXIS2_PLACEMENT_3D('Circle Axis2P3D',#1355,#1356,$) ;
#1367=AXIS2_PLACEMENT_3D('Circle Axis2P3D',#1365,#1366,$) ;
#1376=AXIS2_PLACEMENT_3D('Circle Axis2P3D',#1374,#1375,$) ;
#1383=AXIS2_PLACEMENT_3D('Circle Axis2P3D',#1381,#1382,$) ;
#1395=AXIS2_PLACEMENT_3D('Cone Axis2P3D',#1392,#1393,#1394) ;
#1406=AXIS2_PLACEMENT_3D('Circle Axis2P3D',#1404,#1405,$) ;
#1426=AXIS2_PLACEMENT_3D('Cone Axis2P3D',#1423,#1424,#1425) ;
#1430=AXIS2_PLACEMENT_3D('Circle Axis2P3D',#1428,#1429,$) ;
#1449=AXIS2_PLACEMENT_3D('Circle Axis2P3D',#1447,#1448,$) ;
#1462=AXIS2_PLACEMENT_3D('Plane Axis2P3D',#1459,#1460,#1461) ;
#1551=AXIS2_PLACEMENT_3D('Cylinder Axis2P3D',#1548,#1549,#1550) ;
#1602=AXIS2_PLACEMENT_3D('Plane Axis2P3D',#1599,#1600,#1601) ;
#1611=AXIS2_PLACEMENT_3D('Circle Axis2P3D',#1609,#1610,$) ;
#1618=AXIS2_PLACEMENT_3D('Circle Axis2P3D',#1616,#1617,$) ;
#1634=AXIS2_PLACEMENT_3D('Cylinder Axis2P3D',#1631,#1632,#1633) ;
#1659=AXIS2_PLACEMENT_3D('Circle Axis2P3D',#1657,#1658,$) ;
#1682=AXIS2_PLACEMENT_3D('Circle Axis2P3D',#1680,#1681,$) ;
#1696=AXIS2_PLACEMENT_3D('Circle Axis2P3D',#1694,#1695,$) ;
#1716=AXIS2_PLACEMENT_3D('Cylinder Axis2P3D',#1713,#1714,#1715) ;
#1720=AXIS2_PLACEMENT_3D('Circle Axis2P3D',#1718,#1719,$) ;
#1727=AXIS2_PLACEMENT_3D('Circle Axis2P3D',#1725,#1726,$) ;
#1748=AXIS2_PLACEMENT_3D('Plane Axis2P3D',#1745,#1746,#1747) ;
#1772=AXIS2_PLACEMENT_3D('Cylinder Axis2P3D',#1769,#1770,#1771) ;
#1776=AXIS2_PLACEMENT_3D('Circle Axis2P3D',#1774,#1775,$) ;
#1783=AXIS2_PLACEMENT_3D('Circle Axis2P3D',#1781,#1782,$) ;
#1804=AXIS2_PLACEMENT_3D('Plane Axis2P3D',#1801,#1802,#1803) ;
#1815=AXIS2_PLACEMENT_3D('Circle Axis2P3D',#1813,#1814,$) ;
#1869=AXIS2_PLACEMENT_3D('Cylinder Axis2P3D',#1866,#1867,#1868) ;
#1873=AXIS2_PLACEMENT_3D('Circle Axis2P3D',#1871,#1872,$) ;
#1880=AXIS2_PLACEMENT_3D('Circle Axis2P3D',#1878,#1879,$) ;
#1901=AXIS2_PLACEMENT_3D('Plane Axis2P3D',#1898,#1899,#1900) ;
#1953=AXIS2_PLACEMENT_3D('Cylinder Axis2P3D',#1950,#1951,#1952) ;
#1957=AXIS2_PLACEMENT_3D('Circle Axis2P3D',#1955,#1956,$) ;
#1970=AXIS2_PLACEMENT_3D('Plane Axis2P3D',#1967,#1968,#1969) ;
#2001=AXIS2_PLACEMENT_3D('Cylinder Axis2P3D',#1998,#1999,#2000) ;
#2005=AXIS2_PLACEMENT_3D('Circle Axis2P3D',#2003,#2004,$) ;
#2025=AXIS2_PLACEMENT_3D('Plane Axis2P3D',#2022,#2023,#2024) ;
#2049=AXIS2_PLACEMENT_3D('Cylinder Axis2P3D',#2046,#2047,#2048) ;
#2053=AXIS2_PLACEMENT_3D('Circle Axis2P3D',#2051,#2052,$) ;
#2073=AXIS2_PLACEMENT_3D('Plane Axis2P3D',#2070,#2071,#2072) ;
#2097=AXIS2_PLACEMENT_3D('Cylinder Axis2P3D',#2094,#2095,#2096) ;
#2101=AXIS2_PLACEMENT_3D('Circle Axis2P3D',#2099,#2100,$) ;
#2114=AXIS2_PLACEMENT_3D('Plane Axis2P3D',#2111,#2112,#2113) ;
#2145=AXIS2_PLACEMENT_3D('Cylinder Axis2P3D',#2142,#2143,#2144) ;
#2149=AXIS2_PLACEMENT_3D('Circle Axis2P3D',#2147,#2148,$) ;
#2169=AXIS2_PLACEMENT_3D('Plane Axis2P3D',#2166,#2167,#2168) ;
#2193=AXIS2_PLACEMENT_3D('Cylinder Axis2P3D',#2190,#2191,#2192) ;
#2197=AXIS2_PLACEMENT_3D('Circle Axis2P3D',#2195,#2196,$) ;
#2217=AXIS2_PLACEMENT_3D('Plane Axis2P3D',#2214,#2215,#2216) ;
#2241=AXIS2_PLACEMENT_3D('Cylinder Axis2P3D',#2238,#2239,#2240) ;
#2245=AXIS2_PLACEMENT_3D('Circle Axis2P3D',#2243,#2244,$) ;
#2258=AXIS2_PLACEMENT_3D('Plane Axis2P3D',#2255,#2256,#2257) ;
#2289=AXIS2_PLACEMENT_3D('Cylinder Axis2P3D',#2286,#2287,#2288) ;
#2293=AXIS2_PLACEMENT_3D('Circle Axis2P3D',#2291,#2292,$) ;
#2332=AXIS2_PLACEMENT_3D('Cylinder Axis2P3D',#2329,#2330,#2331) ;
#2336=AXIS2_PLACEMENT_3D('Circle Axis2P3D',#2334,#2335,$) ;
#2343=AXIS2_PLACEMENT_3D('Circle Axis2P3D',#2341,#2342,$) ;
#2363=AXIS2_PLACEMENT_3D('Circle Axis2P3D',#2361,#2362,$) ;
#2383=AXIS2_PLACEMENT_3D('Cylinder Axis2P3D',#2380,#2381,#2382) ;
#2387=AXIS2_PLACEMENT_3D('Circle Axis2P3D',#2385,#2386,$) ;
#2400=AXIS2_PLACEMENT_3D('Plane Axis2P3D',#2397,#2398,#2399) ;
#2431=AXIS2_PLACEMENT_3D('Cylinder Axis2P3D',#2428,#2429,#2430) ;
#2435=AXIS2_PLACEMENT_3D('Circle Axis2P3D',#2433,#2434,$) ;
#2474=AXIS2_PLACEMENT_3D('Plane Axis2P3D',#2471,#2472,#2473) ;
#2498=AXIS2_PLACEMENT_3D('Cylinder Axis2P3D',#2495,#2496,#2497) ;
#2502=AXIS2_PLACEMENT_3D('Circle Axis2P3D',#2500,#2501,$) ;
#2515=AXIS2_PLACEMENT_3D('Plane Axis2P3D',#2512,#2513,#2514) ;
#2546=AXIS2_PLACEMENT_3D('Cylinder Axis2P3D',#2543,#2544,#2545) ;
#2550=AXIS2_PLACEMENT_3D('Circle Axis2P3D',#2548,#2549,$) ;
#2614=AXIS2_PLACEMENT_3D('Cylinder Axis2P3D',#2611,#2612,#2613) ;
#2618=AXIS2_PLACEMENT_3D('Circle Axis2P3D',#2616,#2617,$) ;
#2625=AXIS2_PLACEMENT_3D('Circle Axis2P3D',#2623,#2624,$) ;
#2646=AXIS2_PLACEMENT_3D('Plane Axis2P3D',#2643,#2644,#2645) ;
#2698=AXIS2_PLACEMENT_3D('Cylinder Axis2P3D',#2695,#2696,#2697) ;
#2702=AXIS2_PLACEMENT_3D('Circle Axis2P3D',#2700,#2701,$) ;
#2715=AXIS2_PLACEMENT_3D('Plane Axis2P3D',#2712,#2713,#2714) ;
#2746=AXIS2_PLACEMENT_3D('Cylinder Axis2P3D',#2743,#2744,#2745) ;
#2750=AXIS2_PLACEMENT_3D('Circle Axis2P3D',#2748,#2749,$) ;
#2770=AXIS2_PLACEMENT_3D('Plane Axis2P3D',#2767,#2768,#2769) ;
#2794=AXIS2_PLACEMENT_3D('Cylinder Axis2P3D',#2791,#2792,#2793) ;
#2798=AXIS2_PLACEMENT_3D('Circle Axis2P3D',#2796,#2797,$) ;
#2837=AXIS2_PLACEMENT_3D('Cylinder Axis2P3D',#2834,#2835,#2836) ;
#2841=AXIS2_PLACEMENT_3D('Circle Axis2P3D',#2839,#2840,$) ;
#2854=AXIS2_PLACEMENT_3D('Cone Axis2P3D',#2851,#2852,#2853) ;
#2865=AXIS2_PLACEMENT_3D('Circle Axis2P3D',#2863,#2864,$) ;
#2885=AXIS2_PLACEMENT_3D('Cone Axis2P3D',#2882,#2883,#2884) ;
#2889=AXIS2_PLACEMENT_3D('Circle Axis2P3D',#2887,#2888,$) ;
#2908=AXIS2_PLACEMENT_3D('Circle Axis2P3D',#2906,#2907,$) ;
#2921=AXIS2_PLACEMENT_3D('Cone Axis2P3D',#2918,#2919,#2920) ;
#2932=AXIS2_PLACEMENT_3D('Circle Axis2P3D',#2930,#2931,$) ;
#2952=AXIS2_PLACEMENT_3D('Cone Axis2P3D',#2949,#2950,#2951) ;
#2956=AXIS2_PLACEMENT_3D('Circle Axis2P3D',#2954,#2955,$) ;
#2975=AXIS2_PLACEMENT_3D('Circle Axis2P3D',#2973,#2974,$) ;
#2994=AXIS2_PLACEMENT_3D('Circle Axis2P3D',#2992,#2993,$) ;
#3057=AXIS2_PLACEMENT_3D('Circle Axis2P3D',#3055,#3056,$) ;
#3095=AXIS2_PLACEMENT_3D('Circle Axis2P3D',#3093,#3094,$) ;
#3158=AXIS2_PLACEMENT_3D('Circle Axis2P3D',#3156,#3157,$) ;
#3224=AXIS2_PLACEMENT_3D('Circle Axis2P3D',#3222,#3223,$) ;
#3231=AXIS2_PLACEMENT_3D('Circle Axis2P3D',#3229,#3230,$) ;
#3251=AXIS2_PLACEMENT_3D('Circle Axis2P3D',#3249,#3250,$) ;
#3311=AXIS2_PLACEMENT_3D('Circle Axis2P3D',#3309,#3310,$) ;
#3318=AXIS2_PLACEMENT_3D('Circle Axis2P3D',#3316,#3317,$) ;
#3357=AXIS2_PLACEMENT_3D('Circle Axis2P3D',#3355,#3356,$) ;
#3364=AXIS2_PLACEMENT_3D('Circle Axis2P3D',#3362,#3363,$) ;
#3391=AXIS2_PLACEMENT_3D('Circle Axis2P3D',#3389,#3390,$) ;
#3424=AXIS2_PLACEMENT_3D('Circle Axis2P3D',#3422,#3423,$) ;
#3445=AXIS2_PLACEMENT_3D('Circle Axis2P3D',#3443,#3444,$) ;
#3483=AXIS2_PLACEMENT_3D('Circle Axis2P3D',#3481,#3482,$) ;
#3521=AXIS2_PLACEMENT_3D('Circle Axis2P3D',#3519,#3520,$) ;
#3559=AXIS2_PLACEMENT_3D('Circle Axis2P3D',#3557,#3558,$) ;
#3597=AXIS2_PLACEMENT_3D('Circle Axis2P3D',#3595,#3596,$) ;
#3635=AXIS2_PLACEMENT_3D('Circle Axis2P3D',#3633,#3634,$) ;
#3692=AXIS2_PLACEMENT_3D('Circle Axis2P3D',#3690,#3691,$) ;
#3711=AXIS2_PLACEMENT_3D('Circle Axis2P3D',#3709,#3710,$) ;
#3730=AXIS2_PLACEMENT_3D('Circle Axis2P3D',#3728,#3729,$) ;
#3737=AXIS2_PLACEMENT_3D('Circle Axis2P3D',#3735,#3736,$) ;
#3776=AXIS2_PLACEMENT_3D('Circle Axis2P3D',#3774,#3775,$) ;
#3795=AXIS2_PLACEMENT_3D('Circle Axis2P3D',#3793,#3794,$) ;
#3833=AXIS2_PLACEMENT_3D('Circle Axis2P3D',#3831,#3832,$) ;
#3872=AXIS2_PLACEMENT_3D('Cylinder Axis2P3D',#3869,#3870,#3871) ;
#3876=AXIS2_PLACEMENT_3D('Circle Axis2P3D',#3874,#3875,$) ;
#3914=AXIS2_PLACEMENT_3D('Circle Axis2P3D',#3912,#3913,$) ;
#3952=AXIS2_PLACEMENT_3D('Circle Axis2P3D',#3950,#3951,$) ;
#3990=AXIS2_PLACEMENT_3D('Circle Axis2P3D',#3988,#3989,$) ;
#4022=AXIS2_PLACEMENT_3D('Cone Axis2P3D',#4019,#4020,#4021) ;
#4040=AXIS2_PLACEMENT_3D('Circle Axis2P3D',#4038,#4039,$) ;
#4052=AXIS2_PLACEMENT_3D('Circle Axis2P3D',#4050,#4051,$) ;
#4072=AXIS2_PLACEMENT_3D('Cone Axis2P3D',#4069,#4070,#4071) ;
#4076=AXIS2_PLACEMENT_3D('Circle Axis2P3D',#4074,#4075,$) ;
#4089=AXIS2_PLACEMENT_3D('Cone Axis2P3D',#4086,#4087,#4088) ;
#4100=AXIS2_PLACEMENT_3D('Circle Axis2P3D',#4098,#4099,$) ;
#4120=AXIS2_PLACEMENT_3D('Cone Axis2P3D',#4117,#4118,#4119) ;
#4124=AXIS2_PLACEMENT_3D('Circle Axis2P3D',#4122,#4123,$) ;
#4143=AXIS2_PLACEMENT_3D('Circle Axis2P3D',#4141,#4142,$) ;
#4156=AXIS2_PLACEMENT_3D('Cylinder Axis2P3D',#4153,#4154,#4155) ;
#4296=AXIS2_PLACEMENT_3D('Cone Axis2P3D',#4293,#4294,#4295) ;
#4300=AXIS2_PLACEMENT_3D('Circle Axis2P3D',#4298,#4299,$) ;
#4338=AXIS2_PLACEMENT_3D('Torus Axis2P3D',#4335,#4336,#4337) ;
#4342=AXIS2_PLACEMENT_3D('Circle Axis2P3D',#4340,#4341,$) ;
#4349=AXIS2_PLACEMENT_3D('Circle Axis2P3D',#4347,#4348,$) ;
#4498=AXIS2_PLACEMENT_3D('Torus Axis2P3D',#4495,#4496,#4497) ;
#4502=AXIS2_PLACEMENT_3D('Circle Axis2P3D',#4500,#4501,$) ;
#4509=AXIS2_PLACEMENT_3D('Circle Axis2P3D',#4507,#4508,$) ;
#4533=AXIS2_PLACEMENT_3D('Circle Axis2P3D',#4531,#4532,$) ;
#4566=AXIS2_PLACEMENT_3D('Circle Axis2P3D',#4564,#4565,$) ;
#4589=AXIS2_PLACEMENT_3D('Cylinder Axis2P3D',#4586,#4587,#4588) ;
#4600=AXIS2_PLACEMENT_3D('Circle Axis2P3D',#4598,#4599,$) ;
#4623=AXIS2_PLACEMENT_3D('Circle Axis2P3D',#4621,#4622,$) ;
#4656=AXIS2_PLACEMENT_3D('Circle Axis2P3D',#4654,#4655,$) ;
#4679=AXIS2_PLACEMENT_3D('Cylinder Axis2P3D',#4676,#4677,#4678) ;
#4690=AXIS2_PLACEMENT_3D('Circle Axis2P3D',#4688,#4689,$) ;
#4703=AXIS2_PLACEMENT_3D('Torus Axis2P3D',#4700,#4701,#4702) ;
#4707=AXIS2_PLACEMENT_3D('Circle Axis2P3D',#4705,#4706,$) ;
#4714=AXIS2_PLACEMENT_3D('Circle Axis2P3D',#4712,#4713,$) ;
#4727=AXIS2_PLACEMENT_3D('Cylinder Axis2P3D',#4724,#4725,#4726) ;
#4731=AXIS2_PLACEMENT_3D('Circle Axis2P3D',#4729,#4730,$) ;
#4745=AXIS2_PLACEMENT_3D('Circle Axis2P3D',#4743,#4744,$) ;
#4857=AXIS2_PLACEMENT_3D('Circle Axis2P3D',#4855,#4856,$) ;
#4870=AXIS2_PLACEMENT_3D('Sphere Axis2P3D',#4867,#4868,#4869) ;
#4874=AXIS2_PLACEMENT_3D('Circle Axis2P3D',#4872,#4873,$) ;
#4885=AXIS2_PLACEMENT_3D('Circle Axis2P3D',#4883,#4884,$) ;
#4897=AXIS2_PLACEMENT_3D('Cylinder Axis2P3D',#4894,#4895,#4896) ;
#4908=AXIS2_PLACEMENT_3D('Circle Axis2P3D',#4906,#4907,$) ;
#5004=AXIS2_PLACEMENT_3D('Cylinder Axis2P3D',#5001,#5002,#5003) ;
#5008=AXIS2_PLACEMENT_3D('Circle Axis2P3D',#5006,#5007,$) ;
#5013=AXIS2_PLACEMENT_3D('Circle Axis2P3D',#5011,#5012,$) ;
#5033=AXIS2_PLACEMENT_3D('Sphere Axis2P3D',#5030,#5031,#5032) ;
#5044=AXIS2_PLACEMENT_3D('Cylinder Axis2P3D',#5041,#5042,#5043) ;
#5057=AXIS2_PLACEMENT_3D('Circle Axis2P3D',#5055,#5056,$) ;
#5062=AXIS2_PLACEMENT_3D('Circle Axis2P3D',#5060,#5061,$) ;
#5075=AXIS2_PLACEMENT_3D('Sphere Axis2P3D',#5072,#5073,#5074) ;
#5088=AXIS2_PLACEMENT_3D('Circle Axis2P3D',#5086,#5087,$) ;
#5100=AXIS2_PLACEMENT_3D('Cylinder Axis2P3D',#5097,#5098,#5099) ;
#5104=AXIS2_PLACEMENT_3D('Circle Axis2P3D',#5102,#5103,$) ;
#5116=AXIS2_PLACEMENT_3D('Circle Axis2P3D',#5114,#5115,$) ;
#5123=AXIS2_PLACEMENT_3D('Circle Axis2P3D',#5121,#5122,$) ;
#5138=AXIS2_PLACEMENT_3D('Sphere Axis2P3D',#5135,#5136,#5137) ;
#5142=AXIS2_PLACEMENT_3D('Circle Axis2P3D',#5140,#5141,$) ;
#5154=AXIS2_PLACEMENT_3D('Cylinder Axis2P3D',#5151,#5152,#5153) ;
#5158=AXIS2_PLACEMENT_3D('Circle Axis2P3D',#5156,#5157,$) ;
#5165=AXIS2_PLACEMENT_3D('Circle Axis2P3D',#5163,#5164,$) ;
#5170=AXIS2_PLACEMENT_3D('Circle Axis2P3D',#5168,#5169,$) ;
#5189=AXIS2_PLACEMENT_3D('Sphere Axis2P3D',#5186,#5187,#5188) ;
#5193=AXIS2_PLACEMENT_3D('Circle Axis2P3D',#5191,#5192,$) ;
#5205=AXIS2_PLACEMENT_3D('Cylinder Axis2P3D',#5202,#5203,#5204) ;
#5209=AXIS2_PLACEMENT_3D('Circle Axis2P3D',#5207,#5208,$) ;
#5223=AXIS2_PLACEMENT_3D('Circle Axis2P3D',#5221,#5222,$) ;
#5236=AXIS2_PLACEMENT_3D('Sphere Axis2P3D',#5233,#5234,#5235) ;
#5249=AXIS2_PLACEMENT_3D('Circle Axis2P3D',#5247,#5248,$) ;
#5261=AXIS2_PLACEMENT_3D('Cylinder Axis2P3D',#5258,#5259,#5260) ;
#5265=AXIS2_PLACEMENT_3D('Circle Axis2P3D',#5263,#5264,$) ;
#5277=AXIS2_PLACEMENT_3D('Circle Axis2P3D',#5275,#5276,$) ;
#5284=AXIS2_PLACEMENT_3D('Circle Axis2P3D',#5282,#5283,$) ;
#5299=AXIS2_PLACEMENT_3D('Sphere Axis2P3D',#5296,#5297,#5298) ;
#5303=AXIS2_PLACEMENT_3D('Circle Axis2P3D',#5301,#5302,$) ;
#5315=AXIS2_PLACEMENT_3D('Cylinder Axis2P3D',#5312,#5313,#5314) ;
#5319=AXIS2_PLACEMENT_3D('Circle Axis2P3D',#5317,#5318,$) ;
#5326=AXIS2_PLACEMENT_3D('Circle Axis2P3D',#5324,#5325,$) ;
#5331=AXIS2_PLACEMENT_3D('Circle Axis2P3D',#5329,#5330,$) ;
#5350=AXIS2_PLACEMENT_3D('Sphere Axis2P3D',#5347,#5348,#5349) ;
#5354=AXIS2_PLACEMENT_3D('Circle Axis2P3D',#5352,#5353,$) ;
#5366=AXIS2_PLACEMENT_3D('Cylinder Axis2P3D',#5363,#5364,#5365) ;
#5379=AXIS2_PLACEMENT_3D('Circle Axis2P3D',#5377,#5378,$) ;
#5384=AXIS2_PLACEMENT_3D('Circle Axis2P3D',#5382,#5383,$) ;
#5397=AXIS2_PLACEMENT_3D('Sphere Axis2P3D',#5394,#5395,#5396) ;
#5410=AXIS2_PLACEMENT_3D('Circle Axis2P3D',#5408,#5409,$) ;
#5421=AXIS2_PLACEMENT_3D('Circle Axis2P3D',#5419,#5420,$) ;
#5433=AXIS2_PLACEMENT_3D('Circle Axis2P3D',#5431,#5432,$) ;
#5457=AXIS2_PLACEMENT_3D('Circle Axis2P3D',#5455,#5456,$) ;
#5490=AXIS2_PLACEMENT_3D('Circle Axis2P3D',#5488,#5489,$) ;
#5513=AXIS2_PLACEMENT_3D('Torus Axis2P3D',#5510,#5511,#5512) ;
#5517=AXIS2_PLACEMENT_3D('Circle Axis2P3D',#5515,#5516,$) ;
#5524=AXIS2_PLACEMENT_3D('Circle Axis2P3D',#5522,#5523,$) ;
#5529=AXIS2_PLACEMENT_3D('Circle Axis2P3D',#5527,#5528,$) ;
#5543=AXIS2_PLACEMENT_3D('Sphere Axis2P3D',#5540,#5541,#5542) ;
#5547=AXIS2_PLACEMENT_3D('Circle Axis2P3D',#5545,#5546,$) ;
#5559=AXIS2_PLACEMENT_3D('Cylinder Axis2P3D',#5556,#5557,#5558) ;
#5572=AXIS2_PLACEMENT_3D('Circle Axis2P3D',#5570,#5571,$) ;
#5577=AXIS2_PLACEMENT_3D('Circle Axis2P3D',#5575,#5576,$) ;
#5590=AXIS2_PLACEMENT_3D('Sphere Axis2P3D',#5587,#5588,#5589) ;
#5603=AXIS2_PLACEMENT_3D('Circle Axis2P3D',#5601,#5602,$) ;
#5614=AXIS2_PLACEMENT_3D('Circle Axis2P3D',#5612,#5613,$) ;
#5664=AXIS2_PLACEMENT_3D('Cylinder Axis2P3D',#5661,#5662,#5663) ;
#5668=AXIS2_PLACEMENT_3D('Circle Axis2P3D',#5666,#5667,$) ;
#5675=AXIS2_PLACEMENT_3D('Circle Axis2P3D',#5673,#5674,$) ;
#5694=AXIS2_PLACEMENT_3D('Sphere Axis2P3D',#5691,#5692,#5693) ;
#5698=AXIS2_PLACEMENT_3D('Circle Axis2P3D',#5696,#5697,$) ;
#5710=AXIS2_PLACEMENT_3D('Cylinder Axis2P3D',#5707,#5708,#5709) ;
#5714=AXIS2_PLACEMENT_3D('Circle Axis2P3D',#5712,#5713,$) ;
#5728=AXIS2_PLACEMENT_3D('Circle Axis2P3D',#5726,#5727,$) ;
#5741=AXIS2_PLACEMENT_3D('Sphere Axis2P3D',#5738,#5739,#5740) ;
#5754=AXIS2_PLACEMENT_3D('Circle Axis2P3D',#5752,#5753,$) ;
#5765=AXIS2_PLACEMENT_3D('Circle Axis2P3D',#5763,#5764,$) ;
#5777=AXIS2_PLACEMENT_3D('Circle Axis2P3D',#5775,#5776,$) ;
#5784=AXIS2_PLACEMENT_3D('Circle Axis2P3D',#5782,#5783,$) ;
#5892=AXIS2_PLACEMENT_3D('Cylinder Axis2P3D',#5889,#5890,#5891) ;
#5903=AXIS2_PLACEMENT_3D('Circle Axis2P3D',#5901,#5902,$) ;
#5916=AXIS2_PLACEMENT_3D('Sphere Axis2P3D',#5913,#5914,#5915) ;
#5920=AXIS2_PLACEMENT_3D('Circle Axis2P3D',#5918,#5919,$) ;
#5931=AXIS2_PLACEMENT_3D('Circle Axis2P3D',#5929,#5930,$) ;
#5943=AXIS2_PLACEMENT_3D('Cylinder Axis2P3D',#5940,#5941,#5942) ;
#5954=AXIS2_PLACEMENT_3D('Circle Axis2P3D',#5952,#5953,$) ;
#6050=AXIS2_PLACEMENT_3D('Cylinder Axis2P3D',#6047,#6048,#6049) ;
#6054=AXIS2_PLACEMENT_3D('Circle Axis2P3D',#6052,#6053,$) ;
#6061=AXIS2_PLACEMENT_3D('Circle Axis2P3D',#6059,#6060,$) ;
#6066=AXIS2_PLACEMENT_3D('Circle Axis2P3D',#6064,#6065,$) ;
#6073=AXIS2_PLACEMENT_3D('Circle Axis2P3D',#6071,#6072,$) ;
#6095=AXIS2_PLACEMENT_3D('Sphere Axis2P3D',#6092,#6093,#6094) ;
#6099=AXIS2_PLACEMENT_3D('Circle Axis2P3D',#6097,#6098,$) ;
#6111=AXIS2_PLACEMENT_3D('Cylinder Axis2P3D',#6108,#6109,#6110) ;
#6124=AXIS2_PLACEMENT_3D('Circle Axis2P3D',#6122,#6123,$) ;
#6129=AXIS2_PLACEMENT_3D('Circle Axis2P3D',#6127,#6128,$) ;
#6142=AXIS2_PLACEMENT_3D('Sphere Axis2P3D',#6139,#6140,#6141) ;
#6155=AXIS2_PLACEMENT_3D('Circle Axis2P3D',#6153,#6154,$) ;
#6167=AXIS2_PLACEMENT_3D('Cylinder Axis2P3D',#6164,#6165,#6166) ;
#6171=AXIS2_PLACEMENT_3D('Circle Axis2P3D',#6169,#6170,$) ;
#6183=AXIS2_PLACEMENT_3D('Circle Axis2P3D',#6181,#6182,$) ;
#6197=AXIS2_PLACEMENT_3D('Sphere Axis2P3D',#6194,#6195,#6196) ;
#6210=AXIS2_PLACEMENT_3D('Circle Axis2P3D',#6208,#6209,$) ;
#6221=AXIS2_PLACEMENT_3D('Circle Axis2P3D',#6219,#6220,$) ;
#6228=AXIS2_PLACEMENT_3D('Circle Axis2P3D',#6226,#6227,$) ;
#6233=AXIS2_PLACEMENT_3D('Circle Axis2P3D',#6231,#6232,$) ;
#6253=AXIS2_PLACEMENT_3D('Sphere Axis2P3D',#6250,#6251,#6252) ;
#6257=AXIS2_PLACEMENT_3D('Circle Axis2P3D',#6255,#6256,$) ;
#6269=AXIS2_PLACEMENT_3D('Cylinder Axis2P3D',#6266,#6267,#6268) ;
#6300=AXIS2_PLACEMENT_3D('Cylinder Axis2P3D',#6297,#6298,#6299) ;
#6448=AXIS2_PLACEMENT_3D('Sphere Axis2P3D',#6445,#6446,#6447) ;
#6489=AXIS2_PLACEMENT_3D('Cylinder Axis2P3D',#6486,#6487,#6488) ;
#6500=AXIS2_PLACEMENT_3D('Circle Axis2P3D',#6498,#6499,$) ;
#6596=AXIS2_PLACEMENT_3D('Cylinder Axis2P3D',#6593,#6594,#6595) ;
#6600=AXIS2_PLACEMENT_3D('Circle Axis2P3D',#6598,#6599,$) ;
#6609=AXIS2_PLACEMENT_3D('Circle Axis2P3D',#6607,#6608,$) ;
#6614=AXIS2_PLACEMENT_3D('Circle Axis2P3D',#6612,#6613,$) ;
#6621=AXIS2_PLACEMENT_3D('Circle Axis2P3D',#6619,#6620,$) ;
#6643=AXIS2_PLACEMENT_3D('Sphere Axis2P3D',#6640,#6641,#6642) ;
#6647=AXIS2_PLACEMENT_3D('Circle Axis2P3D',#6645,#6646,$) ;
#6659=AXIS2_PLACEMENT_3D('Cylinder Axis2P3D',#6656,#6657,#6658) ;
#6670=AXIS2_PLACEMENT_3D('Circle Axis2P3D',#6668,#6669,$) ;
#6675=AXIS2_PLACEMENT_3D('Circle Axis2P3D',#6673,#6674,$) ;
#6688=AXIS2_PLACEMENT_3D('Sphere Axis2P3D',#6685,#6686,#6687) ;
#6701=AXIS2_PLACEMENT_3D('Circle Axis2P3D',#6699,#6700,$) ;
#6713=AXIS2_PLACEMENT_3D('Cylinder Axis2P3D',#6710,#6711,#6712) ;
#6717=AXIS2_PLACEMENT_3D('Circle Axis2P3D',#6715,#6716,$) ;
#6729=AXIS2_PLACEMENT_3D('Circle Axis2P3D',#6727,#6728,$) ;
#6736=AXIS2_PLACEMENT_3D('Circle Axis2P3D',#6734,#6735,$) ;
#6844=AXIS2_PLACEMENT_3D('Cylinder Axis2P3D',#6841,#6842,#6843) ;
#6861=AXIS2_PLACEMENT_3D('Sphere Axis2P3D',#6858,#6859,#6860) ;
#6908=AXIS2_PLACEMENT_3D('Cylinder Axis2P3D',#6905,#6906,#6907) ;
#6919=AXIS2_PLACEMENT_3D('Circle Axis2P3D',#6917,#6918,$) ;
#7025=AXIS2_PLACEMENT_3D('Cylinder Axis2P3D',#7022,#7023,#7024) ;
#7036=AXIS2_PLACEMENT_3D('Circle Axis2P3D',#7034,#7035,$) ;
#7049=AXIS2_PLACEMENT_3D('Sphere Axis2P3D',#7046,#7047,#7048) ;
#7053=AXIS2_PLACEMENT_3D('Circle Axis2P3D',#7051,#7052,$) ;
#7064=AXIS2_PLACEMENT_3D('Circle Axis2P3D',#7062,#7063,$) ;
#7076=AXIS2_PLACEMENT_3D('Torus Axis2P3D',#7073,#7074,#7075) ;
#7080=AXIS2_PLACEMENT_3D('Circle Axis2P3D',#7078,#7079,$) ;
#7089=AXIS2_PLACEMENT_3D('Circle Axis2P3D',#7087,#7088,$) ;
#7094=AXIS2_PLACEMENT_3D('Circle Axis2P3D',#7092,#7093,$) ;
#7107=AXIS2_PLACEMENT_3D('Cylinder Axis2P3D',#7104,#7105,#7106) ;
#7118=AXIS2_PLACEMENT_3D('Circle Axis2P3D',#7116,#7117,$) ;
#7137=AXIS2_PLACEMENT_3D('Circle Axis2P3D',#7135,#7136,$) ;
#7233=AXIS2_PLACEMENT_3D('Cylinder Axis2P3D',#7230,#7231,#7232) ;
#7237=AXIS2_PLACEMENT_3D('Circle Axis2P3D',#7235,#7236,$) ;
#7251=AXIS2_PLACEMENT_3D('Circle Axis2P3D',#7249,#7250,$) ;
#7274=AXIS2_PLACEMENT_3D('Circle Axis2P3D',#7272,#7273,$) ;
#7307=AXIS2_PLACEMENT_3D('Circle Axis2P3D',#7305,#7306,$) ;
#7330=AXIS2_PLACEMENT_3D('Cylinder Axis2P3D',#7327,#7328,#7329) ;
#7341=AXIS2_PLACEMENT_3D('Circle Axis2P3D',#7339,#7340,$) ;
#7364=AXIS2_PLACEMENT_3D('Circle Axis2P3D',#7362,#7363,$) ;
#7397=AXIS2_PLACEMENT_3D('Circle Axis2P3D',#7395,#7396,$) ;
#7420=AXIS2_PLACEMENT_3D('Torus Axis2P3D',#7417,#7418,#7419) ;
#7424=AXIS2_PLACEMENT_3D('Circle Axis2P3D',#7422,#7423,$) ;
#7431=AXIS2_PLACEMENT_3D('Circle Axis2P3D',#7429,#7430,$) ;
#7558=AXIS2_PLACEMENT_3D('Torus Axis2P3D',#7555,#7556,#7557) ;
#7562=AXIS2_PLACEMENT_3D('Circle Axis2P3D',#7560,#7561,$) ;
#7569=AXIS2_PLACEMENT_3D('Circle Axis2P3D',#7567,#7568,$) ;
#7582=AXIS2_PLACEMENT_3D('Sphere Axis2P3D',#7579,#7580,#7581) ;
#7595=AXIS2_PLACEMENT_3D('Circle Axis2P3D',#7593,#7594,$) ;
#7607=AXIS2_PLACEMENT_3D('Cylinder Axis2P3D',#7604,#7605,#7606) ;
#7611=AXIS2_PLACEMENT_3D('Circle Axis2P3D',#7609,#7610,$) ;
#7625=AXIS2_PLACEMENT_3D('Circle Axis2P3D',#7623,#7624,$) ;
#7639=AXIS2_PLACEMENT_3D('Sphere Axis2P3D',#7636,#7637,#7638) ;
#7652=AXIS2_PLACEMENT_3D('Circle Axis2P3D',#7650,#7651,$) ;
#7664=AXIS2_PLACEMENT_3D('Cylinder Axis2P3D',#7661,#7662,#7663) ;
#7668=AXIS2_PLACEMENT_3D('Circle Axis2P3D',#7666,#7667,$) ;
#7677=AXIS2_PLACEMENT_3D('Circle Axis2P3D',#7675,#7676,$) ;
#7682=AXIS2_PLACEMENT_3D('Circle Axis2P3D',#7680,#7681,$) ;
#7702=AXIS2_PLACEMENT_3D('Sphere Axis2P3D',#7699,#7700,#7701) ;
#7706=AXIS2_PLACEMENT_3D('Circle Axis2P3D',#7704,#7705,$) ;
#7717=AXIS2_PLACEMENT_3D('Circle Axis2P3D',#7715,#7716,$) ;
#7727=AXIS2_PLACEMENT_3D('Circle Axis2P3D',#7725,#7726,$) ;
#7740=AXIS2_PLACEMENT_3D('Sphere Axis2P3D',#7737,#7738,#7739) ;
#7753=AXIS2_PLACEMENT_3D('Circle Axis2P3D',#7751,#7752,$) ;
#7765=AXIS2_PLACEMENT_3D('Cylinder Axis2P3D',#7762,#7763,#7764) ;
#7769=AXIS2_PLACEMENT_3D('Circle Axis2P3D',#7767,#7768,$) ;
#7783=AXIS2_PLACEMENT_3D('Circle Axis2P3D',#7781,#7782,$) ;
#7797=AXIS2_PLACEMENT_3D('Sphere Axis2P3D',#7794,#7795,#7796) ;
#7810=AXIS2_PLACEMENT_3D('Circle Axis2P3D',#7808,#7809,$) ;
#7822=AXIS2_PLACEMENT_3D('Cylinder Axis2P3D',#7819,#7820,#7821) ;
#7826=AXIS2_PLACEMENT_3D('Circle Axis2P3D',#7824,#7825,$) ;
#7835=AXIS2_PLACEMENT_3D('Circle Axis2P3D',#7833,#7834,$) ;
#7840=AXIS2_PLACEMENT_3D('Circle Axis2P3D',#7838,#7839,$) ;
#7860=AXIS2_PLACEMENT_3D('Sphere Axis2P3D',#7857,#7858,#7859) ;
#7864=AXIS2_PLACEMENT_3D('Circle Axis2P3D',#7862,#7863,$) ;
#7876=AXIS2_PLACEMENT_3D('Cylinder Axis2P3D',#7873,#7874,#7875) ;
#7885=AXIS2_PLACEMENT_3D('Circle Axis2P3D',#7883,#7884,$) ;
#7890=AXIS2_PLACEMENT_3D('Circle Axis2P3D',#7888,#7889,$) ;
#7903=AXIS2_PLACEMENT_3D('Cylinder Axis2P3D',#7900,#7901,#7902) ;
#7907=AXIS2_PLACEMENT_3D('Circle Axis2P3D',#7905,#7906,$) ;
#7921=AXIS2_PLACEMENT_3D('Circle Axis2P3D',#7919,#7920,$) ;
#7934=AXIS2_PLACEMENT_3D('Sphere Axis2P3D',#7931,#7932,#7933) ;
#7947=AXIS2_PLACEMENT_3D('Circle Axis2P3D',#7945,#7946,$) ;
#7959=AXIS2_PLACEMENT_3D('Torus Axis2P3D',#7956,#7957,#7958) ;
#7963=AXIS2_PLACEMENT_3D('Circle Axis2P3D',#7961,#7962,$) ;
#7968=AXIS2_PLACEMENT_3D('Circle Axis2P3D',#7966,#7967,$) ;
#7975=AXIS2_PLACEMENT_3D('Circle Axis2P3D',#7973,#7974,$) ;
#7999=AXIS2_PLACEMENT_3D('Circle Axis2P3D',#7997,#7998,$) ;
#8032=AXIS2_PLACEMENT_3D('Circle Axis2P3D',#8030,#8031,$) ;
#8054=AXIS2_PLACEMENT_3D('Circle Axis2P3D',#8052,#8053,$) ;
#8061=AXIS2_PLACEMENT_3D('Circle Axis2P3D',#8059,#8060,$) ;
#8080=AXIS2_PLACEMENT_3D('Sphere Axis2P3D',#8077,#8078,#8079) ;
#8084=AXIS2_PLACEMENT_3D('Circle Axis2P3D',#8082,#8083,$) ;
#8096=AXIS2_PLACEMENT_3D('Sphere Axis2P3D',#8093,#8094,#8095) ;
#8109=AXIS2_PLACEMENT_3D('Circle Axis2P3D',#8107,#8108,$) ;
#8121=AXIS2_PLACEMENT_3D('Cylinder Axis2P3D',#8118,#8119,#8120) ;
#8125=AXIS2_PLACEMENT_3D('Circle Axis2P3D',#8123,#8124,$) ;
#8139=AXIS2_PLACEMENT_3D('Circle Axis2P3D',#8137,#8138,$) ;
#8153=AXIS2_PLACEMENT_3D('Sphere Axis2P3D',#8150,#8151,#8152) ;
#8166=AXIS2_PLACEMENT_3D('Circle Axis2P3D',#8164,#8165,$) ;
#8178=AXIS2_PLACEMENT_3D('Cylinder Axis2P3D',#8175,#8176,#8177) ;
#8182=AXIS2_PLACEMENT_3D('Circle Axis2P3D',#8180,#8181,$) ;
#8191=AXIS2_PLACEMENT_3D('Circle Axis2P3D',#8189,#8190,$) ;
#8196=AXIS2_PLACEMENT_3D('Circle Axis2P3D',#8194,#8195,$) ;
#8216=AXIS2_PLACEMENT_3D('Sphere Axis2P3D',#8213,#8214,#8215) ;
#8220=AXIS2_PLACEMENT_3D('Circle Axis2P3D',#8218,#8219,$) ;
#8231=AXIS2_PLACEMENT_3D('Circle Axis2P3D',#8229,#8230,$) ;
#8241=AXIS2_PLACEMENT_3D('Circle Axis2P3D',#8239,#8240,$) ;
#8254=AXIS2_PLACEMENT_3D('Sphere Axis2P3D',#8251,#8252,#8253) ;
#8267=AXIS2_PLACEMENT_3D('Circle Axis2P3D',#8265,#8266,$) ;
#8278=AXIS2_PLACEMENT_3D('Circle Axis2P3D',#8276,#8277,$) ;
#8292=AXIS2_PLACEMENT_3D('Circle Axis2P3D',#8290,#8291,$) ;
#8299=AXIS2_PLACEMENT_3D('Circle Axis2P3D',#8297,#8298,$) ;
#8314=AXIS2_PLACEMENT_3D('Sphere Axis2P3D',#8311,#8312,#8313) ;
#8318=AXIS2_PLACEMENT_3D('Circle Axis2P3D',#8316,#8317,$) ;
#8330=AXIS2_PLACEMENT_3D('Cylinder Axis2P3D',#8327,#8328,#8329) ;
#8334=AXIS2_PLACEMENT_3D('Circle Axis2P3D',#8332,#8333,$) ;
#8343=AXIS2_PLACEMENT_3D('Circle Axis2P3D',#8341,#8342,$) ;
#8348=AXIS2_PLACEMENT_3D('Circle Axis2P3D',#8346,#8347,$) ;
#8367=AXIS2_PLACEMENT_3D('Sphere Axis2P3D',#8364,#8365,#8366) ;
#8371=AXIS2_PLACEMENT_3D('Circle Axis2P3D',#8369,#8370,$) ;
#8383=AXIS2_PLACEMENT_3D('Cylinder Axis2P3D',#8380,#8381,#8382) ;
#8387=AXIS2_PLACEMENT_3D('Circle Axis2P3D',#8385,#8386,$) ;
#8397=AXIS2_PLACEMENT_3D('Circle Axis2P3D',#8395,#8396,$) ;
#8410=AXIS2_PLACEMENT_3D('Cylinder Axis2P3D',#8407,#8408,#8409) ;
#8443=AXIS2_PLACEMENT_3D('Plane Axis2P3D',#8440,#8441,#8442) ;
#8466=AXIS2_PLACEMENT_3D('Sphere Axis2P3D',#8463,#8464,#8465) ;
#8479=AXIS2_PLACEMENT_3D('Circle Axis2P3D',#8477,#8478,$) ;
#8504=AXIS2_PLACEMENT_3D('Cylinder Axis2P3D',#8501,#8502,#8503) ;
#8526=AXIS2_PLACEMENT_3D('Plane Axis2P3D',#8523,#8524,#8525) ;
#8542=AXIS2_PLACEMENT_3D('Sphere Axis2P3D',#8539,#8540,#8541) ;
#8546=AXIS2_PLACEMENT_3D('Circle Axis2P3D',#8544,#8545,$) ;
#8553=AXIS2_PLACEMENT_3D('Circle Axis2P3D',#8551,#8552,$) ;
#8564=AXIS2_PLACEMENT_3D('Circle Axis2P3D',#8562,#8563,$) ;
#8576=AXIS2_PLACEMENT_3D('Sphere Axis2P3D',#8573,#8574,#8575) ;
#8588=AXIS2_PLACEMENT_3D('Circle Axis2P3D',#8586,#8587,$) ;
#8613=AXIS2_PLACEMENT_3D('Cylinder Axis2P3D',#8610,#8611,#8612) ;
#8641=AXIS2_PLACEMENT_3D('Sphere Axis2P3D',#8638,#8639,#8640) ;
#8653=AXIS2_PLACEMENT_3D('Circle Axis2P3D',#8651,#8652,$) ;
#8789=AXIS2_PLACEMENT_3D('Sphere Axis2P3D',#8786,#8787,#8788) ;
#8793=AXIS2_PLACEMENT_3D('Circle Axis2P3D',#8791,#8792,$) ;
#8798=AXIS2_PLACEMENT_3D('Circle Axis2P3D',#8796,#8797,$) ;
#8816=AXIS2_PLACEMENT_3D('Cylinder Axis2P3D',#8813,#8814,#8815) ;
#8844=AXIS2_PLACEMENT_3D('Sphere Axis2P3D',#8841,#8842,#8843) ;
#8848=AXIS2_PLACEMENT_3D('Circle Axis2P3D',#8846,#8847,$) ;
#8898=AXIS2_PLACEMENT_3D('Plane Axis2P3D',#8895,#8896,#8897) ;
#8914=AXIS2_PLACEMENT_3D('Cylinder Axis2P3D',#8911,#8912,#8913) ;
#8939=AXIS2_PLACEMENT_3D('Sphere Axis2P3D',#8936,#8937,#8938) ;
#8943=AXIS2_PLACEMENT_3D('Circle Axis2P3D',#8941,#8942,$) ;
#8960=AXIS2_PLACEMENT_3D('Circle Axis2P3D',#8958,#8959,$) ;
#8972=AXIS2_PLACEMENT_3D('Plane Axis2P3D',#8969,#8970,#8971) ;
#8995=AXIS2_PLACEMENT_3D('Sphere Axis2P3D',#8992,#8993,#8994) ;
#9007=AXIS2_PLACEMENT_3D('Circle Axis2P3D',#9005,#9006,$) ;
#9043=AXIS2_PLACEMENT_3D('Sphere Axis2P3D',#9040,#9041,#9042) ;
#9062=AXIS2_PLACEMENT_3D('Cylinder Axis2P3D',#9059,#9060,#9061) ;
#9090=AXIS2_PLACEMENT_3D('Cylinder Axis2P3D',#9087,#9088,#9089) ;
#9101=AXIS2_PLACEMENT_3D('Circle Axis2P3D',#9099,#9100,$) ;
#9121=AXIS2_PLACEMENT_3D('Sphere Axis2P3D',#9118,#9119,#9120) ;
#9125=AXIS2_PLACEMENT_3D('Circle Axis2P3D',#9123,#9124,$) ;
#9132=AXIS2_PLACEMENT_3D('Circle Axis2P3D',#9130,#9131,$) ;
#9143=AXIS2_PLACEMENT_3D('Circle Axis2P3D',#9141,#9142,$) ;
#9161=AXIS2_PLACEMENT_3D('Sphere Axis2P3D',#9158,#9159,#9160) ;
#9200=AXIS2_PLACEMENT_3D('Circle Axis2P3D',#9198,#9199,$) ;
#9212=AXIS2_PLACEMENT_3D('Torus Axis2P3D',#9209,#9210,#9211) ;
#9216=AXIS2_PLACEMENT_3D('Circle Axis2P3D',#9214,#9215,$) ;
#9229=AXIS2_PLACEMENT_3D('Sphere Axis2P3D',#9226,#9227,#9228) ;
#9241=AXIS2_PLACEMENT_3D('Circle Axis2P3D',#9239,#9240,$) ;
#9383=AXIS2_PLACEMENT_3D('Cylinder Axis2P3D',#9380,#9381,#9382) ;
#9397=AXIS2_PLACEMENT_3D('Cylinder Axis2P3D',#9394,#9395,#9396) ;
#9411=AXIS2_PLACEMENT_3D('Cylinder Axis2P3D',#9408,#9409,#9410) ;
#9423=AXIS2_PLACEMENT_3D('Cylinder Axis2P3D',#9420,#9421,#9422) ;
#9436=AXIS2_PLACEMENT_3D('Cylinder Axis2P3D',#9433,#9434,#9435) ;
#9448=AXIS2_PLACEMENT_3D('Cylinder Axis2P3D',#9445,#9446,#9447) ;
#39=LINE('Line',#36,#38) ;
#55=LINE('Line',#52,#54) ;
#91=LINE('Line',#88,#90) ;
#96=LINE('Line',#93,#95) ;
#133=LINE('Line',#130,#132) ;
#140=LINE('Line',#137,#139) ;
#166=LINE('Line',#163,#165) ;
#200=LINE('Line',#197,#199) ;
#209=LINE('Line',#206,#208) ;
#216=LINE('Line',#213,#215) ;
#223=LINE('Line',#220,#222) ;
#271=LINE('Line',#268,#270) ;
#302=LINE('Line',#299,#301) ;
#316=LINE('Line',#313,#315) ;
#330=LINE('Line',#327,#329) ;
#367=LINE('Line',#364,#366) ;
#381=LINE('Line',#378,#380) ;
#395=LINE('Line',#392,#394) ;
#418=LINE('Line',#415,#417) ;
#434=LINE('Line',#431,#433) ;
#448=LINE('Line',#445,#447) ;
#468=LINE('Line',#465,#467) ;
#484=LINE('Line',#481,#483) ;
#498=LINE('Line',#495,#497) ;
#518=LINE('Line',#515,#517) ;
#534=LINE('Line',#531,#533) ;
#568=LINE('Line',#565,#567) ;
#584=LINE('Line',#581,#583) ;
#591=LINE('Line',#588,#590) ;
#610=LINE('Line',#607,#609) ;
#626=LINE('Line',#623,#625) ;
#640=LINE('Line',#637,#639) ;
#660=LINE('Line',#657,#659) ;
#676=LINE('Line',#673,#675) ;
#690=LINE('Line',#687,#689) ;
#768=LINE('Line',#765,#767) ;
#775=LINE('Line',#772,#774) ;
#799=LINE('Line',#796,#798) ;
#813=LINE('Line',#810,#812) ;
#836=LINE('Line',#833,#835) ;
#850=LINE('Line',#847,#849) ;
#864=LINE('Line',#861,#863) ;
#886=LINE('Line',#883,#885) ;
#915=LINE('Line',#912,#914) ;
#944=LINE('Line',#941,#943) ;
#1023=LINE('Line',#1020,#1022) ;
#1037=LINE('Line',#1034,#1036) ;
#1051=LINE('Line',#1048,#1050) ;
#1073=LINE('Line',#1070,#1072) ;
#1102=LINE('Line',#1099,#1101) ;
#1116=LINE('Line',#1113,#1115) ;
#1129=LINE('Line',#1126,#1128) ;
#1177=LINE('Line',#1174,#1176) ;
#1221=LINE('Line',#1218,#1220) ;
#1235=LINE('Line',#1232,#1234) ;
#1249=LINE('Line',#1246,#1248) ;
#1286=LINE('Line',#1283,#1285) ;
#1315=LINE('Line',#1312,#1314) ;
#1329=LINE('Line',#1326,#1328) ;
#1400=LINE('Line',#1397,#1399) ;
#1414=LINE('Line',#1411,#1413) ;
#1438=LINE('Line',#1435,#1437) ;
#1467=LINE('Line',#1464,#1466) ;
#1556=LINE('Line',#1553,#1555) ;
#1563=LINE('Line',#1560,#1562) ;
#1607=LINE('Line',#1604,#1606) ;
#1646=LINE('Line',#1643,#1645) ;
#1653=LINE('Line',#1650,#1652) ;
#1704=LINE('Line',#1701,#1703) ;
#1735=LINE('Line',#1732,#1734) ;
#1753=LINE('Line',#1750,#1752) ;
#1760=LINE('Line',#1757,#1759) ;
#1791=LINE('Line',#1788,#1790) ;
#1809=LINE('Line',#1806,#1808) ;
#1823=LINE('Line',#1820,#1822) ;
#1846=LINE('Line',#1843,#1845) ;
#1853=LINE('Line',#1850,#1852) ;
#1888=LINE('Line',#1885,#1887) ;
#1906=LINE('Line',#1903,#1905) ;
#1913=LINE('Line',#1910,#1912) ;
#1939=LINE('Line',#1936,#1938) ;
#1975=LINE('Line',#1972,#1974) ;
#1982=LINE('Line',#1979,#1981) ;
#1989=LINE('Line',#1986,#1988) ;
#2013=LINE('Line',#2010,#2012) ;
#2030=LINE('Line',#2027,#2029) ;
#2037=LINE('Line',#2034,#2036) ;
#2061=LINE('Line',#2058,#2060) ;
#2078=LINE('Line',#2075,#2077) ;
#2085=LINE('Line',#2082,#2084) ;
#2119=LINE('Line',#2116,#2118) ;
#2126=LINE('Line',#2123,#2125) ;
#2133=LINE('Line',#2130,#2132) ;
#2157=LINE('Line',#2154,#2156) ;
#2174=LINE('Line',#2171,#2173) ;
#2181=LINE('Line',#2178,#2180) ;
#2205=LINE('Line',#2202,#2204) ;
#2222=LINE('Line',#2219,#2221) ;
#2229=LINE('Line',#2226,#2228) ;
#2263=LINE('Line',#2260,#2262) ;
#2270=LINE('Line',#2267,#2269) ;
#2277=LINE('Line',#2274,#2276) ;
#2301=LINE('Line',#2298,#2300) ;
#2313=LINE('Line',#2310,#2312) ;
#2320=LINE('Line',#2317,#2319) ;
#2351=LINE('Line',#2348,#2350) ;
#2371=LINE('Line',#2368,#2370) ;
#2405=LINE('Line',#2402,#2404) ;
#2412=LINE('Line',#2409,#2411) ;
#2419=LINE('Line',#2416,#2418) ;
#2443=LINE('Line',#2440,#2442) ;
#2455=LINE('Line',#2452,#2454) ;
#2462=LINE('Line',#2459,#2461) ;
#2479=LINE('Line',#2476,#2478) ;
#2486=LINE('Line',#2483,#2485) ;
#2520=LINE('Line',#2517,#2519) ;
#2527=LINE('Line',#2524,#2526) ;
#2534=LINE('Line',#2531,#2533) ;
#2558=LINE('Line',#2555,#2557) ;
#2570=LINE('Line',#2567,#2569) ;
#2593=LINE('Line',#2590,#2592) ;
#2600=LINE('Line',#2597,#2599) ;
#2633=LINE('Line',#2630,#2632) ;
#2651=LINE('Line',#2648,#2650) ;
#2677=LINE('Line',#2674,#2676) ;
#2684=LINE('Line',#2681,#2683) ;
#2720=LINE('Line',#2717,#2719) ;
#2727=LINE('Line',#2724,#2726) ;
#2734=LINE('Line',#2731,#2733) ;
#2758=LINE('Line',#2755,#2757) ;
#2775=LINE('Line',#2772,#2774) ;
#2782=LINE('Line',#2779,#2781) ;
#2806=LINE('Line',#2803,#2805) ;
#2818=LINE('Line',#2815,#2817) ;
#2825=LINE('Line',#2822,#2824) ;
#2859=LINE('Line',#2856,#2858) ;
#2873=LINE('Line',#2870,#2872) ;
#2897=LINE('Line',#2894,#2896) ;
#2926=LINE('Line',#2923,#2925) ;
#2940=LINE('Line',#2937,#2939) ;
#2964=LINE('Line',#2961,#2963) ;
#2988=LINE('Line',#2985,#2987) ;
#3002=LINE('Line',#2999,#3001) ;
#3014=LINE('Line',#3011,#3013) ;
#3037=LINE('Line',#3034,#3036) ;
#3044=LINE('Line',#3041,#3043) ;
#3065=LINE('Line',#3062,#3064) ;
#3077=LINE('Line',#3074,#3076) ;
#3084=LINE('Line',#3081,#3083) ;
#3103=LINE('Line',#3100,#3102) ;
#3115=LINE('Line',#3112,#3114) ;
#3138=LINE('Line',#3135,#3137) ;
#3152=LINE('Line',#3149,#3151) ;
#3166=LINE('Line',#3163,#3165) ;
#3178=LINE('Line',#3175,#3177) ;
#3204=LINE('Line',#3201,#3203) ;
#3211=LINE('Line',#3208,#3210) ;
#3239=LINE('Line',#3236,#3238) ;
#3261=LINE('Line',#3258,#3260) ;
#3268=LINE('Line',#3265,#3267) ;
#3273=LINE('Line',#3270,#3272) ;
#3296=LINE('Line',#3293,#3295) ;
#3326=LINE('Line',#3323,#3325) ;
#3339=LINE('Line',#3336,#3338) ;
#3346=LINE('Line',#3343,#3345) ;
#3372=LINE('Line',#3369,#3371) ;
#3385=LINE('Line',#3382,#3384) ;
#3439=LINE('Line',#3436,#3438) ;
#3453=LINE('Line',#3450,#3452) ;
#3465=LINE('Line',#3462,#3464) ;
#3472=LINE('Line',#3469,#3471) ;
#3491=LINE('Line',#3488,#3490) ;
#3503=LINE('Line',#3500,#3502) ;
#3510=LINE('Line',#3507,#3509) ;
#3529=LINE('Line',#3526,#3528) ;
#3541=LINE('Line',#3538,#3540) ;
#3553=LINE('Line',#3550,#3552) ;
#3567=LINE('Line',#3564,#3566) ;
#3579=LINE('Line',#3576,#3578) ;
#3586=LINE('Line',#3583,#3585) ;
#3605=LINE('Line',#3602,#3604) ;
#3617=LINE('Line',#3614,#3616) ;
#3624=LINE('Line',#3621,#3623) ;
#3643=LINE('Line',#3640,#3642) ;
#3655=LINE('Line',#3652,#3654) ;
#3667=LINE('Line',#3664,#3666) ;
#3674=LINE('Line',#3671,#3673) ;
#3681=LINE('Line',#3678,#3680) ;
#3700=LINE('Line',#3697,#3699) ;
#3719=LINE('Line',#3716,#3718) ;
#3745=LINE('Line',#3742,#3744) ;
#3758=LINE('Line',#3755,#3757) ;
#3765=LINE('Line',#3762,#3764) ;
#3789=LINE('Line',#3786,#3788) ;
#3803=LINE('Line',#3800,#3802) ;
#3815=LINE('Line',#3812,#3814) ;
#3822=LINE('Line',#3819,#3821) ;
#3841=LINE('Line',#3838,#3840) ;
#3853=LINE('Line',#3850,#3852) ;
#3860=LINE('Line',#3857,#3859) ;
#3884=LINE('Line',#3881,#3883) ;
#3896=LINE('Line',#3893,#3895) ;
#3908=LINE('Line',#3905,#3907) ;
#3922=LINE('Line',#3919,#3921) ;
#3934=LINE('Line',#3931,#3933) ;
#3941=LINE('Line',#3938,#3940) ;
#3960=LINE('Line',#3957,#3959) ;
#3972=LINE('Line',#3969,#3971) ;
#3979=LINE('Line',#3976,#3978) ;
#3998=LINE('Line',#3995,#3997) ;
#4010=LINE('Line',#4007,#4009) ;
#4027=LINE('Line',#4024,#4026) ;
#4034=LINE('Line',#4031,#4033) ;
#4060=LINE('Line',#4057,#4059) ;
#4094=LINE('Line',#4091,#4093) ;
#4108=LINE('Line',#4105,#4107) ;
#4132=LINE('Line',#4129,#4131) ;
#4161=LINE('Line',#4158,#4160) ;
#4166=LINE('Line',#4163,#4165) ;
#4308=LINE('Line',#4305,#4307) ;
#4594=LINE('Line',#4591,#4593) ;
#4684=LINE('Line',#4681,#4683) ;
#4739=LINE('Line',#4736,#4738) ;
#4851=LINE('Line',#4848,#4850) ;
#4902=LINE('Line',#4899,#4901) ;
#5021=LINE('Line',#5018,#5020) ;
#5049=LINE('Line',#5046,#5048) ;
#5110=LINE('Line',#5107,#5109) ;
#5176=LINE('Line',#5173,#5175) ;
#5217=LINE('Line',#5214,#5216) ;
#5271=LINE('Line',#5268,#5270) ;
#5337=LINE('Line',#5334,#5336) ;
#5371=LINE('Line',#5368,#5370) ;
#5427=LINE('Line',#5424,#5426) ;
#5564=LINE('Line',#5561,#5563) ;
#5620=LINE('Line',#5617,#5619) ;
#5681=LINE('Line',#5678,#5680) ;
#5722=LINE('Line',#5719,#5721) ;
#5771=LINE('Line',#5768,#5770) ;
#5897=LINE('Line',#5894,#5896) ;
#5948=LINE('Line',#5945,#5947) ;
#6081=LINE('Line',#6078,#6080) ;
#6116=LINE('Line',#6113,#6115) ;
#6177=LINE('Line',#6174,#6176) ;
#6239=LINE('Line',#6236,#6238) ;
#6274=LINE('Line',#6271,#6273) ;
#6279=LINE('Line',#6276,#6278) ;
#6360=LINE('Line',#6357,#6359) ;
#6365=LINE('Line',#6362,#6364) ;
#6370=LINE('Line',#6367,#6369) ;
#6494=LINE('Line',#6491,#6493) ;
#6629=LINE('Line',#6626,#6628) ;
#6664=LINE('Line',#6661,#6663) ;
#6723=LINE('Line',#6720,#6722) ;
#6849=LINE('Line',#6846,#6848) ;
#6913=LINE('Line',#6910,#6912) ;
#7030=LINE('Line',#7027,#7029) ;
#7112=LINE('Line',#7109,#7111) ;
#7131=LINE('Line',#7128,#7130) ;
#7245=LINE('Line',#7242,#7244) ;
#7335=LINE('Line',#7332,#7334) ;
#7619=LINE('Line',#7616,#7618) ;
#7688=LINE('Line',#7685,#7687) ;
#7723=LINE('Line',#7720,#7722) ;
#7777=LINE('Line',#7774,#7776) ;
#7846=LINE('Line',#7843,#7845) ;
#7881=LINE('Line',#7878,#7880) ;
#7915=LINE('Line',#7912,#7914) ;
#8067=LINE('Line',#8064,#8066) ;
#8133=LINE('Line',#8130,#8132) ;
#8202=LINE('Line',#8199,#8201) ;
#8237=LINE('Line',#8234,#8236) ;
#8286=LINE('Line',#8283,#8285) ;
#8354=LINE('Line',#8351,#8353) ;
#8393=LINE('Line',#8390,#8392) ;
#8415=LINE('Line',#8412,#8414) ;
#8420=LINE('Line',#8417,#8419) ;
#8448=LINE('Line',#8445,#8447) ;
#8453=LINE('Line',#8450,#8452) ;
#8509=LINE('Line',#8506,#8508) ;
#8514=LINE('Line',#8511,#8513) ;
#8618=LINE('Line',#8615,#8617) ;
#8623=LINE('Line',#8620,#8622) ;
#8771=LINE('Line',#8768,#8770) ;
#8821=LINE('Line',#8818,#8820) ;
#8826=LINE('Line',#8823,#8825) ;
#8903=LINE('Line',#8900,#8902) ;
#8919=LINE('Line',#8916,#8918) ;
#8926=LINE('Line',#8923,#8925) ;
#8977=LINE('Line',#8974,#8976) ;
#9025=LINE('Line',#9022,#9024) ;
#9030=LINE('Line',#9027,#9029) ;
#9067=LINE('Line',#9064,#9066) ;
#9072=LINE('Line',#9069,#9071) ;
#9095=LINE('Line',#9092,#9094) ;
#9109=LINE('Line',#9106,#9108) ;
#48=CIRCLE('generated circle',#47,2.067) ;
#66=CIRCLE('generated circle',#65,2.06700000005) ;
#82=CIRCLE('generated circle',#81,2.067) ;
#108=CIRCLE('generated circle',#107,2.067) ;
#115=CIRCLE('generated circle',#114,2.067) ;
#147=CIRCLE('generated circle',#146,2.567) ;
#159=CIRCLE('generated circle',#158,2.56700000001) ;
#183=CIRCLE('generated circle',#182,2.56700000002) ;
#234=CIRCLE('generated circle',#233,2.56700000054) ;
#243=CIRCLE('generated circle',#242,2.56700000113) ;
#250=CIRCLE('generated circle',#249,2.56699999647) ;
#280=CIRCLE('generated circle',#279,3.43055153136) ;
#285=CIRCLE('generated circle',#284,3.43055153136) ;
#309=CIRCLE('generated circle',#308,8.99999999505) ;
#323=CIRCLE('generated circle',#322,9.00000000023) ;
#344=CIRCLE('generated circle',#343,9.00000000056) ;
#353=CIRCLE('generated circle',#352,8.99999999334) ;
#360=CIRCLE('generated circle',#359,2.00000000106) ;
#374=CIRCLE('generated circle',#373,2.0000000001) ;
#388=CIRCLE('generated circle',#387,1.49999999875) ;
#402=CIRCLE('generated circle',#401,1.49999999931) ;
#427=CIRCLE('generated circle',#426,1.49999999958) ;
#441=CIRCLE('generated circle',#440,1.49999999938) ;
#455=CIRCLE('generated circle',#454,1.50000000031) ;
#477=CIRCLE('generated circle',#476,1.50000000097) ;
#491=CIRCLE('generated circle',#490,1.50000000043) ;
#505=CIRCLE('generated circle',#504,1.50000000007) ;
#527=CIRCLE('generated circle',#526,1.49999999962) ;
#541=CIRCLE('generated circle',#540,2.00000000061) ;
#548=CIRCLE('generated circle',#547,8.99999998204) ;
#555=CIRCLE('generated circle',#554,1.49999999935) ;
#577=CIRCLE('generated circle',#576,1.50000000119) ;
#598=CIRCLE('generated circle',#597,1.50000000007) ;
#619=CIRCLE('generated circle',#618,1.50000000119) ;
#633=CIRCLE('generated circle',#632,1.49999999897) ;
#647=CIRCLE('generated circle',#646,1.49999999946) ;
#669=CIRCLE('generated circle',#668,1.50000000007) ;
#683=CIRCLE('generated circle',#682,1.49999999962) ;
#697=CIRCLE('generated circle',#696,1.49999999954) ;
#710=CIRCLE('generated circle',#709,4.5) ;
#719=CIRCLE('generated circle',#718,4.49999999803) ;
#726=CIRCLE('generated circle',#725,4.5) ;
#736=CIRCLE('generated circle',#735,5.5) ;
#745=CIRCLE('generated circle',#744,5.5) ;
#752=CIRCLE('generated circle',#751,5.49999999955) ;
#792=CIRCLE('generated circle',#791,9.00000000023) ;
#806=CIRCLE('generated circle',#805,9.00000002294) ;
#827=CIRCLE('generated circle',#826,1.49999999948) ;
#843=CIRCLE('generated circle',#842,1.5000000001) ;
#857=CIRCLE('generated circle',#856,1.49999999911) ;
#877=CIRCLE('generated circle',#876,1.50000000073) ;
#1014=CIRCLE('generated circle',#1013,1.50000000031) ;
#1030=CIRCLE('generated circle',#1029,1.49999999938) ;
#1044=CIRCLE('generated circle',#1043,1.49999999958) ;
#1064=CIRCLE('generated circle',#1063,1.50000000007) ;
#1109=CIRCLE('generated circle',#1108,1.50000000097) ;
#1138=CIRCLE('generated circle',#1137,1.49999999935) ;
#1212=CIRCLE('generated circle',#1211,1.50000000119) ;
#1228=CIRCLE('generated circle',#1227,1.50000000007) ;
#1242=CIRCLE('generated circle',#1241,1.49999999958) ;
#1322=CIRCLE('generated circle',#1321,1.49999999656) ;
#1342=CIRCLE('generated circle',#1341,5.5) ;
#1351=CIRCLE('generated circle',#1350,5.49999999955) ;
#1358=CIRCLE('generated circle',#1357,5.5) ;
#1368=CIRCLE('generated circle',#1367,4.50000000845) ;
#1377=CIRCLE('generated circle',#1376,4.50000000161) ;
#1384=CIRCLE('generated circle',#1383,4.5) ;
#1407=CIRCLE('generated circle',#1406,2.06699999981) ;
#1431=CIRCLE('generated circle',#1430,2.067) ;
#1450=CIRCLE('generated circle',#1449,2.06699999966) ;
#1612=CIRCLE('generated circle',#1611,2.12100000205) ;
#1619=CIRCLE('generated circle',#1618,2.12099999942) ;
#1660=CIRCLE('generated circle',#1659,9.) ;
#1683=CIRCLE('generated circle',#1682,9.) ;
#1697=CIRCLE('generated circle',#1696,9.) ;
#1721=CIRCLE('generated circle',#1720,2.) ;
#1728=CIRCLE('generated circle',#1727,2.) ;
#1777=CIRCLE('generated circle',#1776,2.) ;
#1784=CIRCLE('generated circle',#1783,2.) ;
#1816=CIRCLE('generated circle',#1815,2.99999999994) ;
#1874=CIRCLE('generated circle',#1873,1.5) ;
#1881=CIRCLE('generated circle',#1880,1.5) ;
#1958=CIRCLE('generated circle',#1957,1.5) ;
#2006=CIRCLE('generated circle',#2005,1.5) ;
#2054=CIRCLE('generated circle',#2053,1.5) ;
#2102=CIRCLE('generated circle',#2101,1.5) ;
#2150=CIRCLE('generated circle',#2149,1.5) ;
#2198=CIRCLE('generated circle',#2197,1.5) ;
#2246=CIRCLE('generated circle',#2245,1.5) ;
#2294=CIRCLE('generated circle',#2293,1.5) ;
#2337=CIRCLE('generated circle',#2336,2.) ;
#2344=CIRCLE('generated circle',#2343,2.) ;
#2364=CIRCLE('generated circle',#2363,9.) ;
#2388=CIRCLE('generated circle',#2387,1.5) ;
#2436=CIRCLE('generated circle',#2435,1.5) ;
#2503=CIRCLE('generated circle',#2502,1.5) ;
#2551=CIRCLE('generated circle',#2550,1.5) ;
#2619=CIRCLE('generated circle',#2618,1.5) ;
#2626=CIRCLE('generated circle',#2625,1.5) ;
#2703=CIRCLE('generated circle',#2702,1.5) ;
#2751=CIRCLE('generated circle',#2750,1.5) ;
#2799=CIRCLE('generated circle',#2798,1.5) ;
#2842=CIRCLE('generated circle',#2841,1.5) ;
#2866=CIRCLE('generated circle',#2865,4.) ;
#2890=CIRCLE('generated circle',#2889,4.) ;
#2909=CIRCLE('generated circle',#2908,4.) ;
#2933=CIRCLE('generated circle',#2932,5.) ;
#2957=CIRCLE('generated circle',#2956,5.) ;
#2976=CIRCLE('generated circle',#2975,5.) ;
#2995=CIRCLE('generated circle',#2994,1.5) ;
#3058=CIRCLE('generated circle',#3057,1.5) ;
#3096=CIRCLE('generated circle',#3095,1.5) ;
#3159=CIRCLE('generated circle',#3158,1.5) ;
#3225=CIRCLE('generated circle',#3224,1.5) ;
#3232=CIRCLE('generated circle',#3231,1.5) ;
#3252=CIRCLE('generated circle',#3251,2.99999999994) ;
#3312=CIRCLE('generated circle',#3311,2.) ;
#3319=CIRCLE('generated circle',#3318,2.) ;
#3358=CIRCLE('generated circle',#3357,2.) ;
#3365=CIRCLE('generated circle',#3364,2.) ;
#3392=CIRCLE('generated circle',#3391,9.) ;
#3425=CIRCLE('generated circle',#3424,9.) ;
#3446=CIRCLE('generated circle',#3445,1.5) ;
#3484=CIRCLE('generated circle',#3483,1.5) ;
#3522=CIRCLE('generated circle',#3521,1.5) ;
#3560=CIRCLE('generated circle',#3559,1.5) ;
#3598=CIRCLE('generated circle',#3597,1.5) ;
#3636=CIRCLE('generated circle',#3635,1.5) ;
#3693=CIRCLE('generated circle',#3692,1.5) ;
#3712=CIRCLE('generated circle',#3711,9.) ;
#3731=CIRCLE('generated circle',#3730,2.) ;
#3738=CIRCLE('generated circle',#3737,2.) ;
#3777=CIRCLE('generated circle',#3776,1.5) ;
#3796=CIRCLE('generated circle',#3795,1.5) ;
#3834=CIRCLE('generated circle',#3833,1.5) ;
#3877=CIRCLE('generated circle',#3876,1.5) ;
#3915=CIRCLE('generated circle',#3914,1.5) ;
#3953=CIRCLE('generated circle',#3952,1.5) ;
#3991=CIRCLE('generated circle',#3990,1.5) ;
#4041=CIRCLE('generated circle',#4040,5.) ;
#4053=CIRCLE('generated circle',#4052,5.00000000001) ;
#4077=CIRCLE('generated circle',#4076,5.) ;
#4101=CIRCLE('generated circle',#4100,4.) ;
#4125=CIRCLE('generated circle',#4124,4.) ;
#4144=CIRCLE('generated circle',#4143,4.) ;
#4301=CIRCLE('generated circle',#4300,1.62099999982) ;
#4343=CIRCLE('generated circle',#4342,1.5) ;
#4350=CIRCLE('generated circle',#4349,10.5) ;
#4503=CIRCLE('generated circle',#4502,10.5) ;
#4510=CIRCLE('generated circle',#4509,1.5) ;
#4534=CIRCLE('generated circle',#4533,0.499999999837) ;
#4567=CIRCLE('generated circle',#4566,0.499999999837) ;
#4601=CIRCLE('generated circle',#4600,1.5) ;
#4624=CIRCLE('generated circle',#4623,0.499999999703) ;
#4657=CIRCLE('generated circle',#4656,0.499999999703) ;
#4691=CIRCLE('generated circle',#4690,1.5) ;
#4708=CIRCLE('generated circle',#4707,1.5) ;
#4715=CIRCLE('generated circle',#4714,1.5) ;
#4732=CIRCLE('generated circle',#4731,1.5) ;
#4746=CIRCLE('generated circle',#4745,1.5) ;
#4858=CIRCLE('generated circle',#4857,1.5) ;
#4875=CIRCLE('generated circle',#4874,1.5) ;
#4886=CIRCLE('generated circle',#4885,1.5) ;
#4909=CIRCLE('generated circle',#4908,1.5) ;
#5009=CIRCLE('generated circle',#5008,1.5) ;
#5014=CIRCLE('generated circle',#5013,1.5) ;
#5058=CIRCLE('generated circle',#5057,1.5) ;
#5063=CIRCLE('generated circle',#5062,1.5) ;
#5089=CIRCLE('generated circle',#5088,1.5) ;
#5105=CIRCLE('generated circle',#5104,1.5) ;
#5117=CIRCLE('generated circle',#5116,1.5) ;
#5124=CIRCLE('generated circle',#5123,1.5) ;
#5143=CIRCLE('generated circle',#5142,1.5) ;
#5159=CIRCLE('generated circle',#5158,1.5) ;
#5166=CIRCLE('generated circle',#5165,1.5) ;
#5171=CIRCLE('generated circle',#5170,1.5) ;
#5194=CIRCLE('generated circle',#5193,1.5) ;
#5210=CIRCLE('generated circle',#5209,1.5) ;
#5224=CIRCLE('generated circle',#5223,1.5) ;
#5250=CIRCLE('generated circle',#5249,1.5) ;
#5266=CIRCLE('generated circle',#5265,1.5) ;
#5278=CIRCLE('generated circle',#5277,1.5) ;
#5285=CIRCLE('generated circle',#5284,1.5) ;
#5304=CIRCLE('generated circle',#5303,1.5) ;
#5320=CIRCLE('generated circle',#5319,1.5) ;
#5327=CIRCLE('generated circle',#5326,1.5) ;
#5332=CIRCLE('generated circle',#5331,1.5) ;
#5355=CIRCLE('generated circle',#5354,1.5) ;
#5380=CIRCLE('generated circle',#5379,1.5) ;
#5385=CIRCLE('generated circle',#5384,1.5) ;
#5411=CIRCLE('generated circle',#5410,1.5) ;
#5422=CIRCLE('generated circle',#5421,1.5) ;
#5434=CIRCLE('generated circle',#5433,1.5) ;
#5458=CIRCLE('generated circle',#5457,0.499999999998) ;
#5491=CIRCLE('generated circle',#5490,0.499999999998) ;
#5518=CIRCLE('generated circle',#5517,1.5) ;
#5525=CIRCLE('generated circle',#5524,1.5) ;
#5530=CIRCLE('generated circle',#5529,10.5) ;
#5548=CIRCLE('generated circle',#5547,1.5) ;
#5573=CIRCLE('generated circle',#5572,1.5) ;
#5578=CIRCLE('generated circle',#5577,1.5) ;
#5604=CIRCLE('generated circle',#5603,1.5) ;
#5615=CIRCLE('generated circle',#5614,1.5) ;
#5669=CIRCLE('generated circle',#5668,1.5) ;
#5676=CIRCLE('generated circle',#5675,1.5) ;
#5699=CIRCLE('generated circle',#5698,1.5) ;
#5715=CIRCLE('generated circle',#5714,1.5) ;
#5729=CIRCLE('generated circle',#5728,1.5) ;
#5755=CIRCLE('generated circle',#5754,1.5) ;
#5766=CIRCLE('generated circle',#5765,1.5) ;
#5778=CIRCLE('generated circle',#5777,1.5) ;
#5785=CIRCLE('generated circle',#5784,1.5) ;
#5904=CIRCLE('generated circle',#5903,1.5) ;
#5921=CIRCLE('generated circle',#5920,1.5) ;
#5932=CIRCLE('generated circle',#5931,1.5) ;
#5955=CIRCLE('generated circle',#5954,1.5) ;
#6055=CIRCLE('generated circle',#6054,1.5) ;
#6062=CIRCLE('generated circle',#6061,1.5) ;
#6067=CIRCLE('generated circle',#6066,1.5) ;
#6074=CIRCLE('generated circle',#6073,1.5) ;
#6100=CIRCLE('generated circle',#6099,1.5) ;
#6125=CIRCLE('generated circle',#6124,1.5) ;
#6130=CIRCLE('generated circle',#6129,1.5) ;
#6156=CIRCLE('generated circle',#6155,1.5) ;
#6172=CIRCLE('generated circle',#6171,1.5) ;
#6184=CIRCLE('generated circle',#6183,1.5) ;
#6211=CIRCLE('generated circle',#6210,1.5) ;
#6222=CIRCLE('generated circle',#6221,1.5) ;
#6229=CIRCLE('generated circle',#6228,1.5) ;
#6234=CIRCLE('generated circle',#6233,1.5) ;
#6258=CIRCLE('generated circle',#6257,1.5) ;
#6501=CIRCLE('generated circle',#6500,1.5) ;
#6601=CIRCLE('generated circle',#6600,1.5) ;
#6610=CIRCLE('generated circle',#6609,1.5) ;
#6615=CIRCLE('generated circle',#6614,1.5) ;
#6622=CIRCLE('generated circle',#6621,1.5) ;
#6648=CIRCLE('generated circle',#6647,1.5) ;
#6671=CIRCLE('generated circle',#6670,1.5) ;
#6676=CIRCLE('generated circle',#6675,1.5) ;
#6702=CIRCLE('generated circle',#6701,1.5) ;
#6718=CIRCLE('generated circle',#6717,1.5) ;
#6730=CIRCLE('generated circle',#6729,1.5) ;
#6737=CIRCLE('generated circle',#6736,1.5) ;
#6920=CIRCLE('generated circle',#6919,1.5) ;
#7037=CIRCLE('generated circle',#7036,1.5) ;
#7054=CIRCLE('generated circle',#7053,1.5) ;
#7065=CIRCLE('generated circle',#7064,1.5) ;
#7081=CIRCLE('generated circle',#7080,1.5) ;
#7090=CIRCLE('generated circle',#7089,1.5) ;
#7095=CIRCLE('generated circle',#7094,1.5) ;
#7119=CIRCLE('generated circle',#7118,1.5) ;
#7138=CIRCLE('generated circle',#7137,1.5) ;
#7238=CIRCLE('generated circle',#7237,1.5) ;
#7252=CIRCLE('generated circle',#7251,1.5) ;
#7275=CIRCLE('generated circle',#7274,0.499999999703) ;
#7308=CIRCLE('generated circle',#7307,0.499999999703) ;
#7342=CIRCLE('generated circle',#7341,1.5) ;
#7365=CIRCLE('generated circle',#7364,0.499999999837) ;
#7398=CIRCLE('generated circle',#7397,0.499999999837) ;
#7425=CIRCLE('generated circle',#7424,10.5) ;
#7432=CIRCLE('generated circle',#7431,1.5) ;
#7563=CIRCLE('generated circle',#7562,1.5) ;
#7570=CIRCLE('generated circle',#7569,10.5) ;
#7596=CIRCLE('generated circle',#7595,1.5) ;
#7612=CIRCLE('generated circle',#7611,1.5) ;
#7626=CIRCLE('generated circle',#7625,1.5) ;
#7653=CIRCLE('generated circle',#7652,1.5) ;
#7669=CIRCLE('generated circle',#7668,1.5) ;
#7678=CIRCLE('generated circle',#7677,1.5) ;
#7683=CIRCLE('generated circle',#7682,1.5) ;
#7707=CIRCLE('generated circle',#7706,1.5) ;
#7718=CIRCLE('generated circle',#7717,1.5) ;
#7728=CIRCLE('generated circle',#7727,1.5) ;
#7754=CIRCLE('generated circle',#7753,1.5) ;
#7770=CIRCLE('generated circle',#7769,1.5) ;
#7784=CIRCLE('generated circle',#7783,1.5) ;
#7811=CIRCLE('generated circle',#7810,1.5) ;
#7827=CIRCLE('generated circle',#7826,1.5) ;
#7836=CIRCLE('generated circle',#7835,1.5) ;
#7841=CIRCLE('generated circle',#7840,1.5) ;
#7865=CIRCLE('generated circle',#7864,1.5) ;
#7886=CIRCLE('generated circle',#7885,1.5) ;
#7891=CIRCLE('generated circle',#7890,1.5) ;
#7908=CIRCLE('generated circle',#7907,1.5) ;
#7922=CIRCLE('generated circle',#7921,1.5) ;
#7948=CIRCLE('generated circle',#7947,1.5) ;
#7964=CIRCLE('generated circle',#7963,1.5) ;
#7969=CIRCLE('generated circle',#7968,10.5) ;
#7976=CIRCLE('generated circle',#7975,1.5) ;
#8000=CIRCLE('generated circle',#7999,0.499999999998) ;
#8033=CIRCLE('generated circle',#8032,0.499999999998) ;
#8055=CIRCLE('generated circle',#8054,1.5) ;
#8062=CIRCLE('generated circle',#8061,1.5) ;
#8085=CIRCLE('generated circle',#8084,1.5) ;
#8110=CIRCLE('generated circle',#8109,1.5) ;
#8126=CIRCLE('generated circle',#8125,1.5) ;
#8140=CIRCLE('generated circle',#8139,1.5) ;
#8167=CIRCLE('generated circle',#8166,1.5) ;
#8183=CIRCLE('generated circle',#8182,1.5) ;
#8192=CIRCLE('generated circle',#8191,1.5) ;
#8197=CIRCLE('generated circle',#8196,1.5) ;
#8221=CIRCLE('generated circle',#8220,1.5) ;
#8232=CIRCLE('generated circle',#8231,1.5) ;
#8242=CIRCLE('generated circle',#8241,1.5) ;
#8268=CIRCLE('generated circle',#8267,1.5) ;
#8279=CIRCLE('generated circle',#8278,1.5) ;
#8293=CIRCLE('generated circle',#8292,1.5) ;
#8300=CIRCLE('generated circle',#8299,1.5) ;
#8319=CIRCLE('generated circle',#8318,1.5) ;
#8335=CIRCLE('generated circle',#8334,1.5) ;
#8344=CIRCLE('generated circle',#8343,1.5) ;
#8349=CIRCLE('generated circle',#8348,1.5) ;
#8372=CIRCLE('generated circle',#8371,1.5) ;
#8388=CIRCLE('generated circle',#8387,1.5) ;
#8398=CIRCLE('generated circle',#8397,1.5) ;
#8480=CIRCLE('generated circle',#8479,1.5) ;
#8547=CIRCLE('generated circle',#8546,1.5) ;
#8554=CIRCLE('generated circle',#8553,1.5) ;
#8565=CIRCLE('generated circle',#8564,1.5) ;
#8589=CIRCLE('generated circle',#8588,1.5) ;
#8654=CIRCLE('generated circle',#8653,1.5) ;
#8794=CIRCLE('generated circle',#8793,1.5) ;
#8799=CIRCLE('generated circle',#8798,1.5) ;
#8849=CIRCLE('generated circle',#8848,1.5) ;
#8944=CIRCLE('generated circle',#8943,1.5) ;
#8961=CIRCLE('generated circle',#8960,1.5) ;
#9008=CIRCLE('generated circle',#9007,1.5) ;
#9102=CIRCLE('generated circle',#9101,1.5) ;
#9126=CIRCLE('generated circle',#9125,1.5) ;
#9133=CIRCLE('generated circle',#9132,1.5) ;
#9144=CIRCLE('generated circle',#9143,3.00000003475) ;
#9201=CIRCLE('generated circle',#9200,1.5) ;
#9217=CIRCLE('generated circle',#9216,1.5) ;
#9242=CIRCLE('generated circle',#9241,1.5) ;
#196=PLANE('',#195) ;
#298=PLANE('',#297) ;
#764=PLANE('',#763) ;
#788=PLANE('',#787) ;
#1463=PLANE('',#1462) ;
#1603=PLANE('',#1602) ;
#1749=PLANE('',#1748) ;
#1805=PLANE('',#1804) ;
#1902=PLANE('',#1901) ;
#1971=PLANE('',#1970) ;
#2026=PLANE('',#2025) ;
#2074=PLANE('',#2073) ;
#2115=PLANE('',#2114) ;
#2170=PLANE('',#2169) ;
#2218=PLANE('',#2217) ;
#2259=PLANE('',#2258) ;
#2401=PLANE('',#2400) ;
#2475=PLANE('',#2474) ;
#2516=PLANE('',#2515) ;
#2647=PLANE('',#2646) ;
#2716=PLANE('',#2715) ;
#2771=PLANE('',#2770) ;
#8444=PLANE('',#8443) ;
#8527=PLANE('',#8526) ;
#8899=PLANE('',#8898) ;
#8973=PLANE('',#8972) ;
#78=CYLINDRICAL_SURFACE('generated cylinder',#77,2.067) ;
#267=CYLINDRICAL_SURFACE('generated cylinder',#266,3.43055153136) ;
#1552=CYLINDRICAL_SURFACE('generated cylinder',#1551,9.) ;
#1635=CYLINDRICAL_SURFACE('generated cylinder',#1634,9.) ;
#1717=CYLINDRICAL_SURFACE('generated cylinder',#1716,2.) ;
#1773=CYLINDRICAL_SURFACE('generated cylinder',#1772,2.) ;
#1870=CYLINDRICAL_SURFACE('generated cylinder',#1869,1.5) ;
#1954=CYLINDRICAL_SURFACE('generated cylinder',#1953,1.5) ;
#2002=CYLINDRICAL_SURFACE('generated cylinder',#2001,1.5) ;
#2050=CYLINDRICAL_SURFACE('generated cylinder',#2049,1.5) ;
#2098=CYLINDRICAL_SURFACE('generated cylinder',#2097,1.5) ;
#2146=CYLINDRICAL_SURFACE('generated cylinder',#2145,1.5) ;
#2194=CYLINDRICAL_SURFACE('generated cylinder',#2193,1.5) ;
#2242=CYLINDRICAL_SURFACE('generated cylinder',#2241,1.5) ;
#2290=CYLINDRICAL_SURFACE('generated cylinder',#2289,1.5) ;
#2333=CYLINDRICAL_SURFACE('generated cylinder',#2332,2.) ;
#2384=CYLINDRICAL_SURFACE('generated cylinder',#2383,1.5) ;
#2432=CYLINDRICAL_SURFACE('generated cylinder',#2431,1.5) ;
#2499=CYLINDRICAL_SURFACE('generated cylinder',#2498,1.5) ;
#2547=CYLINDRICAL_SURFACE('generated cylinder',#2546,1.5) ;
#2615=CYLINDRICAL_SURFACE('generated cylinder',#2614,1.5) ;
#2699=CYLINDRICAL_SURFACE('generated cylinder',#2698,1.5) ;
#2747=CYLINDRICAL_SURFACE('generated cylinder',#2746,1.5) ;
#2795=CYLINDRICAL_SURFACE('generated cylinder',#2794,1.5) ;
#2838=CYLINDRICAL_SURFACE('generated cylinder',#2837,1.5) ;
#3873=CYLINDRICAL_SURFACE('generated cylinder',#3872,1.5) ;
#4157=CYLINDRICAL_SURFACE('generated cylinder',#4156,2.067) ;
#4590=CYLINDRICAL_SURFACE('generated cylinder',#4589,1.5) ;
#4680=CYLINDRICAL_SURFACE('generated cylinder',#4679,1.5) ;
#4728=CYLINDRICAL_SURFACE('generated cylinder',#4727,1.5) ;
#4898=CYLINDRICAL_SURFACE('generated cylinder',#4897,1.5) ;
#5005=CYLINDRICAL_SURFACE('generated cylinder',#5004,1.5) ;
#5045=CYLINDRICAL_SURFACE('generated cylinder',#5044,1.5) ;
#5101=CYLINDRICAL_SURFACE('generated cylinder',#5100,1.5) ;
#5155=CYLINDRICAL_SURFACE('generated cylinder',#5154,1.5) ;
#5206=CYLINDRICAL_SURFACE('generated cylinder',#5205,1.5) ;
#5262=CYLINDRICAL_SURFACE('generated cylinder',#5261,1.5) ;
#5316=CYLINDRICAL_SURFACE('generated cylinder',#5315,1.5) ;
#5367=CYLINDRICAL_SURFACE('generated cylinder',#5366,1.5) ;
#5560=CYLINDRICAL_SURFACE('generated cylinder',#5559,1.5) ;
#5665=CYLINDRICAL_SURFACE('generated cylinder',#5664,1.5) ;
#5711=CYLINDRICAL_SURFACE('generated cylinder',#5710,1.5) ;
#5893=CYLINDRICAL_SURFACE('generated cylinder',#5892,1.5) ;
#5944=CYLINDRICAL_SURFACE('generated cylinder',#5943,1.5) ;
#6051=CYLINDRICAL_SURFACE('generated cylinder',#6050,1.5) ;
#6112=CYLINDRICAL_SURFACE('generated cylinder',#6111,1.5) ;
#6168=CYLINDRICAL_SURFACE('generated cylinder',#6167,1.5) ;
#6270=CYLINDRICAL_SURFACE('generated cylinder',#6269,4.) ;
#6301=CYLINDRICAL_SURFACE('generated cylinder',#6300,5.) ;
#6490=CYLINDRICAL_SURFACE('generated cylinder',#6489,1.5) ;
#6597=CYLINDRICAL_SURFACE('generated cylinder',#6596,1.5) ;
#6660=CYLINDRICAL_SURFACE('generated cylinder',#6659,1.5) ;
#6714=CYLINDRICAL_SURFACE('generated cylinder',#6713,1.5) ;
#6845=CYLINDRICAL_SURFACE('generated cylinder',#6844,1.5) ;
#6909=CYLINDRICAL_SURFACE('generated cylinder',#6908,1.5) ;
#7026=CYLINDRICAL_SURFACE('generated cylinder',#7025,1.5) ;
#7108=CYLINDRICAL_SURFACE('generated cylinder',#7107,1.5) ;
#7234=CYLINDRICAL_SURFACE('generated cylinder',#7233,1.5) ;
#7331=CYLINDRICAL_SURFACE('generated cylinder',#7330,1.5) ;
#7608=CYLINDRICAL_SURFACE('generated cylinder',#7607,1.5) ;
#7665=CYLINDRICAL_SURFACE('generated cylinder',#7664,1.5) ;
#7766=CYLINDRICAL_SURFACE('generated cylinder',#7765,1.5) ;
#7823=CYLINDRICAL_SURFACE('generated cylinder',#7822,1.5) ;
#7877=CYLINDRICAL_SURFACE('generated cylinder',#7876,1.5) ;
#7904=CYLINDRICAL_SURFACE('generated cylinder',#7903,1.5) ;
#8122=CYLINDRICAL_SURFACE('generated cylinder',#8121,1.5) ;
#8179=CYLINDRICAL_SURFACE('generated cylinder',#8178,1.5) ;
#8331=CYLINDRICAL_SURFACE('generated cylinder',#8330,1.5) ;
#8384=CYLINDRICAL_SURFACE('generated cylinder',#8383,1.5) ;
#8411=CYLINDRICAL_SURFACE('generated cylinder',#8410,1.621) ;
#8505=CYLINDRICAL_SURFACE('generated cylinder',#8504,1.5) ;
#8614=CYLINDRICAL_SURFACE('generated cylinder',#8613,1.5) ;
#8817=CYLINDRICAL_SURFACE('generated cylinder',#8816,1.5) ;
#8915=CYLINDRICAL_SURFACE('generated cylinder',#8914,1.5) ;
#9063=CYLINDRICAL_SURFACE('generated cylinder',#9062,1.5) ;
#9091=CYLINDRICAL_SURFACE('generated cylinder',#9090,1.5) ;
#9384=CYLINDRICAL_SURFACE('generated cylinder',#9383,1.5) ;
#9398=CYLINDRICAL_SURFACE('generated cylinder',#9397,1.5) ;
#9412=CYLINDRICAL_SURFACE('generated cylinder',#9411,1.5) ;
#9424=CYLINDRICAL_SURFACE('generated cylinder',#9423,1.5) ;
#9437=CYLINDRICAL_SURFACE('generated cylinder',#9436,1.5) ;
#9449=CYLINDRICAL_SURFACE('generated cylinder',#9448,1.5) ;
#35=CONICAL_SURFACE('Cone',#34,0.,1.0471975512) ;
#129=CONICAL_SURFACE('Cone',#128,0.,0.785398163397) ;
#179=CONICAL_SURFACE('Cone',#178,0.,0.785398163397) ;
#1396=CONICAL_SURFACE('Cone',#1395,0.,0.785398163397) ;
#1427=CONICAL_SURFACE('Cone',#1426,0.,0.785398163397) ;
#2855=CONICAL_SURFACE('Cone',#2854,0.,0.785398163397) ;
#2886=CONICAL_SURFACE('Cone',#2885,0.,0.785398163397) ;
#2922=CONICAL_SURFACE('Cone',#2921,0.,0.785398163397) ;
#2953=CONICAL_SURFACE('Cone',#2952,0.,0.785398163397) ;
#4023=CONICAL_SURFACE('Cone',#4022,0.,0.785398163397) ;
#4073=CONICAL_SURFACE('Cone',#4072,0.,0.785398163397) ;
#4090=CONICAL_SURFACE('Cone',#4089,0.,0.785398163397) ;
#4121=CONICAL_SURFACE('Cone',#4120,0.,0.785398163397) ;
#4297=CONICAL_SURFACE('Cone',#4296,0.,0.785398163397) ;
#4871=SPHERICAL_SURFACE('',#4870,1.5) ;
#5034=SPHERICAL_SURFACE('',#5033,1.5) ;
#5076=SPHERICAL_SURFACE('',#5075,1.5) ;
#5139=SPHERICAL_SURFACE('',#5138,1.5) ;
#5190=SPHERICAL_SURFACE('',#5189,1.5) ;
#5237=SPHERICAL_SURFACE('',#5236,1.5) ;
#5300=SPHERICAL_SURFACE('',#5299,1.5) ;
#5351=SPHERICAL_SURFACE('',#5350,1.5) ;
#5398=SPHERICAL_SURFACE('',#5397,1.5) ;
#5544=SPHERICAL_SURFACE('',#5543,1.5) ;
#5591=SPHERICAL_SURFACE('',#5590,1.5) ;
#5695=SPHERICAL_SURFACE('',#5694,1.5) ;
#5742=SPHERICAL_SURFACE('',#5741,1.5) ;
#5917=SPHERICAL_SURFACE('',#5916,1.5) ;
#6096=SPHERICAL_SURFACE('',#6095,1.5) ;
#6143=SPHERICAL_SURFACE('',#6142,1.5) ;
#6198=SPHERICAL_SURFACE('',#6197,1.5) ;
#6254=SPHERICAL_SURFACE('',#6253,1.5) ;
#6449=SPHERICAL_SURFACE('',#6448,1.5) ;
#6644=SPHERICAL_SURFACE('',#6643,1.5) ;
#6689=SPHERICAL_SURFACE('',#6688,1.5) ;
#6862=SPHERICAL_SURFACE('',#6861,1.5) ;
#7050=SPHERICAL_SURFACE('',#7049,1.5) ;
#7583=SPHERICAL_SURFACE('',#7582,1.5) ;
#7640=SPHERICAL_SURFACE('',#7639,1.5) ;
#7703=SPHERICAL_SURFACE('',#7702,1.5) ;
#7741=SPHERICAL_SURFACE('',#7740,1.5) ;
#7798=SPHERICAL_SURFACE('',#7797,1.5) ;
#7861=SPHERICAL_SURFACE('',#7860,1.5) ;
#7935=SPHERICAL_SURFACE('',#7934,1.5) ;
#8081=SPHERICAL_SURFACE('',#8080,1.5) ;
#8097=SPHERICAL_SURFACE('',#8096,1.5) ;
#8154=SPHERICAL_SURFACE('',#8153,1.5) ;
#8217=SPHERICAL_SURFACE('',#8216,1.5) ;
#8255=SPHERICAL_SURFACE('',#8254,1.5) ;
#8315=SPHERICAL_SURFACE('',#8314,1.5) ;
#8368=SPHERICAL_SURFACE('',#8367,1.5) ;
#8467=SPHERICAL_SURFACE('',#8466,1.5) ;
#8543=SPHERICAL_SURFACE('',#8542,1.5) ;
#8577=SPHERICAL_SURFACE('',#8576,1.5) ;
#8642=SPHERICAL_SURFACE('',#8641,1.5) ;
#8790=SPHERICAL_SURFACE('',#8789,1.5) ;
#8845=SPHERICAL_SURFACE('',#8844,1.5) ;
#8940=SPHERICAL_SURFACE('',#8939,1.5) ;
#8996=SPHERICAL_SURFACE('',#8995,1.5) ;
#9044=SPHERICAL_SURFACE('',#9043,1.5) ;
#9122=SPHERICAL_SURFACE('',#9121,1.5) ;
#9162=SPHERICAL_SURFACE('',#9161,1.5) ;
#9230=SPHERICAL_SURFACE('',#9229,1.5) ;
#4339=TOROIDAL_SURFACE('homeo Torus',#4338,10.5,1.5) ;
#4499=TOROIDAL_SURFACE('homeo Torus',#4498,10.5,1.5) ;
#4704=TOROIDAL_SURFACE('homeo Torus',#4703,3.,1.5) ;
#5514=TOROIDAL_SURFACE('homeo Torus',#5513,10.5,1.5) ;
#7077=TOROIDAL_SURFACE('homeo Torus',#7076,3.,1.5) ;
#7421=TOROIDAL_SURFACE('homeo Torus',#7420,10.5,1.5) ;
#7559=TOROIDAL_SURFACE('homeo Torus',#7558,10.5,1.5) ;
#7960=TOROIDAL_SURFACE('homeo Torus',#7959,10.5,1.5) ;
#9213=TOROIDAL_SURFACE('homeo Torus',#9212,3.,1.5) ;
#4530=SURFACE_OF_REVOLUTION('Surface of Revolution',#4520,#4529) ;
#4563=SURFACE_OF_REVOLUTION('Surface of Revolution',#4553,#4562) ;
#4620=SURFACE_OF_REVOLUTION('Surface of Revolution',#4610,#4619) ;
#4653=SURFACE_OF_REVOLUTION('Surface of Revolution',#4643,#4652) ;
#5454=SURFACE_OF_REVOLUTION('Surface of Revolution',#5444,#5453) ;
#5487=SURFACE_OF_REVOLUTION('Surface of Revolution',#5477,#5486) ;
#7271=SURFACE_OF_REVOLUTION('Surface of Revolution',#7261,#7270) ;
#7304=SURFACE_OF_REVOLUTION('Surface of Revolution',#7294,#7303) ;
#7361=SURFACE_OF_REVOLUTION('Surface of Revolution',#7351,#7360) ;
#7394=SURFACE_OF_REVOLUTION('Surface of Revolution',#7384,#7393) ;
#7996=SURFACE_OF_REVOLUTION('Surface of Revolution',#7986,#7995) ;
#8029=SURFACE_OF_REVOLUTION('Surface of Revolution',#8019,#8028) ;
#4529=AXIS1_PLACEMENT('Revolution Surface Axis1P',#4527,#4528) ;
#4562=AXIS1_PLACEMENT('Revolution Surface Axis1P',#4560,#4561) ;
#4619=AXIS1_PLACEMENT('Revolution Surface Axis1P',#4617,#4618) ;
#4652=AXIS1_PLACEMENT('Revolution Surface Axis1P',#4650,#4651) ;
#5453=AXIS1_PLACEMENT('Revolution Surface Axis1P',#5451,#5452) ;
#5486=AXIS1_PLACEMENT('Revolution Surface Axis1P',#5484,#5485) ;
#7270=AXIS1_PLACEMENT('Revolution Surface Axis1P',#7268,#7269) ;
#7303=AXIS1_PLACEMENT('Revolution Surface Axis1P',#7301,#7302) ;
#7360=AXIS1_PLACEMENT('Revolution Surface Axis1P',#7358,#7359) ;
#7393=AXIS1_PLACEMENT('Revolution Surface Axis1P',#7391,#7392) ;
#7995=AXIS1_PLACEMENT('Revolution Surface Axis1P',#7993,#7994) ;
#8028=AXIS1_PLACEMENT('Revolution Surface Axis1P',#8026,#8027) ;
#256=FACE_BOUND('',#252,.T.) ;
#261=FACE_BOUND('',#257,.T.) ;
#414=FACE_BOUND('',#404,.T.) ;
#464=FACE_BOUND('',#457,.T.) ;
#514=FACE_BOUND('',#507,.T.) ;
#564=FACE_BOUND('',#557,.T.) ;
#606=FACE_BOUND('',#600,.T.) ;
#656=FACE_BOUND('',#649,.T.) ;
#706=FACE_BOUND('',#699,.T.) ;
#732=FACE_BOUND('',#728,.T.) ;
#758=FACE_BOUND('',#754,.T.) ;
#873=FACE_BOUND('',#866,.T.) ;
#1010=FACE_BOUND('',#1000,.T.) ;
#1060=FACE_BOUND('',#1053,.T.) ;
#1125=FACE_BOUND('',#1118,.T.) ;
#1208=FACE_BOUND('',#1201,.T.) ;
#1258=FACE_BOUND('',#1251,.T.) ;
#1338=FACE_BOUND('',#1331,.T.) ;
#1364=FACE_BOUND('',#1360,.T.) ;
#1390=FACE_BOUND('',#1386,.T.) ;
#1546=FACE_BOUND('',#1543,.T.) ;
#44=EDGE_CURVE('',#41,#43,#39,.T.) ;
#51=EDGE_CURVE('',#50,#43,#48,.F.) ;
#56=EDGE_CURVE('',#41,#50,#55,.T.) ;
#67=EDGE_CURVE('',#43,#50,#66,.F.) ;
#87=EDGE_CURVE('',#84,#86,#82,.T.) ;
#92=EDGE_CURVE('',#50,#84,#91,.F.) ;
#97=EDGE_CURVE('',#43,#86,#96,.F.) ;
#111=EDGE_CURVE('',#110,#84,#108,.T.) ;
#116=EDGE_CURVE('',#86,#110,#115,.T.) ;
#136=EDGE_CURVE('',#135,#84,#133,.F.) ;
#143=EDGE_CURVE('',#142,#86,#140,.F.) ;
#148=EDGE_CURVE('',#135,#142,#147,.F.) ;
#162=EDGE_CURVE('',#161,#135,#159,.F.) ;
#167=EDGE_CURVE('',#110,#161,#166,.T.) ;
#184=EDGE_CURVE('',#142,#161,#183,.F.) ;
#205=EDGE_CURVE('',#202,#204,#200,.T.) ;
#212=EDGE_CURVE('',#202,#211,#209,.F.) ;
#219=EDGE_CURVE('',#211,#218,#216,.T.) ;
#224=EDGE_CURVE('',#204,#218,#223,.F.) ;
#239=EDGE_CURVE('',#236,#238,#234,.T.) ;
#246=EDGE_CURVE('',#238,#245,#243,.T.) ;
#251=EDGE_CURVE('',#245,#236,#250,.T.) ;
#276=EDGE_CURVE('',#273,#275,#271,.T.) ;
#281=EDGE_CURVE('',#273,#202,#280,.T.) ;
#286=EDGE_CURVE('',#275,#204,#285,.T.) ;
#305=EDGE_CURVE('',#304,#273,#302,.F.) ;
#312=EDGE_CURVE('',#311,#304,#309,.T.) ;
#319=EDGE_CURVE('',#318,#311,#316,.T.) ;
#326=EDGE_CURVE('',#325,#318,#323,.T.) ;
#331=EDGE_CURVE('',#211,#325,#330,.F.) ;
#349=EDGE_CURVE('',#346,#348,#344,.T.) ;
#356=EDGE_CURVE('',#355,#346,#353,.T.) ;
#363=EDGE_CURVE('',#362,#355,#360,.F.) ;
#370=EDGE_CURVE('',#369,#362,#367,.F.) ;
#377=EDGE_CURVE('',#376,#369,#374,.F.) ;
#384=EDGE_CURVE('',#383,#376,#381,.F.) ;
#391=EDGE_CURVE('',#383,#390,#388,.T.) ;
#398=EDGE_CURVE('',#390,#397,#395,.T.) ;
#403=EDGE_CURVE('',#397,#348,#402,.T.) ;
#423=EDGE_CURVE('',#420,#422,#418,.T.) ;
#430=EDGE_CURVE('',#420,#429,#427,.T.) ;
#437=EDGE_CURVE('',#429,#436,#434,.T.) ;
#444=EDGE_CURVE('',#436,#443,#441,.T.) ;
#451=EDGE_CURVE('',#443,#450,#448,.T.) ;
#456=EDGE_CURVE('',#450,#422,#455,.T.) ;
#473=EDGE_CURVE('',#470,#472,#468,.F.) ;
#480=EDGE_CURVE('',#472,#479,#477,.T.) ;
#487=EDGE_CURVE('',#486,#479,#484,.T.) ;
#494=EDGE_CURVE('',#486,#493,#491,.T.) ;
#501=EDGE_CURVE('',#493,#500,#498,.F.) ;
#506=EDGE_CURVE('',#500,#470,#505,.T.) ;
#523=EDGE_CURVE('',#520,#522,#518,.F.) ;
#530=EDGE_CURVE('',#522,#529,#527,.T.) ;
#537=EDGE_CURVE('',#536,#529,#534,.T.) ;
#544=EDGE_CURVE('',#543,#536,#541,.F.) ;
#551=EDGE_CURVE('',#550,#543,#548,.T.) ;
#556=EDGE_CURVE('',#550,#520,#555,.T.) ;
#573=EDGE_CURVE('',#570,#572,#568,.T.) ;
#580=EDGE_CURVE('',#572,#579,#577,.T.) ;
#587=EDGE_CURVE('',#586,#579,#584,.T.) ;
#594=EDGE_CURVE('',#586,#593,#591,.T.) ;
#599=EDGE_CURVE('',#593,#570,#598,.T.) ;
#615=EDGE_CURVE('',#612,#614,#610,.T.) ;
#622=EDGE_CURVE('',#614,#621,#619,.T.) ;
#629=EDGE_CURVE('',#628,#621,#626,.T.) ;
#636=EDGE_CURVE('',#628,#635,#633,.T.) ;
#643=EDGE_CURVE('',#635,#642,#640,.F.) ;
#648=EDGE_CURVE('',#642,#612,#647,.T.) ;
#665=EDGE_CURVE('',#662,#664,#660,.F.) ;
#672=EDGE_CURVE('',#664,#671,#669,.T.) ;
#679=EDGE_CURVE('',#671,#678,#676,.F.) ;
#686=EDGE_CURVE('',#678,#685,#683,.T.) ;
#693=EDGE_CURVE('',#692,#685,#690,.T.) ;
#698=EDGE_CURVE('',#692,#662,#697,.T.) ;
#715=EDGE_CURVE('',#712,#714,#710,.T.) ;
#722=EDGE_CURVE('',#714,#721,#719,.T.) ;
#727=EDGE_CURVE('',#721,#712,#726,.T.) ;
#741=EDGE_CURVE('',#738,#740,#736,.T.) ;
#748=EDGE_CURVE('',#740,#747,#745,.T.) ;
#753=EDGE_CURVE('',#747,#738,#752,.T.) ;
#771=EDGE_CURVE('',#325,#770,#768,.T.) ;
#776=EDGE_CURVE('',#218,#770,#775,.F.) ;
#795=EDGE_CURVE('',#770,#794,#792,.T.) ;
#802=EDGE_CURVE('',#794,#801,#799,.T.) ;
#809=EDGE_CURVE('',#801,#808,#806,.T.) ;
#814=EDGE_CURVE('',#808,#275,#813,.F.) ;
#832=EDGE_CURVE('',#829,#831,#827,.F.) ;
#839=EDGE_CURVE('',#831,#838,#836,.T.) ;
#846=EDGE_CURVE('',#838,#845,#843,.F.) ;
#853=EDGE_CURVE('',#852,#845,#850,.T.) ;
#860=EDGE_CURVE('',#852,#859,#857,.F.) ;
#865=EDGE_CURVE('',#859,#829,#864,.T.) ;
#882=EDGE_CURVE('',#879,#881,#877,.F.) ;
#889=EDGE_CURVE('',#888,#881,#886,.T.) ;
#911=EDGE_CURVE('',#888,#910,#890,.T.) ;
#918=EDGE_CURVE('',#910,#917,#915,.F.) ;
#940=EDGE_CURVE('',#917,#939,#919,.T.) ;
#947=EDGE_CURVE('',#939,#946,#944,.F.) ;
#966=EDGE_CURVE('',#946,#965,#948,.T.) ;
#976=EDGE_CURVE('',#965,#975,#967,.F.) ;
#999=EDGE_CURVE('',#975,#879,#977,.F.) ;
#1019=EDGE_CURVE('',#1016,#1018,#1014,.F.) ;
#1026=EDGE_CURVE('',#1025,#1018,#1023,.T.) ;
#1033=EDGE_CURVE('',#1025,#1032,#1030,.F.) ;
#1040=EDGE_CURVE('',#1039,#1032,#1037,.T.) ;
#1047=EDGE_CURVE('',#1039,#1046,#1044,.F.) ;
#1052=EDGE_CURVE('',#1046,#1016,#1051,.T.) ;
#1069=EDGE_CURVE('',#1066,#1068,#1064,.F.) ;
#1076=EDGE_CURVE('',#1068,#1075,#1073,.T.) ;
#1098=EDGE_CURVE('',#1075,#1097,#1077,.T.) ;
#1105=EDGE_CURVE('',#1097,#1104,#1102,.T.) ;
#1112=EDGE_CURVE('',#1104,#1111,#1109,.F.) ;
#1117=EDGE_CURVE('',#1111,#1066,#1116,.T.) ;
#1134=EDGE_CURVE('',#1131,#1133,#1129,.T.) ;
#1141=EDGE_CURVE('',#1133,#1140,#1138,.F.) ;
#1154=EDGE_CURVE('',#1140,#1153,#1142,.F.) ;
#1173=EDGE_CURVE('',#1153,#1172,#1155,.T.) ;
#1180=EDGE_CURVE('',#1172,#1179,#1177,.T.) ;
#1200=EDGE_CURVE('',#1179,#1131,#1181,.T.) ;
#1217=EDGE_CURVE('',#1214,#1216,#1212,.F.) ;
#1224=EDGE_CURVE('',#1223,#1216,#1221,.T.) ;
#1231=EDGE_CURVE('',#1223,#1230,#1228,.F.) ;
#1238=EDGE_CURVE('',#1237,#1230,#1235,.T.) ;
#1245=EDGE_CURVE('',#1237,#1244,#1242,.F.) ;
#1250=EDGE_CURVE('',#1244,#1214,#1249,.T.) ;
#1282=EDGE_CURVE('',#1279,#1281,#1259,.T.) ;
#1289=EDGE_CURVE('',#1281,#1288,#1286,.T.) ;
#1311=EDGE_CURVE('',#1288,#1310,#1290,.T.) ;
#1318=EDGE_CURVE('',#1310,#1317,#1315,.T.) ;
#1325=EDGE_CURVE('',#1317,#1324,#1322,.F.) ;
#1330=EDGE_CURVE('',#1324,#1279,#1329,.T.) ;
#1347=EDGE_CURVE('',#1344,#1346,#1342,.T.) ;
#1354=EDGE_CURVE('',#1353,#1344,#1351,.T.) ;
#1359=EDGE_CURVE('',#1346,#1353,#1358,.T.) ;
#1373=EDGE_CURVE('',#1370,#1372,#1368,.T.) ;
#1380=EDGE_CURVE('',#1379,#1370,#1377,.T.) ;
#1385=EDGE_CURVE('',#1372,#1379,#1384,.T.) ;
#1403=EDGE_CURVE('',#236,#1402,#1400,.F.) ;
#1410=EDGE_CURVE('',#1402,#1409,#1407,.F.) ;
#1415=EDGE_CURVE('',#238,#1409,#1414,.F.) ;
#1434=EDGE_CURVE('',#1409,#1433,#1431,.F.) ;
#1439=EDGE_CURVE('',#1433,#245,#1438,.T.) ;
#1451=EDGE_CURVE('',#1433,#1402,#1450,.F.) ;
#1468=EDGE_CURVE('',#304,#808,#1467,.T.) ;
#1510=EDGE_CURVE('',#1507,#1509,#1475,.T.) ;
#1542=EDGE_CURVE('',#1509,#1507,#1511,.T.) ;
#1559=EDGE_CURVE('',#311,#1558,#1556,.T.) ;
#1566=EDGE_CURVE('',#1565,#801,#1563,.T.) ;
#1574=EDGE_CURVE('',#1573,#1565,#1567,.F.) ;
#1588=EDGE_CURVE('',#1558,#1573,#1575,.F.) ;
#1608=EDGE_CURVE('',#318,#794,#1607,.T.) ;
#1615=EDGE_CURVE('',#1614,#1558,#1612,.T.) ;
#1620=EDGE_CURVE('',#1565,#1614,#1619,.T.) ;
#1649=EDGE_CURVE('',#1648,#346,#1646,.F.) ;
#1656=EDGE_CURVE('',#348,#1655,#1653,.T.) ;
#1663=EDGE_CURVE('',#1662,#1655,#1660,.T.) ;
#1679=EDGE_CURVE('',#1678,#1662,#1664,.F.) ;
#1684=EDGE_CURVE('',#1648,#1678,#1683,.T.) ;
#1700=EDGE_CURVE('',#1699,#1648,#1697,.T.) ;
#1705=EDGE_CURVE('',#355,#1699,#1704,.T.) ;
#1724=EDGE_CURVE('',#1723,#1699,#1721,.T.) ;
#1731=EDGE_CURVE('',#1730,#1723,#1728,.T.) ;
#1736=EDGE_CURVE('',#362,#1730,#1735,.F.) ;
#1756=EDGE_CURVE('',#1755,#1730,#1753,.T.) ;
#1761=EDGE_CURVE('',#369,#1755,#1760,.T.) ;
#1780=EDGE_CURVE('',#1779,#1755,#1777,.T.) ;
#1787=EDGE_CURVE('',#1786,#1779,#1784,.T.) ;
#1792=EDGE_CURVE('',#376,#1786,#1791,.F.) ;
#1812=EDGE_CURVE('',#1811,#1786,#1809,.F.) ;
#1819=EDGE_CURVE('',#1818,#1811,#1816,.F.) ;
#1826=EDGE_CURVE('',#1825,#1818,#1823,.F.) ;
#1842=EDGE_CURVE('',#1841,#1825,#1827,.T.) ;
#1849=EDGE_CURVE('',#1848,#1841,#1846,.F.) ;
#1854=EDGE_CURVE('',#1848,#383,#1853,.F.) ;
#1877=EDGE_CURVE('',#1876,#1848,#1874,.F.) ;
#1884=EDGE_CURVE('',#1883,#1876,#1881,.F.) ;
#1889=EDGE_CURVE('',#1883,#390,#1888,.F.) ;
#1909=EDGE_CURVE('',#397,#1908,#1906,.T.) ;
#1916=EDGE_CURVE('',#1915,#1883,#1913,.F.) ;
#1935=EDGE_CURVE('',#1934,#1915,#1917,.T.) ;
#1940=EDGE_CURVE('',#1908,#1934,#1939,.T.) ;
#1959=EDGE_CURVE('',#1908,#1655,#1958,.T.) ;
#1978=EDGE_CURVE('',#422,#1977,#1975,.T.) ;
#1985=EDGE_CURVE('',#1977,#1984,#1982,.F.) ;
#1990=EDGE_CURVE('',#1984,#420,#1989,.F.) ;
#2009=EDGE_CURVE('',#2008,#1984,#2006,.F.) ;
#2014=EDGE_CURVE('',#2008,#429,#2013,.F.) ;
#2033=EDGE_CURVE('',#2032,#2008,#2030,.F.) ;
#2038=EDGE_CURVE('',#436,#2032,#2037,.T.) ;
#2057=EDGE_CURVE('',#2032,#2056,#2054,.T.) ;
#2062=EDGE_CURVE('',#443,#2056,#2061,.T.) ;
#2081=EDGE_CURVE('',#450,#2080,#2078,.T.) ;
#2086=EDGE_CURVE('',#2056,#2080,#2085,.F.) ;
#2103=EDGE_CURVE('',#2080,#1977,#2102,.T.) ;
#2122=EDGE_CURVE('',#2121,#470,#2119,.F.) ;
#2129=EDGE_CURVE('',#2128,#2121,#2126,.F.) ;
#2134=EDGE_CURVE('',#472,#2128,#2133,.T.) ;
#2153=EDGE_CURVE('',#2128,#2152,#2150,.T.) ;
#2158=EDGE_CURVE('',#479,#2152,#2157,.T.) ;
#2177=EDGE_CURVE('',#2152,#2176,#2174,.F.) ;
#2182=EDGE_CURVE('',#486,#2176,#2181,.T.) ;
#2201=EDGE_CURVE('',#2176,#2200,#2198,.T.) ;
#2206=EDGE_CURVE('',#493,#2200,#2205,.T.) ;
#2225=EDGE_CURVE('',#2200,#2224,#2222,.F.) ;
#2230=EDGE_CURVE('',#2224,#500,#2229,.F.) ;
#2247=EDGE_CURVE('',#2121,#2224,#2246,.F.) ;
#2266=EDGE_CURVE('',#520,#2265,#2263,.F.) ;
#2273=EDGE_CURVE('',#2265,#2272,#2270,.F.) ;
#2278=EDGE_CURVE('',#2272,#522,#2277,.F.) ;
#2297=EDGE_CURVE('',#2296,#2272,#2294,.F.) ;
#2302=EDGE_CURVE('',#2296,#529,#2301,.F.) ;
#2316=EDGE_CURVE('',#2296,#2315,#2313,.F.) ;
#2321=EDGE_CURVE('',#536,#2315,#2320,.T.) ;
#2340=EDGE_CURVE('',#2315,#2339,#2337,.F.) ;
#2347=EDGE_CURVE('',#2339,#2346,#2344,.F.) ;
#2352=EDGE_CURVE('',#543,#2346,#2351,.F.) ;
#2367=EDGE_CURVE('',#2346,#2366,#2364,.F.) ;
#2372=EDGE_CURVE('',#550,#2366,#2371,.T.) ;
#2389=EDGE_CURVE('',#2366,#2265,#2388,.F.) ;
#2408=EDGE_CURVE('',#570,#2407,#2405,.T.) ;
#2415=EDGE_CURVE('',#2407,#2414,#2412,.F.) ;
#2420=EDGE_CURVE('',#2414,#572,#2419,.F.) ;
#2439=EDGE_CURVE('',#2438,#2414,#2436,.F.) ;
#2444=EDGE_CURVE('',#2438,#579,#2443,.F.) ;
#2458=EDGE_CURVE('',#2457,#2438,#2455,.T.) ;
#2463=EDGE_CURVE('',#586,#2457,#2462,.T.) ;
#2482=EDGE_CURVE('',#593,#2481,#2479,.T.) ;
#2487=EDGE_CURVE('',#2481,#2457,#2486,.F.) ;
#2504=EDGE_CURVE('',#2481,#2407,#2503,.T.) ;
#2523=EDGE_CURVE('',#2522,#612,#2520,.F.) ;
#2530=EDGE_CURVE('',#2529,#2522,#2527,.F.) ;
#2535=EDGE_CURVE('',#614,#2529,#2534,.T.) ;
#2554=EDGE_CURVE('',#2529,#2553,#2551,.T.) ;
#2559=EDGE_CURVE('',#621,#2553,#2558,.T.) ;
#2573=EDGE_CURVE('',#2553,#2572,#2570,.F.) ;
#2589=EDGE_CURVE('',#2588,#2572,#2574,.F.) ;
#2596=EDGE_CURVE('',#2595,#2588,#2593,.F.) ;
#2601=EDGE_CURVE('',#2595,#628,#2600,.F.) ;
#2622=EDGE_CURVE('',#2621,#2595,#2619,.F.) ;
#2629=EDGE_CURVE('',#2628,#2621,#2626,.F.) ;
#2634=EDGE_CURVE('',#2628,#635,#2633,.F.) ;
#2654=EDGE_CURVE('',#2653,#2628,#2651,.F.) ;
#2673=EDGE_CURVE('',#2672,#2653,#2655,.F.) ;
#2680=EDGE_CURVE('',#2672,#2679,#2677,.F.) ;
#2685=EDGE_CURVE('',#2679,#642,#2684,.F.) ;
#2704=EDGE_CURVE('',#2522,#2679,#2703,.F.) ;
#2723=EDGE_CURVE('',#662,#2722,#2720,.T.) ;
#2730=EDGE_CURVE('',#2722,#2729,#2727,.F.) ;
#2735=EDGE_CURVE('',#2729,#664,#2734,.F.) ;
#2754=EDGE_CURVE('',#2753,#2729,#2751,.F.) ;
#2759=EDGE_CURVE('',#2753,#671,#2758,.F.) ;
#2778=EDGE_CURVE('',#2753,#2777,#2775,.F.) ;
#2783=EDGE_CURVE('',#2777,#678,#2782,.F.) ;
#2802=EDGE_CURVE('',#2801,#2777,#2799,.F.) ;
#2807=EDGE_CURVE('',#2801,#685,#2806,.F.) ;
#2821=EDGE_CURVE('',#2801,#2820,#2818,.F.) ;
#2826=EDGE_CURVE('',#692,#2820,#2825,.T.) ;
#2843=EDGE_CURVE('',#2820,#2722,#2842,.T.) ;
#2862=EDGE_CURVE('',#712,#2861,#2859,.F.) ;
#2869=EDGE_CURVE('',#2861,#2868,#2866,.F.) ;
#2874=EDGE_CURVE('',#2868,#714,#2873,.T.) ;
#2893=EDGE_CURVE('',#2868,#2892,#2890,.F.) ;
#2898=EDGE_CURVE('',#721,#2892,#2897,.F.) ;
#2910=EDGE_CURVE('',#2892,#2861,#2909,.F.) ;
#2929=EDGE_CURVE('',#738,#2928,#2926,.F.) ;
#2936=EDGE_CURVE('',#2928,#2935,#2933,.F.) ;
#2941=EDGE_CURVE('',#740,#2935,#2940,.F.) ;
#2960=EDGE_CURVE('',#2935,#2959,#2957,.F.) ;
#2965=EDGE_CURVE('',#2959,#747,#2964,.T.) ;
#2977=EDGE_CURVE('',#2959,#2928,#2976,.F.) ;
#2991=EDGE_CURVE('',#829,#2990,#2988,.F.) ;
#2998=EDGE_CURVE('',#2990,#2997,#2995,.F.) ;
#3003=EDGE_CURVE('',#831,#2997,#3002,.F.) ;
#3017=EDGE_CURVE('',#2997,#3016,#3014,.F.) ;
#3033=EDGE_CURVE('',#3016,#3032,#3018,.F.) ;
#3040=EDGE_CURVE('',#3039,#3032,#3037,.F.) ;
#3045=EDGE_CURVE('',#838,#3039,#3044,.F.) ;
#3061=EDGE_CURVE('',#3039,#3060,#3058,.F.) ;
#3066=EDGE_CURVE('',#845,#3060,#3065,.F.) ;
#3080=EDGE_CURVE('',#3060,#3079,#3077,.F.) ;
#3085=EDGE_CURVE('',#3079,#852,#3084,.T.) ;
#3099=EDGE_CURVE('',#3098,#3079,#3096,.T.) ;
#3104=EDGE_CURVE('',#3098,#859,#3103,.T.) ;
#3118=EDGE_CURVE('',#3117,#3098,#3115,.F.) ;
#3134=EDGE_CURVE('',#3117,#3133,#3119,.F.) ;
#3139=EDGE_CURVE('',#3133,#2990,#3138,.F.) ;
#3155=EDGE_CURVE('',#3154,#879,#3152,.T.) ;
#3162=EDGE_CURVE('',#3161,#3154,#3159,.T.) ;
#3167=EDGE_CURVE('',#3161,#881,#3166,.T.) ;
#3181=EDGE_CURVE('',#3180,#3161,#3178,.F.) ;
#3200=EDGE_CURVE('',#3180,#3199,#3182,.T.) ;
#3207=EDGE_CURVE('',#3199,#3206,#3204,.F.) ;
#3212=EDGE_CURVE('',#888,#3206,#3211,.T.) ;
#3228=EDGE_CURVE('',#3206,#3227,#3225,.F.) ;
#3235=EDGE_CURVE('',#3227,#3234,#3232,.F.) ;
#3240=EDGE_CURVE('',#910,#3234,#3239,.F.) ;
#3257=EDGE_CURVE('',#3254,#3256,#3252,.T.) ;
#3264=EDGE_CURVE('',#3256,#3263,#3261,.F.) ;
#3269=EDGE_CURVE('',#917,#3263,#3268,.F.) ;
#3276=EDGE_CURVE('',#3234,#3275,#3273,.F.) ;
#3292=EDGE_CURVE('',#3275,#3291,#3277,.T.) ;
#3297=EDGE_CURVE('',#3254,#3291,#3296,.T.) ;
#3315=EDGE_CURVE('',#3263,#3314,#3312,.T.) ;
#3322=EDGE_CURVE('',#3314,#3321,#3319,.T.) ;
#3327=EDGE_CURVE('',#939,#3321,#3326,.T.) ;
#3342=EDGE_CURVE('',#3321,#3341,#3339,.T.) ;
#3347=EDGE_CURVE('',#946,#3341,#3346,.F.) ;
#3361=EDGE_CURVE('',#3341,#3360,#3358,.T.) ;
#3368=EDGE_CURVE('',#3360,#3367,#3365,.T.) ;
#3373=EDGE_CURVE('',#965,#3367,#3372,.T.) ;
#3388=EDGE_CURVE('',#975,#3387,#3385,.F.) ;
#3393=EDGE_CURVE('',#3367,#3387,#3392,.T.) ;
#3408=EDGE_CURVE('',#3387,#3407,#3401,.F.) ;
#3421=EDGE_CURVE('',#3407,#3420,#3409,.F.) ;
#3426=EDGE_CURVE('',#3420,#3154,#3425,.T.) ;
#3442=EDGE_CURVE('',#1016,#3441,#3439,.F.) ;
#3449=EDGE_CURVE('',#3441,#3448,#3446,.F.) ;
#3454=EDGE_CURVE('',#1018,#3448,#3453,.F.) ;
#3468=EDGE_CURVE('',#3467,#3448,#3465,.F.) ;
#3473=EDGE_CURVE('',#1025,#3467,#3472,.F.) ;
#3487=EDGE_CURVE('',#3467,#3486,#3484,.F.) ;
#3492=EDGE_CURVE('',#1032,#3486,#3491,.F.) ;
#3506=EDGE_CURVE('',#3505,#1039,#3503,.T.) ;
#3511=EDGE_CURVE('',#3486,#3505,#3510,.F.) ;
#3525=EDGE_CURVE('',#3524,#3505,#3522,.T.) ;
#3530=EDGE_CURVE('',#3524,#1046,#3529,.T.) ;
#3542=EDGE_CURVE('',#3441,#3524,#3541,.F.) ;
#3556=EDGE_CURVE('',#3555,#1066,#3553,.T.) ;
#3563=EDGE_CURVE('',#3562,#3555,#3560,.T.) ;
#3568=EDGE_CURVE('',#3562,#1068,#3567,.T.) ;
#3582=EDGE_CURVE('',#3581,#3562,#3579,.F.) ;
#3587=EDGE_CURVE('',#1075,#3581,#3586,.T.) ;
#3601=EDGE_CURVE('',#3581,#3600,#3598,.F.) ;
#3606=EDGE_CURVE('',#1097,#3600,#3605,.F.) ;
#3620=EDGE_CURVE('',#3619,#3600,#3617,.F.) ;
#3625=EDGE_CURVE('',#1104,#3619,#3624,.F.) ;
#3639=EDGE_CURVE('',#3619,#3638,#3636,.F.) ;
#3644=EDGE_CURVE('',#1111,#3638,#3643,.F.) ;
#3656=EDGE_CURVE('',#3638,#3555,#3655,.F.) ;
#3670=EDGE_CURVE('',#3669,#1131,#3667,.F.) ;
#3677=EDGE_CURVE('',#3676,#3669,#3674,.F.) ;
#3682=EDGE_CURVE('',#1133,#3676,#3681,.F.) ;
#3696=EDGE_CURVE('',#3676,#3695,#3693,.T.) ;
#3701=EDGE_CURVE('',#1140,#3695,#3700,.T.) ;
#3715=EDGE_CURVE('',#3714,#3695,#3712,.F.) ;
#3720=EDGE_CURVE('',#1153,#3714,#3719,.F.) ;
#3734=EDGE_CURVE('',#3733,#3714,#3731,.F.) ;
#3741=EDGE_CURVE('',#3740,#3733,#3738,.F.) ;
#3746=EDGE_CURVE('',#1172,#3740,#3745,.T.) ;
#3761=EDGE_CURVE('',#3760,#3740,#3758,.F.) ;
#3766=EDGE_CURVE('',#3760,#1179,#3765,.F.) ;
#3778=EDGE_CURVE('',#3669,#3760,#3777,.T.) ;
#3792=EDGE_CURVE('',#1214,#3791,#3789,.F.) ;
#3799=EDGE_CURVE('',#3791,#3798,#3796,.F.) ;
#3804=EDGE_CURVE('',#1216,#3798,#3803,.F.) ;
#3818=EDGE_CURVE('',#3817,#3798,#3815,.F.) ;
#3823=EDGE_CURVE('',#1223,#3817,#3822,.F.) ;
#3837=EDGE_CURVE('',#3817,#3836,#3834,.F.) ;
#3842=EDGE_CURVE('',#1230,#3836,#3841,.F.) ;
#3856=EDGE_CURVE('',#3855,#1237,#3853,.T.) ;
#3861=EDGE_CURVE('',#3836,#3855,#3860,.F.) ;
#3880=EDGE_CURVE('',#3879,#3855,#3877,.T.) ;
#3885=EDGE_CURVE('',#3879,#1244,#3884,.T.) ;
#3897=EDGE_CURVE('',#3791,#3879,#3896,.F.) ;
#3911=EDGE_CURVE('',#1279,#3910,#3908,.F.) ;
#3918=EDGE_CURVE('',#3910,#3917,#3915,.F.) ;
#3923=EDGE_CURVE('',#1281,#3917,#3922,.F.) ;
#3937=EDGE_CURVE('',#3936,#3917,#3934,.F.) ;
#3942=EDGE_CURVE('',#3936,#1288,#3941,.F.) ;
#3956=EDGE_CURVE('',#3955,#3936,#3953,.T.) ;
#3961=EDGE_CURVE('',#3955,#1310,#3960,.T.) ;
#3975=EDGE_CURVE('',#3974,#3955,#3972,.F.) ;
#3980=EDGE_CURVE('',#3974,#1317,#3979,.T.) ;
#3994=EDGE_CURVE('',#3993,#3974,#3991,.T.) ;
#3999=EDGE_CURVE('',#3993,#1324,#3998,.T.) ;
#4011=EDGE_CURVE('',#3910,#3993,#4010,.F.) ;
#4030=EDGE_CURVE('',#4029,#1344,#4027,.T.) ;
#4037=EDGE_CURVE('',#4036,#1346,#4034,.T.) ;
#4042=EDGE_CURVE('',#4029,#4036,#4041,.T.) ;
#4056=EDGE_CURVE('',#4055,#4029,#4053,.T.) ;
#4061=EDGE_CURVE('',#4055,#1353,#4060,.T.) ;
#4078=EDGE_CURVE('',#4036,#4055,#4077,.T.) ;
#4097=EDGE_CURVE('',#4096,#1372,#4094,.T.) ;
#4104=EDGE_CURVE('',#4103,#4096,#4101,.T.) ;
#4109=EDGE_CURVE('',#4103,#1370,#4108,.T.) ;
#4128=EDGE_CURVE('',#4127,#4103,#4125,.T.) ;
#4133=EDGE_CURVE('',#4127,#1379,#4132,.T.) ;
#4145=EDGE_CURVE('',#4096,#4127,#4144,.T.) ;
#4162=EDGE_CURVE('',#1507,#1402,#4161,.F.) ;
#4167=EDGE_CURVE('',#1509,#1409,#4166,.F.) ;
#4207=EDGE_CURVE('',#4206,#1573,#4202,.T.) ;
#4213=EDGE_CURVE('',#4212,#1565,#4208,.T.) ;
#4224=EDGE_CURVE('',#4206,#4212,#4214,.F.) ;
#4268=EDGE_CURVE('',#4267,#1558,#4263,.T.) ;
#4285=EDGE_CURVE('',#4267,#4206,#4269,.F.) ;
#4304=EDGE_CURVE('',#4303,#4267,#4301,.T.) ;
#4309=EDGE_CURVE('',#4303,#1614,#4308,.T.) ;
#4327=EDGE_CURVE('',#4212,#4303,#4317,.T.) ;
#4346=EDGE_CURVE('',#1655,#4345,#4343,.T.) ;
#4353=EDGE_CURVE('',#4352,#4345,#4350,.F.) ;
#4361=EDGE_CURVE('',#1662,#4352,#4354,.F.) ;
#4463=EDGE_CURVE('',#1662,#4462,#4451,.F.) ;
#4476=EDGE_CURVE('',#4475,#4462,#4464,.F.) ;
#4487=EDGE_CURVE('',#1678,#4475,#4477,.F.) ;
#4506=EDGE_CURVE('',#4505,#4475,#4503,.T.) ;
#4511=EDGE_CURVE('',#1699,#4505,#4510,.F.) ;
#4537=EDGE_CURVE('',#4536,#4505,#4534,.T.) ;
#4545=EDGE_CURVE('',#4536,#1723,#4538,.F.) ;
#4570=EDGE_CURVE('',#4569,#4536,#4567,.T.) ;
#4578=EDGE_CURVE('',#1730,#4569,#4571,.T.) ;
#4597=EDGE_CURVE('',#4596,#4569,#4594,.T.) ;
#4602=EDGE_CURVE('',#1755,#4596,#4601,.T.) ;
#4627=EDGE_CURVE('',#4626,#4596,#4624,.T.) ;
#4635=EDGE_CURVE('',#4626,#1779,#4628,.F.) ;
#4660=EDGE_CURVE('',#4659,#4626,#4657,.T.) ;
#4668=EDGE_CURVE('',#1786,#4659,#4661,.T.) ;
#4687=EDGE_CURVE('',#4686,#4659,#4684,.F.) ;
#4692=EDGE_CURVE('',#1811,#4686,#4691,.F.) ;
#4711=EDGE_CURVE('',#4710,#4686,#4708,.F.) ;
#4716=EDGE_CURVE('',#1818,#4710,#4715,.T.) ;
#4735=EDGE_CURVE('',#1818,#4734,#4732,.F.) ;
#4742=EDGE_CURVE('',#4741,#4734,#4739,.F.) ;
#4747=EDGE_CURVE('',#1825,#4741,#4746,.F.) ;
#4819=EDGE_CURVE('',#1825,#4818,#4810,.F.) ;
#4832=EDGE_CURVE('',#4831,#4818,#4820,.T.) ;
#4840=EDGE_CURVE('',#1841,#4831,#4833,.F.) ;
#4854=EDGE_CURVE('',#4853,#4831,#4851,.F.) ;
#4859=EDGE_CURVE('',#1848,#4853,#4858,.F.) ;
#4876=EDGE_CURVE('',#1876,#4853,#4875,.T.) ;
#4887=EDGE_CURVE('',#1883,#4853,#4886,.T.) ;
#4905=EDGE_CURVE('',#4904,#4853,#4902,.F.) ;
#4910=EDGE_CURVE('',#1915,#4904,#4909,.F.) ;
#4985=EDGE_CURVE('',#4984,#4904,#4973,.T.) ;
#4993=EDGE_CURVE('',#1934,#4984,#4986,.F.) ;
#5010=EDGE_CURVE('',#1908,#4345,#5009,.T.) ;
#5017=EDGE_CURVE('',#1934,#5016,#5014,.T.) ;
#5022=EDGE_CURVE('',#4345,#5016,#5021,.T.) ;
#5054=EDGE_CURVE('',#5051,#5053,#5049,.F.) ;
#5059=EDGE_CURVE('',#5053,#1984,#5058,.F.) ;
#5064=EDGE_CURVE('',#5051,#1977,#5063,.F.) ;
#5085=EDGE_CURVE('',#5084,#2008,#5077,.T.) ;
#5090=EDGE_CURVE('',#5084,#1984,#5089,.T.) ;
#5106=EDGE_CURVE('',#5053,#5084,#5105,.T.) ;
#5113=EDGE_CURVE('',#5112,#5053,#5110,.F.) ;
#5120=EDGE_CURVE('',#5119,#5112,#5117,.F.) ;
#5125=EDGE_CURVE('',#2032,#5119,#5124,.F.) ;
#5144=EDGE_CURVE('',#5119,#2056,#5143,.T.) ;
#5162=EDGE_CURVE('',#5161,#5051,#5159,.T.) ;
#5167=EDGE_CURVE('',#2080,#5161,#5166,.T.) ;
#5172=EDGE_CURVE('',#5112,#2056,#5171,.F.) ;
#5177=EDGE_CURVE('',#5112,#5051,#5176,.F.) ;
#5195=EDGE_CURVE('',#5161,#1977,#5194,.T.) ;
#5213=EDGE_CURVE('',#2121,#5212,#5210,.F.) ;
#5220=EDGE_CURVE('',#5219,#5212,#5217,.F.) ;
#5225=EDGE_CURVE('',#2128,#5219,#5224,.F.) ;
#5246=EDGE_CURVE('',#2152,#5245,#5238,.T.) ;
#5251=EDGE_CURVE('',#5245,#2128,#5250,.T.) ;
#5267=EDGE_CURVE('',#5245,#5219,#5266,.T.) ;
#5274=EDGE_CURVE('',#5219,#5273,#5271,.F.) ;
#5281=EDGE_CURVE('',#5280,#5273,#5278,.T.) ;
#5286=EDGE_CURVE('',#2176,#5280,#5285,.T.) ;
#5305=EDGE_CURVE('',#5280,#2200,#5304,.T.) ;
#5323=EDGE_CURVE('',#5212,#5322,#5320,.F.) ;
#5328=EDGE_CURVE('',#5322,#2224,#5327,.F.) ;
#5333=EDGE_CURVE('',#5273,#2200,#5332,.F.) ;
#5338=EDGE_CURVE('',#5273,#5212,#5337,.F.) ;
#5356=EDGE_CURVE('',#5322,#2121,#5355,.T.) ;
#5376=EDGE_CURVE('',#5373,#5375,#5371,.F.) ;
#5381=EDGE_CURVE('',#5375,#2272,#5380,.F.) ;
#5386=EDGE_CURVE('',#5373,#2265,#5385,.F.) ;
#5407=EDGE_CURVE('',#5406,#2296,#5399,.F.) ;
#5412=EDGE_CURVE('',#5406,#2272,#5411,.T.) ;
#5423=EDGE_CURVE('',#5375,#5406,#5422,.F.) ;
#5430=EDGE_CURVE('',#5375,#5429,#5427,.F.) ;
#5435=EDGE_CURVE('',#5429,#2315,#5434,.F.) ;
#5461=EDGE_CURVE('',#5429,#5460,#5458,.T.) ;
#5469=EDGE_CURVE('',#2339,#5460,#5462,.F.) ;
#5494=EDGE_CURVE('',#5460,#5493,#5491,.T.) ;
#5502=EDGE_CURVE('',#5493,#2346,#5495,.T.) ;
#5521=EDGE_CURVE('',#5520,#5373,#5518,.T.) ;
#5526=EDGE_CURVE('',#2366,#5520,#5525,.T.) ;
#5531=EDGE_CURVE('',#5493,#5373,#5530,.T.) ;
#5549=EDGE_CURVE('',#5520,#2265,#5548,.T.) ;
#5569=EDGE_CURVE('',#5566,#5568,#5564,.F.) ;
#5574=EDGE_CURVE('',#5568,#2414,#5573,.F.) ;
#5579=EDGE_CURVE('',#5566,#2407,#5578,.F.) ;
#5600=EDGE_CURVE('',#5599,#2438,#5592,.F.) ;
#5605=EDGE_CURVE('',#5599,#2414,#5604,.T.) ;
#5616=EDGE_CURVE('',#5568,#5599,#5615,.F.) ;
#5623=EDGE_CURVE('',#5622,#5568,#5620,.T.) ;
#5652=EDGE_CURVE('',#2457,#5622,#5624,.F.) ;
#5672=EDGE_CURVE('',#5671,#5566,#5669,.F.) ;
#5677=EDGE_CURVE('',#2481,#5671,#5676,.F.) ;
#5682=EDGE_CURVE('',#5566,#5622,#5681,.F.) ;
#5700=EDGE_CURVE('',#5671,#2407,#5699,.T.) ;
#5718=EDGE_CURVE('',#2522,#5717,#5715,.F.) ;
#5725=EDGE_CURVE('',#5724,#5717,#5722,.F.) ;
#5730=EDGE_CURVE('',#2529,#5724,#5729,.F.) ;
#5751=EDGE_CURVE('',#2553,#5750,#5743,.T.) ;
#5756=EDGE_CURVE('',#5750,#2529,#5755,.T.) ;
#5767=EDGE_CURVE('',#5750,#5724,#5766,.T.) ;
#5774=EDGE_CURVE('',#5724,#5773,#5771,.F.) ;
#5781=EDGE_CURVE('',#5780,#5773,#5778,.T.) ;
#5786=EDGE_CURVE('',#2572,#5780,#5785,.T.) ;
#5860=EDGE_CURVE('',#2572,#5859,#5851,.F.) ;
#5873=EDGE_CURVE('',#5872,#5859,#5861,.F.) ;
#5881=EDGE_CURVE('',#2588,#5872,#5874,.F.) ;
#5900=EDGE_CURVE('',#5899,#5872,#5897,.F.) ;
#5905=EDGE_CURVE('',#2595,#5899,#5904,.F.) ;
#5922=EDGE_CURVE('',#2621,#5899,#5921,.T.) ;
#5933=EDGE_CURVE('',#2628,#5899,#5932,.T.) ;
#5951=EDGE_CURVE('',#5950,#5899,#5948,.F.) ;
#5956=EDGE_CURVE('',#2653,#5950,#5955,.F.) ;
#6031=EDGE_CURVE('',#6030,#5950,#6019,.F.) ;
#6039=EDGE_CURVE('',#2672,#6030,#6032,.F.) ;
#6058=EDGE_CURVE('',#5717,#6057,#6055,.F.) ;
#6063=EDGE_CURVE('',#6057,#2679,#6062,.F.) ;
#6070=EDGE_CURVE('',#6069,#2672,#6067,.F.) ;
#6077=EDGE_CURVE('',#6076,#6069,#6074,.F.) ;
#6082=EDGE_CURVE('',#6076,#5717,#6081,.F.) ;
#6101=EDGE_CURVE('',#6057,#2522,#6100,.T.) ;
#6121=EDGE_CURVE('',#6118,#6120,#6116,.F.) ;
#6126=EDGE_CURVE('',#6120,#2729,#6125,.F.) ;
#6131=EDGE_CURVE('',#6118,#2722,#6130,.F.) ;
#6152=EDGE_CURVE('',#6151,#2753,#6144,.F.) ;
#6157=EDGE_CURVE('',#6151,#2729,#6156,.T.) ;
#6173=EDGE_CURVE('',#6120,#6151,#6172,.F.) ;
#6180=EDGE_CURVE('',#6120,#6179,#6177,.F.) ;
#6185=EDGE_CURVE('',#6179,#2777,#6184,.F.) ;
#6207=EDGE_CURVE('',#6206,#2801,#6199,.F.) ;
#6212=EDGE_CURVE('',#6206,#2777,#6211,.T.) ;
#6225=EDGE_CURVE('',#6224,#6118,#6222,.T.) ;
#6230=EDGE_CURVE('',#2820,#6224,#6229,.T.) ;
#6235=EDGE_CURVE('',#6179,#6206,#6234,.F.) ;
#6240=EDGE_CURVE('',#6179,#6118,#6239,.F.) ;
#6259=EDGE_CURVE('',#6224,#2722,#6258,.T.) ;
#6275=EDGE_CURVE('',#2892,#4096,#6274,.T.) ;
#6280=EDGE_CURVE('',#2861,#4127,#6279,.T.) ;
#6334=EDGE_CURVE('',#6331,#6333,#6302,.T.) ;
#6356=EDGE_CURVE('',#6331,#6355,#6335,.T.) ;
#6361=EDGE_CURVE('',#6355,#4029,#6360,.T.) ;
#6366=EDGE_CURVE('',#2935,#4036,#6365,.T.) ;
#6371=EDGE_CURVE('',#2928,#6333,#6370,.T.) ;
#6412=EDGE_CURVE('',#6411,#6355,#6382,.T.) ;
#6432=EDGE_CURVE('',#6411,#6333,#6413,.T.) ;
#6465=EDGE_CURVE('',#2990,#6464,#6450,.T.) ;
#6479=EDGE_CURVE('',#2997,#6464,#6466,.T.) ;
#6497=EDGE_CURVE('',#6464,#6496,#6494,.F.) ;
#6502=EDGE_CURVE('',#6496,#3016,#6501,.F.) ;
#6577=EDGE_CURVE('',#6496,#6576,#6565,.F.) ;
#6585=EDGE_CURVE('',#6576,#3032,#6578,.F.) ;
#6606=EDGE_CURVE('',#6603,#6605,#6601,.F.) ;
#6611=EDGE_CURVE('',#3039,#6603,#6610,.F.) ;
#6618=EDGE_CURVE('',#3032,#6617,#6615,.F.) ;
#6625=EDGE_CURVE('',#6617,#6624,#6622,.F.) ;
#6630=EDGE_CURVE('',#6605,#6624,#6629,.F.) ;
#6649=EDGE_CURVE('',#6603,#3060,#6648,.T.) ;
#6667=EDGE_CURVE('',#6605,#6666,#6664,.F.) ;
#6672=EDGE_CURVE('',#6666,#3079,#6671,.F.) ;
#6677=EDGE_CURVE('',#6605,#3060,#6676,.F.) ;
#6698=EDGE_CURVE('',#6697,#3098,#6690,.T.) ;
#6703=EDGE_CURVE('',#6697,#3079,#6702,.T.) ;
#6719=EDGE_CURVE('',#6666,#6697,#6718,.T.) ;
#6726=EDGE_CURVE('',#6725,#6666,#6723,.F.) ;
#6733=EDGE_CURVE('',#6725,#6732,#6730,.T.) ;
#6738=EDGE_CURVE('',#6732,#3117,#6737,.T.) ;
#6817=EDGE_CURVE('',#6814,#6816,#6803,.F.) ;
#6825=EDGE_CURVE('',#6816,#3133,#6818,.F.) ;
#6833=EDGE_CURVE('',#6814,#3117,#6826,.F.) ;
#6850=EDGE_CURVE('',#6816,#6464,#6849,.F.) ;
#6881=EDGE_CURVE('',#6880,#3161,#6863,.T.) ;
#6898=EDGE_CURVE('',#6880,#3154,#6882,.T.) ;
#6916=EDGE_CURVE('',#6915,#6880,#6913,.F.) ;
#6921=EDGE_CURVE('',#6915,#3180,#6920,.T.) ;
#6998=EDGE_CURVE('',#6995,#6997,#6984,.T.) ;
#7006=EDGE_CURVE('',#6997,#3199,#6999,.F.) ;
#7014=EDGE_CURVE('',#6995,#3180,#7007,.F.) ;
#7033=EDGE_CURVE('',#6997,#7032,#7030,.F.) ;
#7038=EDGE_CURVE('',#7032,#3206,#7037,.F.) ;
#7055=EDGE_CURVE('',#3227,#7032,#7054,.T.) ;
#7066=EDGE_CURVE('',#7032,#3234,#7065,.F.) ;
#7086=EDGE_CURVE('',#7083,#7085,#7081,.T.) ;
#7091=EDGE_CURVE('',#7085,#3256,#7090,.F.) ;
#7096=EDGE_CURVE('',#7083,#3254,#7095,.F.) ;
#7115=EDGE_CURVE('',#7085,#7114,#7112,.F.) ;
#7120=EDGE_CURVE('',#7114,#3263,#7119,.F.) ;
#7134=EDGE_CURVE('',#7032,#7133,#7131,.F.) ;
#7139=EDGE_CURVE('',#7133,#3275,#7138,.F.) ;
#7214=EDGE_CURVE('',#7133,#7213,#7202,.T.) ;
#7222=EDGE_CURVE('',#7213,#3291,#7215,.F.) ;
#7241=EDGE_CURVE('',#3291,#7240,#7238,.T.) ;
#7248=EDGE_CURVE('',#7247,#7240,#7245,.T.) ;
#7253=EDGE_CURVE('',#3254,#7247,#7252,.T.) ;
#7278=EDGE_CURVE('',#7114,#7277,#7275,.T.) ;
#7286=EDGE_CURVE('',#3314,#7277,#7279,.F.) ;
#7311=EDGE_CURVE('',#7277,#7310,#7308,.T.) ;
#7319=EDGE_CURVE('',#7310,#3321,#7312,.T.) ;
#7338=EDGE_CURVE('',#7310,#7337,#7335,.T.) ;
#7343=EDGE_CURVE('',#7337,#3341,#7342,.T.) ;
#7368=EDGE_CURVE('',#7337,#7367,#7365,.T.) ;
#7376=EDGE_CURVE('',#3360,#7367,#7369,.F.) ;
#7401=EDGE_CURVE('',#7367,#7400,#7398,.T.) ;
#7409=EDGE_CURVE('',#7400,#3367,#7402,.T.) ;
#7428=EDGE_CURVE('',#7400,#7427,#7425,.T.) ;
#7433=EDGE_CURVE('',#7427,#3407,#7432,.F.) ;
#7536=EDGE_CURVE('',#7427,#7535,#7524,.F.) ;
#7547=EDGE_CURVE('',#3420,#7535,#7537,.T.) ;
#7566=EDGE_CURVE('',#7565,#3420,#7563,.T.) ;
#7571=EDGE_CURVE('',#7565,#6880,#7570,.F.) ;
#7592=EDGE_CURVE('',#3448,#7591,#7584,.F.) ;
#7597=EDGE_CURVE('',#7591,#3441,#7596,.T.) ;
#7615=EDGE_CURVE('',#7591,#7614,#7612,.F.) ;
#7622=EDGE_CURVE('',#7621,#7614,#7619,.F.) ;
#7627=EDGE_CURVE('',#3467,#7621,#7626,.F.) ;
#7649=EDGE_CURVE('',#3486,#7648,#7641,.T.) ;
#7654=EDGE_CURVE('',#7648,#3467,#7653,.T.) ;
#7674=EDGE_CURVE('',#7671,#7673,#7669,.F.) ;
#7679=EDGE_CURVE('',#7673,#3505,#7678,.F.) ;
#7684=EDGE_CURVE('',#7648,#7621,#7683,.T.) ;
#7689=EDGE_CURVE('',#7621,#7671,#7688,.F.) ;
#7708=EDGE_CURVE('',#7673,#3524,#7707,.T.) ;
#7719=EDGE_CURVE('',#3524,#7671,#7718,.F.) ;
#7724=EDGE_CURVE('',#7614,#7671,#7723,.F.) ;
#7729=EDGE_CURVE('',#3441,#7614,#7728,.F.) ;
#7750=EDGE_CURVE('',#7749,#3562,#7742,.T.) ;
#7755=EDGE_CURVE('',#7749,#3555,#7754,.T.) ;
#7773=EDGE_CURVE('',#7772,#7749,#7770,.T.) ;
#7780=EDGE_CURVE('',#7779,#7772,#7777,.F.) ;
#7785=EDGE_CURVE('',#3581,#7779,#7784,.F.) ;
#7807=EDGE_CURVE('',#3600,#7806,#7799,.F.) ;
#7812=EDGE_CURVE('',#7806,#3581,#7811,.T.) ;
#7832=EDGE_CURVE('',#7829,#7831,#7827,.F.) ;
#7837=EDGE_CURVE('',#3619,#7829,#7836,.F.) ;
#7842=EDGE_CURVE('',#7806,#7779,#7841,.F.) ;
#7847=EDGE_CURVE('',#7831,#7779,#7846,.F.) ;
#7866=EDGE_CURVE('',#7829,#3638,#7865,.T.) ;
#7882=EDGE_CURVE('',#7831,#7772,#7881,.F.) ;
#7887=EDGE_CURVE('',#7772,#3555,#7886,.F.) ;
#7892=EDGE_CURVE('',#7831,#3638,#7891,.F.) ;
#7911=EDGE_CURVE('',#3669,#7910,#7908,.F.) ;
#7918=EDGE_CURVE('',#7917,#7910,#7915,.F.) ;
#7923=EDGE_CURVE('',#3676,#7917,#7922,.F.) ;
#7944=EDGE_CURVE('',#3695,#7943,#7936,.F.) ;
#7949=EDGE_CURVE('',#7943,#3676,#7948,.T.) ;
#7965=EDGE_CURVE('',#7943,#7917,#7964,.F.) ;
#7972=EDGE_CURVE('',#7971,#7917,#7969,.T.) ;
#7977=EDGE_CURVE('',#3714,#7971,#7976,.F.) ;
#8003=EDGE_CURVE('',#8002,#7971,#8000,.T.) ;
#8011=EDGE_CURVE('',#8002,#3733,#8004,.F.) ;
#8036=EDGE_CURVE('',#8035,#8002,#8033,.T.) ;
#8044=EDGE_CURVE('',#3740,#8035,#8037,.T.) ;
#8058=EDGE_CURVE('',#7910,#8057,#8055,.T.) ;
#8063=EDGE_CURVE('',#8057,#3760,#8062,.T.) ;
#8068=EDGE_CURVE('',#7910,#8035,#8067,.F.) ;
#8086=EDGE_CURVE('',#8057,#3669,#8085,.T.) ;
#8106=EDGE_CURVE('',#3798,#8105,#8098,.F.) ;
#8111=EDGE_CURVE('',#8105,#3791,#8110,.T.) ;
#8129=EDGE_CURVE('',#8105,#8128,#8126,.F.) ;
#8136=EDGE_CURVE('',#8135,#8128,#8133,.F.) ;
#8141=EDGE_CURVE('',#3817,#8135,#8140,.F.) ;
#8163=EDGE_CURVE('',#3836,#8162,#8155,.T.) ;
#8168=EDGE_CURVE('',#8162,#3817,#8167,.T.) ;
#8188=EDGE_CURVE('',#8185,#8187,#8183,.F.) ;
#8193=EDGE_CURVE('',#8187,#3855,#8192,.F.) ;
#8198=EDGE_CURVE('',#8162,#8135,#8197,.T.) ;
#8203=EDGE_CURVE('',#8135,#8185,#8202,.F.) ;
#8222=EDGE_CURVE('',#8187,#3879,#8221,.T.) ;
#8233=EDGE_CURVE('',#3879,#8185,#8232,.F.) ;
#8238=EDGE_CURVE('',#8128,#8185,#8237,.F.) ;
#8243=EDGE_CURVE('',#3791,#8128,#8242,.F.) ;
#8264=EDGE_CURVE('',#3917,#8263,#8256,.F.) ;
#8269=EDGE_CURVE('',#8263,#3910,#8268,.T.) ;
#8282=EDGE_CURVE('',#8263,#8281,#8279,.F.) ;
#8289=EDGE_CURVE('',#8288,#8281,#8286,.F.) ;
#8296=EDGE_CURVE('',#8288,#8295,#8293,.T.) ;
#8301=EDGE_CURVE('',#8295,#3936,#8300,.T.) ;
#8320=EDGE_CURVE('',#8295,#3955,#8319,.T.) ;
#8340=EDGE_CURVE('',#8337,#8339,#8335,.T.) ;
#8345=EDGE_CURVE('',#8339,#3974,#8344,.T.) ;
#8350=EDGE_CURVE('',#3955,#8288,#8349,.F.) ;
#8355=EDGE_CURVE('',#8337,#8288,#8354,.F.) ;
#8373=EDGE_CURVE('',#8339,#3993,#8372,.T.) ;
#8389=EDGE_CURVE('',#3993,#8337,#8388,.F.) ;
#8394=EDGE_CURVE('',#8281,#8337,#8393,.F.) ;
#8399=EDGE_CURVE('',#3910,#8281,#8398,.F.) ;
#8416=EDGE_CURVE('',#6411,#4303,#8415,.F.) ;
#8421=EDGE_CURVE('',#6331,#4206,#8420,.F.) ;
#8449=EDGE_CURVE('',#4352,#4734,#8448,.T.) ;
#8454=EDGE_CURVE('',#4741,#5016,#8453,.T.) ;
#8476=EDGE_CURVE('',#8475,#4352,#8468,.F.) ;
#8481=EDGE_CURVE('',#8475,#1662,#8480,.T.) ;
#8494=EDGE_CURVE('',#4462,#8475,#8488,.F.) ;
#8510=EDGE_CURVE('',#4686,#4475,#8509,.F.) ;
#8515=EDGE_CURVE('',#4710,#4462,#8514,.F.) ;
#8550=EDGE_CURVE('',#8549,#4710,#8547,.T.) ;
#8555=EDGE_CURVE('',#8549,#1818,#8554,.T.) ;
#8566=EDGE_CURVE('',#4734,#8549,#8565,.T.) ;
#8585=EDGE_CURVE('',#8584,#4741,#8578,.F.) ;
#8590=EDGE_CURVE('',#8584,#1825,#8589,.T.) ;
#8603=EDGE_CURVE('',#4818,#8584,#8597,.F.) ;
#8619=EDGE_CURVE('',#4904,#4831,#8618,.T.) ;
#8624=EDGE_CURVE('',#4818,#4984,#8623,.F.) ;
#8650=EDGE_CURVE('',#8649,#4984,#8643,.T.) ;
#8655=EDGE_CURVE('',#8649,#1934,#8654,.T.) ;
#8669=EDGE_CURVE('',#5016,#8649,#8662,.T.) ;
#8772=EDGE_CURVE('',#5773,#6076,#8771,.F.) ;
#8795=EDGE_CURVE('',#5773,#5859,#8794,.T.) ;
#8800=EDGE_CURVE('',#5780,#5859,#8799,.T.) ;
#8822=EDGE_CURVE('',#5950,#5872,#8821,.T.) ;
#8827=EDGE_CURVE('',#5859,#6030,#8826,.F.) ;
#8850=EDGE_CURVE('',#6069,#6030,#8849,.T.) ;
#8864=EDGE_CURVE('',#6076,#6030,#8857,.F.) ;
#8904=EDGE_CURVE('',#6816,#6496,#8903,.T.) ;
#8922=EDGE_CURVE('',#8921,#6814,#8919,.F.) ;
#8927=EDGE_CURVE('',#6576,#8921,#8926,.F.) ;
#8945=EDGE_CURVE('',#6617,#6576,#8944,.T.) ;
#8962=EDGE_CURVE('',#6576,#6624,#8961,.F.) ;
#8978=EDGE_CURVE('',#6624,#6725,#8977,.T.) ;
#9004=EDGE_CURVE('',#6814,#6725,#8997,.T.) ;
#9009=EDGE_CURVE('',#6732,#6814,#9008,.T.) ;
#9026=EDGE_CURVE('',#7240,#6915,#9025,.F.) ;
#9031=EDGE_CURVE('',#7565,#7247,#9030,.T.) ;
#9052=EDGE_CURVE('',#6915,#6995,#9045,.F.) ;
#9068=EDGE_CURVE('',#6995,#7213,#9067,.T.) ;
#9073=EDGE_CURVE('',#6997,#7133,#9072,.T.) ;
#9098=EDGE_CURVE('',#7083,#9097,#9095,.F.) ;
#9105=EDGE_CURVE('',#9104,#9097,#9102,.F.) ;
#9110=EDGE_CURVE('',#7085,#9104,#9109,.F.) ;
#9129=EDGE_CURVE('',#7083,#9128,#9126,.T.) ;
#9134=EDGE_CURVE('',#9128,#3254,#9133,.T.) ;
#9145=EDGE_CURVE('',#9104,#7427,#9144,.F.) ;
#9191=EDGE_CURVE('',#7213,#7240,#9163,.T.) ;
#9202=EDGE_CURVE('',#9128,#7247,#9201,.T.) ;
#9218=EDGE_CURVE('',#9097,#7535,#9217,.F.) ;
#9238=EDGE_CURVE('',#9097,#9237,#9231,.T.) ;
#9243=EDGE_CURVE('',#9237,#3420,#9242,.T.) ;
#9257=EDGE_CURVE('',#9237,#7565,#9251,.T.) ;
#30=CLOSED_SHELL('Closed Shell',(#62,#73,#104,#124,#155,#174,#191,#262,#293,#759,#783,#1391,#1422,#1446,#1458,#1547,#1598,#1630,#1642,#1693,#1712,#1744,#1768,#1800,#1865,#1897,#1949,#1966,#1997,#2021,#2045,#2069,#2093,#2110,#2141,#2165,#2189,#2213,#2237,#2254,#2285,#2309,#2328,#2360,#2379,#2396,#2427,#2451,#2470,#2494,#2511,#2542,#2566,#2610,#2642,#2694,#2711,#2742,#2766,#2790,#2814,#2833,#2850,#2881,#2905,#2917,#2948,#2972,#2984,#3010,#3054,#3073,#3092,#3111,#3148,#3174,#3221,#3248,#3308,#3335,#3354,#3381,#3400,#3435,#3461,#3480,#3499,#3518,#3537,#3549,#3575,#3594,#3613,#3632,#3651,#3663,#3689,#3708,#3727,#3754,#3773,#3785,#3811,#3830,#3849,#3868,#3892,#3904,#3930,#3949,#3968,#3987,#4006,#4018,#4049,#4068,#4085,#4116,#4140,#4152,#4174,#4182,#4231,#4292,#4316,#4334,#4368,#4494,#4519,#4552,#4585,#4609,#4642,#4675,#4699,#4723,#4754,#4847,#4866,#4882,#4893,#4917,#5000,#5029,#5040,#5071,#5096,#5134,#5150,#5185,#5201,#5232,#5257,#5295,#5311,#5346,#5362,#5393,#5418,#5443,#5476,#5509,#5539,#5555,#5586,#5611,#5660,#5690,#5706,#5737,#5762,#5795,#5888,#5912,#5928,#5939,#5963,#6046,#6091,#6107,#6138,#6163,#6193,#6218,#6249,#6265,#6289,#6296,#6381,#6444,#6485,#6509,#6592,#6639,#6655,#6684,#6709,#6747,#6840,#6857,#6904,#6928,#7021,#7045,#7061,#7072,#7103,#7127,#7146,#7229,#7260,#7293,#7326,#7350,#7383,#7416,#7441,#7554,#7578,#7603,#7635,#7660,#7698,#7714,#7736,#7761,#7793,#7818,#7856,#7872,#7899,#7930,#7955,#7985,#8018,#8051,#8076,#8092,#8117,#8149,#8174,#8212,#8228,#8250,#8275,#8310,#8326,#8363,#8379,#8406,#8430,#8439,#8462,#8487,#8500,#8522,#8538,#8561,#8572,#8596,#8609,#8631,#8637,#8661,#8675,#8681,#8687,#8693,#8699,#8705,#8711,#8717,#8723,#8731,#8737,#8743,#8749,#8755,#8761,#8767,#8779,#8785,#8806,#8812,#8834,#8840,#8856,#8870,#8876,#8882,#8888,#8894,#8910,#8935,#8951,#8957,#8968,#8985,#8991,#9015,#9021,#9039,#9058,#9080,#9086,#9117,#9140,#9157,#9197,#9208,#9225,#9250,#9263,#9269,#9275,#9281,#9287,#9293,#9299,#9305,#9311,#9317,#9325,#9331,#9337,#9343,#9349,#9355,#9361,#9367,#9373,#9379,#9393,#9407,#9419,#9432,#9444,#9458)) ;
#58=ORIENTED_EDGE('',*,*,#44,.T.) ;
#59=ORIENTED_EDGE('',*,*,#51,.F.) ;
#60=ORIENTED_EDGE('',*,*,#56,.F.) ;
#69=ORIENTED_EDGE('',*,*,#56,.T.) ;
#70=ORIENTED_EDGE('',*,*,#67,.F.) ;
#71=ORIENTED_EDGE('',*,*,#44,.F.) ;
#99=ORIENTED_EDGE('',*,*,#87,.F.) ;
#100=ORIENTED_EDGE('',*,*,#92,.F.) ;
#101=ORIENTED_EDGE('',*,*,#51,.T.) ;
#102=ORIENTED_EDGE('',*,*,#97,.T.) ;
#118=ORIENTED_EDGE('',*,*,#111,.F.) ;
#119=ORIENTED_EDGE('',*,*,#116,.F.) ;
#120=ORIENTED_EDGE('',*,*,#97,.F.) ;
#121=ORIENTED_EDGE('',*,*,#67,.T.) ;
#122=ORIENTED_EDGE('',*,*,#92,.T.) ;
#150=ORIENTED_EDGE('',*,*,#136,.T.) ;
#151=ORIENTED_EDGE('',*,*,#87,.T.) ;
#152=ORIENTED_EDGE('',*,*,#143,.F.) ;
#153=ORIENTED_EDGE('',*,*,#148,.F.) ;
#169=ORIENTED_EDGE('',*,*,#111,.T.) ;
#170=ORIENTED_EDGE('',*,*,#136,.F.) ;
#171=ORIENTED_EDGE('',*,*,#162,.F.) ;
#172=ORIENTED_EDGE('',*,*,#167,.F.) ;
#186=ORIENTED_EDGE('',*,*,#184,.F.) ;
#187=ORIENTED_EDGE('',*,*,#143,.T.) ;
#188=ORIENTED_EDGE('',*,*,#116,.T.) ;
#189=ORIENTED_EDGE('',*,*,#167,.T.) ;
#226=ORIENTED_EDGE('',*,*,#205,.F.) ;
#227=ORIENTED_EDGE('',*,*,#212,.T.) ;
#228=ORIENTED_EDGE('',*,*,#219,.T.) ;
#229=ORIENTED_EDGE('',*,*,#224,.F.) ;
#253=ORIENTED_EDGE('',*,*,#239,.T.) ;
#254=ORIENTED_EDGE('',*,*,#246,.T.) ;
#255=ORIENTED_EDGE('',*,*,#251,.T.) ;
#258=ORIENTED_EDGE('',*,*,#148,.T.) ;
#259=ORIENTED_EDGE('',*,*,#184,.T.) ;
#260=ORIENTED_EDGE('',*,*,#162,.T.) ;
#288=ORIENTED_EDGE('',*,*,#276,.F.) ;
#289=ORIENTED_EDGE('',*,*,#281,.T.) ;
#290=ORIENTED_EDGE('',*,*,#205,.T.) ;
#291=ORIENTED_EDGE('',*,*,#286,.F.) ;
#333=ORIENTED_EDGE('',*,*,#305,.F.) ;
#334=ORIENTED_EDGE('',*,*,#312,.F.) ;
#335=ORIENTED_EDGE('',*,*,#319,.F.) ;
#336=ORIENTED_EDGE('',*,*,#326,.F.) ;
#337=ORIENTED_EDGE('',*,*,#331,.F.) ;
#338=ORIENTED_EDGE('',*,*,#212,.F.) ;
#339=ORIENTED_EDGE('',*,*,#281,.F.) ;
#405=ORIENTED_EDGE('',*,*,#349,.F.) ;
#406=ORIENTED_EDGE('',*,*,#356,.F.) ;
#407=ORIENTED_EDGE('',*,*,#363,.F.) ;
#408=ORIENTED_EDGE('',*,*,#370,.F.) ;
#409=ORIENTED_EDGE('',*,*,#377,.F.) ;
#410=ORIENTED_EDGE('',*,*,#384,.F.) ;
#411=ORIENTED_EDGE('',*,*,#391,.T.) ;
#412=ORIENTED_EDGE('',*,*,#398,.T.) ;
#413=ORIENTED_EDGE('',*,*,#403,.T.) ;
#458=ORIENTED_EDGE('',*,*,#423,.F.) ;
#459=ORIENTED_EDGE('',*,*,#430,.T.) ;
#460=ORIENTED_EDGE('',*,*,#437,.T.) ;
#461=ORIENTED_EDGE('',*,*,#444,.T.) ;
#462=ORIENTED_EDGE('',*,*,#451,.T.) ;
#463=ORIENTED_EDGE('',*,*,#456,.T.) ;
#508=ORIENTED_EDGE('',*,*,#473,.T.) ;
#509=ORIENTED_EDGE('',*,*,#480,.T.) ;
#510=ORIENTED_EDGE('',*,*,#487,.F.) ;
#511=ORIENTED_EDGE('',*,*,#494,.T.) ;
#512=ORIENTED_EDGE('',*,*,#501,.T.) ;
#513=ORIENTED_EDGE('',*,*,#506,.T.) ;
#558=ORIENTED_EDGE('',*,*,#523,.T.) ;
#559=ORIENTED_EDGE('',*,*,#530,.T.) ;
#560=ORIENTED_EDGE('',*,*,#537,.F.) ;
#561=ORIENTED_EDGE('',*,*,#544,.F.) ;
#562=ORIENTED_EDGE('',*,*,#551,.F.) ;
#563=ORIENTED_EDGE('',*,*,#556,.T.) ;
#601=ORIENTED_EDGE('',*,*,#573,.T.) ;
#602=ORIENTED_EDGE('',*,*,#580,.T.) ;
#603=ORIENTED_EDGE('',*,*,#587,.F.) ;
#604=ORIENTED_EDGE('',*,*,#594,.T.) ;
#605=ORIENTED_EDGE('',*,*,#599,.T.) ;
#650=ORIENTED_EDGE('',*,*,#615,.T.) ;
#651=ORIENTED_EDGE('',*,*,#622,.T.) ;
#652=ORIENTED_EDGE('',*,*,#629,.F.) ;
#653=ORIENTED_EDGE('',*,*,#636,.T.) ;
#654=ORIENTED_EDGE('',*,*,#643,.T.) ;
#655=ORIENTED_EDGE('',*,*,#648,.T.) ;
#700=ORIENTED_EDGE('',*,*,#665,.T.) ;
#701=ORIENTED_EDGE('',*,*,#672,.T.) ;
#702=ORIENTED_EDGE('',*,*,#679,.T.) ;
#703=ORIENTED_EDGE('',*,*,#686,.T.) ;
#704=ORIENTED_EDGE('',*,*,#693,.F.) ;
#705=ORIENTED_EDGE('',*,*,#698,.T.) ;
#729=ORIENTED_EDGE('',*,*,#715,.T.) ;
#730=ORIENTED_EDGE('',*,*,#722,.T.) ;
#731=ORIENTED_EDGE('',*,*,#727,.T.) ;
#755=ORIENTED_EDGE('',*,*,#741,.T.) ;
#756=ORIENTED_EDGE('',*,*,#748,.T.) ;
#757=ORIENTED_EDGE('',*,*,#753,.T.) ;
#778=ORIENTED_EDGE('',*,*,#219,.F.) ;
#779=ORIENTED_EDGE('',*,*,#331,.T.) ;
#780=ORIENTED_EDGE('',*,*,#771,.T.) ;
#781=ORIENTED_EDGE('',*,*,#776,.F.) ;
#816=ORIENTED_EDGE('',*,*,#795,.T.) ;
#817=ORIENTED_EDGE('',*,*,#802,.T.) ;
#818=ORIENTED_EDGE('',*,*,#809,.T.) ;
#819=ORIENTED_EDGE('',*,*,#814,.T.) ;
#820=ORIENTED_EDGE('',*,*,#286,.T.) ;
#821=ORIENTED_EDGE('',*,*,#224,.T.) ;
#822=ORIENTED_EDGE('',*,*,#776,.T.) ;
#867=ORIENTED_EDGE('',*,*,#832,.T.) ;
#868=ORIENTED_EDGE('',*,*,#839,.T.) ;
#869=ORIENTED_EDGE('',*,*,#846,.T.) ;
#870=ORIENTED_EDGE('',*,*,#853,.F.) ;
#871=ORIENTED_EDGE('',*,*,#860,.T.) ;
#872=ORIENTED_EDGE('',*,*,#865,.T.) ;
#1001=ORIENTED_EDGE('',*,*,#882,.T.) ;
#1002=ORIENTED_EDGE('',*,*,#889,.F.) ;
#1003=ORIENTED_EDGE('',*,*,#911,.T.) ;
#1004=ORIENTED_EDGE('',*,*,#918,.T.) ;
#1005=ORIENTED_EDGE('',*,*,#940,.T.) ;
#1006=ORIENTED_EDGE('',*,*,#947,.T.) ;
#1007=ORIENTED_EDGE('',*,*,#966,.T.) ;
#1008=ORIENTED_EDGE('',*,*,#976,.T.) ;
#1009=ORIENTED_EDGE('',*,*,#999,.T.) ;
#1054=ORIENTED_EDGE('',*,*,#1019,.T.) ;
#1055=ORIENTED_EDGE('',*,*,#1026,.F.) ;
#1056=ORIENTED_EDGE('',*,*,#1033,.T.) ;
#1057=ORIENTED_EDGE('',*,*,#1040,.F.) ;
#1058=ORIENTED_EDGE('',*,*,#1047,.T.) ;
#1059=ORIENTED_EDGE('',*,*,#1052,.T.) ;
#1119=ORIENTED_EDGE('',*,*,#1069,.T.) ;
#1120=ORIENTED_EDGE('',*,*,#1076,.T.) ;
#1121=ORIENTED_EDGE('',*,*,#1098,.T.) ;
#1122=ORIENTED_EDGE('',*,*,#1105,.T.) ;
#1123=ORIENTED_EDGE('',*,*,#1112,.T.) ;
#1124=ORIENTED_EDGE('',*,*,#1117,.T.) ;
#1202=ORIENTED_EDGE('',*,*,#1134,.T.) ;
#1203=ORIENTED_EDGE('',*,*,#1141,.T.) ;
#1204=ORIENTED_EDGE('',*,*,#1154,.T.) ;
#1205=ORIENTED_EDGE('',*,*,#1173,.T.) ;
#1206=ORIENTED_EDGE('',*,*,#1180,.T.) ;
#1207=ORIENTED_EDGE('',*,*,#1200,.T.) ;
#1252=ORIENTED_EDGE('',*,*,#1217,.T.) ;
#1253=ORIENTED_EDGE('',*,*,#1224,.F.) ;
#1254=ORIENTED_EDGE('',*,*,#1231,.T.) ;
#1255=ORIENTED_EDGE('',*,*,#1238,.F.) ;
#1256=ORIENTED_EDGE('',*,*,#1245,.T.) ;
#1257=ORIENTED_EDGE('',*,*,#1250,.T.) ;
#1332=ORIENTED_EDGE('',*,*,#1282,.T.) ;
#1333=ORIENTED_EDGE('',*,*,#1289,.T.) ;
#1334=ORIENTED_EDGE('',*,*,#1311,.T.) ;
#1335=ORIENTED_EDGE('',*,*,#1318,.T.) ;
#1336=ORIENTED_EDGE('',*,*,#1325,.T.) ;
#1337=ORIENTED_EDGE('',*,*,#1330,.T.) ;
#1361=ORIENTED_EDGE('',*,*,#1347,.F.) ;
#1362=ORIENTED_EDGE('',*,*,#1354,.F.) ;
#1363=ORIENTED_EDGE('',*,*,#1359,.F.) ;
#1387=ORIENTED_EDGE('',*,*,#1373,.F.) ;
#1388=ORIENTED_EDGE('',*,*,#1380,.F.) ;
#1389=ORIENTED_EDGE('',*,*,#1385,.F.) ;
#1417=ORIENTED_EDGE('',*,*,#1403,.T.) ;
#1418=ORIENTED_EDGE('',*,*,#1410,.T.) ;
#1419=ORIENTED_EDGE('',*,*,#1415,.F.) ;
#1420=ORIENTED_EDGE('',*,*,#239,.F.) ;
#1441=ORIENTED_EDGE('',*,*,#246,.F.) ;
#1442=ORIENTED_EDGE('',*,*,#1415,.T.) ;
#1443=ORIENTED_EDGE('',*,*,#1434,.T.) ;
#1444=ORIENTED_EDGE('',*,*,#1439,.T.) ;
#1453=ORIENTED_EDGE('',*,*,#1451,.T.) ;
#1454=ORIENTED_EDGE('',*,*,#1403,.F.) ;
#1455=ORIENTED_EDGE('',*,*,#251,.F.) ;
#1456=ORIENTED_EDGE('',*,*,#1439,.F.) ;
#1470=ORIENTED_EDGE('',*,*,#1468,.F.) ;
#1471=ORIENTED_EDGE('',*,*,#305,.T.) ;
#1472=ORIENTED_EDGE('',*,*,#276,.T.) ;
#1473=ORIENTED_EDGE('',*,*,#814,.F.) ;
#1544=ORIENTED_EDGE('',*,*,#1510,.F.) ;
#1545=ORIENTED_EDGE('',*,*,#1542,.F.) ;
#1590=ORIENTED_EDGE('',*,*,#1559,.F.) ;
#1591=ORIENTED_EDGE('',*,*,#312,.T.) ;
#1592=ORIENTED_EDGE('',*,*,#1468,.T.) ;
#1593=ORIENTED_EDGE('',*,*,#809,.F.) ;
#1594=ORIENTED_EDGE('',*,*,#1566,.F.) ;
#1595=ORIENTED_EDGE('',*,*,#1574,.F.) ;
#1596=ORIENTED_EDGE('',*,*,#1588,.F.) ;
#1622=ORIENTED_EDGE('',*,*,#1566,.T.) ;
#1623=ORIENTED_EDGE('',*,*,#802,.F.) ;
#1624=ORIENTED_EDGE('',*,*,#1608,.F.) ;
#1625=ORIENTED_EDGE('',*,*,#319,.T.) ;
#1626=ORIENTED_EDGE('',*,*,#1559,.T.) ;
#1627=ORIENTED_EDGE('',*,*,#1615,.F.) ;
#1628=ORIENTED_EDGE('',*,*,#1620,.F.) ;
#1637=ORIENTED_EDGE('',*,*,#771,.F.) ;
#1638=ORIENTED_EDGE('',*,*,#326,.T.) ;
#1639=ORIENTED_EDGE('',*,*,#1608,.T.) ;
#1640=ORIENTED_EDGE('',*,*,#795,.F.) ;
#1686=ORIENTED_EDGE('',*,*,#1649,.T.) ;
#1687=ORIENTED_EDGE('',*,*,#349,.T.) ;
#1688=ORIENTED_EDGE('',*,*,#1656,.T.) ;
#1689=ORIENTED_EDGE('',*,*,#1663,.F.) ;
#1690=ORIENTED_EDGE('',*,*,#1679,.F.) ;
#1691=ORIENTED_EDGE('',*,*,#1684,.F.) ;
#1707=ORIENTED_EDGE('',*,*,#1649,.F.) ;
#1708=ORIENTED_EDGE('',*,*,#1700,.F.) ;
#1709=ORIENTED_EDGE('',*,*,#1705,.F.) ;
#1710=ORIENTED_EDGE('',*,*,#356,.T.) ;
#1738=ORIENTED_EDGE('',*,*,#1724,.F.) ;
#1739=ORIENTED_EDGE('',*,*,#1731,.F.) ;
#1740=ORIENTED_EDGE('',*,*,#1736,.F.) ;
#1741=ORIENTED_EDGE('',*,*,#363,.T.) ;
#1742=ORIENTED_EDGE('',*,*,#1705,.T.) ;
#1763=ORIENTED_EDGE('',*,*,#1756,.F.) ;
#1764=ORIENTED_EDGE('',*,*,#1761,.F.) ;
#1765=ORIENTED_EDGE('',*,*,#370,.T.) ;
#1766=ORIENTED_EDGE('',*,*,#1736,.T.) ;
#1794=ORIENTED_EDGE('',*,*,#1780,.F.) ;
#1795=ORIENTED_EDGE('',*,*,#1787,.F.) ;
#1796=ORIENTED_EDGE('',*,*,#1792,.F.) ;
#1797=ORIENTED_EDGE('',*,*,#377,.T.) ;
#1798=ORIENTED_EDGE('',*,*,#1761,.T.) ;
#1856=ORIENTED_EDGE('',*,*,#1812,.F.) ;
#1857=ORIENTED_EDGE('',*,*,#1819,.F.) ;
#1858=ORIENTED_EDGE('',*,*,#1826,.F.) ;
#1859=ORIENTED_EDGE('',*,*,#1842,.F.) ;
#1860=ORIENTED_EDGE('',*,*,#1849,.F.) ;
#1861=ORIENTED_EDGE('',*,*,#1854,.T.) ;
#1862=ORIENTED_EDGE('',*,*,#384,.T.) ;
#1863=ORIENTED_EDGE('',*,*,#1792,.T.) ;
#1891=ORIENTED_EDGE('',*,*,#1877,.F.) ;
#1892=ORIENTED_EDGE('',*,*,#1884,.F.) ;
#1893=ORIENTED_EDGE('',*,*,#1889,.T.) ;
#1894=ORIENTED_EDGE('',*,*,#391,.F.) ;
#1895=ORIENTED_EDGE('',*,*,#1854,.F.) ;
#1942=ORIENTED_EDGE('',*,*,#1909,.F.) ;
#1943=ORIENTED_EDGE('',*,*,#398,.F.) ;
#1944=ORIENTED_EDGE('',*,*,#1889,.F.) ;
#1945=ORIENTED_EDGE('',*,*,#1916,.F.) ;
#1946=ORIENTED_EDGE('',*,*,#1935,.F.) ;
#1947=ORIENTED_EDGE('',*,*,#1940,.F.) ;
#1961=ORIENTED_EDGE('',*,*,#403,.F.) ;
#1962=ORIENTED_EDGE('',*,*,#1909,.T.) ;
#1963=ORIENTED_EDGE('',*,*,#1959,.T.) ;
#1964=ORIENTED_EDGE('',*,*,#1656,.F.) ;
#1992=ORIENTED_EDGE('',*,*,#423,.T.) ;
#1993=ORIENTED_EDGE('',*,*,#1978,.T.) ;
#1994=ORIENTED_EDGE('',*,*,#1985,.T.) ;
#1995=ORIENTED_EDGE('',*,*,#1990,.T.) ;
#2016=ORIENTED_EDGE('',*,*,#430,.F.) ;
#2017=ORIENTED_EDGE('',*,*,#1990,.F.) ;
#2018=ORIENTED_EDGE('',*,*,#2009,.F.) ;
#2019=ORIENTED_EDGE('',*,*,#2014,.T.) ;
#2040=ORIENTED_EDGE('',*,*,#2014,.F.) ;
#2041=ORIENTED_EDGE('',*,*,#2033,.F.) ;
#2042=ORIENTED_EDGE('',*,*,#2038,.F.) ;
#2043=ORIENTED_EDGE('',*,*,#437,.F.) ;
#2064=ORIENTED_EDGE('',*,*,#444,.F.) ;
#2065=ORIENTED_EDGE('',*,*,#2038,.T.) ;
#2066=ORIENTED_EDGE('',*,*,#2057,.T.) ;
#2067=ORIENTED_EDGE('',*,*,#2062,.F.) ;
#2088=ORIENTED_EDGE('',*,*,#2081,.F.) ;
#2089=ORIENTED_EDGE('',*,*,#451,.F.) ;
#2090=ORIENTED_EDGE('',*,*,#2062,.T.) ;
#2091=ORIENTED_EDGE('',*,*,#2086,.T.) ;
#2105=ORIENTED_EDGE('',*,*,#456,.F.) ;
#2106=ORIENTED_EDGE('',*,*,#2081,.T.) ;
#2107=ORIENTED_EDGE('',*,*,#2103,.T.) ;
#2108=ORIENTED_EDGE('',*,*,#1978,.F.) ;
#2136=ORIENTED_EDGE('',*,*,#473,.F.) ;
#2137=ORIENTED_EDGE('',*,*,#2122,.F.) ;
#2138=ORIENTED_EDGE('',*,*,#2129,.F.) ;
#2139=ORIENTED_EDGE('',*,*,#2134,.F.) ;
#2160=ORIENTED_EDGE('',*,*,#480,.F.) ;
#2161=ORIENTED_EDGE('',*,*,#2134,.T.) ;
#2162=ORIENTED_EDGE('',*,*,#2153,.T.) ;
#2163=ORIENTED_EDGE('',*,*,#2158,.F.) ;
#2184=ORIENTED_EDGE('',*,*,#2177,.T.) ;
#2185=ORIENTED_EDGE('',*,*,#2182,.F.) ;
#2186=ORIENTED_EDGE('',*,*,#487,.T.) ;
#2187=ORIENTED_EDGE('',*,*,#2158,.T.) ;
#2208=ORIENTED_EDGE('',*,*,#494,.F.) ;
#2209=ORIENTED_EDGE('',*,*,#2182,.T.) ;
#2210=ORIENTED_EDGE('',*,*,#2201,.T.) ;
#2211=ORIENTED_EDGE('',*,*,#2206,.F.) ;
#2232=ORIENTED_EDGE('',*,*,#501,.F.) ;
#2233=ORIENTED_EDGE('',*,*,#2206,.T.) ;
#2234=ORIENTED_EDGE('',*,*,#2225,.T.) ;
#2235=ORIENTED_EDGE('',*,*,#2230,.T.) ;
#2249=ORIENTED_EDGE('',*,*,#506,.F.) ;
#2250=ORIENTED_EDGE('',*,*,#2230,.F.) ;
#2251=ORIENTED_EDGE('',*,*,#2247,.F.) ;
#2252=ORIENTED_EDGE('',*,*,#2122,.T.) ;
#2280=ORIENTED_EDGE('',*,*,#523,.F.) ;
#2281=ORIENTED_EDGE('',*,*,#2266,.T.) ;
#2282=ORIENTED_EDGE('',*,*,#2273,.T.) ;
#2283=ORIENTED_EDGE('',*,*,#2278,.T.) ;
#2304=ORIENTED_EDGE('',*,*,#530,.F.) ;
#2305=ORIENTED_EDGE('',*,*,#2278,.F.) ;
#2306=ORIENTED_EDGE('',*,*,#2297,.F.) ;
#2307=ORIENTED_EDGE('',*,*,#2302,.T.) ;
#2323=ORIENTED_EDGE('',*,*,#2316,.T.) ;
#2324=ORIENTED_EDGE('',*,*,#2321,.F.) ;
#2325=ORIENTED_EDGE('',*,*,#537,.T.) ;
#2326=ORIENTED_EDGE('',*,*,#2302,.F.) ;
#2354=ORIENTED_EDGE('',*,*,#2340,.T.) ;
#2355=ORIENTED_EDGE('',*,*,#2347,.T.) ;
#2356=ORIENTED_EDGE('',*,*,#2352,.F.) ;
#2357=ORIENTED_EDGE('',*,*,#544,.T.) ;
#2358=ORIENTED_EDGE('',*,*,#2321,.T.) ;
#2374=ORIENTED_EDGE('',*,*,#551,.T.) ;
#2375=ORIENTED_EDGE('',*,*,#2352,.T.) ;
#2376=ORIENTED_EDGE('',*,*,#2367,.T.) ;
#2377=ORIENTED_EDGE('',*,*,#2372,.F.) ;
#2391=ORIENTED_EDGE('',*,*,#556,.F.) ;
#2392=ORIENTED_EDGE('',*,*,#2372,.T.) ;
#2393=ORIENTED_EDGE('',*,*,#2389,.T.) ;
#2394=ORIENTED_EDGE('',*,*,#2266,.F.) ;
#2422=ORIENTED_EDGE('',*,*,#2408,.T.) ;
#2423=ORIENTED_EDGE('',*,*,#2415,.T.) ;
#2424=ORIENTED_EDGE('',*,*,#2420,.T.) ;
#2425=ORIENTED_EDGE('',*,*,#573,.F.) ;
#2446=ORIENTED_EDGE('',*,*,#580,.F.) ;
#2447=ORIENTED_EDGE('',*,*,#2420,.F.) ;
#2448=ORIENTED_EDGE('',*,*,#2439,.F.) ;
#2449=ORIENTED_EDGE('',*,*,#2444,.T.) ;
#2465=ORIENTED_EDGE('',*,*,#2458,.F.) ;
#2466=ORIENTED_EDGE('',*,*,#2463,.F.) ;
#2467=ORIENTED_EDGE('',*,*,#587,.T.) ;
#2468=ORIENTED_EDGE('',*,*,#2444,.F.) ;
#2489=ORIENTED_EDGE('',*,*,#2482,.F.) ;
#2490=ORIENTED_EDGE('',*,*,#594,.F.) ;
#2491=ORIENTED_EDGE('',*,*,#2463,.T.) ;
#2492=ORIENTED_EDGE('',*,*,#2487,.F.) ;
#2506=ORIENTED_EDGE('',*,*,#599,.F.) ;
#2507=ORIENTED_EDGE('',*,*,#2482,.T.) ;
#2508=ORIENTED_EDGE('',*,*,#2504,.T.) ;
#2509=ORIENTED_EDGE('',*,*,#2408,.F.) ;
#2537=ORIENTED_EDGE('',*,*,#2523,.F.) ;
#2538=ORIENTED_EDGE('',*,*,#2530,.F.) ;
#2539=ORIENTED_EDGE('',*,*,#2535,.F.) ;
#2540=ORIENTED_EDGE('',*,*,#615,.F.) ;
#2561=ORIENTED_EDGE('',*,*,#622,.F.) ;
#2562=ORIENTED_EDGE('',*,*,#2535,.T.) ;
#2563=ORIENTED_EDGE('',*,*,#2554,.T.) ;
#2564=ORIENTED_EDGE('',*,*,#2559,.F.) ;
#2603=ORIENTED_EDGE('',*,*,#2573,.T.) ;
#2604=ORIENTED_EDGE('',*,*,#2589,.F.) ;
#2605=ORIENTED_EDGE('',*,*,#2596,.F.) ;
#2606=ORIENTED_EDGE('',*,*,#2601,.T.) ;
#2607=ORIENTED_EDGE('',*,*,#629,.T.) ;
#2608=ORIENTED_EDGE('',*,*,#2559,.T.) ;
#2636=ORIENTED_EDGE('',*,*,#2622,.F.) ;
#2637=ORIENTED_EDGE('',*,*,#2629,.F.) ;
#2638=ORIENTED_EDGE('',*,*,#2634,.T.) ;
#2639=ORIENTED_EDGE('',*,*,#636,.F.) ;
#2640=ORIENTED_EDGE('',*,*,#2601,.F.) ;
#2687=ORIENTED_EDGE('',*,*,#643,.F.) ;
#2688=ORIENTED_EDGE('',*,*,#2634,.F.) ;
#2689=ORIENTED_EDGE('',*,*,#2654,.F.) ;
#2690=ORIENTED_EDGE('',*,*,#2673,.F.) ;
#2691=ORIENTED_EDGE('',*,*,#2680,.T.) ;
#2692=ORIENTED_EDGE('',*,*,#2685,.T.) ;
#2706=ORIENTED_EDGE('',*,*,#648,.F.) ;
#2707=ORIENTED_EDGE('',*,*,#2685,.F.) ;
#2708=ORIENTED_EDGE('',*,*,#2704,.F.) ;
#2709=ORIENTED_EDGE('',*,*,#2523,.T.) ;
#2737=ORIENTED_EDGE('',*,*,#665,.F.) ;
#2738=ORIENTED_EDGE('',*,*,#2723,.T.) ;
#2739=ORIENTED_EDGE('',*,*,#2730,.T.) ;
#2740=ORIENTED_EDGE('',*,*,#2735,.T.) ;
#2761=ORIENTED_EDGE('',*,*,#672,.F.) ;
#2762=ORIENTED_EDGE('',*,*,#2735,.F.) ;
#2763=ORIENTED_EDGE('',*,*,#2754,.F.) ;
#2764=ORIENTED_EDGE('',*,*,#2759,.T.) ;
#2785=ORIENTED_EDGE('',*,*,#2778,.T.) ;
#2786=ORIENTED_EDGE('',*,*,#2783,.T.) ;
#2787=ORIENTED_EDGE('',*,*,#679,.F.) ;
#2788=ORIENTED_EDGE('',*,*,#2759,.F.) ;
#2809=ORIENTED_EDGE('',*,*,#686,.F.) ;
#2810=ORIENTED_EDGE('',*,*,#2783,.F.) ;
#2811=ORIENTED_EDGE('',*,*,#2802,.F.) ;
#2812=ORIENTED_EDGE('',*,*,#2807,.T.) ;
#2828=ORIENTED_EDGE('',*,*,#693,.T.) ;
#2829=ORIENTED_EDGE('',*,*,#2807,.F.) ;
#2830=ORIENTED_EDGE('',*,*,#2821,.T.) ;
#2831=ORIENTED_EDGE('',*,*,#2826,.F.) ;
#2845=ORIENTED_EDGE('',*,*,#698,.F.) ;
#2846=ORIENTED_EDGE('',*,*,#2826,.T.) ;
#2847=ORIENTED_EDGE('',*,*,#2843,.T.) ;
#2848=ORIENTED_EDGE('',*,*,#2723,.F.) ;
#2876=ORIENTED_EDGE('',*,*,#715,.F.) ;
#2877=ORIENTED_EDGE('',*,*,#2862,.T.) ;
#2878=ORIENTED_EDGE('',*,*,#2869,.T.) ;
#2879=ORIENTED_EDGE('',*,*,#2874,.T.) ;
#2900=ORIENTED_EDGE('',*,*,#2893,.T.) ;
#2901=ORIENTED_EDGE('',*,*,#2898,.F.) ;
#2902=ORIENTED_EDGE('',*,*,#722,.F.) ;
#2903=ORIENTED_EDGE('',*,*,#2874,.F.) ;
#2912=ORIENTED_EDGE('',*,*,#2898,.T.) ;
#2913=ORIENTED_EDGE('',*,*,#2910,.T.) ;
#2914=ORIENTED_EDGE('',*,*,#2862,.F.) ;
#2915=ORIENTED_EDGE('',*,*,#727,.F.) ;
#2943=ORIENTED_EDGE('',*,*,#2929,.T.) ;
#2944=ORIENTED_EDGE('',*,*,#2936,.T.) ;
#2945=ORIENTED_EDGE('',*,*,#2941,.F.) ;
#2946=ORIENTED_EDGE('',*,*,#741,.F.) ;
#2967=ORIENTED_EDGE('',*,*,#748,.F.) ;
#2968=ORIENTED_EDGE('',*,*,#2941,.T.) ;
#2969=ORIENTED_EDGE('',*,*,#2960,.T.) ;
#2970=ORIENTED_EDGE('',*,*,#2965,.T.) ;
#2979=ORIENTED_EDGE('',*,*,#2977,.T.) ;
#2980=ORIENTED_EDGE('',*,*,#2929,.F.) ;
#2981=ORIENTED_EDGE('',*,*,#753,.F.) ;
#2982=ORIENTED_EDGE('',*,*,#2965,.F.) ;
#3005=ORIENTED_EDGE('',*,*,#832,.F.) ;
#3006=ORIENTED_EDGE('',*,*,#2991,.T.) ;
#3007=ORIENTED_EDGE('',*,*,#2998,.T.) ;
#3008=ORIENTED_EDGE('',*,*,#3003,.F.) ;
#3047=ORIENTED_EDGE('',*,*,#3017,.T.) ;
#3048=ORIENTED_EDGE('',*,*,#3033,.T.) ;
#3049=ORIENTED_EDGE('',*,*,#3040,.F.) ;
#3050=ORIENTED_EDGE('',*,*,#3045,.F.) ;
#3051=ORIENTED_EDGE('',*,*,#839,.F.) ;
#3052=ORIENTED_EDGE('',*,*,#3003,.T.) ;
#3068=ORIENTED_EDGE('',*,*,#846,.F.) ;
#3069=ORIENTED_EDGE('',*,*,#3045,.T.) ;
#3070=ORIENTED_EDGE('',*,*,#3061,.T.) ;
#3071=ORIENTED_EDGE('',*,*,#3066,.F.) ;
#3087=ORIENTED_EDGE('',*,*,#3066,.T.) ;
#3088=ORIENTED_EDGE('',*,*,#3080,.T.) ;
#3089=ORIENTED_EDGE('',*,*,#3085,.T.) ;
#3090=ORIENTED_EDGE('',*,*,#853,.T.) ;
#3106=ORIENTED_EDGE('',*,*,#860,.F.) ;
#3107=ORIENTED_EDGE('',*,*,#3085,.F.) ;
#3108=ORIENTED_EDGE('',*,*,#3099,.F.) ;
#3109=ORIENTED_EDGE('',*,*,#3104,.T.) ;
#3141=ORIENTED_EDGE('',*,*,#865,.F.) ;
#3142=ORIENTED_EDGE('',*,*,#3104,.F.) ;
#3143=ORIENTED_EDGE('',*,*,#3118,.F.) ;
#3144=ORIENTED_EDGE('',*,*,#3134,.T.) ;
#3145=ORIENTED_EDGE('',*,*,#3139,.T.) ;
#3146=ORIENTED_EDGE('',*,*,#2991,.F.) ;
#3169=ORIENTED_EDGE('',*,*,#882,.F.) ;
#3170=ORIENTED_EDGE('',*,*,#3155,.F.) ;
#3171=ORIENTED_EDGE('',*,*,#3162,.F.) ;
#3172=ORIENTED_EDGE('',*,*,#3167,.T.) ;
#3214=ORIENTED_EDGE('',*,*,#3167,.F.) ;
#3215=ORIENTED_EDGE('',*,*,#3181,.F.) ;
#3216=ORIENTED_EDGE('',*,*,#3200,.T.) ;
#3217=ORIENTED_EDGE('',*,*,#3207,.T.) ;
#3218=ORIENTED_EDGE('',*,*,#3212,.F.) ;
#3219=ORIENTED_EDGE('',*,*,#889,.T.) ;
#3242=ORIENTED_EDGE('',*,*,#3228,.T.) ;
#3243=ORIENTED_EDGE('',*,*,#3235,.T.) ;
#3244=ORIENTED_EDGE('',*,*,#3240,.F.) ;
#3245=ORIENTED_EDGE('',*,*,#911,.F.) ;
#3246=ORIENTED_EDGE('',*,*,#3212,.T.) ;
#3299=ORIENTED_EDGE('',*,*,#3257,.T.) ;
#3300=ORIENTED_EDGE('',*,*,#3264,.T.) ;
#3301=ORIENTED_EDGE('',*,*,#3269,.F.) ;
#3302=ORIENTED_EDGE('',*,*,#918,.F.) ;
#3303=ORIENTED_EDGE('',*,*,#3240,.T.) ;
#3304=ORIENTED_EDGE('',*,*,#3276,.T.) ;
#3305=ORIENTED_EDGE('',*,*,#3292,.T.) ;
#3306=ORIENTED_EDGE('',*,*,#3297,.F.) ;
#3329=ORIENTED_EDGE('',*,*,#3315,.T.) ;
#3330=ORIENTED_EDGE('',*,*,#3322,.T.) ;
#3331=ORIENTED_EDGE('',*,*,#3327,.F.) ;
#3332=ORIENTED_EDGE('',*,*,#940,.F.) ;
#3333=ORIENTED_EDGE('',*,*,#3269,.T.) ;
#3349=ORIENTED_EDGE('',*,*,#3342,.T.) ;
#3350=ORIENTED_EDGE('',*,*,#3347,.F.) ;
#3351=ORIENTED_EDGE('',*,*,#947,.F.) ;
#3352=ORIENTED_EDGE('',*,*,#3327,.T.) ;
#3375=ORIENTED_EDGE('',*,*,#3361,.T.) ;
#3376=ORIENTED_EDGE('',*,*,#3368,.T.) ;
#3377=ORIENTED_EDGE('',*,*,#3373,.F.) ;
#3378=ORIENTED_EDGE('',*,*,#966,.F.) ;
#3379=ORIENTED_EDGE('',*,*,#3347,.T.) ;
#3395=ORIENTED_EDGE('',*,*,#3388,.F.) ;
#3396=ORIENTED_EDGE('',*,*,#976,.F.) ;
#3397=ORIENTED_EDGE('',*,*,#3373,.T.) ;
#3398=ORIENTED_EDGE('',*,*,#3393,.T.) ;
#3428=ORIENTED_EDGE('',*,*,#3388,.T.) ;
#3429=ORIENTED_EDGE('',*,*,#3408,.T.) ;
#3430=ORIENTED_EDGE('',*,*,#3421,.T.) ;
#3431=ORIENTED_EDGE('',*,*,#3426,.T.) ;
#3432=ORIENTED_EDGE('',*,*,#3155,.T.) ;
#3433=ORIENTED_EDGE('',*,*,#999,.F.) ;
#3456=ORIENTED_EDGE('',*,*,#1019,.F.) ;
#3457=ORIENTED_EDGE('',*,*,#3442,.T.) ;
#3458=ORIENTED_EDGE('',*,*,#3449,.T.) ;
#3459=ORIENTED_EDGE('',*,*,#3454,.F.) ;
#3475=ORIENTED_EDGE('',*,*,#3454,.T.) ;
#3476=ORIENTED_EDGE('',*,*,#3468,.F.) ;
#3477=ORIENTED_EDGE('',*,*,#3473,.F.) ;
#3478=ORIENTED_EDGE('',*,*,#1026,.T.) ;
#3494=ORIENTED_EDGE('',*,*,#1033,.F.) ;
#3495=ORIENTED_EDGE('',*,*,#3473,.T.) ;
#3496=ORIENTED_EDGE('',*,*,#3487,.T.) ;
#3497=ORIENTED_EDGE('',*,*,#3492,.F.) ;
#3513=ORIENTED_EDGE('',*,*,#3506,.T.) ;
#3514=ORIENTED_EDGE('',*,*,#1040,.T.) ;
#3515=ORIENTED_EDGE('',*,*,#3492,.T.) ;
#3516=ORIENTED_EDGE('',*,*,#3511,.T.) ;
#3532=ORIENTED_EDGE('',*,*,#1047,.F.) ;
#3533=ORIENTED_EDGE('',*,*,#3506,.F.) ;
#3534=ORIENTED_EDGE('',*,*,#3525,.F.) ;
#3535=ORIENTED_EDGE('',*,*,#3530,.T.) ;
#3544=ORIENTED_EDGE('',*,*,#1052,.F.) ;
#3545=ORIENTED_EDGE('',*,*,#3530,.F.) ;
#3546=ORIENTED_EDGE('',*,*,#3542,.F.) ;
#3547=ORIENTED_EDGE('',*,*,#3442,.F.) ;
#3570=ORIENTED_EDGE('',*,*,#1069,.F.) ;
#3571=ORIENTED_EDGE('',*,*,#3556,.F.) ;
#3572=ORIENTED_EDGE('',*,*,#3563,.F.) ;
#3573=ORIENTED_EDGE('',*,*,#3568,.T.) ;
#3589=ORIENTED_EDGE('',*,*,#3582,.F.) ;
#3590=ORIENTED_EDGE('',*,*,#3587,.F.) ;
#3591=ORIENTED_EDGE('',*,*,#1076,.F.) ;
#3592=ORIENTED_EDGE('',*,*,#3568,.F.) ;
#3608=ORIENTED_EDGE('',*,*,#1098,.F.) ;
#3609=ORIENTED_EDGE('',*,*,#3587,.T.) ;
#3610=ORIENTED_EDGE('',*,*,#3601,.T.) ;
#3611=ORIENTED_EDGE('',*,*,#3606,.F.) ;
#3627=ORIENTED_EDGE('',*,*,#1105,.F.) ;
#3628=ORIENTED_EDGE('',*,*,#3606,.T.) ;
#3629=ORIENTED_EDGE('',*,*,#3620,.F.) ;
#3630=ORIENTED_EDGE('',*,*,#3625,.F.) ;
#3646=ORIENTED_EDGE('',*,*,#1112,.F.) ;
#3647=ORIENTED_EDGE('',*,*,#3625,.T.) ;
#3648=ORIENTED_EDGE('',*,*,#3639,.T.) ;
#3649=ORIENTED_EDGE('',*,*,#3644,.F.) ;
#3658=ORIENTED_EDGE('',*,*,#1117,.F.) ;
#3659=ORIENTED_EDGE('',*,*,#3644,.T.) ;
#3660=ORIENTED_EDGE('',*,*,#3656,.T.) ;
#3661=ORIENTED_EDGE('',*,*,#3556,.T.) ;
#3684=ORIENTED_EDGE('',*,*,#1134,.F.) ;
#3685=ORIENTED_EDGE('',*,*,#3670,.F.) ;
#3686=ORIENTED_EDGE('',*,*,#3677,.F.) ;
#3687=ORIENTED_EDGE('',*,*,#3682,.F.) ;
#3703=ORIENTED_EDGE('',*,*,#1141,.F.) ;
#3704=ORIENTED_EDGE('',*,*,#3682,.T.) ;
#3705=ORIENTED_EDGE('',*,*,#3696,.T.) ;
#3706=ORIENTED_EDGE('',*,*,#3701,.F.) ;
#3722=ORIENTED_EDGE('',*,*,#3715,.F.) ;
#3723=ORIENTED_EDGE('',*,*,#3720,.F.) ;
#3724=ORIENTED_EDGE('',*,*,#1154,.F.) ;
#3725=ORIENTED_EDGE('',*,*,#3701,.T.) ;
#3748=ORIENTED_EDGE('',*,*,#3734,.F.) ;
#3749=ORIENTED_EDGE('',*,*,#3741,.F.) ;
#3750=ORIENTED_EDGE('',*,*,#3746,.F.) ;
#3751=ORIENTED_EDGE('',*,*,#1173,.F.) ;
#3752=ORIENTED_EDGE('',*,*,#3720,.T.) ;
#3768=ORIENTED_EDGE('',*,*,#1180,.F.) ;
#3769=ORIENTED_EDGE('',*,*,#3746,.T.) ;
#3770=ORIENTED_EDGE('',*,*,#3761,.F.) ;
#3771=ORIENTED_EDGE('',*,*,#3766,.T.) ;
#3780=ORIENTED_EDGE('',*,*,#1200,.F.) ;
#3781=ORIENTED_EDGE('',*,*,#3766,.F.) ;
#3782=ORIENTED_EDGE('',*,*,#3778,.F.) ;
#3783=ORIENTED_EDGE('',*,*,#3670,.T.) ;
#3806=ORIENTED_EDGE('',*,*,#1217,.F.) ;
#3807=ORIENTED_EDGE('',*,*,#3792,.T.) ;
#3808=ORIENTED_EDGE('',*,*,#3799,.T.) ;
#3809=ORIENTED_EDGE('',*,*,#3804,.F.) ;
#3825=ORIENTED_EDGE('',*,*,#3804,.T.) ;
#3826=ORIENTED_EDGE('',*,*,#3818,.F.) ;
#3827=ORIENTED_EDGE('',*,*,#3823,.F.) ;
#3828=ORIENTED_EDGE('',*,*,#1224,.T.) ;
#3844=ORIENTED_EDGE('',*,*,#1231,.F.) ;
#3845=ORIENTED_EDGE('',*,*,#3823,.T.) ;
#3846=ORIENTED_EDGE('',*,*,#3837,.T.) ;
#3847=ORIENTED_EDGE('',*,*,#3842,.F.) ;
#3863=ORIENTED_EDGE('',*,*,#3856,.T.) ;
#3864=ORIENTED_EDGE('',*,*,#1238,.T.) ;
#3865=ORIENTED_EDGE('',*,*,#3842,.T.) ;
#3866=ORIENTED_EDGE('',*,*,#3861,.T.) ;
#3887=ORIENTED_EDGE('',*,*,#1245,.F.) ;
#3888=ORIENTED_EDGE('',*,*,#3856,.F.) ;
#3889=ORIENTED_EDGE('',*,*,#3880,.F.) ;
#3890=ORIENTED_EDGE('',*,*,#3885,.T.) ;
#3899=ORIENTED_EDGE('',*,*,#1250,.F.) ;
#3900=ORIENTED_EDGE('',*,*,#3885,.F.) ;
#3901=ORIENTED_EDGE('',*,*,#3897,.F.) ;
#3902=ORIENTED_EDGE('',*,*,#3792,.F.) ;
#3925=ORIENTED_EDGE('',*,*,#1282,.F.) ;
#3926=ORIENTED_EDGE('',*,*,#3911,.T.) ;
#3927=ORIENTED_EDGE('',*,*,#3918,.T.) ;
#3928=ORIENTED_EDGE('',*,*,#3923,.F.) ;
#3944=ORIENTED_EDGE('',*,*,#3937,.F.) ;
#3945=ORIENTED_EDGE('',*,*,#3942,.T.) ;
#3946=ORIENTED_EDGE('',*,*,#1289,.F.) ;
#3947=ORIENTED_EDGE('',*,*,#3923,.T.) ;
#3963=ORIENTED_EDGE('',*,*,#1311,.F.) ;
#3964=ORIENTED_EDGE('',*,*,#3942,.F.) ;
#3965=ORIENTED_EDGE('',*,*,#3956,.F.) ;
#3966=ORIENTED_EDGE('',*,*,#3961,.T.) ;
#3982=ORIENTED_EDGE('',*,*,#1318,.F.) ;
#3983=ORIENTED_EDGE('',*,*,#3961,.F.) ;
#3984=ORIENTED_EDGE('',*,*,#3975,.F.) ;
#3985=ORIENTED_EDGE('',*,*,#3980,.T.) ;
#4001=ORIENTED_EDGE('',*,*,#1325,.F.) ;
#4002=ORIENTED_EDGE('',*,*,#3980,.F.) ;
#4003=ORIENTED_EDGE('',*,*,#3994,.F.) ;
#4004=ORIENTED_EDGE('',*,*,#3999,.T.) ;
#4013=ORIENTED_EDGE('',*,*,#1330,.F.) ;
#4014=ORIENTED_EDGE('',*,*,#3999,.F.) ;
#4015=ORIENTED_EDGE('',*,*,#4011,.F.) ;
#4016=ORIENTED_EDGE('',*,*,#3911,.F.) ;
#4044=ORIENTED_EDGE('',*,*,#4030,.T.) ;
#4045=ORIENTED_EDGE('',*,*,#1347,.T.) ;
#4046=ORIENTED_EDGE('',*,*,#4037,.F.) ;
#4047=ORIENTED_EDGE('',*,*,#4042,.F.) ;
#4063=ORIENTED_EDGE('',*,*,#1354,.T.) ;
#4064=ORIENTED_EDGE('',*,*,#4030,.F.) ;
#4065=ORIENTED_EDGE('',*,*,#4056,.F.) ;
#4066=ORIENTED_EDGE('',*,*,#4061,.T.) ;
#4080=ORIENTED_EDGE('',*,*,#4078,.F.) ;
#4081=ORIENTED_EDGE('',*,*,#4037,.T.) ;
#4082=ORIENTED_EDGE('',*,*,#1359,.T.) ;
#4083=ORIENTED_EDGE('',*,*,#4061,.F.) ;
#4111=ORIENTED_EDGE('',*,*,#1373,.T.) ;
#4112=ORIENTED_EDGE('',*,*,#4097,.F.) ;
#4113=ORIENTED_EDGE('',*,*,#4104,.F.) ;
#4114=ORIENTED_EDGE('',*,*,#4109,.T.) ;
#4135=ORIENTED_EDGE('',*,*,#4128,.F.) ;
#4136=ORIENTED_EDGE('',*,*,#4133,.T.) ;
#4137=ORIENTED_EDGE('',*,*,#1380,.T.) ;
#4138=ORIENTED_EDGE('',*,*,#4109,.F.) ;
#4147=ORIENTED_EDGE('',*,*,#4097,.T.) ;
#4148=ORIENTED_EDGE('',*,*,#1385,.T.) ;
#4149=ORIENTED_EDGE('',*,*,#4133,.F.) ;
#4150=ORIENTED_EDGE('',*,*,#4145,.F.) ;
#4169=ORIENTED_EDGE('',*,*,#1410,.F.) ;
#4170=ORIENTED_EDGE('',*,*,#4162,.F.) ;
#4171=ORIENTED_EDGE('',*,*,#1510,.T.) ;
#4172=ORIENTED_EDGE('',*,*,#4167,.T.) ;
#4176=ORIENTED_EDGE('',*,*,#1451,.F.) ;
#4177=ORIENTED_EDGE('',*,*,#1434,.F.) ;
#4178=ORIENTED_EDGE('',*,*,#4167,.F.) ;
#4179=ORIENTED_EDGE('',*,*,#1542,.T.) ;
#4180=ORIENTED_EDGE('',*,*,#4162,.T.) ;
#4226=ORIENTED_EDGE('',*,*,#4207,.T.) ;
#4227=ORIENTED_EDGE('',*,*,#1574,.T.) ;
#4228=ORIENTED_EDGE('',*,*,#4213,.F.) ;
#4229=ORIENTED_EDGE('',*,*,#4224,.F.) ;
#4287=ORIENTED_EDGE('',*,*,#4268,.T.) ;
#4288=ORIENTED_EDGE('',*,*,#1588,.T.) ;
#4289=ORIENTED_EDGE('',*,*,#4207,.F.) ;
#4290=ORIENTED_EDGE('',*,*,#4285,.F.) ;
#4311=ORIENTED_EDGE('',*,*,#1615,.T.) ;
#4312=ORIENTED_EDGE('',*,*,#4268,.F.) ;
#4313=ORIENTED_EDGE('',*,*,#4304,.F.) ;
#4314=ORIENTED_EDGE('',*,*,#4309,.T.) ;
#4329=ORIENTED_EDGE('',*,*,#4327,.F.) ;
#4330=ORIENTED_EDGE('',*,*,#4213,.T.) ;
#4331=ORIENTED_EDGE('',*,*,#1620,.T.) ;
#4332=ORIENTED_EDGE('',*,*,#4309,.F.) ;
#4363=ORIENTED_EDGE('',*,*,#4346,.T.) ;
#4364=ORIENTED_EDGE('',*,*,#4353,.F.) ;
#4365=ORIENTED_EDGE('',*,*,#4361,.F.) ;
#4366=ORIENTED_EDGE('',*,*,#1663,.T.) ;
#4489=ORIENTED_EDGE('',*,*,#1679,.T.) ;
#4490=ORIENTED_EDGE('',*,*,#4463,.T.) ;
#4491=ORIENTED_EDGE('',*,*,#4476,.F.) ;
#4492=ORIENTED_EDGE('',*,*,#4487,.F.) ;
#4513=ORIENTED_EDGE('',*,*,#1700,.T.) ;
#4514=ORIENTED_EDGE('',*,*,#1684,.T.) ;
#4515=ORIENTED_EDGE('',*,*,#4487,.T.) ;
#4516=ORIENTED_EDGE('',*,*,#4506,.F.) ;
#4517=ORIENTED_EDGE('',*,*,#4511,.F.) ;
#4547=ORIENTED_EDGE('',*,*,#1724,.T.) ;
#4548=ORIENTED_EDGE('',*,*,#4511,.T.) ;
#4549=ORIENTED_EDGE('',*,*,#4537,.F.) ;
#4550=ORIENTED_EDGE('',*,*,#4545,.T.) ;
#4580=ORIENTED_EDGE('',*,*,#4570,.F.) ;
#4581=ORIENTED_EDGE('',*,*,#4578,.F.) ;
#4582=ORIENTED_EDGE('',*,*,#1731,.T.) ;
#4583=ORIENTED_EDGE('',*,*,#4545,.F.) ;
#4604=ORIENTED_EDGE('',*,*,#1756,.T.) ;
#4605=ORIENTED_EDGE('',*,*,#4578,.T.) ;
#4606=ORIENTED_EDGE('',*,*,#4597,.F.) ;
#4607=ORIENTED_EDGE('',*,*,#4602,.F.) ;
#4637=ORIENTED_EDGE('',*,*,#1780,.T.) ;
#4638=ORIENTED_EDGE('',*,*,#4602,.T.) ;
#4639=ORIENTED_EDGE('',*,*,#4627,.F.) ;
#4640=ORIENTED_EDGE('',*,*,#4635,.T.) ;
#4670=ORIENTED_EDGE('',*,*,#4660,.F.) ;
#4671=ORIENTED_EDGE('',*,*,#4668,.F.) ;
#4672=ORIENTED_EDGE('',*,*,#1787,.T.) ;
#4673=ORIENTED_EDGE('',*,*,#4635,.F.) ;
#4694=ORIENTED_EDGE('',*,*,#1812,.T.) ;
#4695=ORIENTED_EDGE('',*,*,#4668,.T.) ;
#4696=ORIENTED_EDGE('',*,*,#4687,.F.) ;
#4697=ORIENTED_EDGE('',*,*,#4692,.F.) ;
#4718=ORIENTED_EDGE('',*,*,#1819,.T.) ;
#4719=ORIENTED_EDGE('',*,*,#4692,.T.) ;
#4720=ORIENTED_EDGE('',*,*,#4711,.F.) ;
#4721=ORIENTED_EDGE('',*,*,#4716,.F.) ;
#4749=ORIENTED_EDGE('',*,*,#1826,.T.) ;
#4750=ORIENTED_EDGE('',*,*,#4735,.T.) ;
#4751=ORIENTED_EDGE('',*,*,#4742,.F.) ;
#4752=ORIENTED_EDGE('',*,*,#4747,.F.) ;
#4842=ORIENTED_EDGE('',*,*,#1842,.T.) ;
#4843=ORIENTED_EDGE('',*,*,#4819,.T.) ;
#4844=ORIENTED_EDGE('',*,*,#4832,.F.) ;
#4845=ORIENTED_EDGE('',*,*,#4840,.F.) ;
#4861=ORIENTED_EDGE('',*,*,#1849,.T.) ;
#4862=ORIENTED_EDGE('',*,*,#4840,.T.) ;
#4863=ORIENTED_EDGE('',*,*,#4854,.F.) ;
#4864=ORIENTED_EDGE('',*,*,#4859,.F.) ;
#4878=ORIENTED_EDGE('',*,*,#1877,.T.) ;
#4879=ORIENTED_EDGE('',*,*,#4859,.T.) ;
#4880=ORIENTED_EDGE('',*,*,#4876,.F.) ;
#4889=ORIENTED_EDGE('',*,*,#4887,.F.) ;
#4890=ORIENTED_EDGE('',*,*,#1884,.T.) ;
#4891=ORIENTED_EDGE('',*,*,#4876,.T.) ;
#4912=ORIENTED_EDGE('',*,*,#1916,.T.) ;
#4913=ORIENTED_EDGE('',*,*,#4887,.T.) ;
#4914=ORIENTED_EDGE('',*,*,#4905,.F.) ;
#4915=ORIENTED_EDGE('',*,*,#4910,.F.) ;
#4995=ORIENTED_EDGE('',*,*,#1935,.T.) ;
#4996=ORIENTED_EDGE('',*,*,#4910,.T.) ;
#4997=ORIENTED_EDGE('',*,*,#4985,.F.) ;
#4998=ORIENTED_EDGE('',*,*,#4993,.F.) ;
#5024=ORIENTED_EDGE('',*,*,#5010,.F.) ;
#5025=ORIENTED_EDGE('',*,*,#1940,.T.) ;
#5026=ORIENTED_EDGE('',*,*,#5017,.T.) ;
#5027=ORIENTED_EDGE('',*,*,#5022,.F.) ;
#5036=ORIENTED_EDGE('',*,*,#5010,.T.) ;
#5037=ORIENTED_EDGE('',*,*,#4346,.F.) ;
#5038=ORIENTED_EDGE('',*,*,#1959,.F.) ;
#5066=ORIENTED_EDGE('',*,*,#5054,.T.) ;
#5067=ORIENTED_EDGE('',*,*,#5059,.T.) ;
#5068=ORIENTED_EDGE('',*,*,#1985,.F.) ;
#5069=ORIENTED_EDGE('',*,*,#5064,.F.) ;
#5092=ORIENTED_EDGE('',*,*,#5085,.T.) ;
#5093=ORIENTED_EDGE('',*,*,#2009,.T.) ;
#5094=ORIENTED_EDGE('',*,*,#5090,.F.) ;
#5127=ORIENTED_EDGE('',*,*,#5085,.F.) ;
#5128=ORIENTED_EDGE('',*,*,#5106,.F.) ;
#5129=ORIENTED_EDGE('',*,*,#5113,.F.) ;
#5130=ORIENTED_EDGE('',*,*,#5120,.F.) ;
#5131=ORIENTED_EDGE('',*,*,#5125,.F.) ;
#5132=ORIENTED_EDGE('',*,*,#2033,.T.) ;
#5146=ORIENTED_EDGE('',*,*,#2057,.F.) ;
#5147=ORIENTED_EDGE('',*,*,#5125,.T.) ;
#5148=ORIENTED_EDGE('',*,*,#5144,.T.) ;
#5179=ORIENTED_EDGE('',*,*,#5162,.F.) ;
#5180=ORIENTED_EDGE('',*,*,#5167,.F.) ;
#5181=ORIENTED_EDGE('',*,*,#2086,.F.) ;
#5182=ORIENTED_EDGE('',*,*,#5172,.F.) ;
#5183=ORIENTED_EDGE('',*,*,#5177,.T.) ;
#5197=ORIENTED_EDGE('',*,*,#2103,.F.) ;
#5198=ORIENTED_EDGE('',*,*,#5167,.T.) ;
#5199=ORIENTED_EDGE('',*,*,#5195,.T.) ;
#5227=ORIENTED_EDGE('',*,*,#2129,.T.) ;
#5228=ORIENTED_EDGE('',*,*,#5213,.T.) ;
#5229=ORIENTED_EDGE('',*,*,#5220,.F.) ;
#5230=ORIENTED_EDGE('',*,*,#5225,.F.) ;
#5253=ORIENTED_EDGE('',*,*,#5246,.F.) ;
#5254=ORIENTED_EDGE('',*,*,#2153,.F.) ;
#5255=ORIENTED_EDGE('',*,*,#5251,.F.) ;
#5288=ORIENTED_EDGE('',*,*,#5246,.T.) ;
#5289=ORIENTED_EDGE('',*,*,#5267,.T.) ;
#5290=ORIENTED_EDGE('',*,*,#5274,.T.) ;
#5291=ORIENTED_EDGE('',*,*,#5281,.F.) ;
#5292=ORIENTED_EDGE('',*,*,#5286,.F.) ;
#5293=ORIENTED_EDGE('',*,*,#2177,.F.) ;
#5307=ORIENTED_EDGE('',*,*,#2201,.F.) ;
#5308=ORIENTED_EDGE('',*,*,#5286,.T.) ;
#5309=ORIENTED_EDGE('',*,*,#5305,.T.) ;
#5340=ORIENTED_EDGE('',*,*,#5323,.T.) ;
#5341=ORIENTED_EDGE('',*,*,#5328,.T.) ;
#5342=ORIENTED_EDGE('',*,*,#2225,.F.) ;
#5343=ORIENTED_EDGE('',*,*,#5333,.F.) ;
#5344=ORIENTED_EDGE('',*,*,#5338,.T.) ;
#5358=ORIENTED_EDGE('',*,*,#2247,.T.) ;
#5359=ORIENTED_EDGE('',*,*,#5328,.F.) ;
#5360=ORIENTED_EDGE('',*,*,#5356,.T.) ;
#5388=ORIENTED_EDGE('',*,*,#5376,.T.) ;
#5389=ORIENTED_EDGE('',*,*,#5381,.T.) ;
#5390=ORIENTED_EDGE('',*,*,#2273,.F.) ;
#5391=ORIENTED_EDGE('',*,*,#5386,.F.) ;
#5414=ORIENTED_EDGE('',*,*,#5407,.T.) ;
#5415=ORIENTED_EDGE('',*,*,#2297,.T.) ;
#5416=ORIENTED_EDGE('',*,*,#5412,.F.) ;
#5437=ORIENTED_EDGE('',*,*,#5407,.F.) ;
#5438=ORIENTED_EDGE('',*,*,#5423,.F.) ;
#5439=ORIENTED_EDGE('',*,*,#5430,.T.) ;
#5440=ORIENTED_EDGE('',*,*,#5435,.T.) ;
#5441=ORIENTED_EDGE('',*,*,#2316,.F.) ;
#5471=ORIENTED_EDGE('',*,*,#2340,.F.) ;
#5472=ORIENTED_EDGE('',*,*,#5435,.F.) ;
#5473=ORIENTED_EDGE('',*,*,#5461,.T.) ;
#5474=ORIENTED_EDGE('',*,*,#5469,.F.) ;
#5504=ORIENTED_EDGE('',*,*,#5494,.T.) ;
#5505=ORIENTED_EDGE('',*,*,#5502,.T.) ;
#5506=ORIENTED_EDGE('',*,*,#2347,.F.) ;
#5507=ORIENTED_EDGE('',*,*,#5469,.T.) ;
#5533=ORIENTED_EDGE('',*,*,#5521,.F.) ;
#5534=ORIENTED_EDGE('',*,*,#5526,.F.) ;
#5535=ORIENTED_EDGE('',*,*,#2367,.F.) ;
#5536=ORIENTED_EDGE('',*,*,#5502,.F.) ;
#5537=ORIENTED_EDGE('',*,*,#5531,.T.) ;
#5551=ORIENTED_EDGE('',*,*,#2389,.F.) ;
#5552=ORIENTED_EDGE('',*,*,#5526,.T.) ;
#5553=ORIENTED_EDGE('',*,*,#5549,.T.) ;
#5581=ORIENTED_EDGE('',*,*,#5569,.T.) ;
#5582=ORIENTED_EDGE('',*,*,#5574,.T.) ;
#5583=ORIENTED_EDGE('',*,*,#2415,.F.) ;
#5584=ORIENTED_EDGE('',*,*,#5579,.F.) ;
#5607=ORIENTED_EDGE('',*,*,#5600,.T.) ;
#5608=ORIENTED_EDGE('',*,*,#2439,.T.) ;
#5609=ORIENTED_EDGE('',*,*,#5605,.F.) ;
#5654=ORIENTED_EDGE('',*,*,#5600,.F.) ;
#5655=ORIENTED_EDGE('',*,*,#5616,.F.) ;
#5656=ORIENTED_EDGE('',*,*,#5623,.F.) ;
#5657=ORIENTED_EDGE('',*,*,#5652,.F.) ;
#5658=ORIENTED_EDGE('',*,*,#2458,.T.) ;
#5684=ORIENTED_EDGE('',*,*,#5672,.F.) ;
#5685=ORIENTED_EDGE('',*,*,#5677,.F.) ;
#5686=ORIENTED_EDGE('',*,*,#2487,.T.) ;
#5687=ORIENTED_EDGE('',*,*,#5652,.T.) ;
#5688=ORIENTED_EDGE('',*,*,#5682,.F.) ;
#5702=ORIENTED_EDGE('',*,*,#2504,.F.) ;
#5703=ORIENTED_EDGE('',*,*,#5677,.T.) ;
#5704=ORIENTED_EDGE('',*,*,#5700,.T.) ;
#5732=ORIENTED_EDGE('',*,*,#2530,.T.) ;
#5733=ORIENTED_EDGE('',*,*,#5718,.T.) ;
#5734=ORIENTED_EDGE('',*,*,#5725,.F.) ;
#5735=ORIENTED_EDGE('',*,*,#5730,.F.) ;
#5758=ORIENTED_EDGE('',*,*,#5751,.F.) ;
#5759=ORIENTED_EDGE('',*,*,#2554,.F.) ;
#5760=ORIENTED_EDGE('',*,*,#5756,.F.) ;
#5788=ORIENTED_EDGE('',*,*,#5751,.T.) ;
#5789=ORIENTED_EDGE('',*,*,#5767,.T.) ;
#5790=ORIENTED_EDGE('',*,*,#5774,.T.) ;
#5791=ORIENTED_EDGE('',*,*,#5781,.F.) ;
#5792=ORIENTED_EDGE('',*,*,#5786,.F.) ;
#5793=ORIENTED_EDGE('',*,*,#2573,.F.) ;
#5883=ORIENTED_EDGE('',*,*,#2589,.T.) ;
#5884=ORIENTED_EDGE('',*,*,#5860,.T.) ;
#5885=ORIENTED_EDGE('',*,*,#5873,.F.) ;
#5886=ORIENTED_EDGE('',*,*,#5881,.F.) ;
#5907=ORIENTED_EDGE('',*,*,#2596,.T.) ;
#5908=ORIENTED_EDGE('',*,*,#5881,.T.) ;
#5909=ORIENTED_EDGE('',*,*,#5900,.F.) ;
#5910=ORIENTED_EDGE('',*,*,#5905,.F.) ;
#5924=ORIENTED_EDGE('',*,*,#2622,.T.) ;
#5925=ORIENTED_EDGE('',*,*,#5905,.T.) ;
#5926=ORIENTED_EDGE('',*,*,#5922,.F.) ;
#5935=ORIENTED_EDGE('',*,*,#5933,.F.) ;
#5936=ORIENTED_EDGE('',*,*,#2629,.T.) ;
#5937=ORIENTED_EDGE('',*,*,#5922,.T.) ;
#5958=ORIENTED_EDGE('',*,*,#2654,.T.) ;
#5959=ORIENTED_EDGE('',*,*,#5933,.T.) ;
#5960=ORIENTED_EDGE('',*,*,#5951,.F.) ;
#5961=ORIENTED_EDGE('',*,*,#5956,.F.) ;
#6041=ORIENTED_EDGE('',*,*,#2673,.T.) ;
#6042=ORIENTED_EDGE('',*,*,#5956,.T.) ;
#6043=ORIENTED_EDGE('',*,*,#6031,.F.) ;
#6044=ORIENTED_EDGE('',*,*,#6039,.F.) ;
#6084=ORIENTED_EDGE('',*,*,#6058,.T.) ;
#6085=ORIENTED_EDGE('',*,*,#6063,.T.) ;
#6086=ORIENTED_EDGE('',*,*,#2680,.F.) ;
#6087=ORIENTED_EDGE('',*,*,#6070,.F.) ;
#6088=ORIENTED_EDGE('',*,*,#6077,.F.) ;
#6089=ORIENTED_EDGE('',*,*,#6082,.T.) ;
#6103=ORIENTED_EDGE('',*,*,#2704,.T.) ;
#6104=ORIENTED_EDGE('',*,*,#6063,.F.) ;
#6105=ORIENTED_EDGE('',*,*,#6101,.T.) ;
#6133=ORIENTED_EDGE('',*,*,#6121,.T.) ;
#6134=ORIENTED_EDGE('',*,*,#6126,.T.) ;
#6135=ORIENTED_EDGE('',*,*,#2730,.F.) ;
#6136=ORIENTED_EDGE('',*,*,#6131,.F.) ;
#6159=ORIENTED_EDGE('',*,*,#6152,.T.) ;
#6160=ORIENTED_EDGE('',*,*,#2754,.T.) ;
#6161=ORIENTED_EDGE('',*,*,#6157,.F.) ;
#6187=ORIENTED_EDGE('',*,*,#6152,.F.) ;
#6188=ORIENTED_EDGE('',*,*,#6173,.F.) ;
#6189=ORIENTED_EDGE('',*,*,#6180,.T.) ;
#6190=ORIENTED_EDGE('',*,*,#6185,.T.) ;
#6191=ORIENTED_EDGE('',*,*,#2778,.F.) ;
#6214=ORIENTED_EDGE('',*,*,#6207,.T.) ;
#6215=ORIENTED_EDGE('',*,*,#2802,.T.) ;
#6216=ORIENTED_EDGE('',*,*,#6212,.F.) ;
#6242=ORIENTED_EDGE('',*,*,#6225,.F.) ;
#6243=ORIENTED_EDGE('',*,*,#6230,.F.) ;
#6244=ORIENTED_EDGE('',*,*,#2821,.F.) ;
#6245=ORIENTED_EDGE('',*,*,#6207,.F.) ;
#6246=ORIENTED_EDGE('',*,*,#6235,.F.) ;
#6247=ORIENTED_EDGE('',*,*,#6240,.T.) ;
#6261=ORIENTED_EDGE('',*,*,#2843,.F.) ;
#6262=ORIENTED_EDGE('',*,*,#6230,.T.) ;
#6263=ORIENTED_EDGE('',*,*,#6259,.T.) ;
#6282=ORIENTED_EDGE('',*,*,#4128,.T.) ;
#6283=ORIENTED_EDGE('',*,*,#4104,.T.) ;
#6284=ORIENTED_EDGE('',*,*,#6275,.F.) ;
#6285=ORIENTED_EDGE('',*,*,#2893,.F.) ;
#6286=ORIENTED_EDGE('',*,*,#2869,.F.) ;
#6287=ORIENTED_EDGE('',*,*,#6280,.T.) ;
#6291=ORIENTED_EDGE('',*,*,#4145,.T.) ;
#6292=ORIENTED_EDGE('',*,*,#6280,.F.) ;
#6293=ORIENTED_EDGE('',*,*,#2910,.F.) ;
#6294=ORIENTED_EDGE('',*,*,#6275,.T.) ;
#6373=ORIENTED_EDGE('',*,*,#6334,.F.) ;
#6374=ORIENTED_EDGE('',*,*,#6356,.T.) ;
#6375=ORIENTED_EDGE('',*,*,#6361,.T.) ;
#6376=ORIENTED_EDGE('',*,*,#4042,.T.) ;
#6377=ORIENTED_EDGE('',*,*,#6366,.F.) ;
#6378=ORIENTED_EDGE('',*,*,#2936,.F.) ;
#6379=ORIENTED_EDGE('',*,*,#6371,.T.) ;
#6434=ORIENTED_EDGE('',*,*,#6412,.F.) ;
#6435=ORIENTED_EDGE('',*,*,#6432,.T.) ;
#6436=ORIENTED_EDGE('',*,*,#6371,.F.) ;
#6437=ORIENTED_EDGE('',*,*,#2977,.F.) ;
#6438=ORIENTED_EDGE('',*,*,#2960,.F.) ;
#6439=ORIENTED_EDGE('',*,*,#6366,.T.) ;
#6440=ORIENTED_EDGE('',*,*,#4078,.T.) ;
#6441=ORIENTED_EDGE('',*,*,#4056,.T.) ;
#6442=ORIENTED_EDGE('',*,*,#6361,.F.) ;
#6481=ORIENTED_EDGE('',*,*,#6465,.T.) ;
#6482=ORIENTED_EDGE('',*,*,#6479,.F.) ;
#6483=ORIENTED_EDGE('',*,*,#2998,.F.) ;
#6504=ORIENTED_EDGE('',*,*,#6479,.T.) ;
#6505=ORIENTED_EDGE('',*,*,#6497,.T.) ;
#6506=ORIENTED_EDGE('',*,*,#6502,.T.) ;
#6507=ORIENTED_EDGE('',*,*,#3017,.F.) ;
#6587=ORIENTED_EDGE('',*,*,#6577,.T.) ;
#6588=ORIENTED_EDGE('',*,*,#6585,.T.) ;
#6589=ORIENTED_EDGE('',*,*,#3033,.F.) ;
#6590=ORIENTED_EDGE('',*,*,#6502,.F.) ;
#6632=ORIENTED_EDGE('',*,*,#6606,.F.) ;
#6633=ORIENTED_EDGE('',*,*,#6611,.F.) ;
#6634=ORIENTED_EDGE('',*,*,#3040,.T.) ;
#6635=ORIENTED_EDGE('',*,*,#6618,.T.) ;
#6636=ORIENTED_EDGE('',*,*,#6625,.T.) ;
#6637=ORIENTED_EDGE('',*,*,#6630,.F.) ;
#6651=ORIENTED_EDGE('',*,*,#3061,.F.) ;
#6652=ORIENTED_EDGE('',*,*,#6611,.T.) ;
#6653=ORIENTED_EDGE('',*,*,#6649,.T.) ;
#6679=ORIENTED_EDGE('',*,*,#6667,.T.) ;
#6680=ORIENTED_EDGE('',*,*,#6672,.T.) ;
#6681=ORIENTED_EDGE('',*,*,#3080,.F.) ;
#6682=ORIENTED_EDGE('',*,*,#6677,.F.) ;
#6705=ORIENTED_EDGE('',*,*,#6698,.T.) ;
#6706=ORIENTED_EDGE('',*,*,#3099,.T.) ;
#6707=ORIENTED_EDGE('',*,*,#6703,.F.) ;
#6740=ORIENTED_EDGE('',*,*,#6698,.F.) ;
#6741=ORIENTED_EDGE('',*,*,#6719,.F.) ;
#6742=ORIENTED_EDGE('',*,*,#6726,.F.) ;
#6743=ORIENTED_EDGE('',*,*,#6733,.T.) ;
#6744=ORIENTED_EDGE('',*,*,#6738,.T.) ;
#6745=ORIENTED_EDGE('',*,*,#3118,.T.) ;
#6835=ORIENTED_EDGE('',*,*,#6817,.T.) ;
#6836=ORIENTED_EDGE('',*,*,#6825,.T.) ;
#6837=ORIENTED_EDGE('',*,*,#3134,.F.) ;
#6838=ORIENTED_EDGE('',*,*,#6833,.F.) ;
#6852=ORIENTED_EDGE('',*,*,#6465,.F.) ;
#6853=ORIENTED_EDGE('',*,*,#3139,.F.) ;
#6854=ORIENTED_EDGE('',*,*,#6825,.F.) ;
#6855=ORIENTED_EDGE('',*,*,#6850,.T.) ;
#6900=ORIENTED_EDGE('',*,*,#6881,.T.) ;
#6901=ORIENTED_EDGE('',*,*,#3162,.T.) ;
#6902=ORIENTED_EDGE('',*,*,#6898,.F.) ;
#6923=ORIENTED_EDGE('',*,*,#6881,.F.) ;
#6924=ORIENTED_EDGE('',*,*,#6916,.F.) ;
#6925=ORIENTED_EDGE('',*,*,#6921,.T.) ;
#6926=ORIENTED_EDGE('',*,*,#3181,.T.) ;
#7016=ORIENTED_EDGE('',*,*,#6998,.T.) ;
#7017=ORIENTED_EDGE('',*,*,#7006,.T.) ;
#7018=ORIENTED_EDGE('',*,*,#3200,.F.) ;
#7019=ORIENTED_EDGE('',*,*,#7014,.F.) ;
#7040=ORIENTED_EDGE('',*,*,#7033,.T.) ;
#7041=ORIENTED_EDGE('',*,*,#7038,.T.) ;
#7042=ORIENTED_EDGE('',*,*,#3207,.F.) ;
#7043=ORIENTED_EDGE('',*,*,#7006,.F.) ;
#7057=ORIENTED_EDGE('',*,*,#3228,.F.) ;
#7058=ORIENTED_EDGE('',*,*,#7038,.F.) ;
#7059=ORIENTED_EDGE('',*,*,#7055,.F.) ;
#7068=ORIENTED_EDGE('',*,*,#7066,.T.) ;
#7069=ORIENTED_EDGE('',*,*,#3235,.F.) ;
#7070=ORIENTED_EDGE('',*,*,#7055,.T.) ;
#7098=ORIENTED_EDGE('',*,*,#7086,.T.) ;
#7099=ORIENTED_EDGE('',*,*,#7091,.T.) ;
#7100=ORIENTED_EDGE('',*,*,#3257,.F.) ;
#7101=ORIENTED_EDGE('',*,*,#7096,.F.) ;
#7122=ORIENTED_EDGE('',*,*,#7115,.T.) ;
#7123=ORIENTED_EDGE('',*,*,#7120,.T.) ;
#7124=ORIENTED_EDGE('',*,*,#3264,.F.) ;
#7125=ORIENTED_EDGE('',*,*,#7091,.F.) ;
#7141=ORIENTED_EDGE('',*,*,#7134,.T.) ;
#7142=ORIENTED_EDGE('',*,*,#7139,.T.) ;
#7143=ORIENTED_EDGE('',*,*,#3276,.F.) ;
#7144=ORIENTED_EDGE('',*,*,#7066,.F.) ;
#7224=ORIENTED_EDGE('',*,*,#7214,.T.) ;
#7225=ORIENTED_EDGE('',*,*,#7222,.T.) ;
#7226=ORIENTED_EDGE('',*,*,#3292,.F.) ;
#7227=ORIENTED_EDGE('',*,*,#7139,.F.) ;
#7255=ORIENTED_EDGE('',*,*,#7241,.T.) ;
#7256=ORIENTED_EDGE('',*,*,#7248,.F.) ;
#7257=ORIENTED_EDGE('',*,*,#7253,.F.) ;
#7258=ORIENTED_EDGE('',*,*,#3297,.T.) ;
#7288=ORIENTED_EDGE('',*,*,#3315,.F.) ;
#7289=ORIENTED_EDGE('',*,*,#7120,.F.) ;
#7290=ORIENTED_EDGE('',*,*,#7278,.T.) ;
#7291=ORIENTED_EDGE('',*,*,#7286,.F.) ;
#7321=ORIENTED_EDGE('',*,*,#7311,.T.) ;
#7322=ORIENTED_EDGE('',*,*,#7319,.T.) ;
#7323=ORIENTED_EDGE('',*,*,#3322,.F.) ;
#7324=ORIENTED_EDGE('',*,*,#7286,.T.) ;
#7345=ORIENTED_EDGE('',*,*,#7338,.T.) ;
#7346=ORIENTED_EDGE('',*,*,#7343,.T.) ;
#7347=ORIENTED_EDGE('',*,*,#3342,.F.) ;
#7348=ORIENTED_EDGE('',*,*,#7319,.F.) ;
#7378=ORIENTED_EDGE('',*,*,#3361,.F.) ;
#7379=ORIENTED_EDGE('',*,*,#7343,.F.) ;
#7380=ORIENTED_EDGE('',*,*,#7368,.T.) ;
#7381=ORIENTED_EDGE('',*,*,#7376,.F.) ;
#7411=ORIENTED_EDGE('',*,*,#7401,.T.) ;
#7412=ORIENTED_EDGE('',*,*,#7409,.T.) ;
#7413=ORIENTED_EDGE('',*,*,#3368,.F.) ;
#7414=ORIENTED_EDGE('',*,*,#7376,.T.) ;
#7435=ORIENTED_EDGE('',*,*,#7428,.T.) ;
#7436=ORIENTED_EDGE('',*,*,#7433,.T.) ;
#7437=ORIENTED_EDGE('',*,*,#3408,.F.) ;
#7438=ORIENTED_EDGE('',*,*,#3393,.F.) ;
#7439=ORIENTED_EDGE('',*,*,#7409,.F.) ;
#7549=ORIENTED_EDGE('',*,*,#7536,.T.) ;
#7550=ORIENTED_EDGE('',*,*,#7547,.F.) ;
#7551=ORIENTED_EDGE('',*,*,#3421,.F.) ;
#7552=ORIENTED_EDGE('',*,*,#7433,.F.) ;
#7573=ORIENTED_EDGE('',*,*,#6898,.T.) ;
#7574=ORIENTED_EDGE('',*,*,#3426,.F.) ;
#7575=ORIENTED_EDGE('',*,*,#7566,.F.) ;
#7576=ORIENTED_EDGE('',*,*,#7571,.T.) ;
#7599=ORIENTED_EDGE('',*,*,#7592,.F.) ;
#7600=ORIENTED_EDGE('',*,*,#3449,.F.) ;
#7601=ORIENTED_EDGE('',*,*,#7597,.F.) ;
#7629=ORIENTED_EDGE('',*,*,#7592,.T.) ;
#7630=ORIENTED_EDGE('',*,*,#7615,.T.) ;
#7631=ORIENTED_EDGE('',*,*,#7622,.F.) ;
#7632=ORIENTED_EDGE('',*,*,#7627,.F.) ;
#7633=ORIENTED_EDGE('',*,*,#3468,.T.) ;
#7656=ORIENTED_EDGE('',*,*,#7649,.F.) ;
#7657=ORIENTED_EDGE('',*,*,#3487,.F.) ;
#7658=ORIENTED_EDGE('',*,*,#7654,.F.) ;
#7691=ORIENTED_EDGE('',*,*,#7674,.T.) ;
#7692=ORIENTED_EDGE('',*,*,#7679,.T.) ;
#7693=ORIENTED_EDGE('',*,*,#3511,.F.) ;
#7694=ORIENTED_EDGE('',*,*,#7649,.T.) ;
#7695=ORIENTED_EDGE('',*,*,#7684,.T.) ;
#7696=ORIENTED_EDGE('',*,*,#7689,.T.) ;
#7710=ORIENTED_EDGE('',*,*,#3525,.T.) ;
#7711=ORIENTED_EDGE('',*,*,#7679,.F.) ;
#7712=ORIENTED_EDGE('',*,*,#7708,.T.) ;
#7731=ORIENTED_EDGE('',*,*,#3542,.T.) ;
#7732=ORIENTED_EDGE('',*,*,#7719,.T.) ;
#7733=ORIENTED_EDGE('',*,*,#7724,.F.) ;
#7734=ORIENTED_EDGE('',*,*,#7729,.F.) ;
#7757=ORIENTED_EDGE('',*,*,#7750,.T.) ;
#7758=ORIENTED_EDGE('',*,*,#3563,.T.) ;
#7759=ORIENTED_EDGE('',*,*,#7755,.F.) ;
#7787=ORIENTED_EDGE('',*,*,#7750,.F.) ;
#7788=ORIENTED_EDGE('',*,*,#7773,.F.) ;
#7789=ORIENTED_EDGE('',*,*,#7780,.F.) ;
#7790=ORIENTED_EDGE('',*,*,#7785,.F.) ;
#7791=ORIENTED_EDGE('',*,*,#3582,.T.) ;
#7814=ORIENTED_EDGE('',*,*,#7807,.F.) ;
#7815=ORIENTED_EDGE('',*,*,#3601,.F.) ;
#7816=ORIENTED_EDGE('',*,*,#7812,.F.) ;
#7849=ORIENTED_EDGE('',*,*,#7832,.F.) ;
#7850=ORIENTED_EDGE('',*,*,#7837,.F.) ;
#7851=ORIENTED_EDGE('',*,*,#3620,.T.) ;
#7852=ORIENTED_EDGE('',*,*,#7807,.T.) ;
#7853=ORIENTED_EDGE('',*,*,#7842,.T.) ;
#7854=ORIENTED_EDGE('',*,*,#7847,.F.) ;
#7868=ORIENTED_EDGE('',*,*,#3639,.F.) ;
#7869=ORIENTED_EDGE('',*,*,#7837,.T.) ;
#7870=ORIENTED_EDGE('',*,*,#7866,.T.) ;
#7894=ORIENTED_EDGE('',*,*,#7882,.T.) ;
#7895=ORIENTED_EDGE('',*,*,#7887,.T.) ;
#7896=ORIENTED_EDGE('',*,*,#3656,.F.) ;
#7897=ORIENTED_EDGE('',*,*,#7892,.F.) ;
#7925=ORIENTED_EDGE('',*,*,#3677,.T.) ;
#7926=ORIENTED_EDGE('',*,*,#7911,.T.) ;
#7927=ORIENTED_EDGE('',*,*,#7918,.F.) ;
#7928=ORIENTED_EDGE('',*,*,#7923,.F.) ;
#7951=ORIENTED_EDGE('',*,*,#7944,.F.) ;
#7952=ORIENTED_EDGE('',*,*,#3696,.F.) ;
#7953=ORIENTED_EDGE('',*,*,#7949,.F.) ;
#7979=ORIENTED_EDGE('',*,*,#7944,.T.) ;
#7980=ORIENTED_EDGE('',*,*,#7965,.T.) ;
#7981=ORIENTED_EDGE('',*,*,#7972,.F.) ;
#7982=ORIENTED_EDGE('',*,*,#7977,.F.) ;
#7983=ORIENTED_EDGE('',*,*,#3715,.T.) ;
#8013=ORIENTED_EDGE('',*,*,#3734,.T.) ;
#8014=ORIENTED_EDGE('',*,*,#7977,.T.) ;
#8015=ORIENTED_EDGE('',*,*,#8003,.F.) ;
#8016=ORIENTED_EDGE('',*,*,#8011,.T.) ;
#8046=ORIENTED_EDGE('',*,*,#8036,.F.) ;
#8047=ORIENTED_EDGE('',*,*,#8044,.F.) ;
#8048=ORIENTED_EDGE('',*,*,#3741,.T.) ;
#8049=ORIENTED_EDGE('',*,*,#8011,.F.) ;
#8070=ORIENTED_EDGE('',*,*,#8058,.T.) ;
#8071=ORIENTED_EDGE('',*,*,#8063,.T.) ;
#8072=ORIENTED_EDGE('',*,*,#3761,.T.) ;
#8073=ORIENTED_EDGE('',*,*,#8044,.T.) ;
#8074=ORIENTED_EDGE('',*,*,#8068,.F.) ;
#8088=ORIENTED_EDGE('',*,*,#3778,.T.) ;
#8089=ORIENTED_EDGE('',*,*,#8063,.F.) ;
#8090=ORIENTED_EDGE('',*,*,#8086,.T.) ;
#8113=ORIENTED_EDGE('',*,*,#8106,.F.) ;
#8114=ORIENTED_EDGE('',*,*,#3799,.F.) ;
#8115=ORIENTED_EDGE('',*,*,#8111,.F.) ;
#8143=ORIENTED_EDGE('',*,*,#8106,.T.) ;
#8144=ORIENTED_EDGE('',*,*,#8129,.T.) ;
#8145=ORIENTED_EDGE('',*,*,#8136,.F.) ;
#8146=ORIENTED_EDGE('',*,*,#8141,.F.) ;
#8147=ORIENTED_EDGE('',*,*,#3818,.T.) ;
#8170=ORIENTED_EDGE('',*,*,#8163,.F.) ;
#8171=ORIENTED_EDGE('',*,*,#3837,.F.) ;
#8172=ORIENTED_EDGE('',*,*,#8168,.F.) ;
#8205=ORIENTED_EDGE('',*,*,#8188,.T.) ;
#8206=ORIENTED_EDGE('',*,*,#8193,.T.) ;
#8207=ORIENTED_EDGE('',*,*,#3861,.F.) ;
#8208=ORIENTED_EDGE('',*,*,#8163,.T.) ;
#8209=ORIENTED_EDGE('',*,*,#8198,.T.) ;
#8210=ORIENTED_EDGE('',*,*,#8203,.T.) ;
#8224=ORIENTED_EDGE('',*,*,#3880,.T.) ;
#8225=ORIENTED_EDGE('',*,*,#8193,.F.) ;
#8226=ORIENTED_EDGE('',*,*,#8222,.T.) ;
#8245=ORIENTED_EDGE('',*,*,#3897,.T.) ;
#8246=ORIENTED_EDGE('',*,*,#8233,.T.) ;
#8247=ORIENTED_EDGE('',*,*,#8238,.F.) ;
#8248=ORIENTED_EDGE('',*,*,#8243,.F.) ;
#8271=ORIENTED_EDGE('',*,*,#8264,.F.) ;
#8272=ORIENTED_EDGE('',*,*,#3918,.F.) ;
#8273=ORIENTED_EDGE('',*,*,#8269,.F.) ;
#8303=ORIENTED_EDGE('',*,*,#8264,.T.) ;
#8304=ORIENTED_EDGE('',*,*,#8282,.T.) ;
#8305=ORIENTED_EDGE('',*,*,#8289,.F.) ;
#8306=ORIENTED_EDGE('',*,*,#8296,.T.) ;
#8307=ORIENTED_EDGE('',*,*,#8301,.T.) ;
#8308=ORIENTED_EDGE('',*,*,#3937,.T.) ;
#8322=ORIENTED_EDGE('',*,*,#3956,.T.) ;
#8323=ORIENTED_EDGE('',*,*,#8301,.F.) ;
#8324=ORIENTED_EDGE('',*,*,#8320,.T.) ;
#8357=ORIENTED_EDGE('',*,*,#8340,.T.) ;
#8358=ORIENTED_EDGE('',*,*,#8345,.T.) ;
#8359=ORIENTED_EDGE('',*,*,#3975,.T.) ;
#8360=ORIENTED_EDGE('',*,*,#8350,.T.) ;
#8361=ORIENTED_EDGE('',*,*,#8355,.F.) ;
#8375=ORIENTED_EDGE('',*,*,#3994,.T.) ;
#8376=ORIENTED_EDGE('',*,*,#8345,.F.) ;
#8377=ORIENTED_EDGE('',*,*,#8373,.T.) ;
#8401=ORIENTED_EDGE('',*,*,#4011,.T.) ;
#8402=ORIENTED_EDGE('',*,*,#8389,.T.) ;
#8403=ORIENTED_EDGE('',*,*,#8394,.F.) ;
#8404=ORIENTED_EDGE('',*,*,#8399,.F.) ;
#8423=ORIENTED_EDGE('',*,*,#4224,.T.) ;
#8424=ORIENTED_EDGE('',*,*,#4327,.T.) ;
#8425=ORIENTED_EDGE('',*,*,#8416,.F.) ;
#8426=ORIENTED_EDGE('',*,*,#6412,.T.) ;
#8427=ORIENTED_EDGE('',*,*,#6356,.F.) ;
#8428=ORIENTED_EDGE('',*,*,#8421,.T.) ;
#8432=ORIENTED_EDGE('',*,*,#4304,.T.) ;
#8433=ORIENTED_EDGE('',*,*,#4285,.T.) ;
#8434=ORIENTED_EDGE('',*,*,#8421,.F.) ;
#8435=ORIENTED_EDGE('',*,*,#6334,.T.) ;
#8436=ORIENTED_EDGE('',*,*,#6432,.F.) ;
#8437=ORIENTED_EDGE('',*,*,#8416,.T.) ;
#8456=ORIENTED_EDGE('',*,*,#4742,.T.) ;
#8457=ORIENTED_EDGE('',*,*,#8449,.F.) ;
#8458=ORIENTED_EDGE('',*,*,#4353,.T.) ;
#8459=ORIENTED_EDGE('',*,*,#5022,.T.) ;
#8460=ORIENTED_EDGE('',*,*,#8454,.F.) ;
#8483=ORIENTED_EDGE('',*,*,#4361,.T.) ;
#8484=ORIENTED_EDGE('',*,*,#8476,.F.) ;
#8485=ORIENTED_EDGE('',*,*,#8481,.T.) ;
#8496=ORIENTED_EDGE('',*,*,#8494,.F.) ;
#8497=ORIENTED_EDGE('',*,*,#4463,.F.) ;
#8498=ORIENTED_EDGE('',*,*,#8481,.F.) ;
#8517=ORIENTED_EDGE('',*,*,#4711,.T.) ;
#8518=ORIENTED_EDGE('',*,*,#8510,.T.) ;
#8519=ORIENTED_EDGE('',*,*,#4476,.T.) ;
#8520=ORIENTED_EDGE('',*,*,#8515,.F.) ;
#8529=ORIENTED_EDGE('',*,*,#4687,.T.) ;
#8530=ORIENTED_EDGE('',*,*,#4660,.T.) ;
#8531=ORIENTED_EDGE('',*,*,#4627,.T.) ;
#8532=ORIENTED_EDGE('',*,*,#4597,.T.) ;
#8533=ORIENTED_EDGE('',*,*,#4570,.T.) ;
#8534=ORIENTED_EDGE('',*,*,#4537,.T.) ;
#8535=ORIENTED_EDGE('',*,*,#4506,.T.) ;
#8536=ORIENTED_EDGE('',*,*,#8510,.F.) ;
#8557=ORIENTED_EDGE('',*,*,#4716,.T.) ;
#8558=ORIENTED_EDGE('',*,*,#8550,.F.) ;
#8559=ORIENTED_EDGE('',*,*,#8555,.T.) ;
#8568=ORIENTED_EDGE('',*,*,#8566,.F.) ;
#8569=ORIENTED_EDGE('',*,*,#4735,.F.) ;
#8570=ORIENTED_EDGE('',*,*,#8555,.F.) ;
#8592=ORIENTED_EDGE('',*,*,#4747,.T.) ;
#8593=ORIENTED_EDGE('',*,*,#8585,.F.) ;
#8594=ORIENTED_EDGE('',*,*,#8590,.T.) ;
#8605=ORIENTED_EDGE('',*,*,#8603,.F.) ;
#8606=ORIENTED_EDGE('',*,*,#4819,.F.) ;
#8607=ORIENTED_EDGE('',*,*,#8590,.F.) ;
#8626=ORIENTED_EDGE('',*,*,#4985,.T.) ;
#8627=ORIENTED_EDGE('',*,*,#8619,.T.) ;
#8628=ORIENTED_EDGE('',*,*,#4832,.T.) ;
#8629=ORIENTED_EDGE('',*,*,#8624,.T.) ;
#8633=ORIENTED_EDGE('',*,*,#4905,.T.) ;
#8634=ORIENTED_EDGE('',*,*,#4854,.T.) ;
#8635=ORIENTED_EDGE('',*,*,#8619,.F.) ;
#8657=ORIENTED_EDGE('',*,*,#4993,.T.) ;
#8658=ORIENTED_EDGE('',*,*,#8650,.F.) ;
#8659=ORIENTED_EDGE('',*,*,#8655,.T.) ;
#8671=ORIENTED_EDGE('',*,*,#8669,.F.) ;
#8672=ORIENTED_EDGE('',*,*,#5017,.F.) ;
#8673=ORIENTED_EDGE('',*,*,#8655,.F.) ;
#8677=ORIENTED_EDGE('',*,*,#5177,.F.) ;
#8678=ORIENTED_EDGE('',*,*,#5113,.T.) ;
#8679=ORIENTED_EDGE('',*,*,#5054,.F.) ;
#8683=ORIENTED_EDGE('',*,*,#5059,.F.) ;
#8684=ORIENTED_EDGE('',*,*,#5106,.T.) ;
#8685=ORIENTED_EDGE('',*,*,#5090,.T.) ;
#8689=ORIENTED_EDGE('',*,*,#5162,.T.) ;
#8690=ORIENTED_EDGE('',*,*,#5064,.T.) ;
#8691=ORIENTED_EDGE('',*,*,#5195,.F.) ;
#8695=ORIENTED_EDGE('',*,*,#5120,.T.) ;
#8696=ORIENTED_EDGE('',*,*,#5172,.T.) ;
#8697=ORIENTED_EDGE('',*,*,#5144,.F.) ;
#8701=ORIENTED_EDGE('',*,*,#5323,.F.) ;
#8702=ORIENTED_EDGE('',*,*,#5213,.F.) ;
#8703=ORIENTED_EDGE('',*,*,#5356,.F.) ;
#8707=ORIENTED_EDGE('',*,*,#5338,.F.) ;
#8708=ORIENTED_EDGE('',*,*,#5274,.F.) ;
#8709=ORIENTED_EDGE('',*,*,#5220,.T.) ;
#8713=ORIENTED_EDGE('',*,*,#5225,.T.) ;
#8714=ORIENTED_EDGE('',*,*,#5267,.F.) ;
#8715=ORIENTED_EDGE('',*,*,#5251,.T.) ;
#8719=ORIENTED_EDGE('',*,*,#5281,.T.) ;
#8720=ORIENTED_EDGE('',*,*,#5333,.T.) ;
#8721=ORIENTED_EDGE('',*,*,#5305,.F.) ;
#8725=ORIENTED_EDGE('',*,*,#5531,.F.) ;
#8726=ORIENTED_EDGE('',*,*,#5494,.F.) ;
#8727=ORIENTED_EDGE('',*,*,#5461,.F.) ;
#8728=ORIENTED_EDGE('',*,*,#5430,.F.) ;
#8729=ORIENTED_EDGE('',*,*,#5376,.F.) ;
#8733=ORIENTED_EDGE('',*,*,#5381,.F.) ;
#8734=ORIENTED_EDGE('',*,*,#5423,.T.) ;
#8735=ORIENTED_EDGE('',*,*,#5412,.T.) ;
#8739=ORIENTED_EDGE('',*,*,#5521,.T.) ;
#8740=ORIENTED_EDGE('',*,*,#5386,.T.) ;
#8741=ORIENTED_EDGE('',*,*,#5549,.F.) ;
#8745=ORIENTED_EDGE('',*,*,#5682,.T.) ;
#8746=ORIENTED_EDGE('',*,*,#5623,.T.) ;
#8747=ORIENTED_EDGE('',*,*,#5569,.F.) ;
#8751=ORIENTED_EDGE('',*,*,#5574,.F.) ;
#8752=ORIENTED_EDGE('',*,*,#5616,.T.) ;
#8753=ORIENTED_EDGE('',*,*,#5605,.T.) ;
#8757=ORIENTED_EDGE('',*,*,#5672,.T.) ;
#8758=ORIENTED_EDGE('',*,*,#5579,.T.) ;
#8759=ORIENTED_EDGE('',*,*,#5700,.F.) ;
#8763=ORIENTED_EDGE('',*,*,#6058,.F.) ;
#8764=ORIENTED_EDGE('',*,*,#5718,.F.) ;
#8765=ORIENTED_EDGE('',*,*,#6101,.F.) ;
#8774=ORIENTED_EDGE('',*,*,#6082,.F.) ;
#8775=ORIENTED_EDGE('',*,*,#8772,.F.) ;
#8776=ORIENTED_EDGE('',*,*,#5774,.F.) ;
#8777=ORIENTED_EDGE('',*,*,#5725,.T.) ;
#8781=ORIENTED_EDGE('',*,*,#5730,.T.) ;
#8782=ORIENTED_EDGE('',*,*,#5767,.F.) ;
#8783=ORIENTED_EDGE('',*,*,#5756,.T.) ;
#8802=ORIENTED_EDGE('',*,*,#5781,.T.) ;
#8803=ORIENTED_EDGE('',*,*,#8795,.T.) ;
#8804=ORIENTED_EDGE('',*,*,#8800,.F.) ;
#8808=ORIENTED_EDGE('',*,*,#5860,.F.) ;
#8809=ORIENTED_EDGE('',*,*,#5786,.T.) ;
#8810=ORIENTED_EDGE('',*,*,#8800,.T.) ;
#8829=ORIENTED_EDGE('',*,*,#6031,.T.) ;
#8830=ORIENTED_EDGE('',*,*,#8822,.T.) ;
#8831=ORIENTED_EDGE('',*,*,#5873,.T.) ;
#8832=ORIENTED_EDGE('',*,*,#8827,.T.) ;
#8836=ORIENTED_EDGE('',*,*,#5951,.T.) ;
#8837=ORIENTED_EDGE('',*,*,#5900,.T.) ;
#8838=ORIENTED_EDGE('',*,*,#8822,.F.) ;
#8852=ORIENTED_EDGE('',*,*,#6070,.T.) ;
#8853=ORIENTED_EDGE('',*,*,#6039,.T.) ;
#8854=ORIENTED_EDGE('',*,*,#8850,.F.) ;
#8866=ORIENTED_EDGE('',*,*,#8864,.F.) ;
#8867=ORIENTED_EDGE('',*,*,#6077,.T.) ;
#8868=ORIENTED_EDGE('',*,*,#8850,.T.) ;
#8872=ORIENTED_EDGE('',*,*,#6240,.F.) ;
#8873=ORIENTED_EDGE('',*,*,#6180,.F.) ;
#8874=ORIENTED_EDGE('',*,*,#6121,.F.) ;
#8878=ORIENTED_EDGE('',*,*,#6126,.F.) ;
#8879=ORIENTED_EDGE('',*,*,#6173,.T.) ;
#8880=ORIENTED_EDGE('',*,*,#6157,.T.) ;
#8884=ORIENTED_EDGE('',*,*,#6225,.T.) ;
#8885=ORIENTED_EDGE('',*,*,#6131,.T.) ;
#8886=ORIENTED_EDGE('',*,*,#6259,.F.) ;
#8890=ORIENTED_EDGE('',*,*,#6185,.F.) ;
#8891=ORIENTED_EDGE('',*,*,#6235,.T.) ;
#8892=ORIENTED_EDGE('',*,*,#6212,.T.) ;
#8906=ORIENTED_EDGE('',*,*,#8904,.T.) ;
#8907=ORIENTED_EDGE('',*,*,#6497,.F.) ;
#8908=ORIENTED_EDGE('',*,*,#6850,.F.) ;
#8929=ORIENTED_EDGE('',*,*,#6817,.F.) ;
#8930=ORIENTED_EDGE('',*,*,#8922,.F.) ;
#8931=ORIENTED_EDGE('',*,*,#8927,.F.) ;
#8932=ORIENTED_EDGE('',*,*,#6577,.F.) ;
#8933=ORIENTED_EDGE('',*,*,#8904,.F.) ;
#8947=ORIENTED_EDGE('',*,*,#6618,.F.) ;
#8948=ORIENTED_EDGE('',*,*,#6585,.F.) ;
#8949=ORIENTED_EDGE('',*,*,#8945,.F.) ;
#8953=ORIENTED_EDGE('',*,*,#6606,.T.) ;
#8954=ORIENTED_EDGE('',*,*,#6677,.T.) ;
#8955=ORIENTED_EDGE('',*,*,#6649,.F.) ;
#8964=ORIENTED_EDGE('',*,*,#8962,.T.) ;
#8965=ORIENTED_EDGE('',*,*,#6625,.F.) ;
#8966=ORIENTED_EDGE('',*,*,#8945,.T.) ;
#8980=ORIENTED_EDGE('',*,*,#6667,.F.) ;
#8981=ORIENTED_EDGE('',*,*,#6630,.T.) ;
#8982=ORIENTED_EDGE('',*,*,#8978,.T.) ;
#8983=ORIENTED_EDGE('',*,*,#6726,.T.) ;
#8987=ORIENTED_EDGE('',*,*,#6672,.F.) ;
#8988=ORIENTED_EDGE('',*,*,#6719,.T.) ;
#8989=ORIENTED_EDGE('',*,*,#6703,.T.) ;
#9011=ORIENTED_EDGE('',*,*,#6733,.F.) ;
#9012=ORIENTED_EDGE('',*,*,#9004,.F.) ;
#9013=ORIENTED_EDGE('',*,*,#9009,.F.) ;
#9017=ORIENTED_EDGE('',*,*,#6833,.T.) ;
#9018=ORIENTED_EDGE('',*,*,#6738,.F.) ;
#9019=ORIENTED_EDGE('',*,*,#9009,.T.) ;
#9033=ORIENTED_EDGE('',*,*,#7248,.T.) ;
#9034=ORIENTED_EDGE('',*,*,#9026,.T.) ;
#9035=ORIENTED_EDGE('',*,*,#6916,.T.) ;
#9036=ORIENTED_EDGE('',*,*,#7571,.F.) ;
#9037=ORIENTED_EDGE('',*,*,#9031,.T.) ;
#9054=ORIENTED_EDGE('',*,*,#9052,.T.) ;
#9055=ORIENTED_EDGE('',*,*,#7014,.T.) ;
#9056=ORIENTED_EDGE('',*,*,#6921,.F.) ;
#9075=ORIENTED_EDGE('',*,*,#6998,.F.) ;
#9076=ORIENTED_EDGE('',*,*,#9068,.T.) ;
#9077=ORIENTED_EDGE('',*,*,#7214,.F.) ;
#9078=ORIENTED_EDGE('',*,*,#9073,.F.) ;
#9082=ORIENTED_EDGE('',*,*,#9073,.T.) ;
#9083=ORIENTED_EDGE('',*,*,#7134,.F.) ;
#9084=ORIENTED_EDGE('',*,*,#7033,.F.) ;
#9112=ORIENTED_EDGE('',*,*,#7086,.F.) ;
#9113=ORIENTED_EDGE('',*,*,#9098,.T.) ;
#9114=ORIENTED_EDGE('',*,*,#9105,.F.) ;
#9115=ORIENTED_EDGE('',*,*,#9110,.F.) ;
#9136=ORIENTED_EDGE('',*,*,#9129,.F.) ;
#9137=ORIENTED_EDGE('',*,*,#7096,.T.) ;
#9138=ORIENTED_EDGE('',*,*,#9134,.F.) ;
#9147=ORIENTED_EDGE('',*,*,#9110,.T.) ;
#9148=ORIENTED_EDGE('',*,*,#9145,.T.) ;
#9149=ORIENTED_EDGE('',*,*,#7428,.F.) ;
#9150=ORIENTED_EDGE('',*,*,#7401,.F.) ;
#9151=ORIENTED_EDGE('',*,*,#7368,.F.) ;
#9152=ORIENTED_EDGE('',*,*,#7338,.F.) ;
#9153=ORIENTED_EDGE('',*,*,#7311,.F.) ;
#9154=ORIENTED_EDGE('',*,*,#7278,.F.) ;
#9155=ORIENTED_EDGE('',*,*,#7115,.F.) ;
#9193=ORIENTED_EDGE('',*,*,#9191,.T.) ;
#9194=ORIENTED_EDGE('',*,*,#7241,.F.) ;
#9195=ORIENTED_EDGE('',*,*,#7222,.F.) ;
#9204=ORIENTED_EDGE('',*,*,#7253,.T.) ;
#9205=ORIENTED_EDGE('',*,*,#9202,.F.) ;
#9206=ORIENTED_EDGE('',*,*,#9134,.T.) ;
#9220=ORIENTED_EDGE('',*,*,#9145,.F.) ;
#9221=ORIENTED_EDGE('',*,*,#9105,.T.) ;
#9222=ORIENTED_EDGE('',*,*,#9218,.T.) ;
#9223=ORIENTED_EDGE('',*,*,#7536,.F.) ;
#9245=ORIENTED_EDGE('',*,*,#7547,.T.) ;
#9246=ORIENTED_EDGE('',*,*,#9218,.F.) ;
#9247=ORIENTED_EDGE('',*,*,#9238,.T.) ;
#9248=ORIENTED_EDGE('',*,*,#9243,.T.) ;
#9259=ORIENTED_EDGE('',*,*,#9257,.T.) ;
#9260=ORIENTED_EDGE('',*,*,#7566,.T.) ;
#9261=ORIENTED_EDGE('',*,*,#9243,.F.) ;
#9265=ORIENTED_EDGE('',*,*,#7729,.T.) ;
#9266=ORIENTED_EDGE('',*,*,#7615,.F.) ;
#9267=ORIENTED_EDGE('',*,*,#7597,.T.) ;
#9271=ORIENTED_EDGE('',*,*,#7724,.T.) ;
#9272=ORIENTED_EDGE('',*,*,#7689,.F.) ;
#9273=ORIENTED_EDGE('',*,*,#7622,.T.) ;
#9277=ORIENTED_EDGE('',*,*,#7627,.T.) ;
#9278=ORIENTED_EDGE('',*,*,#7684,.F.) ;
#9279=ORIENTED_EDGE('',*,*,#7654,.T.) ;
#9283=ORIENTED_EDGE('',*,*,#7674,.F.) ;
#9284=ORIENTED_EDGE('',*,*,#7719,.F.) ;
#9285=ORIENTED_EDGE('',*,*,#7708,.F.) ;
#9289=ORIENTED_EDGE('',*,*,#7887,.F.) ;
#9290=ORIENTED_EDGE('',*,*,#7773,.T.) ;
#9291=ORIENTED_EDGE('',*,*,#7755,.T.) ;
#9295=ORIENTED_EDGE('',*,*,#7882,.F.) ;
#9296=ORIENTED_EDGE('',*,*,#7847,.T.) ;
#9297=ORIENTED_EDGE('',*,*,#7780,.T.) ;
#9301=ORIENTED_EDGE('',*,*,#7785,.T.) ;
#9302=ORIENTED_EDGE('',*,*,#7842,.F.) ;
#9303=ORIENTED_EDGE('',*,*,#7812,.T.) ;
#9307=ORIENTED_EDGE('',*,*,#7832,.T.) ;
#9308=ORIENTED_EDGE('',*,*,#7892,.T.) ;
#9309=ORIENTED_EDGE('',*,*,#7866,.F.) ;
#9313=ORIENTED_EDGE('',*,*,#8058,.F.) ;
#9314=ORIENTED_EDGE('',*,*,#7911,.F.) ;
#9315=ORIENTED_EDGE('',*,*,#8086,.F.) ;
#9319=ORIENTED_EDGE('',*,*,#7918,.T.) ;
#9320=ORIENTED_EDGE('',*,*,#8068,.T.) ;
#9321=ORIENTED_EDGE('',*,*,#8036,.T.) ;
#9322=ORIENTED_EDGE('',*,*,#8003,.T.) ;
#9323=ORIENTED_EDGE('',*,*,#7972,.T.) ;
#9327=ORIENTED_EDGE('',*,*,#7923,.T.) ;
#9328=ORIENTED_EDGE('',*,*,#7965,.F.) ;
#9329=ORIENTED_EDGE('',*,*,#7949,.T.) ;
#9333=ORIENTED_EDGE('',*,*,#8243,.T.) ;
#9334=ORIENTED_EDGE('',*,*,#8129,.F.) ;
#9335=ORIENTED_EDGE('',*,*,#8111,.T.) ;
#9339=ORIENTED_EDGE('',*,*,#8238,.T.) ;
#9340=ORIENTED_EDGE('',*,*,#8203,.F.) ;
#9341=ORIENTED_EDGE('',*,*,#8136,.T.) ;
#9345=ORIENTED_EDGE('',*,*,#8141,.T.) ;
#9346=ORIENTED_EDGE('',*,*,#8198,.F.) ;
#9347=ORIENTED_EDGE('',*,*,#8168,.T.) ;
#9351=ORIENTED_EDGE('',*,*,#8188,.F.) ;
#9352=ORIENTED_EDGE('',*,*,#8233,.F.) ;
#9353=ORIENTED_EDGE('',*,*,#8222,.F.) ;
#9357=ORIENTED_EDGE('',*,*,#8399,.T.) ;
#9358=ORIENTED_EDGE('',*,*,#8282,.F.) ;
#9359=ORIENTED_EDGE('',*,*,#8269,.T.) ;
#9363=ORIENTED_EDGE('',*,*,#8394,.T.) ;
#9364=ORIENTED_EDGE('',*,*,#8355,.T.) ;
#9365=ORIENTED_EDGE('',*,*,#8289,.T.) ;
#9369=ORIENTED_EDGE('',*,*,#8296,.F.) ;
#9370=ORIENTED_EDGE('',*,*,#8350,.F.) ;
#9371=ORIENTED_EDGE('',*,*,#8320,.F.) ;
#9375=ORIENTED_EDGE('',*,*,#8340,.F.) ;
#9376=ORIENTED_EDGE('',*,*,#8389,.F.) ;
#9377=ORIENTED_EDGE('',*,*,#8373,.F.) ;
#9386=ORIENTED_EDGE('',*,*,#8449,.T.) ;
#9387=ORIENTED_EDGE('',*,*,#8566,.T.) ;
#9388=ORIENTED_EDGE('',*,*,#8550,.T.) ;
#9389=ORIENTED_EDGE('',*,*,#8515,.T.) ;
#9390=ORIENTED_EDGE('',*,*,#8494,.T.) ;
#9391=ORIENTED_EDGE('',*,*,#8476,.T.) ;
#9400=ORIENTED_EDGE('',*,*,#8454,.T.) ;
#9401=ORIENTED_EDGE('',*,*,#8669,.T.) ;
#9402=ORIENTED_EDGE('',*,*,#8650,.T.) ;
#9403=ORIENTED_EDGE('',*,*,#8624,.F.) ;
#9404=ORIENTED_EDGE('',*,*,#8603,.T.) ;
#9405=ORIENTED_EDGE('',*,*,#8585,.T.) ;
#9414=ORIENTED_EDGE('',*,*,#8795,.F.) ;
#9415=ORIENTED_EDGE('',*,*,#8772,.T.) ;
#9416=ORIENTED_EDGE('',*,*,#8864,.T.) ;
#9417=ORIENTED_EDGE('',*,*,#8827,.F.) ;
#9426=ORIENTED_EDGE('',*,*,#8927,.T.) ;
#9427=ORIENTED_EDGE('',*,*,#8922,.T.) ;
#9428=ORIENTED_EDGE('',*,*,#9004,.T.) ;
#9429=ORIENTED_EDGE('',*,*,#8978,.F.) ;
#9430=ORIENTED_EDGE('',*,*,#8962,.F.) ;
#9439=ORIENTED_EDGE('',*,*,#9026,.F.) ;
#9440=ORIENTED_EDGE('',*,*,#9191,.F.) ;
#9441=ORIENTED_EDGE('',*,*,#9068,.F.) ;
#9442=ORIENTED_EDGE('',*,*,#9052,.F.) ;
#9451=ORIENTED_EDGE('',*,*,#9129,.T.) ;
#9452=ORIENTED_EDGE('',*,*,#9202,.T.) ;
#9453=ORIENTED_EDGE('',*,*,#9031,.F.) ;
#9454=ORIENTED_EDGE('',*,*,#9257,.F.) ;
#9455=ORIENTED_EDGE('',*,*,#9238,.F.) ;
#9456=ORIENTED_EDGE('',*,*,#9098,.F.) ;
#57=EDGE_LOOP('',(#58,#59,#60)) ;
#68=EDGE_LOOP('',(#69,#70,#71)) ;
#98=EDGE_LOOP('',(#99,#100,#101,#102)) ;
#117=EDGE_LOOP('',(#118,#119,#120,#121,#122)) ;
#149=EDGE_LOOP('',(#150,#151,#152,#153)) ;
#168=EDGE_LOOP('',(#169,#170,#171,#172)) ;
#185=EDGE_LOOP('',(#186,#187,#188,#189)) ;
#225=EDGE_LOOP('',(#226,#227,#228,#229)) ;
#252=EDGE_LOOP('',(#253,#254,#255)) ;
#257=EDGE_LOOP('',(#258,#259,#260)) ;
#287=EDGE_LOOP('',(#288,#289,#290,#291)) ;
#332=EDGE_LOOP('',(#333,#334,#335,#336,#337,#338,#339)) ;
#404=EDGE_LOOP('',(#405,#406,#407,#408,#409,#410,#411,#412,#413)) ;
#457=EDGE_LOOP('',(#458,#459,#460,#461,#462,#463)) ;
#507=EDGE_LOOP('',(#508,#509,#510,#511,#512,#513)) ;
#557=EDGE_LOOP('',(#558,#559,#560,#561,#562,#563)) ;
#600=EDGE_LOOP('',(#601,#602,#603,#604,#605)) ;
#649=EDGE_LOOP('',(#650,#651,#652,#653,#654,#655)) ;
#699=EDGE_LOOP('',(#700,#701,#702,#703,#704,#705)) ;
#728=EDGE_LOOP('',(#729,#730,#731)) ;
#754=EDGE_LOOP('',(#755,#756,#757)) ;
#777=EDGE_LOOP('',(#778,#779,#780,#781)) ;
#815=EDGE_LOOP('',(#816,#817,#818,#819,#820,#821,#822)) ;
#866=EDGE_LOOP('',(#867,#868,#869,#870,#871,#872)) ;
#1000=EDGE_LOOP('',(#1001,#1002,#1003,#1004,#1005,#1006,#1007,#1008,#1009)) ;
#1053=EDGE_LOOP('',(#1054,#1055,#1056,#1057,#1058,#1059)) ;
#1118=EDGE_LOOP('',(#1119,#1120,#1121,#1122,#1123,#1124)) ;
#1201=EDGE_LOOP('',(#1202,#1203,#1204,#1205,#1206,#1207)) ;
#1251=EDGE_LOOP('',(#1252,#1253,#1254,#1255,#1256,#1257)) ;
#1331=EDGE_LOOP('',(#1332,#1333,#1334,#1335,#1336,#1337)) ;
#1360=EDGE_LOOP('',(#1361,#1362,#1363)) ;
#1386=EDGE_LOOP('',(#1387,#1388,#1389)) ;
#1416=EDGE_LOOP('',(#1417,#1418,#1419,#1420)) ;
#1440=EDGE_LOOP('',(#1441,#1442,#1443,#1444)) ;
#1452=EDGE_LOOP('',(#1453,#1454,#1455,#1456)) ;
#1469=EDGE_LOOP('',(#1470,#1471,#1472,#1473)) ;
#1543=EDGE_LOOP('',(#1544,#1545)) ;
#1589=EDGE_LOOP('',(#1590,#1591,#1592,#1593,#1594,#1595,#1596)) ;
#1621=EDGE_LOOP('',(#1622,#1623,#1624,#1625,#1626,#1627,#1628)) ;
#1636=EDGE_LOOP('',(#1637,#1638,#1639,#1640)) ;
#1685=EDGE_LOOP('',(#1686,#1687,#1688,#1689,#1690,#1691)) ;
#1706=EDGE_LOOP('',(#1707,#1708,#1709,#1710)) ;
#1737=EDGE_LOOP('',(#1738,#1739,#1740,#1741,#1742)) ;
#1762=EDGE_LOOP('',(#1763,#1764,#1765,#1766)) ;
#1793=EDGE_LOOP('',(#1794,#1795,#1796,#1797,#1798)) ;
#1855=EDGE_LOOP('',(#1856,#1857,#1858,#1859,#1860,#1861,#1862,#1863)) ;
#1890=EDGE_LOOP('',(#1891,#1892,#1893,#1894,#1895)) ;
#1941=EDGE_LOOP('',(#1942,#1943,#1944,#1945,#1946,#1947)) ;
#1960=EDGE_LOOP('',(#1961,#1962,#1963,#1964)) ;
#1991=EDGE_LOOP('',(#1992,#1993,#1994,#1995)) ;
#2015=EDGE_LOOP('',(#2016,#2017,#2018,#2019)) ;
#2039=EDGE_LOOP('',(#2040,#2041,#2042,#2043)) ;
#2063=EDGE_LOOP('',(#2064,#2065,#2066,#2067)) ;
#2087=EDGE_LOOP('',(#2088,#2089,#2090,#2091)) ;
#2104=EDGE_LOOP('',(#2105,#2106,#2107,#2108)) ;
#2135=EDGE_LOOP('',(#2136,#2137,#2138,#2139)) ;
#2159=EDGE_LOOP('',(#2160,#2161,#2162,#2163)) ;
#2183=EDGE_LOOP('',(#2184,#2185,#2186,#2187)) ;
#2207=EDGE_LOOP('',(#2208,#2209,#2210,#2211)) ;
#2231=EDGE_LOOP('',(#2232,#2233,#2234,#2235)) ;
#2248=EDGE_LOOP('',(#2249,#2250,#2251,#2252)) ;
#2279=EDGE_LOOP('',(#2280,#2281,#2282,#2283)) ;
#2303=EDGE_LOOP('',(#2304,#2305,#2306,#2307)) ;
#2322=EDGE_LOOP('',(#2323,#2324,#2325,#2326)) ;
#2353=EDGE_LOOP('',(#2354,#2355,#2356,#2357,#2358)) ;
#2373=EDGE_LOOP('',(#2374,#2375,#2376,#2377)) ;
#2390=EDGE_LOOP('',(#2391,#2392,#2393,#2394)) ;
#2421=EDGE_LOOP('',(#2422,#2423,#2424,#2425)) ;
#2445=EDGE_LOOP('',(#2446,#2447,#2448,#2449)) ;
#2464=EDGE_LOOP('',(#2465,#2466,#2467,#2468)) ;
#2488=EDGE_LOOP('',(#2489,#2490,#2491,#2492)) ;
#2505=EDGE_LOOP('',(#2506,#2507,#2508,#2509)) ;
#2536=EDGE_LOOP('',(#2537,#2538,#2539,#2540)) ;
#2560=EDGE_LOOP('',(#2561,#2562,#2563,#2564)) ;
#2602=EDGE_LOOP('',(#2603,#2604,#2605,#2606,#2607,#2608)) ;
#2635=EDGE_LOOP('',(#2636,#2637,#2638,#2639,#2640)) ;
#2686=EDGE_LOOP('',(#2687,#2688,#2689,#2690,#2691,#2692)) ;
#2705=EDGE_LOOP('',(#2706,#2707,#2708,#2709)) ;
#2736=EDGE_LOOP('',(#2737,#2738,#2739,#2740)) ;
#2760=EDGE_LOOP('',(#2761,#2762,#2763,#2764)) ;
#2784=EDGE_LOOP('',(#2785,#2786,#2787,#2788)) ;
#2808=EDGE_LOOP('',(#2809,#2810,#2811,#2812)) ;
#2827=EDGE_LOOP('',(#2828,#2829,#2830,#2831)) ;
#2844=EDGE_LOOP('',(#2845,#2846,#2847,#2848)) ;
#2875=EDGE_LOOP('',(#2876,#2877,#2878,#2879)) ;
#2899=EDGE_LOOP('',(#2900,#2901,#2902,#2903)) ;
#2911=EDGE_LOOP('',(#2912,#2913,#2914,#2915)) ;
#2942=EDGE_LOOP('',(#2943,#2944,#2945,#2946)) ;
#2966=EDGE_LOOP('',(#2967,#2968,#2969,#2970)) ;
#2978=EDGE_LOOP('',(#2979,#2980,#2981,#2982)) ;
#3004=EDGE_LOOP('',(#3005,#3006,#3007,#3008)) ;
#3046=EDGE_LOOP('',(#3047,#3048,#3049,#3050,#3051,#3052)) ;
#3067=EDGE_LOOP('',(#3068,#3069,#3070,#3071)) ;
#3086=EDGE_LOOP('',(#3087,#3088,#3089,#3090)) ;
#3105=EDGE_LOOP('',(#3106,#3107,#3108,#3109)) ;
#3140=EDGE_LOOP('',(#3141,#3142,#3143,#3144,#3145,#3146)) ;
#3168=EDGE_LOOP('',(#3169,#3170,#3171,#3172)) ;
#3213=EDGE_LOOP('',(#3214,#3215,#3216,#3217,#3218,#3219)) ;
#3241=EDGE_LOOP('',(#3242,#3243,#3244,#3245,#3246)) ;
#3298=EDGE_LOOP('',(#3299,#3300,#3301,#3302,#3303,#3304,#3305,#3306)) ;
#3328=EDGE_LOOP('',(#3329,#3330,#3331,#3332,#3333)) ;
#3348=EDGE_LOOP('',(#3349,#3350,#3351,#3352)) ;
#3374=EDGE_LOOP('',(#3375,#3376,#3377,#3378,#3379)) ;
#3394=EDGE_LOOP('',(#3395,#3396,#3397,#3398)) ;
#3427=EDGE_LOOP('',(#3428,#3429,#3430,#3431,#3432,#3433)) ;
#3455=EDGE_LOOP('',(#3456,#3457,#3458,#3459)) ;
#3474=EDGE_LOOP('',(#3475,#3476,#3477,#3478)) ;
#3493=EDGE_LOOP('',(#3494,#3495,#3496,#3497)) ;
#3512=EDGE_LOOP('',(#3513,#3514,#3515,#3516)) ;
#3531=EDGE_LOOP('',(#3532,#3533,#3534,#3535)) ;
#3543=EDGE_LOOP('',(#3544,#3545,#3546,#3547)) ;
#3569=EDGE_LOOP('',(#3570,#3571,#3572,#3573)) ;
#3588=EDGE_LOOP('',(#3589,#3590,#3591,#3592)) ;
#3607=EDGE_LOOP('',(#3608,#3609,#3610,#3611)) ;
#3626=EDGE_LOOP('',(#3627,#3628,#3629,#3630)) ;
#3645=EDGE_LOOP('',(#3646,#3647,#3648,#3649)) ;
#3657=EDGE_LOOP('',(#3658,#3659,#3660,#3661)) ;
#3683=EDGE_LOOP('',(#3684,#3685,#3686,#3687)) ;
#3702=EDGE_LOOP('',(#3703,#3704,#3705,#3706)) ;
#3721=EDGE_LOOP('',(#3722,#3723,#3724,#3725)) ;
#3747=EDGE_LOOP('',(#3748,#3749,#3750,#3751,#3752)) ;
#3767=EDGE_LOOP('',(#3768,#3769,#3770,#3771)) ;
#3779=EDGE_LOOP('',(#3780,#3781,#3782,#3783)) ;
#3805=EDGE_LOOP('',(#3806,#3807,#3808,#3809)) ;
#3824=EDGE_LOOP('',(#3825,#3826,#3827,#3828)) ;
#3843=EDGE_LOOP('',(#3844,#3845,#3846,#3847)) ;
#3862=EDGE_LOOP('',(#3863,#3864,#3865,#3866)) ;
#3886=EDGE_LOOP('',(#3887,#3888,#3889,#3890)) ;
#3898=EDGE_LOOP('',(#3899,#3900,#3901,#3902)) ;
#3924=EDGE_LOOP('',(#3925,#3926,#3927,#3928)) ;
#3943=EDGE_LOOP('',(#3944,#3945,#3946,#3947)) ;
#3962=EDGE_LOOP('',(#3963,#3964,#3965,#3966)) ;
#3981=EDGE_LOOP('',(#3982,#3983,#3984,#3985)) ;
#4000=EDGE_LOOP('',(#4001,#4002,#4003,#4004)) ;
#4012=EDGE_LOOP('',(#4013,#4014,#4015,#4016)) ;
#4043=EDGE_LOOP('',(#4044,#4045,#4046,#4047)) ;
#4062=EDGE_LOOP('',(#4063,#4064,#4065,#4066)) ;
#4079=EDGE_LOOP('',(#4080,#4081,#4082,#4083)) ;
#4110=EDGE_LOOP('',(#4111,#4112,#4113,#4114)) ;
#4134=EDGE_LOOP('',(#4135,#4136,#4137,#4138)) ;
#4146=EDGE_LOOP('',(#4147,#4148,#4149,#4150)) ;
#4168=EDGE_LOOP('',(#4169,#4170,#4171,#4172)) ;
#4175=EDGE_LOOP('',(#4176,#4177,#4178,#4179,#4180)) ;
#4225=EDGE_LOOP('',(#4226,#4227,#4228,#4229)) ;
#4286=EDGE_LOOP('',(#4287,#4288,#4289,#4290)) ;
#4310=EDGE_LOOP('',(#4311,#4312,#4313,#4314)) ;
#4328=EDGE_LOOP('',(#4329,#4330,#4331,#4332)) ;
#4362=EDGE_LOOP('',(#4363,#4364,#4365,#4366)) ;
#4488=EDGE_LOOP('',(#4489,#4490,#4491,#4492)) ;
#4512=EDGE_LOOP('',(#4513,#4514,#4515,#4516,#4517)) ;
#4546=EDGE_LOOP('',(#4547,#4548,#4549,#4550)) ;
#4579=EDGE_LOOP('',(#4580,#4581,#4582,#4583)) ;
#4603=EDGE_LOOP('',(#4604,#4605,#4606,#4607)) ;
#4636=EDGE_LOOP('',(#4637,#4638,#4639,#4640)) ;
#4669=EDGE_LOOP('',(#4670,#4671,#4672,#4673)) ;
#4693=EDGE_LOOP('',(#4694,#4695,#4696,#4697)) ;
#4717=EDGE_LOOP('',(#4718,#4719,#4720,#4721)) ;
#4748=EDGE_LOOP('',(#4749,#4750,#4751,#4752)) ;
#4841=EDGE_LOOP('',(#4842,#4843,#4844,#4845)) ;
#4860=EDGE_LOOP('',(#4861,#4862,#4863,#4864)) ;
#4877=EDGE_LOOP('',(#4878,#4879,#4880)) ;
#4888=EDGE_LOOP('',(#4889,#4890,#4891)) ;
#4911=EDGE_LOOP('',(#4912,#4913,#4914,#4915)) ;
#4994=EDGE_LOOP('',(#4995,#4996,#4997,#4998)) ;
#5023=EDGE_LOOP('',(#5024,#5025,#5026,#5027)) ;
#5035=EDGE_LOOP('',(#5036,#5037,#5038)) ;
#5065=EDGE_LOOP('',(#5066,#5067,#5068,#5069)) ;
#5091=EDGE_LOOP('',(#5092,#5093,#5094)) ;
#5126=EDGE_LOOP('',(#5127,#5128,#5129,#5130,#5131,#5132)) ;
#5145=EDGE_LOOP('',(#5146,#5147,#5148)) ;
#5178=EDGE_LOOP('',(#5179,#5180,#5181,#5182,#5183)) ;
#5196=EDGE_LOOP('',(#5197,#5198,#5199)) ;
#5226=EDGE_LOOP('',(#5227,#5228,#5229,#5230)) ;
#5252=EDGE_LOOP('',(#5253,#5254,#5255)) ;
#5287=EDGE_LOOP('',(#5288,#5289,#5290,#5291,#5292,#5293)) ;
#5306=EDGE_LOOP('',(#5307,#5308,#5309)) ;
#5339=EDGE_LOOP('',(#5340,#5341,#5342,#5343,#5344)) ;
#5357=EDGE_LOOP('',(#5358,#5359,#5360)) ;
#5387=EDGE_LOOP('',(#5388,#5389,#5390,#5391)) ;
#5413=EDGE_LOOP('',(#5414,#5415,#5416)) ;
#5436=EDGE_LOOP('',(#5437,#5438,#5439,#5440,#5441)) ;
#5470=EDGE_LOOP('',(#5471,#5472,#5473,#5474)) ;
#5503=EDGE_LOOP('',(#5504,#5505,#5506,#5507)) ;
#5532=EDGE_LOOP('',(#5533,#5534,#5535,#5536,#5537)) ;
#5550=EDGE_LOOP('',(#5551,#5552,#5553)) ;
#5580=EDGE_LOOP('',(#5581,#5582,#5583,#5584)) ;
#5606=EDGE_LOOP('',(#5607,#5608,#5609)) ;
#5653=EDGE_LOOP('',(#5654,#5655,#5656,#5657,#5658)) ;
#5683=EDGE_LOOP('',(#5684,#5685,#5686,#5687,#5688)) ;
#5701=EDGE_LOOP('',(#5702,#5703,#5704)) ;
#5731=EDGE_LOOP('',(#5732,#5733,#5734,#5735)) ;
#5757=EDGE_LOOP('',(#5758,#5759,#5760)) ;
#5787=EDGE_LOOP('',(#5788,#5789,#5790,#5791,#5792,#5793)) ;
#5882=EDGE_LOOP('',(#5883,#5884,#5885,#5886)) ;
#5906=EDGE_LOOP('',(#5907,#5908,#5909,#5910)) ;
#5923=EDGE_LOOP('',(#5924,#5925,#5926)) ;
#5934=EDGE_LOOP('',(#5935,#5936,#5937)) ;
#5957=EDGE_LOOP('',(#5958,#5959,#5960,#5961)) ;
#6040=EDGE_LOOP('',(#6041,#6042,#6043,#6044)) ;
#6083=EDGE_LOOP('',(#6084,#6085,#6086,#6087,#6088,#6089)) ;
#6102=EDGE_LOOP('',(#6103,#6104,#6105)) ;
#6132=EDGE_LOOP('',(#6133,#6134,#6135,#6136)) ;
#6158=EDGE_LOOP('',(#6159,#6160,#6161)) ;
#6186=EDGE_LOOP('',(#6187,#6188,#6189,#6190,#6191)) ;
#6213=EDGE_LOOP('',(#6214,#6215,#6216)) ;
#6241=EDGE_LOOP('',(#6242,#6243,#6244,#6245,#6246,#6247)) ;
#6260=EDGE_LOOP('',(#6261,#6262,#6263)) ;
#6281=EDGE_LOOP('',(#6282,#6283,#6284,#6285,#6286,#6287)) ;
#6290=EDGE_LOOP('',(#6291,#6292,#6293,#6294)) ;
#6372=EDGE_LOOP('',(#6373,#6374,#6375,#6376,#6377,#6378,#6379)) ;
#6433=EDGE_LOOP('',(#6434,#6435,#6436,#6437,#6438,#6439,#6440,#6441,#6442)) ;
#6480=EDGE_LOOP('',(#6481,#6482,#6483)) ;
#6503=EDGE_LOOP('',(#6504,#6505,#6506,#6507)) ;
#6586=EDGE_LOOP('',(#6587,#6588,#6589,#6590)) ;
#6631=EDGE_LOOP('',(#6632,#6633,#6634,#6635,#6636,#6637)) ;
#6650=EDGE_LOOP('',(#6651,#6652,#6653)) ;
#6678=EDGE_LOOP('',(#6679,#6680,#6681,#6682)) ;
#6704=EDGE_LOOP('',(#6705,#6706,#6707)) ;
#6739=EDGE_LOOP('',(#6740,#6741,#6742,#6743,#6744,#6745)) ;
#6834=EDGE_LOOP('',(#6835,#6836,#6837,#6838)) ;
#6851=EDGE_LOOP('',(#6852,#6853,#6854,#6855)) ;
#6899=EDGE_LOOP('',(#6900,#6901,#6902)) ;
#6922=EDGE_LOOP('',(#6923,#6924,#6925,#6926)) ;
#7015=EDGE_LOOP('',(#7016,#7017,#7018,#7019)) ;
#7039=EDGE_LOOP('',(#7040,#7041,#7042,#7043)) ;
#7056=EDGE_LOOP('',(#7057,#7058,#7059)) ;
#7067=EDGE_LOOP('',(#7068,#7069,#7070)) ;
#7097=EDGE_LOOP('',(#7098,#7099,#7100,#7101)) ;
#7121=EDGE_LOOP('',(#7122,#7123,#7124,#7125)) ;
#7140=EDGE_LOOP('',(#7141,#7142,#7143,#7144)) ;
#7223=EDGE_LOOP('',(#7224,#7225,#7226,#7227)) ;
#7254=EDGE_LOOP('',(#7255,#7256,#7257,#7258)) ;
#7287=EDGE_LOOP('',(#7288,#7289,#7290,#7291)) ;
#7320=EDGE_LOOP('',(#7321,#7322,#7323,#7324)) ;
#7344=EDGE_LOOP('',(#7345,#7346,#7347,#7348)) ;
#7377=EDGE_LOOP('',(#7378,#7379,#7380,#7381)) ;
#7410=EDGE_LOOP('',(#7411,#7412,#7413,#7414)) ;
#7434=EDGE_LOOP('',(#7435,#7436,#7437,#7438,#7439)) ;
#7548=EDGE_LOOP('',(#7549,#7550,#7551,#7552)) ;
#7572=EDGE_LOOP('',(#7573,#7574,#7575,#7576)) ;
#7598=EDGE_LOOP('',(#7599,#7600,#7601)) ;
#7628=EDGE_LOOP('',(#7629,#7630,#7631,#7632,#7633)) ;
#7655=EDGE_LOOP('',(#7656,#7657,#7658)) ;
#7690=EDGE_LOOP('',(#7691,#7692,#7693,#7694,#7695,#7696)) ;
#7709=EDGE_LOOP('',(#7710,#7711,#7712)) ;
#7730=EDGE_LOOP('',(#7731,#7732,#7733,#7734)) ;
#7756=EDGE_LOOP('',(#7757,#7758,#7759)) ;
#7786=EDGE_LOOP('',(#7787,#7788,#7789,#7790,#7791)) ;
#7813=EDGE_LOOP('',(#7814,#7815,#7816)) ;
#7848=EDGE_LOOP('',(#7849,#7850,#7851,#7852,#7853,#7854)) ;
#7867=EDGE_LOOP('',(#7868,#7869,#7870)) ;
#7893=EDGE_LOOP('',(#7894,#7895,#7896,#7897)) ;
#7924=EDGE_LOOP('',(#7925,#7926,#7927,#7928)) ;
#7950=EDGE_LOOP('',(#7951,#7952,#7953)) ;
#7978=EDGE_LOOP('',(#7979,#7980,#7981,#7982,#7983)) ;
#8012=EDGE_LOOP('',(#8013,#8014,#8015,#8016)) ;
#8045=EDGE_LOOP('',(#8046,#8047,#8048,#8049)) ;
#8069=EDGE_LOOP('',(#8070,#8071,#8072,#8073,#8074)) ;
#8087=EDGE_LOOP('',(#8088,#8089,#8090)) ;
#8112=EDGE_LOOP('',(#8113,#8114,#8115)) ;
#8142=EDGE_LOOP('',(#8143,#8144,#8145,#8146,#8147)) ;
#8169=EDGE_LOOP('',(#8170,#8171,#8172)) ;
#8204=EDGE_LOOP('',(#8205,#8206,#8207,#8208,#8209,#8210)) ;
#8223=EDGE_LOOP('',(#8224,#8225,#8226)) ;
#8244=EDGE_LOOP('',(#8245,#8246,#8247,#8248)) ;
#8270=EDGE_LOOP('',(#8271,#8272,#8273)) ;
#8302=EDGE_LOOP('',(#8303,#8304,#8305,#8306,#8307,#8308)) ;
#8321=EDGE_LOOP('',(#8322,#8323,#8324)) ;
#8356=EDGE_LOOP('',(#8357,#8358,#8359,#8360,#8361)) ;
#8374=EDGE_LOOP('',(#8375,#8376,#8377)) ;
#8400=EDGE_LOOP('',(#8401,#8402,#8403,#8404)) ;
#8422=EDGE_LOOP('',(#8423,#8424,#8425,#8426,#8427,#8428)) ;
#8431=EDGE_LOOP('',(#8432,#8433,#8434,#8435,#8436,#8437)) ;
#8455=EDGE_LOOP('',(#8456,#8457,#8458,#8459,#8460)) ;
#8482=EDGE_LOOP('',(#8483,#8484,#8485)) ;
#8495=EDGE_LOOP('',(#8496,#8497,#8498)) ;
#8516=EDGE_LOOP('',(#8517,#8518,#8519,#8520)) ;
#8528=EDGE_LOOP('',(#8529,#8530,#8531,#8532,#8533,#8534,#8535,#8536)) ;
#8556=EDGE_LOOP('',(#8557,#8558,#8559)) ;
#8567=EDGE_LOOP('',(#8568,#8569,#8570)) ;
#8591=EDGE_LOOP('',(#8592,#8593,#8594)) ;
#8604=EDGE_LOOP('',(#8605,#8606,#8607)) ;
#8625=EDGE_LOOP('',(#8626,#8627,#8628,#8629)) ;
#8632=EDGE_LOOP('',(#8633,#8634,#8635)) ;
#8656=EDGE_LOOP('',(#8657,#8658,#8659)) ;
#8670=EDGE_LOOP('',(#8671,#8672,#8673)) ;
#8676=EDGE_LOOP('',(#8677,#8678,#8679)) ;
#8682=EDGE_LOOP('',(#8683,#8684,#8685)) ;
#8688=EDGE_LOOP('',(#8689,#8690,#8691)) ;
#8694=EDGE_LOOP('',(#8695,#8696,#8697)) ;
#8700=EDGE_LOOP('',(#8701,#8702,#8703)) ;
#8706=EDGE_LOOP('',(#8707,#8708,#8709)) ;
#8712=EDGE_LOOP('',(#8713,#8714,#8715)) ;
#8718=EDGE_LOOP('',(#8719,#8720,#8721)) ;
#8724=EDGE_LOOP('',(#8725,#8726,#8727,#8728,#8729)) ;
#8732=EDGE_LOOP('',(#8733,#8734,#8735)) ;
#8738=EDGE_LOOP('',(#8739,#8740,#8741)) ;
#8744=EDGE_LOOP('',(#8745,#8746,#8747)) ;
#8750=EDGE_LOOP('',(#8751,#8752,#8753)) ;
#8756=EDGE_LOOP('',(#8757,#8758,#8759)) ;
#8762=EDGE_LOOP('',(#8763,#8764,#8765)) ;
#8773=EDGE_LOOP('',(#8774,#8775,#8776,#8777)) ;
#8780=EDGE_LOOP('',(#8781,#8782,#8783)) ;
#8801=EDGE_LOOP('',(#8802,#8803,#8804)) ;
#8807=EDGE_LOOP('',(#8808,#8809,#8810)) ;
#8828=EDGE_LOOP('',(#8829,#8830,#8831,#8832)) ;
#8835=EDGE_LOOP('',(#8836,#8837,#8838)) ;
#8851=EDGE_LOOP('',(#8852,#8853,#8854)) ;
#8865=EDGE_LOOP('',(#8866,#8867,#8868)) ;
#8871=EDGE_LOOP('',(#8872,#8873,#8874)) ;
#8877=EDGE_LOOP('',(#8878,#8879,#8880)) ;
#8883=EDGE_LOOP('',(#8884,#8885,#8886)) ;
#8889=EDGE_LOOP('',(#8890,#8891,#8892)) ;
#8905=EDGE_LOOP('',(#8906,#8907,#8908)) ;
#8928=EDGE_LOOP('',(#8929,#8930,#8931,#8932,#8933)) ;
#8946=EDGE_LOOP('',(#8947,#8948,#8949)) ;
#8952=EDGE_LOOP('',(#8953,#8954,#8955)) ;
#8963=EDGE_LOOP('',(#8964,#8965,#8966)) ;
#8979=EDGE_LOOP('',(#8980,#8981,#8982,#8983)) ;
#8986=EDGE_LOOP('',(#8987,#8988,#8989)) ;
#9010=EDGE_LOOP('',(#9011,#9012,#9013)) ;
#9016=EDGE_LOOP('',(#9017,#9018,#9019)) ;
#9032=EDGE_LOOP('',(#9033,#9034,#9035,#9036,#9037)) ;
#9053=EDGE_LOOP('',(#9054,#9055,#9056)) ;
#9074=EDGE_LOOP('',(#9075,#9076,#9077,#9078)) ;
#9081=EDGE_LOOP('',(#9082,#9083,#9084)) ;
#9111=EDGE_LOOP('',(#9112,#9113,#9114,#9115)) ;
#9135=EDGE_LOOP('',(#9136,#9137,#9138)) ;
#9146=EDGE_LOOP('',(#9147,#9148,#9149,#9150,#9151,#9152,#9153,#9154,#9155)) ;
#9192=EDGE_LOOP('',(#9193,#9194,#9195)) ;
#9203=EDGE_LOOP('',(#9204,#9205,#9206)) ;
#9219=EDGE_LOOP('',(#9220,#9221,#9222,#9223)) ;
#9244=EDGE_LOOP('',(#9245,#9246,#9247,#9248)) ;
#9258=EDGE_LOOP('',(#9259,#9260,#9261)) ;
#9264=EDGE_LOOP('',(#9265,#9266,#9267)) ;
#9270=EDGE_LOOP('',(#9271,#9272,#9273)) ;
#9276=EDGE_LOOP('',(#9277,#9278,#9279)) ;
#9282=EDGE_LOOP('',(#9283,#9284,#9285)) ;
#9288=EDGE_LOOP('',(#9289,#9290,#9291)) ;
#9294=EDGE_LOOP('',(#9295,#9296,#9297)) ;
#9300=EDGE_LOOP('',(#9301,#9302,#9303)) ;
#9306=EDGE_LOOP('',(#9307,#9308,#9309)) ;
#9312=EDGE_LOOP('',(#9313,#9314,#9315)) ;
#9318=EDGE_LOOP('',(#9319,#9320,#9321,#9322,#9323)) ;
#9326=EDGE_LOOP('',(#9327,#9328,#9329)) ;
#9332=EDGE_LOOP('',(#9333,#9334,#9335)) ;
#9338=EDGE_LOOP('',(#9339,#9340,#9341)) ;
#9344=EDGE_LOOP('',(#9345,#9346,#9347)) ;
#9350=EDGE_LOOP('',(#9351,#9352,#9353)) ;
#9356=EDGE_LOOP('',(#9357,#9358,#9359)) ;
#9362=EDGE_LOOP('',(#9363,#9364,#9365)) ;
#9368=EDGE_LOOP('',(#9369,#9370,#9371)) ;
#9374=EDGE_LOOP('',(#9375,#9376,#9377)) ;
#9385=EDGE_LOOP('',(#9386,#9387,#9388,#9389,#9390,#9391)) ;
#9399=EDGE_LOOP('',(#9400,#9401,#9402,#9403,#9404,#9405)) ;
#9413=EDGE_LOOP('',(#9414,#9415,#9416,#9417)) ;
#9425=EDGE_LOOP('',(#9426,#9427,#9428,#9429,#9430)) ;
#9438=EDGE_LOOP('',(#9439,#9440,#9441,#9442)) ;
#9450=EDGE_LOOP('',(#9451,#9452,#9453,#9454,#9455,#9456)) ;
#21=MANIFOLD_SOLID_BREP('Brake_pedal',#30) ;
#41=VERTEX_POINT('',#40) ;
#43=VERTEX_POINT('',#42) ;
#50=VERTEX_POINT('',#49) ;
#84=VERTEX_POINT('',#83) ;
#86=VERTEX_POINT('',#85) ;
#110=VERTEX_POINT('',#109) ;
#135=VERTEX_POINT('',#134) ;
#142=VERTEX_POINT('',#141) ;
#161=VERTEX_POINT('',#160) ;
#202=VERTEX_POINT('',#201) ;
#204=VERTEX_POINT('',#203) ;
#211=VERTEX_POINT('',#210) ;
#218=VERTEX_POINT('',#217) ;
#236=VERTEX_POINT('',#235) ;
#238=VERTEX_POINT('',#237) ;
#245=VERTEX_POINT('',#244) ;
#273=VERTEX_POINT('',#272) ;
#275=VERTEX_POINT('',#274) ;
#304=VERTEX_POINT('',#303) ;
#311=VERTEX_POINT('',#310) ;
#318=VERTEX_POINT('',#317) ;
#325=VERTEX_POINT('',#324) ;
#346=VERTEX_POINT('',#345) ;
#348=VERTEX_POINT('',#347) ;
#355=VERTEX_POINT('',#354) ;
#362=VERTEX_POINT('',#361) ;
#369=VERTEX_POINT('',#368) ;
#376=VERTEX_POINT('',#375) ;
#383=VERTEX_POINT('',#382) ;
#390=VERTEX_POINT('',#389) ;
#397=VERTEX_POINT('',#396) ;
#420=VERTEX_POINT('',#419) ;
#422=VERTEX_POINT('',#421) ;
#429=VERTEX_POINT('',#428) ;
#436=VERTEX_POINT('',#435) ;
#443=VERTEX_POINT('',#442) ;
#450=VERTEX_POINT('',#449) ;
#470=VERTEX_POINT('',#469) ;
#472=VERTEX_POINT('',#471) ;
#479=VERTEX_POINT('',#478) ;
#486=VERTEX_POINT('',#485) ;
#493=VERTEX_POINT('',#492) ;
#500=VERTEX_POINT('',#499) ;
#520=VERTEX_POINT('',#519) ;
#522=VERTEX_POINT('',#521) ;
#529=VERTEX_POINT('',#528) ;
#536=VERTEX_POINT('',#535) ;
#543=VERTEX_POINT('',#542) ;
#550=VERTEX_POINT('',#549) ;
#570=VERTEX_POINT('',#569) ;
#572=VERTEX_POINT('',#571) ;
#579=VERTEX_POINT('',#578) ;
#586=VERTEX_POINT('',#585) ;
#593=VERTEX_POINT('',#592) ;
#612=VERTEX_POINT('',#611) ;
#614=VERTEX_POINT('',#613) ;
#621=VERTEX_POINT('',#620) ;
#628=VERTEX_POINT('',#627) ;
#635=VERTEX_POINT('',#634) ;
#642=VERTEX_POINT('',#641) ;
#662=VERTEX_POINT('',#661) ;
#664=VERTEX_POINT('',#663) ;
#671=VERTEX_POINT('',#670) ;
#678=VERTEX_POINT('',#677) ;
#685=VERTEX_POINT('',#684) ;
#692=VERTEX_POINT('',#691) ;
#712=VERTEX_POINT('',#711) ;
#714=VERTEX_POINT('',#713) ;
#721=VERTEX_POINT('',#720) ;
#738=VERTEX_POINT('',#737) ;
#740=VERTEX_POINT('',#739) ;
#747=VERTEX_POINT('',#746) ;
#770=VERTEX_POINT('',#769) ;
#794=VERTEX_POINT('',#793) ;
#801=VERTEX_POINT('',#800) ;
#808=VERTEX_POINT('',#807) ;
#829=VERTEX_POINT('',#828) ;
#831=VERTEX_POINT('',#830) ;
#838=VERTEX_POINT('',#837) ;
#845=VERTEX_POINT('',#844) ;
#852=VERTEX_POINT('',#851) ;
#859=VERTEX_POINT('',#858) ;
#879=VERTEX_POINT('',#878) ;
#881=VERTEX_POINT('',#880) ;
#888=VERTEX_POINT('',#887) ;
#910=VERTEX_POINT('',#909) ;
#917=VERTEX_POINT('',#916) ;
#939=VERTEX_POINT('',#938) ;
#946=VERTEX_POINT('',#945) ;
#965=VERTEX_POINT('',#964) ;
#975=VERTEX_POINT('',#974) ;
#1016=VERTEX_POINT('',#1015) ;
#1018=VERTEX_POINT('',#1017) ;
#1025=VERTEX_POINT('',#1024) ;
#1032=VERTEX_POINT('',#1031) ;
#1039=VERTEX_POINT('',#1038) ;
#1046=VERTEX_POINT('',#1045) ;
#1066=VERTEX_POINT('',#1065) ;
#1068=VERTEX_POINT('',#1067) ;
#1075=VERTEX_POINT('',#1074) ;
#1097=VERTEX_POINT('',#1096) ;
#1104=VERTEX_POINT('',#1103) ;
#1111=VERTEX_POINT('',#1110) ;
#1131=VERTEX_POINT('',#1130) ;
#1133=VERTEX_POINT('',#1132) ;
#1140=VERTEX_POINT('',#1139) ;
#1153=VERTEX_POINT('',#1152) ;
#1172=VERTEX_POINT('',#1171) ;
#1179=VERTEX_POINT('',#1178) ;
#1214=VERTEX_POINT('',#1213) ;
#1216=VERTEX_POINT('',#1215) ;
#1223=VERTEX_POINT('',#1222) ;
#1230=VERTEX_POINT('',#1229) ;
#1237=VERTEX_POINT('',#1236) ;
#1244=VERTEX_POINT('',#1243) ;
#1279=VERTEX_POINT('',#1278) ;
#1281=VERTEX_POINT('',#1280) ;
#1288=VERTEX_POINT('',#1287) ;
#1310=VERTEX_POINT('',#1309) ;
#1317=VERTEX_POINT('',#1316) ;
#1324=VERTEX_POINT('',#1323) ;
#1344=VERTEX_POINT('',#1343) ;
#1346=VERTEX_POINT('',#1345) ;
#1353=VERTEX_POINT('',#1352) ;
#1370=VERTEX_POINT('',#1369) ;
#1372=VERTEX_POINT('',#1371) ;
#1379=VERTEX_POINT('',#1378) ;
#1402=VERTEX_POINT('',#1401) ;
#1409=VERTEX_POINT('',#1408) ;
#1433=VERTEX_POINT('',#1432) ;
#1507=VERTEX_POINT('',#1506) ;
#1509=VERTEX_POINT('',#1508) ;
#1558=VERTEX_POINT('',#1557) ;
#1565=VERTEX_POINT('',#1564) ;
#1573=VERTEX_POINT('',#1572) ;
#1614=VERTEX_POINT('',#1613) ;
#1648=VERTEX_POINT('',#1647) ;
#1655=VERTEX_POINT('',#1654) ;
#1662=VERTEX_POINT('',#1661) ;
#1678=VERTEX_POINT('',#1677) ;
#1699=VERTEX_POINT('',#1698) ;
#1723=VERTEX_POINT('',#1722) ;
#1730=VERTEX_POINT('',#1729) ;
#1755=VERTEX_POINT('',#1754) ;
#1779=VERTEX_POINT('',#1778) ;
#1786=VERTEX_POINT('',#1785) ;
#1811=VERTEX_POINT('',#1810) ;
#1818=VERTEX_POINT('',#1817) ;
#1825=VERTEX_POINT('',#1824) ;
#1841=VERTEX_POINT('',#1840) ;
#1848=VERTEX_POINT('',#1847) ;
#1876=VERTEX_POINT('',#1875) ;
#1883=VERTEX_POINT('',#1882) ;
#1908=VERTEX_POINT('',#1907) ;
#1915=VERTEX_POINT('',#1914) ;
#1934=VERTEX_POINT('',#1933) ;
#1977=VERTEX_POINT('',#1976) ;
#1984=VERTEX_POINT('',#1983) ;
#2008=VERTEX_POINT('',#2007) ;
#2032=VERTEX_POINT('',#2031) ;
#2056=VERTEX_POINT('',#2055) ;
#2080=VERTEX_POINT('',#2079) ;
#2121=VERTEX_POINT('',#2120) ;
#2128=VERTEX_POINT('',#2127) ;
#2152=VERTEX_POINT('',#2151) ;
#2176=VERTEX_POINT('',#2175) ;
#2200=VERTEX_POINT('',#2199) ;
#2224=VERTEX_POINT('',#2223) ;
#2265=VERTEX_POINT('',#2264) ;
#2272=VERTEX_POINT('',#2271) ;
#2296=VERTEX_POINT('',#2295) ;
#2315=VERTEX_POINT('',#2314) ;
#2339=VERTEX_POINT('',#2338) ;
#2346=VERTEX_POINT('',#2345) ;
#2366=VERTEX_POINT('',#2365) ;
#2407=VERTEX_POINT('',#2406) ;
#2414=VERTEX_POINT('',#2413) ;
#2438=VERTEX_POINT('',#2437) ;
#2457=VERTEX_POINT('',#2456) ;
#2481=VERTEX_POINT('',#2480) ;
#2522=VERTEX_POINT('',#2521) ;
#2529=VERTEX_POINT('',#2528) ;
#2553=VERTEX_POINT('',#2552) ;
#2572=VERTEX_POINT('',#2571) ;
#2588=VERTEX_POINT('',#2587) ;
#2595=VERTEX_POINT('',#2594) ;
#2621=VERTEX_POINT('',#2620) ;
#2628=VERTEX_POINT('',#2627) ;
#2653=VERTEX_POINT('',#2652) ;
#2672=VERTEX_POINT('',#2671) ;
#2679=VERTEX_POINT('',#2678) ;
#2722=VERTEX_POINT('',#2721) ;
#2729=VERTEX_POINT('',#2728) ;
#2753=VERTEX_POINT('',#2752) ;
#2777=VERTEX_POINT('',#2776) ;
#2801=VERTEX_POINT('',#2800) ;
#2820=VERTEX_POINT('',#2819) ;
#2861=VERTEX_POINT('',#2860) ;
#2868=VERTEX_POINT('',#2867) ;
#2892=VERTEX_POINT('',#2891) ;
#2928=VERTEX_POINT('',#2927) ;
#2935=VERTEX_POINT('',#2934) ;
#2959=VERTEX_POINT('',#2958) ;
#2990=VERTEX_POINT('',#2989) ;
#2997=VERTEX_POINT('',#2996) ;
#3016=VERTEX_POINT('',#3015) ;
#3032=VERTEX_POINT('',#3031) ;
#3039=VERTEX_POINT('',#3038) ;
#3060=VERTEX_POINT('',#3059) ;
#3079=VERTEX_POINT('',#3078) ;
#3098=VERTEX_POINT('',#3097) ;
#3117=VERTEX_POINT('',#3116) ;
#3133=VERTEX_POINT('',#3132) ;
#3154=VERTEX_POINT('',#3153) ;
#3161=VERTEX_POINT('',#3160) ;
#3180=VERTEX_POINT('',#3179) ;
#3199=VERTEX_POINT('',#3198) ;
#3206=VERTEX_POINT('',#3205) ;
#3227=VERTEX_POINT('',#3226) ;
#3234=VERTEX_POINT('',#3233) ;
#3254=VERTEX_POINT('',#3253) ;
#3256=VERTEX_POINT('',#3255) ;
#3263=VERTEX_POINT('',#3262) ;
#3275=VERTEX_POINT('',#3274) ;
#3291=VERTEX_POINT('',#3290) ;
#3314=VERTEX_POINT('',#3313) ;
#3321=VERTEX_POINT('',#3320) ;
#3341=VERTEX_POINT('',#3340) ;
#3360=VERTEX_POINT('',#3359) ;
#3367=VERTEX_POINT('',#3366) ;
#3387=VERTEX_POINT('',#3386) ;
#3407=VERTEX_POINT('',#3406) ;
#3420=VERTEX_POINT('',#3419) ;
#3441=VERTEX_POINT('',#3440) ;
#3448=VERTEX_POINT('',#3447) ;
#3467=VERTEX_POINT('',#3466) ;
#3486=VERTEX_POINT('',#3485) ;
#3505=VERTEX_POINT('',#3504) ;
#3524=VERTEX_POINT('',#3523) ;
#3555=VERTEX_POINT('',#3554) ;
#3562=VERTEX_POINT('',#3561) ;
#3581=VERTEX_POINT('',#3580) ;
#3600=VERTEX_POINT('',#3599) ;
#3619=VERTEX_POINT('',#3618) ;
#3638=VERTEX_POINT('',#3637) ;
#3669=VERTEX_POINT('',#3668) ;
#3676=VERTEX_POINT('',#3675) ;
#3695=VERTEX_POINT('',#3694) ;
#3714=VERTEX_POINT('',#3713) ;
#3733=VERTEX_POINT('',#3732) ;
#3740=VERTEX_POINT('',#3739) ;
#3760=VERTEX_POINT('',#3759) ;
#3791=VERTEX_POINT('',#3790) ;
#3798=VERTEX_POINT('',#3797) ;
#3817=VERTEX_POINT('',#3816) ;
#3836=VERTEX_POINT('',#3835) ;
#3855=VERTEX_POINT('',#3854) ;
#3879=VERTEX_POINT('',#3878) ;
#3910=VERTEX_POINT('',#3909) ;
#3917=VERTEX_POINT('',#3916) ;
#3936=VERTEX_POINT('',#3935) ;
#3955=VERTEX_POINT('',#3954) ;
#3974=VERTEX_POINT('',#3973) ;
#3993=VERTEX_POINT('',#3992) ;
#4029=VERTEX_POINT('',#4028) ;
#4036=VERTEX_POINT('',#4035) ;
#4055=VERTEX_POINT('',#4054) ;
#4096=VERTEX_POINT('',#4095) ;
#4103=VERTEX_POINT('',#4102) ;
#4127=VERTEX_POINT('',#4126) ;
#4206=VERTEX_POINT('',#4205) ;
#4212=VERTEX_POINT('',#4211) ;
#4267=VERTEX_POINT('',#4266) ;
#4303=VERTEX_POINT('',#4302) ;
#4345=VERTEX_POINT('',#4344) ;
#4352=VERTEX_POINT('',#4351) ;
#4462=VERTEX_POINT('',#4461) ;
#4475=VERTEX_POINT('',#4474) ;
#4505=VERTEX_POINT('',#4504) ;
#4536=VERTEX_POINT('',#4535) ;
#4569=VERTEX_POINT('',#4568) ;
#4596=VERTEX_POINT('',#4595) ;
#4626=VERTEX_POINT('',#4625) ;
#4659=VERTEX_POINT('',#4658) ;
#4686=VERTEX_POINT('',#4685) ;
#4710=VERTEX_POINT('',#4709) ;
#4734=VERTEX_POINT('',#4733) ;
#4741=VERTEX_POINT('',#4740) ;
#4818=VERTEX_POINT('',#4817) ;
#4831=VERTEX_POINT('',#4830) ;
#4853=VERTEX_POINT('',#4852) ;
#4904=VERTEX_POINT('',#4903) ;
#4984=VERTEX_POINT('',#4983) ;
#5016=VERTEX_POINT('',#5015) ;
#5051=VERTEX_POINT('',#5050) ;
#5053=VERTEX_POINT('',#5052) ;
#5084=VERTEX_POINT('',#5083) ;
#5112=VERTEX_POINT('',#5111) ;
#5119=VERTEX_POINT('',#5118) ;
#5161=VERTEX_POINT('',#5160) ;
#5212=VERTEX_POINT('',#5211) ;
#5219=VERTEX_POINT('',#5218) ;
#5245=VERTEX_POINT('',#5244) ;
#5273=VERTEX_POINT('',#5272) ;
#5280=VERTEX_POINT('',#5279) ;
#5322=VERTEX_POINT('',#5321) ;
#5373=VERTEX_POINT('',#5372) ;
#5375=VERTEX_POINT('',#5374) ;
#5406=VERTEX_POINT('',#5405) ;
#5429=VERTEX_POINT('',#5428) ;
#5460=VERTEX_POINT('',#5459) ;
#5493=VERTEX_POINT('',#5492) ;
#5520=VERTEX_POINT('',#5519) ;
#5566=VERTEX_POINT('',#5565) ;
#5568=VERTEX_POINT('',#5567) ;
#5599=VERTEX_POINT('',#5598) ;
#5622=VERTEX_POINT('',#5621) ;
#5671=VERTEX_POINT('',#5670) ;
#5717=VERTEX_POINT('',#5716) ;
#5724=VERTEX_POINT('',#5723) ;
#5750=VERTEX_POINT('',#5749) ;
#5773=VERTEX_POINT('',#5772) ;
#5780=VERTEX_POINT('',#5779) ;
#5859=VERTEX_POINT('',#5858) ;
#5872=VERTEX_POINT('',#5871) ;
#5899=VERTEX_POINT('',#5898) ;
#5950=VERTEX_POINT('',#5949) ;
#6030=VERTEX_POINT('',#6029) ;
#6057=VERTEX_POINT('',#6056) ;
#6069=VERTEX_POINT('',#6068) ;
#6076=VERTEX_POINT('',#6075) ;
#6118=VERTEX_POINT('',#6117) ;
#6120=VERTEX_POINT('',#6119) ;
#6151=VERTEX_POINT('',#6150) ;
#6179=VERTEX_POINT('',#6178) ;
#6206=VERTEX_POINT('',#6205) ;
#6224=VERTEX_POINT('',#6223) ;
#6331=VERTEX_POINT('',#6330) ;
#6333=VERTEX_POINT('',#6332) ;
#6355=VERTEX_POINT('',#6354) ;
#6411=VERTEX_POINT('',#6410) ;
#6464=VERTEX_POINT('',#6463) ;
#6496=VERTEX_POINT('',#6495) ;
#6576=VERTEX_POINT('',#6575) ;
#6603=VERTEX_POINT('',#6602) ;
#6605=VERTEX_POINT('',#6604) ;
#6617=VERTEX_POINT('',#6616) ;
#6624=VERTEX_POINT('',#6623) ;
#6666=VERTEX_POINT('',#6665) ;
#6697=VERTEX_POINT('',#6696) ;
#6725=VERTEX_POINT('',#6724) ;
#6732=VERTEX_POINT('',#6731) ;
#6814=VERTEX_POINT('',#6813) ;
#6816=VERTEX_POINT('',#6815) ;
#6880=VERTEX_POINT('',#6879) ;
#6915=VERTEX_POINT('',#6914) ;
#6995=VERTEX_POINT('',#6994) ;
#6997=VERTEX_POINT('',#6996) ;
#7032=VERTEX_POINT('',#7031) ;
#7083=VERTEX_POINT('',#7082) ;
#7085=VERTEX_POINT('',#7084) ;
#7114=VERTEX_POINT('',#7113) ;
#7133=VERTEX_POINT('',#7132) ;
#7213=VERTEX_POINT('',#7212) ;
#7240=VERTEX_POINT('',#7239) ;
#7247=VERTEX_POINT('',#7246) ;
#7277=VERTEX_POINT('',#7276) ;
#7310=VERTEX_POINT('',#7309) ;
#7337=VERTEX_POINT('',#7336) ;
#7367=VERTEX_POINT('',#7366) ;
#7400=VERTEX_POINT('',#7399) ;
#7427=VERTEX_POINT('',#7426) ;
#7535=VERTEX_POINT('',#7534) ;
#7565=VERTEX_POINT('',#7564) ;
#7591=VERTEX_POINT('',#7590) ;
#7614=VERTEX_POINT('',#7613) ;
#7621=VERTEX_POINT('',#7620) ;
#7648=VERTEX_POINT('',#7647) ;
#7671=VERTEX_POINT('',#7670) ;
#7673=VERTEX_POINT('',#7672) ;
#7749=VERTEX_POINT('',#7748) ;
#7772=VERTEX_POINT('',#7771) ;
#7779=VERTEX_POINT('',#7778) ;
#7806=VERTEX_POINT('',#7805) ;
#7829=VERTEX_POINT('',#7828) ;
#7831=VERTEX_POINT('',#7830) ;
#7910=VERTEX_POINT('',#7909) ;
#7917=VERTEX_POINT('',#7916) ;
#7943=VERTEX_POINT('',#7942) ;
#7971=VERTEX_POINT('',#7970) ;
#8002=VERTEX_POINT('',#8001) ;
#8035=VERTEX_POINT('',#8034) ;
#8057=VERTEX_POINT('',#8056) ;
#8105=VERTEX_POINT('',#8104) ;
#8128=VERTEX_POINT('',#8127) ;
#8135=VERTEX_POINT('',#8134) ;
#8162=VERTEX_POINT('',#8161) ;
#8185=VERTEX_POINT('',#8184) ;
#8187=VERTEX_POINT('',#8186) ;
#8263=VERTEX_POINT('',#8262) ;
#8281=VERTEX_POINT('',#8280) ;
#8288=VERTEX_POINT('',#8287) ;
#8295=VERTEX_POINT('',#8294) ;
#8337=VERTEX_POINT('',#8336) ;
#8339=VERTEX_POINT('',#8338) ;
#8475=VERTEX_POINT('',#8474) ;
#8549=VERTEX_POINT('',#8548) ;
#8584=VERTEX_POINT('',#8583) ;
#8649=VERTEX_POINT('',#8648) ;
#8921=VERTEX_POINT('',#8920) ;
#9097=VERTEX_POINT('',#9096) ;
#9104=VERTEX_POINT('',#9103) ;
#9128=VERTEX_POINT('',#9127) ;
#9237=VERTEX_POINT('',#9236) ;
#62=ADVANCED_FACE('Brake_pedal',(#61),#35,.F.) ;
#73=ADVANCED_FACE('Brake_pedal',(#72),#35,.F.) ;
#104=ADVANCED_FACE('Brake_pedal',(#103),#78,.F.) ;
#124=ADVANCED_FACE('Brake_pedal',(#123),#78,.F.) ;
#155=ADVANCED_FACE('Brake_pedal',(#154),#129,.F.) ;
#174=ADVANCED_FACE('Brake_pedal',(#173),#129,.F.) ;
#191=ADVANCED_FACE('Brake_pedal',(#190),#179,.F.) ;
#262=ADVANCED_FACE('Brake_pedal',(#230,#256,#261),#196,.F.) ;
#293=ADVANCED_FACE('Brake_pedal',(#292),#267,.T.) ;
#759=ADVANCED_FACE('Brake_pedal',(#340,#414,#464,#514,#564,#606,#656,#706,#732,#758),#298,.F.) ;
#783=ADVANCED_FACE('Brake_pedal',(#782),#764,.F.) ;
#1391=ADVANCED_FACE('Brake_pedal',(#823,#873,#1010,#1060,#1125,#1208,#1258,#1338,#1364,#1390),#788,.T.) ;
#1422=ADVANCED_FACE('Brake_pedal',(#1421),#1396,.F.) ;
#1446=ADVANCED_FACE('Brake_pedal',(#1445),#1427,.F.) ;
#1458=ADVANCED_FACE('Brake_pedal',(#1457),#1396,.F.) ;
#1547=ADVANCED_FACE('Brake_pedal',(#1474,#1546),#1463,.F.) ;
#1598=ADVANCED_FACE('Brake_pedal',(#1597),#1552,.T.) ;
#1630=ADVANCED_FACE('Brake_pedal',(#1629),#1603,.T.) ;
#1642=ADVANCED_FACE('Brake_pedal',(#1641),#1635,.T.) ;
#1693=ADVANCED_FACE('Brake_pedal',(#1692),#1552,.T.) ;
#1712=ADVANCED_FACE('Brake_pedal',(#1711),#1552,.T.) ;
#1744=ADVANCED_FACE('Brake_pedal',(#1743),#1717,.F.) ;
#1768=ADVANCED_FACE('Brake_pedal',(#1767),#1749,.F.) ;
#1800=ADVANCED_FACE('Brake_pedal',(#1799),#1773,.F.) ;
#1865=ADVANCED_FACE('Brake_pedal',(#1864),#1805,.F.) ;
#1897=ADVANCED_FACE('Brake_pedal',(#1896),#1870,.F.) ;
#1949=ADVANCED_FACE('Brake_pedal',(#1948),#1902,.F.) ;
#1966=ADVANCED_FACE('Brake_pedal',(#1965),#1954,.F.) ;
#1997=ADVANCED_FACE('Brake_pedal',(#1996),#1971,.T.) ;
#2021=ADVANCED_FACE('Brake_pedal',(#2020),#2002,.F.) ;
#2045=ADVANCED_FACE('Brake_pedal',(#2044),#2026,.F.) ;
#2069=ADVANCED_FACE('Brake_pedal',(#2068),#2050,.F.) ;
#2093=ADVANCED_FACE('Brake_pedal',(#2092),#2074,.F.) ;
#2110=ADVANCED_FACE('Brake_pedal',(#2109),#2098,.F.) ;
#2141=ADVANCED_FACE('Brake_pedal',(#2140),#2115,.T.) ;
#2165=ADVANCED_FACE('Brake_pedal',(#2164),#2146,.F.) ;
#2189=ADVANCED_FACE('Brake_pedal',(#2188),#2170,.T.) ;
#2213=ADVANCED_FACE('Brake_pedal',(#2212),#2194,.F.) ;
#2237=ADVANCED_FACE('Brake_pedal',(#2236),#2218,.T.) ;
#2254=ADVANCED_FACE('Brake_pedal',(#2253),#2242,.F.) ;
#2285=ADVANCED_FACE('Brake_pedal',(#2284),#2259,.T.) ;
#2309=ADVANCED_FACE('Brake_pedal',(#2308),#2290,.F.) ;
#2328=ADVANCED_FACE('Brake_pedal',(#2327),#2170,.T.) ;
#2360=ADVANCED_FACE('Brake_pedal',(#2359),#2333,.F.) ;
#2379=ADVANCED_FACE('Brake_pedal',(#2378),#1635,.T.) ;
#2396=ADVANCED_FACE('Brake_pedal',(#2395),#2384,.F.) ;
#2427=ADVANCED_FACE('Brake_pedal',(#2426),#2401,.F.) ;
#2451=ADVANCED_FACE('Brake_pedal',(#2450),#2432,.F.) ;
#2470=ADVANCED_FACE('Brake_pedal',(#2469),#1971,.T.) ;
#2494=ADVANCED_FACE('Brake_pedal',(#2493),#2475,.F.) ;
#2511=ADVANCED_FACE('Brake_pedal',(#2510),#2499,.F.) ;
#2542=ADVANCED_FACE('Brake_pedal',(#2541),#2516,.F.) ;
#2566=ADVANCED_FACE('Brake_pedal',(#2565),#2547,.F.) ;
#2610=ADVANCED_FACE('Brake_pedal',(#2609),#1971,.T.) ;
#2642=ADVANCED_FACE('Brake_pedal',(#2641),#2615,.F.) ;
#2694=ADVANCED_FACE('Brake_pedal',(#2693),#2647,.T.) ;
#2711=ADVANCED_FACE('Brake_pedal',(#2710),#2699,.F.) ;
#2742=ADVANCED_FACE('Brake_pedal',(#2741),#2716,.T.) ;
#2766=ADVANCED_FACE('Brake_pedal',(#2765),#2747,.F.) ;
#2790=ADVANCED_FACE('Brake_pedal',(#2789),#2771,.T.) ;
#2814=ADVANCED_FACE('Brake_pedal',(#2813),#2795,.F.) ;
#2833=ADVANCED_FACE('Brake_pedal',(#2832),#2170,.T.) ;
#2850=ADVANCED_FACE('Brake_pedal',(#2849),#2838,.F.) ;
#2881=ADVANCED_FACE('Brake_pedal',(#2880),#2855,.F.) ;
#2905=ADVANCED_FACE('Brake_pedal',(#2904),#2886,.F.) ;
#2917=ADVANCED_FACE('Brake_pedal',(#2916),#2886,.F.) ;
#2948=ADVANCED_FACE('Brake_pedal',(#2947),#2922,.F.) ;
#2972=ADVANCED_FACE('Brake_pedal',(#2971),#2953,.F.) ;
#2984=ADVANCED_FACE('Brake_pedal',(#2983),#2922,.F.) ;
#3010=ADVANCED_FACE('Brake_pedal',(#3009),#2615,.F.) ;
#3054=ADVANCED_FACE('Brake_pedal',(#3053),#1971,.T.) ;
#3073=ADVANCED_FACE('Brake_pedal',(#3072),#2547,.F.) ;
#3092=ADVANCED_FACE('Brake_pedal',(#3091),#2516,.F.) ;
#3111=ADVANCED_FACE('Brake_pedal',(#3110),#2699,.F.) ;
#3148=ADVANCED_FACE('Brake_pedal',(#3147),#2647,.T.) ;
#3174=ADVANCED_FACE('Brake_pedal',(#3173),#1954,.F.) ;
#3221=ADVANCED_FACE('Brake_pedal',(#3220),#1902,.F.) ;
#3248=ADVANCED_FACE('Brake_pedal',(#3247),#1870,.F.) ;
#3308=ADVANCED_FACE('Brake_pedal',(#3307),#1805,.F.) ;
#3335=ADVANCED_FACE('Brake_pedal',(#3334),#1773,.F.) ;
#3354=ADVANCED_FACE('Brake_pedal',(#3353),#1749,.F.) ;
#3381=ADVANCED_FACE('Brake_pedal',(#3380),#1717,.F.) ;
#3400=ADVANCED_FACE('Brake_pedal',(#3399),#1552,.T.) ;
#3435=ADVANCED_FACE('Brake_pedal',(#3434),#1552,.T.) ;
#3461=ADVANCED_FACE('Brake_pedal',(#3460),#2098,.F.) ;
#3480=ADVANCED_FACE('Brake_pedal',(#3479),#2074,.F.) ;
#3499=ADVANCED_FACE('Brake_pedal',(#3498),#2050,.F.) ;
#3518=ADVANCED_FACE('Brake_pedal',(#3517),#2026,.F.) ;
#3537=ADVANCED_FACE('Brake_pedal',(#3536),#2002,.F.) ;
#3549=ADVANCED_FACE('Brake_pedal',(#3548),#1971,.T.) ;
#3575=ADVANCED_FACE('Brake_pedal',(#3574),#2242,.F.) ;
#3594=ADVANCED_FACE('Brake_pedal',(#3593),#2218,.T.) ;
#3613=ADVANCED_FACE('Brake_pedal',(#3612),#2194,.F.) ;
#3632=ADVANCED_FACE('Brake_pedal',(#3631),#2170,.T.) ;
#3651=ADVANCED_FACE('Brake_pedal',(#3650),#2146,.F.) ;
#3663=ADVANCED_FACE('Brake_pedal',(#3662),#2115,.T.) ;
#3689=ADVANCED_FACE('Brake_pedal',(#3688),#2259,.T.) ;
#3708=ADVANCED_FACE('Brake_pedal',(#3707),#2384,.F.) ;
#3727=ADVANCED_FACE('Brake_pedal',(#3726),#1635,.T.) ;
#3754=ADVANCED_FACE('Brake_pedal',(#3753),#2333,.F.) ;
#3773=ADVANCED_FACE('Brake_pedal',(#3772),#2170,.T.) ;
#3785=ADVANCED_FACE('Brake_pedal',(#3784),#2290,.F.) ;
#3811=ADVANCED_FACE('Brake_pedal',(#3810),#2432,.F.) ;
#3830=ADVANCED_FACE('Brake_pedal',(#3829),#2401,.F.) ;
#3849=ADVANCED_FACE('Brake_pedal',(#3848),#2499,.F.) ;
#3868=ADVANCED_FACE('Brake_pedal',(#3867),#2475,.F.) ;
#3892=ADVANCED_FACE('Brake_pedal',(#3891),#3873,.F.) ;
#3904=ADVANCED_FACE('Brake_pedal',(#3903),#1971,.T.) ;
#3930=ADVANCED_FACE('Brake_pedal',(#3929),#2838,.F.) ;
#3949=ADVANCED_FACE('Brake_pedal',(#3948),#2170,.T.) ;
#3968=ADVANCED_FACE('Brake_pedal',(#3967),#2795,.F.) ;
#3987=ADVANCED_FACE('Brake_pedal',(#3986),#2771,.T.) ;
#4006=ADVANCED_FACE('Brake_pedal',(#4005),#2747,.F.) ;
#4018=ADVANCED_FACE('Brake_pedal',(#4017),#2716,.T.) ;
#4049=ADVANCED_FACE('Brake_pedal',(#4048),#4023,.F.) ;
#4068=ADVANCED_FACE('Brake_pedal',(#4067),#4023,.F.) ;
#4085=ADVANCED_FACE('Brake_pedal',(#4084),#4073,.F.) ;
#4116=ADVANCED_FACE('Brake_pedal',(#4115),#4090,.F.) ;
#4140=ADVANCED_FACE('Brake_pedal',(#4139),#4121,.F.) ;
#4152=ADVANCED_FACE('Brake_pedal',(#4151),#4090,.F.) ;
#4174=ADVANCED_FACE('Brake_pedal',(#4173),#4157,.F.) ;
#4182=ADVANCED_FACE('Brake_pedal',(#4181),#4157,.F.) ;
#4231=ADVANCED_FACE('Brake_pedal',(#4230),#4183,.T.) ;
#4292=ADVANCED_FACE('Brake_pedal',(#4291),#4232,.T.) ;
#4316=ADVANCED_FACE('Brake_pedal',(#4315),#4297,.F.) ;
#4334=ADVANCED_FACE('Brake_pedal',(#4333),#4297,.F.) ;
#4368=ADVANCED_FACE('Brake_pedal',(#4367),#4339,.F.) ;
#4494=ADVANCED_FACE('Brake_pedal',(#4493),#4369,.T.) ;
#4519=ADVANCED_FACE('Brake_pedal',(#4518),#4499,.F.) ;
#4552=ADVANCED_FACE('Brake_pedal',(#4551),#4530,.T.) ;
#4585=ADVANCED_FACE('Brake_pedal',(#4584),#4563,.T.) ;
#4609=ADVANCED_FACE('Brake_pedal',(#4608),#4590,.F.) ;
#4642=ADVANCED_FACE('Brake_pedal',(#4641),#4620,.T.) ;
#4675=ADVANCED_FACE('Brake_pedal',(#4674),#4653,.T.) ;
#4699=ADVANCED_FACE('Brake_pedal',(#4698),#4680,.F.) ;
#4723=ADVANCED_FACE('Brake_pedal',(#4722),#4704,.F.) ;
#4754=ADVANCED_FACE('Brake_pedal',(#4753),#4728,.F.) ;
#4847=ADVANCED_FACE('Brake_pedal',(#4846),#4755,.F.) ;
#4866=ADVANCED_FACE('Brake_pedal',(#4865),#4680,.F.) ;
#4882=ADVANCED_FACE('Brake_pedal',(#4881),#4871,.F.) ;
#4893=ADVANCED_FACE('Brake_pedal',(#4892),#4871,.F.) ;
#4917=ADVANCED_FACE('Brake_pedal',(#4916),#4898,.F.) ;
#5000=ADVANCED_FACE('Brake_pedal',(#4999),#4918,.F.) ;
#5029=ADVANCED_FACE('Brake_pedal',(#5028),#5005,.F.) ;
#5040=ADVANCED_FACE('Brake_pedal',(#5039),#5034,.F.) ;
#5071=ADVANCED_FACE('Brake_pedal',(#5070),#5045,.F.) ;
#5096=ADVANCED_FACE('Brake_pedal',(#5095),#5076,.F.) ;
#5134=ADVANCED_FACE('Brake_pedal',(#5133),#5101,.F.) ;
#5150=ADVANCED_FACE('Brake_pedal',(#5149),#5139,.F.) ;
#5185=ADVANCED_FACE('Brake_pedal',(#5184),#5155,.F.) ;
#5201=ADVANCED_FACE('Brake_pedal',(#5200),#5190,.F.) ;
#5232=ADVANCED_FACE('Brake_pedal',(#5231),#5206,.F.) ;
#5257=ADVANCED_FACE('Brake_pedal',(#5256),#5237,.F.) ;
#5295=ADVANCED_FACE('Brake_pedal',(#5294),#5262,.F.) ;
#5311=ADVANCED_FACE('Brake_pedal',(#5310),#5300,.F.) ;
#5346=ADVANCED_FACE('Brake_pedal',(#5345),#5316,.F.) ;
#5362=ADVANCED_FACE('Brake_pedal',(#5361),#5351,.F.) ;
#5393=ADVANCED_FACE('Brake_pedal',(#5392),#5367,.F.) ;
#5418=ADVANCED_FACE('Brake_pedal',(#5417),#5398,.F.) ;
#5443=ADVANCED_FACE('Brake_pedal',(#5442),#5262,.F.) ;
#5476=ADVANCED_FACE('Brake_pedal',(#5475),#5454,.T.) ;
#5509=ADVANCED_FACE('Brake_pedal',(#5508),#5487,.T.) ;
#5539=ADVANCED_FACE('Brake_pedal',(#5538),#5514,.F.) ;
#5555=ADVANCED_FACE('Brake_pedal',(#5554),#5544,.F.) ;
#5586=ADVANCED_FACE('Brake_pedal',(#5585),#5560,.F.) ;
#5611=ADVANCED_FACE('Brake_pedal',(#5610),#5591,.F.) ;
#5660=ADVANCED_FACE('Brake_pedal',(#5659),#5045,.F.) ;
#5690=ADVANCED_FACE('Brake_pedal',(#5689),#5665,.F.) ;
#5706=ADVANCED_FACE('Brake_pedal',(#5705),#5695,.F.) ;
#5737=ADVANCED_FACE('Brake_pedal',(#5736),#5711,.F.) ;
#5762=ADVANCED_FACE('Brake_pedal',(#5761),#5742,.F.) ;
#5795=ADVANCED_FACE('Brake_pedal',(#5794),#5045,.F.) ;
#5888=ADVANCED_FACE('Brake_pedal',(#5887),#5796,.T.) ;
#5912=ADVANCED_FACE('Brake_pedal',(#5911),#5893,.F.) ;
#5928=ADVANCED_FACE('Brake_pedal',(#5927),#5917,.F.) ;
#5939=ADVANCED_FACE('Brake_pedal',(#5938),#5917,.F.) ;
#5963=ADVANCED_FACE('Brake_pedal',(#5962),#5944,.F.) ;
#6046=ADVANCED_FACE('Brake_pedal',(#6045),#5964,.T.) ;
#6091=ADVANCED_FACE('Brake_pedal',(#6090),#6051,.F.) ;
#6107=ADVANCED_FACE('Brake_pedal',(#6106),#6096,.F.) ;
#6138=ADVANCED_FACE('Brake_pedal',(#6137),#6112,.F.) ;
#6163=ADVANCED_FACE('Brake_pedal',(#6162),#6143,.F.) ;
#6193=ADVANCED_FACE('Brake_pedal',(#6192),#6168,.F.) ;
#6218=ADVANCED_FACE('Brake_pedal',(#6217),#6198,.F.) ;
#6249=ADVANCED_FACE('Brake_pedal',(#6248),#5262,.F.) ;
#6265=ADVANCED_FACE('Brake_pedal',(#6264),#6254,.F.) ;
#6289=ADVANCED_FACE('Brake_pedal',(#6288),#6270,.F.) ;
#6296=ADVANCED_FACE('Brake_pedal',(#6295),#6270,.F.) ;
#6381=ADVANCED_FACE('Brake_pedal',(#6380),#6301,.F.) ;
#6444=ADVANCED_FACE('Brake_pedal',(#6443),#6301,.F.) ;
#6485=ADVANCED_FACE('Brake_pedal',(#6484),#6449,.F.) ;
#6509=ADVANCED_FACE('Brake_pedal',(#6508),#6490,.F.) ;
#6592=ADVANCED_FACE('Brake_pedal',(#6591),#6510,.T.) ;
#6639=ADVANCED_FACE('Brake_pedal',(#6638),#6597,.F.) ;
#6655=ADVANCED_FACE('Brake_pedal',(#6654),#6644,.F.) ;
#6684=ADVANCED_FACE('Brake_pedal',(#6683),#6660,.F.) ;
#6709=ADVANCED_FACE('Brake_pedal',(#6708),#6689,.F.) ;
#6747=ADVANCED_FACE('Brake_pedal',(#6746),#6714,.F.) ;
#6840=ADVANCED_FACE('Brake_pedal',(#6839),#6748,.T.) ;
#6857=ADVANCED_FACE('Brake_pedal',(#6856),#6845,.F.) ;
#6904=ADVANCED_FACE('Brake_pedal',(#6903),#6862,.F.) ;
#6928=ADVANCED_FACE('Brake_pedal',(#6927),#6909,.F.) ;
#7021=ADVANCED_FACE('Brake_pedal',(#7020),#6929,.F.) ;
#7045=ADVANCED_FACE('Brake_pedal',(#7044),#7026,.F.) ;
#7061=ADVANCED_FACE('Brake_pedal',(#7060),#7050,.F.) ;
#7072=ADVANCED_FACE('Brake_pedal',(#7071),#7050,.F.) ;
#7103=ADVANCED_FACE('Brake_pedal',(#7102),#7077,.F.) ;
#7127=ADVANCED_FACE('Brake_pedal',(#7126),#7108,.F.) ;
#7146=ADVANCED_FACE('Brake_pedal',(#7145),#7108,.F.) ;
#7229=ADVANCED_FACE('Brake_pedal',(#7228),#7147,.F.) ;
#7260=ADVANCED_FACE('Brake_pedal',(#7259),#7234,.F.) ;
#7293=ADVANCED_FACE('Brake_pedal',(#7292),#7271,.T.) ;
#7326=ADVANCED_FACE('Brake_pedal',(#7325),#7304,.T.) ;
#7350=ADVANCED_FACE('Brake_pedal',(#7349),#7331,.F.) ;
#7383=ADVANCED_FACE('Brake_pedal',(#7382),#7361,.T.) ;
#7416=ADVANCED_FACE('Brake_pedal',(#7415),#7394,.T.) ;
#7441=ADVANCED_FACE('Brake_pedal',(#7440),#7421,.F.) ;
#7554=ADVANCED_FACE('Brake_pedal',(#7553),#7442,.T.) ;
#7578=ADVANCED_FACE('Brake_pedal',(#7577),#7559,.F.) ;
#7603=ADVANCED_FACE('Brake_pedal',(#7602),#7583,.F.) ;
#7635=ADVANCED_FACE('Brake_pedal',(#7634),#7608,.F.) ;
#7660=ADVANCED_FACE('Brake_pedal',(#7659),#7640,.F.) ;
#7698=ADVANCED_FACE('Brake_pedal',(#7697),#7665,.F.) ;
#7714=ADVANCED_FACE('Brake_pedal',(#7713),#7703,.F.) ;
#7736=ADVANCED_FACE('Brake_pedal',(#7735),#6597,.F.) ;
#7761=ADVANCED_FACE('Brake_pedal',(#7760),#7741,.F.) ;
#7793=ADVANCED_FACE('Brake_pedal',(#7792),#7766,.F.) ;
#7818=ADVANCED_FACE('Brake_pedal',(#7817),#7798,.F.) ;
#7856=ADVANCED_FACE('Brake_pedal',(#7855),#7823,.F.) ;
#7872=ADVANCED_FACE('Brake_pedal',(#7871),#7861,.F.) ;
#7899=ADVANCED_FACE('Brake_pedal',(#7898),#7877,.F.) ;
#7930=ADVANCED_FACE('Brake_pedal',(#7929),#7904,.F.) ;
#7955=ADVANCED_FACE('Brake_pedal',(#7954),#7935,.F.) ;
#7985=ADVANCED_FACE('Brake_pedal',(#7984),#7960,.F.) ;
#8018=ADVANCED_FACE('Brake_pedal',(#8017),#7996,.T.) ;
#8051=ADVANCED_FACE('Brake_pedal',(#8050),#8029,.T.) ;
#8076=ADVANCED_FACE('Brake_pedal',(#8075),#7823,.F.) ;
#8092=ADVANCED_FACE('Brake_pedal',(#8091),#8081,.F.) ;
#8117=ADVANCED_FACE('Brake_pedal',(#8116),#8097,.F.) ;
#8149=ADVANCED_FACE('Brake_pedal',(#8148),#8122,.F.) ;
#8174=ADVANCED_FACE('Brake_pedal',(#8173),#8154,.F.) ;
#8212=ADVANCED_FACE('Brake_pedal',(#8211),#8179,.F.) ;
#8228=ADVANCED_FACE('Brake_pedal',(#8227),#8217,.F.) ;
#8250=ADVANCED_FACE('Brake_pedal',(#8249),#6597,.F.) ;
#8275=ADVANCED_FACE('Brake_pedal',(#8274),#8255,.F.) ;
#8310=ADVANCED_FACE('Brake_pedal',(#8309),#7823,.F.) ;
#8326=ADVANCED_FACE('Brake_pedal',(#8325),#8315,.F.) ;
#8363=ADVANCED_FACE('Brake_pedal',(#8362),#8331,.F.) ;
#8379=ADVANCED_FACE('Brake_pedal',(#8378),#8368,.F.) ;
#8406=ADVANCED_FACE('Brake_pedal',(#8405),#8384,.F.) ;
#8430=ADVANCED_FACE('Brake_pedal',(#8429),#8411,.F.) ;
#8439=ADVANCED_FACE('Brake_pedal',(#8438),#8411,.F.) ;
#8462=ADVANCED_FACE('Brake_pedal',(#8461),#8444,.T.) ;
#8487=ADVANCED_FACE('Brake_pedal',(#8486),#8467,.F.) ;
#8500=ADVANCED_FACE('Brake_pedal',(#8499),#8467,.F.) ;
#8522=ADVANCED_FACE('Brake_pedal',(#8521),#8505,.T.) ;
#8538=ADVANCED_FACE('Brake_pedal',(#8537),#8527,.F.) ;
#8561=ADVANCED_FACE('Brake_pedal',(#8560),#8543,.F.) ;
#8572=ADVANCED_FACE('Brake_pedal',(#8571),#8543,.F.) ;
#8596=ADVANCED_FACE('Brake_pedal',(#8595),#8577,.F.) ;
#8609=ADVANCED_FACE('Brake_pedal',(#8608),#8577,.F.) ;
#8631=ADVANCED_FACE('Brake_pedal',(#8630),#8614,.T.) ;
#8637=ADVANCED_FACE('Brake_pedal',(#8636),#8527,.F.) ;
#8661=ADVANCED_FACE('Brake_pedal',(#8660),#8642,.F.) ;
#8675=ADVANCED_FACE('Brake_pedal',(#8674),#8642,.F.) ;
#8681=ADVANCED_FACE('Brake_pedal',(#8680),#8444,.T.) ;
#8687=ADVANCED_FACE('Brake_pedal',(#8686),#5076,.F.) ;
#8693=ADVANCED_FACE('Brake_pedal',(#8692),#5190,.F.) ;
#8699=ADVANCED_FACE('Brake_pedal',(#8698),#5139,.F.) ;
#8705=ADVANCED_FACE('Brake_pedal',(#8704),#5351,.F.) ;
#8711=ADVANCED_FACE('Brake_pedal',(#8710),#8444,.T.) ;
#8717=ADVANCED_FACE('Brake_pedal',(#8716),#5237,.F.) ;
#8723=ADVANCED_FACE('Brake_pedal',(#8722),#5300,.F.) ;
#8731=ADVANCED_FACE('Brake_pedal',(#8730),#8444,.T.) ;
#8737=ADVANCED_FACE('Brake_pedal',(#8736),#5398,.F.) ;
#8743=ADVANCED_FACE('Brake_pedal',(#8742),#5544,.F.) ;
#8749=ADVANCED_FACE('Brake_pedal',(#8748),#8444,.T.) ;
#8755=ADVANCED_FACE('Brake_pedal',(#8754),#5591,.F.) ;
#8761=ADVANCED_FACE('Brake_pedal',(#8760),#5695,.F.) ;
#8767=ADVANCED_FACE('Brake_pedal',(#8766),#6096,.F.) ;
#8779=ADVANCED_FACE('Brake_pedal',(#8778),#8444,.T.) ;
#8785=ADVANCED_FACE('Brake_pedal',(#8784),#5742,.F.) ;
#8806=ADVANCED_FACE('Brake_pedal',(#8805),#8790,.F.) ;
#8812=ADVANCED_FACE('Brake_pedal',(#8811),#8790,.F.) ;
#8834=ADVANCED_FACE('Brake_pedal',(#8833),#8817,.T.) ;
#8840=ADVANCED_FACE('Brake_pedal',(#8839),#8527,.F.) ;
#8856=ADVANCED_FACE('Brake_pedal',(#8855),#8845,.F.) ;
#8870=ADVANCED_FACE('Brake_pedal',(#8869),#8845,.F.) ;
#8876=ADVANCED_FACE('Brake_pedal',(#8875),#8444,.T.) ;
#8882=ADVANCED_FACE('Brake_pedal',(#8881),#6143,.F.) ;
#8888=ADVANCED_FACE('Brake_pedal',(#8887),#6254,.F.) ;
#8894=ADVANCED_FACE('Brake_pedal',(#8893),#6198,.F.) ;
#8910=ADVANCED_FACE('Brake_pedal',(#8909),#8899,.T.) ;
#8935=ADVANCED_FACE('Brake_pedal',(#8934),#8915,.T.) ;
#8951=ADVANCED_FACE('Brake_pedal',(#8950),#8940,.F.) ;
#8957=ADVANCED_FACE('Brake_pedal',(#8956),#6644,.F.) ;
#8968=ADVANCED_FACE('Brake_pedal',(#8967),#8940,.F.) ;
#8985=ADVANCED_FACE('Brake_pedal',(#8984),#8973,.F.) ;
#8991=ADVANCED_FACE('Brake_pedal',(#8990),#6689,.F.) ;
#9015=ADVANCED_FACE('Brake_pedal',(#9014),#8996,.F.) ;
#9021=ADVANCED_FACE('Brake_pedal',(#9020),#8996,.F.) ;
#9039=ADVANCED_FACE('Brake_pedal',(#9038),#8973,.F.) ;
#9058=ADVANCED_FACE('Brake_pedal',(#9057),#9044,.F.) ;
#9080=ADVANCED_FACE('Brake_pedal',(#9079),#9063,.T.) ;
#9086=ADVANCED_FACE('Brake_pedal',(#9085),#8899,.T.) ;
#9117=ADVANCED_FACE('Brake_pedal',(#9116),#9091,.T.) ;
#9140=ADVANCED_FACE('Brake_pedal',(#9139),#9122,.F.) ;
#9157=ADVANCED_FACE('Brake_pedal',(#9156),#8899,.T.) ;
#9197=ADVANCED_FACE('Brake_pedal',(#9196),#9162,.F.) ;
#9208=ADVANCED_FACE('Brake_pedal',(#9207),#9122,.F.) ;
#9225=ADVANCED_FACE('Brake_pedal',(#9224),#9213,.T.) ;
#9250=ADVANCED_FACE('Brake_pedal',(#9249),#9230,.F.) ;
#9263=ADVANCED_FACE('Brake_pedal',(#9262),#9230,.F.) ;
#9269=ADVANCED_FACE('Brake_pedal',(#9268),#7583,.F.) ;
#9275=ADVANCED_FACE('Brake_pedal',(#9274),#8973,.F.) ;
#9281=ADVANCED_FACE('Brake_pedal',(#9280),#7640,.F.) ;
#9287=ADVANCED_FACE('Brake_pedal',(#9286),#7703,.F.) ;
#9293=ADVANCED_FACE('Brake_pedal',(#9292),#7741,.F.) ;
#9299=ADVANCED_FACE('Brake_pedal',(#9298),#8973,.F.) ;
#9305=ADVANCED_FACE('Brake_pedal',(#9304),#7798,.F.) ;
#9311=ADVANCED_FACE('Brake_pedal',(#9310),#7861,.F.) ;
#9317=ADVANCED_FACE('Brake_pedal',(#9316),#8081,.F.) ;
#9325=ADVANCED_FACE('Brake_pedal',(#9324),#8973,.F.) ;
#9331=ADVANCED_FACE('Brake_pedal',(#9330),#7935,.F.) ;
#9337=ADVANCED_FACE('Brake_pedal',(#9336),#8097,.F.) ;
#9343=ADVANCED_FACE('Brake_pedal',(#9342),#8973,.F.) ;
#9349=ADVANCED_FACE('Brake_pedal',(#9348),#8154,.F.) ;
#9355=ADVANCED_FACE('Brake_pedal',(#9354),#8217,.F.) ;
#9361=ADVANCED_FACE('Brake_pedal',(#9360),#8255,.F.) ;
#9367=ADVANCED_FACE('Brake_pedal',(#9366),#8973,.F.) ;
#9373=ADVANCED_FACE('Brake_pedal',(#9372),#8315,.F.) ;
#9379=ADVANCED_FACE('Brake_pedal',(#9378),#8368,.F.) ;
#9393=ADVANCED_FACE('Brake_pedal',(#9392),#9384,.F.) ;
#9407=ADVANCED_FACE('Brake_pedal',(#9406),#9398,.F.) ;
#9419=ADVANCED_FACE('Brake_pedal',(#9418),#9412,.F.) ;
#9432=ADVANCED_FACE('Brake_pedal',(#9431),#9424,.F.) ;
#9444=ADVANCED_FACE('Brake_pedal',(#9443),#9437,.F.) ;
#9458=ADVANCED_FACE('Brake_pedal',(#9457),#9449,.F.) ;
#4=APPLICATION_PROTOCOL_DEFINITION('international standard','ap242_managed_model_based_3d_engineering',2014,#1) ;
#890=B_SPLINE_CURVE_WITH_KNOTS('',5,(#891,#892,#893,#894,#895,#896,#897,#898,#899,#900,#901,#902,#903,#904,#905,#906,#907,#908),.UNSPECIFIED.,.F.,.U.,(6,3,3,3,3,6),(0.,1.27728468145,2.55456940881,3.83185415088,5.10914210231,5.43445358631),.UNSPECIFIED.) ;
#919=B_SPLINE_CURVE_WITH_KNOTS('',5,(#920,#921,#922,#923,#924,#925,#926,#927,#928,#929,#930,#931,#932,#933,#934,#935,#936,#937),.UNSPECIFIED.,.F.,.U.,(6,3,3,3,3,6),(0.,1.47362229431,2.94724461042,4.42086693319,5.89448924901,7.17235212665),.UNSPECIFIED.) ;
#948=B_SPLINE_CURVE_WITH_KNOTS('',5,(#949,#950,#951,#952,#953,#954,#955,#956,#957,#958,#959,#960,#961,#962,#963),.UNSPECIFIED.,.F.,.U.,(6,3,3,3,6),(0.,1.47367536102,2.94735071608,4.42102605701,5.79315757149),.UNSPECIFIED.) ;
#967=B_SPLINE_CURVE_WITH_KNOTS('',5,(#968,#969,#970,#971,#972,#973),.UNSPECIFIED.,.F.,.U.,(6,6),(0.,4.22010456249),.UNSPECIFIED.) ;
#977=B_SPLINE_CURVE_WITH_KNOTS('',5,(#978,#979,#980,#981,#982,#983,#984,#985,#986,#987,#988,#989,#990,#991,#992,#993,#994,#995,#996,#997,#998),.UNSPECIFIED.,.F.,.U.,(6,3,3,3,3,3,6),(0.,6.25053871096,12.5010774373,18.7516161377,25.0021548206,31.2526935122,37.1359360641),.UNSPECIFIED.) ;
#1077=B_SPLINE_CURVE_WITH_KNOTS('',5,(#1078,#1079,#1080,#1081,#1082,#1083,#1084,#1085,#1086,#1087,#1088,#1089,#1090,#1091,#1092,#1093,#1094,#1095),.UNSPECIFIED.,.F.,.U.,(6,3,3,3,3,6),(0.,1.27741466528,2.55482932681,3.83224400892,5.10966121401,5.24518929718),.UNSPECIFIED.) ;
#1142=B_SPLINE_CURVE_WITH_KNOTS('',5,(#1143,#1144,#1145,#1146,#1147,#1148,#1149,#1150,#1151),.UNSPECIFIED.,.F.,.U.,(6,3,6),(0.,6.24774404395,8.64252532599),.UNSPECIFIED.) ;
#1155=B_SPLINE_CURVE_WITH_KNOTS('',5,(#1156,#1157,#1158,#1159,#1160,#1161,#1162,#1163,#1164,#1165,#1166,#1167,#1168,#1169,#1170),.UNSPECIFIED.,.F.,.U.,(6,3,3,3,6),(0.,1.4736753325,2.94735065068,4.42102596569,5.79311183272),.UNSPECIFIED.) ;
#1181=B_SPLINE_CURVE_WITH_KNOTS('',5,(#1182,#1183,#1184,#1185,#1186,#1187,#1188,#1189,#1190,#1191,#1192,#1193,#1194,#1195,#1196,#1197,#1198,#1199),.UNSPECIFIED.,.F.,.U.,(6,3,3,3,3,6),(0.,1.27733844246,2.55467689668,3.83201536291,5.10935673388,5.34445649602),.UNSPECIFIED.) ;
#1259=B_SPLINE_CURVE_WITH_KNOTS('',5,(#1260,#1261,#1262,#1263,#1264,#1265,#1266,#1267,#1268,#1269,#1270,#1271,#1272,#1273,#1274,#1275,#1276,#1277),.UNSPECIFIED.,.F.,.U.,(6,3,3,3,3,6),(0.,1.27741465063,2.55482931442,3.83224400874,5.10966121692,5.24518930022),.UNSPECIFIED.) ;
#1290=B_SPLINE_CURVE_WITH_KNOTS('',5,(#1291,#1292,#1293,#1294,#1295,#1296,#1297,#1298,#1299,#1300,#1301,#1302,#1303,#1304,#1305,#1306,#1307,#1308),.UNSPECIFIED.,.F.,.U.,(6,3,3,3,3,6),(0.,1.27733845817,2.55467690165,3.83201535516,5.10935671571,5.3444564815),.UNSPECIFIED.) ;
#1475=B_SPLINE_CURVE_WITH_KNOTS('',5,(#1476,#1477,#1478,#1479,#1480,#1481,#1482,#1483,#1484,#1485,#1486,#1487,#1488,#1489,#1490,#1491,#1492,#1493,#1494,#1495,#1496,#1497,#1498,#1499,#1500,#1501,#1502,#1503,#1504,#1505),.UNSPECIFIED.,.F.,.U.,(6,3,3,3,3,3,3,3,3,6),(0.,0.0640352774633,1.02460096316,2.51170954041,3.69661231488,4.56076918161,5.45653425858,7.48788896849,9.75130832976,10.2276041337),.UNSPECIFIED.) ;
#1511=B_SPLINE_CURVE_WITH_KNOTS('',5,(#1512,#1513,#1514,#1515,#1516,#1517,#1518,#1519,#1520,#1521,#1522,#1523,#1524,#1525,#1526,#1527,#1528,#1529,#1530,#1531,#1532,#1533,#1534,#1535,#1536,#1537,#1538,#1539,#1540,#1541),.UNSPECIFIED.,.F.,.U.,(6,3,3,3,3,3,3,3,3,6),(0.,0.0640352774558,1.02460096302,2.51170953975,3.69661231353,4.56076918026,5.45653425727,7.48788896735,9.75130832864,10.2276041326),.UNSPECIFIED.) ;
#1567=B_SPLINE_CURVE_WITH_KNOTS('',3,(#1568,#1569,#1570,#1571),.UNSPECIFIED.,.F.,.U.,(4,4),(0.,1.57590040526),.UNSPECIFIED.) ;
#1575=B_SPLINE_CURVE_WITH_KNOTS('',5,(#1576,#1577,#1578,#1579,#1580,#1581,#1582,#1583,#1584,#1585,#1586,#1587),.UNSPECIFIED.,.F.,.U.,(6,3,3,6),(0.,3.05598975559,4.59854305302,7.75182508922),.UNSPECIFIED.) ;
#1664=B_SPLINE_CURVE_WITH_KNOTS('',5,(#1665,#1666,#1667,#1668,#1669,#1670,#1671,#1672,#1673,#1674,#1675,#1676),.UNSPECIFIED.,.F.,.U.,(6,3,3,6),(0.,2.40196508498,4.71667881182,6.94601504522),.UNSPECIFIED.) ;
#1827=B_SPLINE_CURVE_WITH_KNOTS('',5,(#1828,#1829,#1830,#1831,#1832,#1833,#1834,#1835,#1836,#1837,#1838,#1839),.UNSPECIFIED.,.F.,.U.,(6,3,3,6),(0.,2.40703499781,4.81390750709,6.68401617585),.UNSPECIFIED.) ;
#1917=B_SPLINE_CURVE_WITH_KNOTS('',5,(#1918,#1919,#1920,#1921,#1922,#1923,#1924,#1925,#1926,#1927,#1928,#1929,#1930,#1931,#1932),.UNSPECIFIED.,.F.,.U.,(6,3,3,3,6),(0.,1.66278735058,4.07628026902,6.81576258929,7.33412191316),.UNSPECIFIED.) ;
#2574=B_SPLINE_CURVE_WITH_KNOTS('',5,(#2575,#2576,#2577,#2578,#2579,#2580,#2581,#2582,#2583,#2584,#2585,#2586),.UNSPECIFIED.,.F.,.U.,(6,3,3,6),(0.,2.40676122939,4.81368140689,6.6840056862),.UNSPECIFIED.) ;
#2655=B_SPLINE_CURVE_WITH_KNOTS('',5,(#2656,#2657,#2658,#2659,#2660,#2661,#2662,#2663,#2664,#2665,#2666,#2667,#2668,#2669,#2670),.UNSPECIFIED.,.F.,.U.,(6,3,3,3,6),(0.,2.78283793798,5.25272110186,6.93150494832,7.33372762394),.UNSPECIFIED.) ;
#3018=B_SPLINE_CURVE_WITH_KNOTS('',5,(#3019,#3020,#3021,#3022,#3023,#3024,#3025,#3026,#3027,#3028,#3029,#3030),.UNSPECIFIED.,.F.,.U.,(6,3,3,6),(0.,2.40686408872,4.81394938908,6.68422026313),.UNSPECIFIED.) ;
#3119=B_SPLINE_CURVE_WITH_KNOTS('',5,(#3120,#3121,#3122,#3123,#3124,#3125,#3126,#3127,#3128,#3129,#3130,#3131),.UNSPECIFIED.,.F.,.U.,(6,3,3,6),(0.,2.79727557057,5.26198249509,7.3364644041),.UNSPECIFIED.) ;
#3182=B_SPLINE_CURVE_WITH_KNOTS('',5,(#3183,#3184,#3185,#3186,#3187,#3188,#3189,#3190,#3191,#3192,#3193,#3194,#3195,#3196,#3197),.UNSPECIFIED.,.F.,.U.,(6,3,3,3,6),(0.,1.66268488207,4.0761523039,6.81567988616,7.33407474536),.UNSPECIFIED.) ;
#3277=B_SPLINE_CURVE_WITH_KNOTS('',5,(#3278,#3279,#3280,#3281,#3282,#3283,#3284,#3285,#3286,#3287,#3288,#3289),.UNSPECIFIED.,.F.,.U.,(6,3,3,6),(0.,2.40703493288,4.81390744985,6.68401612736),.UNSPECIFIED.) ;
#3401=B_SPLINE_CURVE_WITH_KNOTS('',3,(#3402,#3403,#3404,#3405),.UNSPECIFIED.,.F.,.U.,(4,4),(-1.65708632257,1.65708632257),.UNSPECIFIED.) ;
#3409=B_SPLINE_CURVE_WITH_KNOTS('',5,(#3410,#3411,#3412,#3413,#3414,#3415,#3416,#3417,#3418),.UNSPECIFIED.,.F.,.U.,(6,3,6),(0.,2.52667777119,6.26093240747),.UNSPECIFIED.) ;
#4202=B_SPLINE_CURVE_WITH_KNOTS('',1,(#4203,#4204),.UNSPECIFIED.,.F.,.U.,(2,2),(0.,0.694078021411),.UNSPECIFIED.) ;
#4208=B_SPLINE_CURVE_WITH_KNOTS('',1,(#4209,#4210),.UNSPECIFIED.,.F.,.U.,(2,2),(0.,0.694078021411),.UNSPECIFIED.) ;
#4214=B_SPLINE_CURVE_WITH_KNOTS('',5,(#4215,#4216,#4217,#4218,#4219,#4220,#4221,#4222,#4223),.UNSPECIFIED.,.F.,.U.,(6,3,6),(8.64963394741,9.1078622367,9.61042637055),.UNSPECIFIED.) ;
#4263=B_SPLINE_CURVE_WITH_KNOTS('',1,(#4264,#4265),.UNSPECIFIED.,.F.,.U.,(2,2),(0.,0.644588237403),.UNSPECIFIED.) ;
#4269=B_SPLINE_CURVE_WITH_KNOTS('',5,(#4270,#4271,#4272,#4273,#4274,#4275,#4276,#4277,#4278,#4279,#4280,#4281,#4282,#4283,#4284),.UNSPECIFIED.,.F.,.U.,(6,3,3,3,6),(0.,1.04675210072,2.44399121951,3.90905298266,4.90627415207),.UNSPECIFIED.) ;
#4317=B_SPLINE_CURVE_WITH_KNOTS('',5,(#4318,#4319,#4320,#4321,#4322,#4323,#4324,#4325,#4326),.UNSPECIFIED.,.F.,.U.,(6,3,6),(-132.07963271,0.,132.07963271),.UNSPECIFIED.) ;
#4354=B_SPLINE_CURVE_WITH_KNOTS('',5,(#4355,#4356,#4357,#4358,#4359,#4360),.UNSPECIFIED.,.F.,.U.,(6,6),(-1.178097245,1.178097245),.UNSPECIFIED.) ;
#4451=B_SPLINE_CURVE_WITH_KNOTS('',5,(#4452,#4453,#4454,#4455,#4456,#4457,#4458,#4459,#4460),.UNSPECIFIED.,.F.,.U.,(6,3,6),(0.,1.4228064541,2.84561290821),.UNSPECIFIED.) ;
#4464=B_SPLINE_CURVE_WITH_KNOTS('',5,(#4465,#4466,#4467,#4468,#4469,#4470,#4471,#4472,#4473),.UNSPECIFIED.,.F.,.U.,(6,3,6),(10.768777419,12.9088160508,14.4390902903),.UNSPECIFIED.) ;
#4477=B_SPLINE_CURVE_WITH_KNOTS('',5,(#4478,#4479,#4480,#4481,#4482,#4483,#4484,#4485,#4486),.UNSPECIFIED.,.F.,.U.,(6,3,6),(0.,1.4228064541,2.84561290821),.UNSPECIFIED.) ;
#4520=B_SPLINE_CURVE_WITH_KNOTS('',5,(#4521,#4522,#4523,#4524,#4525,#4526),.UNSPECIFIED.,.F.,.U.,(6,6),(0.,2.48233152728),.UNSPECIFIED.) ;
#4538=B_SPLINE_CURVE_WITH_KNOTS('',5,(#4539,#4540,#4541,#4542,#4543,#4544),.UNSPECIFIED.,.F.,.U.,(6,6),(0.,2.48233152728),.UNSPECIFIED.) ;
#4553=B_SPLINE_CURVE_WITH_KNOTS('',5,(#4554,#4555,#4556,#4557,#4558,#4559),.UNSPECIFIED.,.F.,.U.,(6,6),(0.,2.48233152728),.UNSPECIFIED.) ;
#4571=B_SPLINE_CURVE_WITH_KNOTS('',5,(#4572,#4573,#4574,#4575,#4576,#4577),.UNSPECIFIED.,.F.,.U.,(6,6),(0.,2.48233152728),.UNSPECIFIED.) ;
#4610=B_SPLINE_CURVE_WITH_KNOTS('',5,(#4611,#4612,#4613,#4614,#4615,#4616),.UNSPECIFIED.,.F.,.U.,(6,6),(0.,2.48233152739),.UNSPECIFIED.) ;
#4628=B_SPLINE_CURVE_WITH_KNOTS('',5,(#4629,#4630,#4631,#4632,#4633,#4634),.UNSPECIFIED.,.F.,.U.,(6,6),(0.,2.48233152739),.UNSPECIFIED.) ;
#4643=B_SPLINE_CURVE_WITH_KNOTS('',5,(#4644,#4645,#4646,#4647,#4648,#4649),.UNSPECIFIED.,.F.,.U.,(6,6),(0.,2.48233152739),.UNSPECIFIED.) ;
#4661=B_SPLINE_CURVE_WITH_KNOTS('',5,(#4662,#4663,#4664,#4665,#4666,#4667),.UNSPECIFIED.,.F.,.U.,(6,6),(0.,2.48233152739),.UNSPECIFIED.) ;
#4810=B_SPLINE_CURVE_WITH_KNOTS('',5,(#4811,#4812,#4813,#4814,#4815,#4816),.UNSPECIFIED.,.F.,.U.,(6,6),(0.,2.4861870592),.UNSPECIFIED.) ;
#4820=B_SPLINE_CURVE_WITH_KNOTS('',5,(#4821,#4822,#4823,#4824,#4825,#4826,#4827,#4828,#4829),.UNSPECIFIED.,.F.,.U.,(6,3,6),(7.90352037965,9.29199205024,11.1659035769),.UNSPECIFIED.) ;
#4833=B_SPLINE_CURVE_WITH_KNOTS('',5,(#4834,#4835,#4836,#4837,#4838,#4839),.UNSPECIFIED.,.F.,.U.,(6,6),(0.,2.4861870592),.UNSPECIFIED.) ;
#4973=B_SPLINE_CURVE_WITH_KNOTS('',5,(#4974,#4975,#4976,#4977,#4978,#4979,#4980,#4981,#4982),.UNSPECIFIED.,.F.,.U.,(6,3,6),(9.34112742095,11.0814675636,13.3851115441),.UNSPECIFIED.) ;
#4986=B_SPLINE_CURVE_WITH_KNOTS('',5,(#4987,#4988,#4989,#4990,#4991,#4992),.UNSPECIFIED.,.F.,.U.,(6,6),(0.,1.91411995742),.UNSPECIFIED.) ;
#5077=B_SPLINE_CURVE_WITH_KNOTS('',4,(#5078,#5079,#5080,#5081,#5082),.UNSPECIFIED.,.F.,.U.,(5,5),(0.,1.39251521865),.UNSPECIFIED.) ;
#5238=B_SPLINE_CURVE_WITH_KNOTS('',4,(#5239,#5240,#5241,#5242,#5243),.UNSPECIFIED.,.F.,.U.,(5,5),(0.,1.39177481395),.UNSPECIFIED.) ;
#5399=B_SPLINE_CURVE_WITH_KNOTS('',4,(#5400,#5401,#5402,#5403,#5404),.UNSPECIFIED.,.F.,.U.,(5,5),(0.,1.39133048817),.UNSPECIFIED.) ;
#5444=B_SPLINE_CURVE_WITH_KNOTS('',5,(#5445,#5446,#5447,#5448,#5449,#5450),.UNSPECIFIED.,.F.,.U.,(6,6),(-2.35619449019,0.126137037117),.UNSPECIFIED.) ;
#5462=B_SPLINE_CURVE_WITH_KNOTS('',5,(#5463,#5464,#5465,#5466,#5467,#5468),.UNSPECIFIED.,.F.,.U.,(6,6),(-2.35619449019,0.126137037117),.UNSPECIFIED.) ;
#5477=B_SPLINE_CURVE_WITH_KNOTS('',5,(#5478,#5479,#5480,#5481,#5482,#5483),.UNSPECIFIED.,.F.,.U.,(6,6),(-2.35619449019,0.126137037117),.UNSPECIFIED.) ;
#5495=B_SPLINE_CURVE_WITH_KNOTS('',5,(#5496,#5497,#5498,#5499,#5500,#5501),.UNSPECIFIED.,.F.,.U.,(6,6),(-2.35619449019,0.126137037117),.UNSPECIFIED.) ;
#5592=B_SPLINE_CURVE_WITH_KNOTS('',4,(#5593,#5594,#5595,#5596,#5597),.UNSPECIFIED.,.F.,.U.,(5,5),(0.,1.47884146986),.UNSPECIFIED.) ;
#5624=B_SPLINE_CURVE_WITH_KNOTS('',5,(#5625,#5626,#5627,#5628,#5629,#5630,#5631,#5632,#5633,#5634,#5635,#5636,#5637,#5638,#5639,#5640,#5641,#5642,#5643,#5644,#5645,#5646,#5647,#5648,#5649,#5650,#5651),.UNSPECIFIED.,.F.,.U.,(6,3,3,3,3,3,3,3,6),(0.,0.6506409008,0.975972423789,1.13863929053,1.30616953248,3.6078736923,5.86303781232,6.69691870018,7.54984636329),.UNSPECIFIED.) ;
#5743=B_SPLINE_CURVE_WITH_KNOTS('',4,(#5744,#5745,#5746,#5747,#5748),.UNSPECIFIED.,.F.,.U.,(5,5),(0.,1.47551821046),.UNSPECIFIED.) ;
#5851=B_SPLINE_CURVE_WITH_KNOTS('',5,(#5852,#5853,#5854,#5855,#5856,#5857),.UNSPECIFIED.,.F.,.U.,(6,6),(0.,2.48506498165),.UNSPECIFIED.) ;
#5861=B_SPLINE_CURVE_WITH_KNOTS('',5,(#5862,#5863,#5864,#5865,#5866,#5867,#5868,#5869,#5870),.UNSPECIFIED.,.F.,.U.,(6,3,6),(1.75623327721,3.31413516253,5.01598381647),.UNSPECIFIED.) ;
#5874=B_SPLINE_CURVE_WITH_KNOTS('',5,(#5875,#5876,#5877,#5878,#5879,#5880),.UNSPECIFIED.,.F.,.U.,(6,6),(0.,2.48506498165),.UNSPECIFIED.) ;
#6019=B_SPLINE_CURVE_WITH_KNOTS('',5,(#6020,#6021,#6022,#6023,#6024,#6025,#6026,#6027,#6028),.UNSPECIFIED.,.F.,.U.,(6,3,6),(7.87164065079,10.5736681215,11.9199932995),.UNSPECIFIED.) ;
#6032=B_SPLINE_CURVE_WITH_KNOTS('',5,(#6033,#6034,#6035,#6036,#6037,#6038),.UNSPECIFIED.,.F.,.U.,(6,6),(0.,1.88523497906),.UNSPECIFIED.) ;
#6144=B_SPLINE_CURVE_WITH_KNOTS('',4,(#6145,#6146,#6147,#6148,#6149),.UNSPECIFIED.,.F.,.U.,(5,5),(0.,2.1292001829),.UNSPECIFIED.) ;
#6199=B_SPLINE_CURVE_WITH_KNOTS('',4,(#6200,#6201,#6202,#6203,#6204),.UNSPECIFIED.,.F.,.U.,(5,5),(0.,1.39133048787),.UNSPECIFIED.) ;
#6302=B_SPLINE_CURVE_WITH_KNOTS('',5,(#6303,#6304,#6305,#6306,#6307,#6308,#6309,#6310,#6311,#6312,#6313,#6314,#6315,#6316,#6317,#6318,#6319,#6320,#6321,#6322,#6323,#6324,#6325,#6326,#6327,#6328,#6329),.UNSPECIFIED.,.F.,.U.,(6,3,3,3,3,3,3,3,6),(0.,0.0431441137654,0.170057902203,0.345147480328,0.690294960657,2.02319382575,2.76296540834,4.99065569537,6.10038000551),.UNSPECIFIED.) ;
#6335=B_SPLINE_CURVE_WITH_KNOTS('',5,(#6336,#6337,#6338,#6339,#6340,#6341,#6342,#6343,#6344,#6345,#6346,#6347,#6348,#6349,#6350,#6351,#6352,#6353),.UNSPECIFIED.,.F.,.U.,(6,3,3,3,3,6),(0.,0.0431664618884,0.143805800184,0.287611600369,0.575223200738,1.15044640148),.UNSPECIFIED.) ;
#6382=B_SPLINE_CURVE_WITH_KNOTS('',5,(#6383,#6384,#6385,#6386,#6387,#6388,#6389,#6390,#6391,#6392,#6393,#6394,#6395,#6396,#6397,#6398,#6399,#6400,#6401,#6402,#6403,#6404,#6405,#6406,#6407,#6408,#6409),.UNSPECIFIED.,.F.,.U.,(6,3,3,3,3,3,3,3,6),(0.,0.0431441137671,0.170057902206,0.345147480334,0.690294960669,2.02319382555,2.76296540813,4.99065569523,6.10038000527),.UNSPECIFIED.) ;
#6413=B_SPLINE_CURVE_WITH_KNOTS('',5,(#6414,#6415,#6416,#6417,#6418,#6419,#6420,#6421,#6422,#6423,#6424,#6425,#6426,#6427,#6428,#6429,#6430,#6431),.UNSPECIFIED.,.F.,.U.,(6,3,3,3,3,6),(0.,0.0431664618944,0.143805800189,0.287611600377,0.575223200755,1.15044640151),.UNSPECIFIED.) ;
#6450=B_SPLINE_CURVE_WITH_KNOTS('',5,(#6451,#6452,#6453,#6454,#6455,#6456,#6457,#6458,#6459,#6460,#6461,#6462),.UNSPECIFIED.,.F.,.U.,(6,3,3,6),(0.,1.41463852027,2.34103151359,4.15419000468),.UNSPECIFIED.) ;
#6466=B_SPLINE_CURVE_WITH_KNOTS('',5,(#6467,#6468,#6469,#6470,#6471,#6472,#6473,#6474,#6475,#6476,#6477,#6478),.UNSPECIFIED.,.F.,.U.,(6,3,3,6),(0.,1.41463846619,2.34103147394,4.15419000611),.UNSPECIFIED.) ;
#6565=B_SPLINE_CURVE_WITH_KNOTS('',5,(#6566,#6567,#6568,#6569,#6570,#6571,#6572,#6573,#6574),.UNSPECIFIED.,.F.,.U.,(6,3,6),(1.75623328546,3.31413518919,5.01598407186),.UNSPECIFIED.) ;
#6578=B_SPLINE_CURVE_WITH_KNOTS('',5,(#6579,#6580,#6581,#6582,#6583,#6584),.UNSPECIFIED.,.F.,.U.,(6,6),(0.,2.48506498158),.UNSPECIFIED.) ;
#6690=B_SPLINE_CURVE_WITH_KNOTS('',4,(#6691,#6692,#6693,#6694,#6695),.UNSPECIFIED.,.F.,.U.,(5,5),(0.,2.11291215882),.UNSPECIFIED.) ;
#6803=B_SPLINE_CURVE_WITH_KNOTS('',5,(#6804,#6805,#6806,#6807,#6808,#6809,#6810,#6811,#6812),.UNSPECIFIED.,.F.,.U.,(6,3,6),(7.87163364987,10.5736624754,11.919986764),.UNSPECIFIED.) ;
#6818=B_SPLINE_CURVE_WITH_KNOTS('',5,(#6819,#6820,#6821,#6822,#6823,#6824),.UNSPECIFIED.,.F.,.U.,(6,6),(0.,1.88523498941),.UNSPECIFIED.) ;
#6826=B_SPLINE_CURVE_WITH_KNOTS('',5,(#6827,#6828,#6829,#6830,#6831,#6832),.UNSPECIFIED.,.F.,.U.,(6,6),(1.26660116201E-05,1.88523498941),.UNSPECIFIED.) ;
#6863=B_SPLINE_CURVE_WITH_KNOTS('',5,(#6864,#6865,#6866,#6867,#6868,#6869,#6870,#6871,#6872,#6873,#6874,#6875,#6876,#6877,#6878),.UNSPECIFIED.,.F.,.U.,(6,3,3,3,6),(0.,1.12490960279,1.91666965558,2.94823667215,4.02403977601),.UNSPECIFIED.) ;
#6882=B_SPLINE_CURVE_WITH_KNOTS('',5,(#6883,#6884,#6885,#6886,#6887,#6888,#6889,#6890,#6891,#6892,#6893,#6894,#6895,#6896,#6897),.UNSPECIFIED.,.F.,.U.,(6,3,3,3,6),(0.,1.12490960266,1.91666965467,2.94823666727,4.02403977585),.UNSPECIFIED.) ;
#6984=B_SPLINE_CURVE_WITH_KNOTS('',5,(#6985,#6986,#6987,#6988,#6989,#6990,#6991,#6992,#6993),.UNSPECIFIED.,.F.,.U.,(6,3,6),(1.80611758356,3.5466125037,5.85007738002),.UNSPECIFIED.) ;
#6999=B_SPLINE_CURVE_WITH_KNOTS('',5,(#7000,#7001,#7002,#7003,#7004,#7005),.UNSPECIFIED.,.F.,.U.,(6,6),(0.,1.91411030929),.UNSPECIFIED.) ;
#7007=B_SPLINE_CURVE_WITH_KNOTS('',5,(#7008,#7009,#7010,#7011,#7012,#7013),.UNSPECIFIED.,.F.,.U.,(6,6),(0.,1.91411030929),.UNSPECIFIED.) ;
#7202=B_SPLINE_CURVE_WITH_KNOTS('',5,(#7203,#7204,#7205,#7206,#7207,#7208,#7209,#7210,#7211),.UNSPECIFIED.,.F.,.U.,(6,3,6),(7.02544822542,8.41391964685,10.2878311523),.UNSPECIFIED.) ;
#7215=B_SPLINE_CURVE_WITH_KNOTS('',5,(#7216,#7217,#7218,#7219,#7220,#7221),.UNSPECIFIED.,.F.,.U.,(6,6),(0.,2.48618705137),.UNSPECIFIED.) ;
#7261=B_SPLINE_CURVE_WITH_KNOTS('',5,(#7262,#7263,#7264,#7265,#7266,#7267),.UNSPECIFIED.,.F.,.U.,(6,6),(-2.35619449019,0.126137037198),.UNSPECIFIED.) ;
#7279=B_SPLINE_CURVE_WITH_KNOTS('',5,(#7280,#7281,#7282,#7283,#7284,#7285),.UNSPECIFIED.,.F.,.U.,(6,6),(-2.35619449019,0.126137037198),.UNSPECIFIED.) ;
#7294=B_SPLINE_CURVE_WITH_KNOTS('',5,(#7295,#7296,#7297,#7298,#7299,#7300),.UNSPECIFIED.,.F.,.U.,(6,6),(-2.35619449019,0.126137037198),.UNSPECIFIED.) ;
#7312=B_SPLINE_CURVE_WITH_KNOTS('',5,(#7313,#7314,#7315,#7316,#7317,#7318),.UNSPECIFIED.,.F.,.U.,(6,6),(-2.35619449019,0.126137037198),.UNSPECIFIED.) ;
#7351=B_SPLINE_CURVE_WITH_KNOTS('',5,(#7352,#7353,#7354,#7355,#7356,#7357),.UNSPECIFIED.,.F.,.U.,(6,6),(-2.35619449019,0.126137037094),.UNSPECIFIED.) ;
#7369=B_SPLINE_CURVE_WITH_KNOTS('',5,(#7370,#7371,#7372,#7373,#7374,#7375),.UNSPECIFIED.,.F.,.U.,(6,6),(-2.35619449019,0.126137037094),.UNSPECIFIED.) ;
#7384=B_SPLINE_CURVE_WITH_KNOTS('',5,(#7385,#7386,#7387,#7388,#7389,#7390),.UNSPECIFIED.,.F.,.U.,(6,6),(-2.35619449019,0.126137037094),.UNSPECIFIED.) ;
#7402=B_SPLINE_CURVE_WITH_KNOTS('',5,(#7403,#7404,#7405,#7406,#7407,#7408),.UNSPECIFIED.,.F.,.U.,(6,6),(-2.35619449019,0.126137037094),.UNSPECIFIED.) ;
#7524=B_SPLINE_CURVE_WITH_KNOTS('',5,(#7525,#7526,#7527,#7528,#7529,#7530,#7531,#7532,#7533),.UNSPECIFIED.,.F.,.U.,(6,3,6),(1.74112504735,3.49697344444,4.84919380714),.UNSPECIFIED.) ;
#7537=B_SPLINE_CURVE_WITH_KNOTS('',5,(#7538,#7539,#7540,#7541,#7542,#7543,#7544,#7545,#7546),.UNSPECIFIED.,.F.,.U.,(6,3,6),(0.,1.21401880692,2.42803761384),.UNSPECIFIED.) ;
#7584=B_SPLINE_CURVE_WITH_KNOTS('',4,(#7585,#7586,#7587,#7588,#7589),.UNSPECIFIED.,.F.,.U.,(5,5),(0.,1.47939144931),.UNSPECIFIED.) ;
#7641=B_SPLINE_CURVE_WITH_KNOTS('',4,(#7642,#7643,#7644,#7645,#7646),.UNSPECIFIED.,.F.,.U.,(5,5),(0.,2.12922665423),.UNSPECIFIED.) ;
#7742=B_SPLINE_CURVE_WITH_KNOTS('',4,(#7743,#7744,#7745,#7746,#7747),.UNSPECIFIED.,.F.,.U.,(5,5),(0.,2.12920025938),.UNSPECIFIED.) ;
#7799=B_SPLINE_CURVE_WITH_KNOTS('',4,(#7800,#7801,#7802,#7803,#7804),.UNSPECIFIED.,.F.,.U.,(5,5),(0.,1.48077820426),.UNSPECIFIED.) ;
#7936=B_SPLINE_CURVE_WITH_KNOTS('',4,(#7937,#7938,#7939,#7940,#7941),.UNSPECIFIED.,.F.,.U.,(5,5),(0.,1.57994693093),.UNSPECIFIED.) ;
#7986=B_SPLINE_CURVE_WITH_KNOTS('',5,(#7987,#7988,#7989,#7990,#7991,#7992),.UNSPECIFIED.,.F.,.U.,(6,6),(0.,2.48233152731),.UNSPECIFIED.) ;
#8004=B_SPLINE_CURVE_WITH_KNOTS('',5,(#8005,#8006,#8007,#8008,#8009,#8010),.UNSPECIFIED.,.F.,.U.,(6,6),(0.,2.48233152731),.UNSPECIFIED.) ;
#8019=B_SPLINE_CURVE_WITH_KNOTS('',5,(#8020,#8021,#8022,#8023,#8024,#8025),.UNSPECIFIED.,.F.,.U.,(6,6),(0.,2.48233152731),.UNSPECIFIED.) ;
#8037=B_SPLINE_CURVE_WITH_KNOTS('',5,(#8038,#8039,#8040,#8041,#8042,#8043),.UNSPECIFIED.,.F.,.U.,(6,6),(0.,2.48233152731),.UNSPECIFIED.) ;
#8098=B_SPLINE_CURVE_WITH_KNOTS('',4,(#8099,#8100,#8101,#8102,#8103),.UNSPECIFIED.,.F.,.U.,(5,5),(0.,1.47939144914),.UNSPECIFIED.) ;
#8155=B_SPLINE_CURVE_WITH_KNOTS('',4,(#8156,#8157,#8158,#8159,#8160),.UNSPECIFIED.,.F.,.U.,(5,5),(0.,2.12922665422),.UNSPECIFIED.) ;
#8256=B_SPLINE_CURVE_WITH_KNOTS('',4,(#8257,#8258,#8259,#8260,#8261),.UNSPECIFIED.,.F.,.U.,(5,5),(0.,1.48077820423),.UNSPECIFIED.) ;
#8468=B_SPLINE_CURVE_WITH_KNOTS('',4,(#8469,#8470,#8471,#8472,#8473),.UNSPECIFIED.,.F.,.U.,(5,5),(0.,1.40828891974),.UNSPECIFIED.) ;
#8488=B_SPLINE_CURVE_WITH_KNOTS('',4,(#8489,#8490,#8491,#8492,#8493),.UNSPECIFIED.,.F.,.U.,(5,5),(0.,2.03872530252),.UNSPECIFIED.) ;
#8578=B_SPLINE_CURVE_WITH_KNOTS('',3,(#8579,#8580,#8581,#8582),.UNSPECIFIED.,.F.,.U.,(4,4),(0.,1.19799916036),.UNSPECIFIED.) ;
#8597=B_SPLINE_CURVE_WITH_KNOTS('',4,(#8598,#8599,#8600,#8601,#8602),.UNSPECIFIED.,.F.,.U.,(5,5),(0.,2.17326425324),.UNSPECIFIED.) ;
#8643=B_SPLINE_CURVE_WITH_KNOTS('',3,(#8644,#8645,#8646,#8647),.UNSPECIFIED.,.F.,.U.,(4,4),(0.,0.965920894504),.UNSPECIFIED.) ;
#8662=B_SPLINE_CURVE_WITH_KNOTS('',5,(#8663,#8664,#8665,#8666,#8667,#8668),.UNSPECIFIED.,.F.,.U.,(6,6),(0.,2.54482073636),.UNSPECIFIED.) ;
#8857=B_SPLINE_CURVE_WITH_KNOTS('',5,(#8858,#8859,#8860,#8861,#8862,#8863),.UNSPECIFIED.,.F.,.U.,(6,6),(-1.1780972451,1.1780972451),.UNSPECIFIED.) ;
#8997=B_SPLINE_CURVE_WITH_KNOTS('',5,(#8998,#8999,#9000,#9001,#9002,#9003),.UNSPECIFIED.,.F.,.U.,(6,6),(-1.1780972451,1.1780972451),.UNSPECIFIED.) ;
#9045=B_SPLINE_CURVE_WITH_KNOTS('',5,(#9046,#9047,#9048,#9049,#9050,#9051),.UNSPECIFIED.,.F.,.U.,(6,6),(0.,3.52805586492),.UNSPECIFIED.) ;
#9163=B_SPLINE_CURVE_WITH_KNOTS('',5,(#9164,#9165,#9166,#9167,#9168,#9169,#9170,#9171,#9172,#9173,#9174,#9175,#9176,#9177,#9178,#9179,#9180,#9181,#9182,#9183,#9184,#9185,#9186,#9187,#9188,#9189,#9190),.UNSPECIFIED.,.F.,.U.,(6,3,3,3,3,3,3,3,6),(0.,0.796006983815,1.07017279807,1.30050226716,1.85290615319,2.16863424842,2.37699868336,2.77769021374,3.60971185193),.UNSPECIFIED.) ;
#9231=B_SPLINE_CURVE_WITH_KNOTS('',3,(#9232,#9233,#9234,#9235),.UNSPECIFIED.,.F.,.U.,(4,4),(0.,1.05797921117),.UNSPECIFIED.) ;
#9251=B_SPLINE_CURVE_WITH_KNOTS('',4,(#9252,#9253,#9254,#9255,#9256),.UNSPECIFIED.,.F.,.U.,(5,5),(0.,2.39963707323),.UNSPECIFIED.) ;
#4183=B_SPLINE_SURFACE_WITH_KNOTS('',5,1,((#4184,#4185),(#4186,#4187),(#4188,#4189),(#4190,#4191),(#4192,#4193),(#4194,#4195),(#4196,#4197),(#4198,#4199),(#4200,#4201)),.UNSPECIFIED.,.F.,.F.,.U.,(6,3,6),(2,2),(8.64963394741,9.1078622367,9.61042637055),(0.,0.694078021411),.UNSPECIFIED.) ;
#4232=B_SPLINE_SURFACE_WITH_KNOTS('',5,1,((#4233,#4234),(#4235,#4236),(#4237,#4238),(#4239,#4240),(#4241,#4242),(#4243,#4244),(#4245,#4246),(#4247,#4248),(#4249,#4250),(#4251,#4252),(#4253,#4254),(#4255,#4256),(#4257,#4258),(#4259,#4260),(#4261,#4262)),.UNSPECIFIED.,.F.,.F.,.U.,(6,3,3,3,6),(2,2),(0.,1.04675210072,2.44399121951,3.90905298266,4.90627415207),(0.,0.644588237403),.UNSPECIFIED.) ;
#4369=B_SPLINE_SURFACE_WITH_KNOTS('',5,5,((#4370,#4371,#4372,#4373,#4374,#4375,#4376,#4377,#4378),(#4379,#4380,#4381,#4382,#4383,#4384,#4385,#4386,#4387),(#4388,#4389,#4390,#4391,#4392,#4393,#4394,#4395,#4396),(#4397,#4398,#4399,#4400,#4401,#4402,#4403,#4404,#4405),(#4406,#4407,#4408,#4409,#4410,#4411,#4412,#4413,#4414),(#4415,#4416,#4417,#4418,#4419,#4420,#4421,#4422,#4423),(#4424,#4425,#4426,#4427,#4428,#4429,#4430,#4431,#4432),(#4433,#4434,#4435,#4436,#4437,#4438,#4439,#4440,#4441),(#4442,#4443,#4444,#4445,#4446,#4447,#4448,#4449,#4450)),.UNSPECIFIED.,.F.,.F.,.U.,(6,3,6),(6,3,6),(10.768777419,12.9088160508,14.4390902903),(0.,1.4228064541,2.84561290821),.UNSPECIFIED.) ;
#4755=B_SPLINE_SURFACE_WITH_KNOTS('',5,5,((#4756,#4757,#4758,#4759,#4760,#4761),(#4762,#4763,#4764,#4765,#4766,#4767),(#4768,#4769,#4770,#4771,#4772,#4773),(#4774,#4775,#4776,#4777,#4778,#4779),(#4780,#4781,#4782,#4783,#4784,#4785),(#4786,#4787,#4788,#4789,#4790,#4791),(#4792,#4793,#4794,#4795,#4796,#4797),(#4798,#4799,#4800,#4801,#4802,#4803),(#4804,#4805,#4806,#4807,#4808,#4809)),.UNSPECIFIED.,.F.,.F.,.U.,(6,3,6),(6,6),(7.90352037965,9.29199205024,11.1659035769),(0.,2.4861870592),.UNSPECIFIED.) ;
#4918=B_SPLINE_SURFACE_WITH_KNOTS('',5,5,((#4919,#4920,#4921,#4922,#4923,#4924),(#4925,#4926,#4927,#4928,#4929,#4930),(#4931,#4932,#4933,#4934,#4935,#4936),(#4937,#4938,#4939,#4940,#4941,#4942),(#4943,#4944,#4945,#4946,#4947,#4948),(#4949,#4950,#4951,#4952,#4953,#4954),(#4955,#4956,#4957,#4958,#4959,#4960),(#4961,#4962,#4963,#4964,#4965,#4966),(#4967,#4968,#4969,#4970,#4971,#4972)),.UNSPECIFIED.,.F.,.F.,.U.,(6,3,6),(6,6),(9.34112742095,11.0814675636,13.3851115441),(0.,1.91411995742),.UNSPECIFIED.) ;
#5796=B_SPLINE_SURFACE_WITH_KNOTS('',5,5,((#5797,#5798,#5799,#5800,#5801,#5802),(#5803,#5804,#5805,#5806,#5807,#5808),(#5809,#5810,#5811,#5812,#5813,#5814),(#5815,#5816,#5817,#5818,#5819,#5820),(#5821,#5822,#5823,#5824,#5825,#5826),(#5827,#5828,#5829,#5830,#5831,#5832),(#5833,#5834,#5835,#5836,#5837,#5838),(#5839,#5840,#5841,#5842,#5843,#5844),(#5845,#5846,#5847,#5848,#5849,#5850)),.UNSPECIFIED.,.F.,.F.,.U.,(6,3,6),(6,6),(1.75623327721,3.31413516253,5.01598381647),(0.,2.48506498165),.UNSPECIFIED.) ;
#5964=B_SPLINE_SURFACE_WITH_KNOTS('',5,5,((#5965,#5966,#5967,#5968,#5969,#5970),(#5971,#5972,#5973,#5974,#5975,#5976),(#5977,#5978,#5979,#5980,#5981,#5982),(#5983,#5984,#5985,#5986,#5987,#5988),(#5989,#5990,#5991,#5992,#5993,#5994),(#5995,#5996,#5997,#5998,#5999,#6000),(#6001,#6002,#6003,#6004,#6005,#6006),(#6007,#6008,#6009,#6010,#6011,#6012),(#6013,#6014,#6015,#6016,#6017,#6018)),.UNSPECIFIED.,.F.,.F.,.U.,(6,3,6),(6,6),(7.87164065079,10.5736681215,11.9199932995),(0.,1.88523497906),.UNSPECIFIED.) ;
#6510=B_SPLINE_SURFACE_WITH_KNOTS('',5,5,((#6511,#6512,#6513,#6514,#6515,#6516),(#6517,#6518,#6519,#6520,#6521,#6522),(#6523,#6524,#6525,#6526,#6527,#6528),(#6529,#6530,#6531,#6532,#6533,#6534),(#6535,#6536,#6537,#6538,#6539,#6540),(#6541,#6542,#6543,#6544,#6545,#6546),(#6547,#6548,#6549,#6550,#6551,#6552),(#6553,#6554,#6555,#6556,#6557,#6558),(#6559,#6560,#6561,#6562,#6563,#6564)),.UNSPECIFIED.,.F.,.F.,.U.,(6,3,6),(6,6),(1.75623328546,3.31413518919,5.01598407186),(0.,2.48506498158),.UNSPECIFIED.) ;
#6748=B_SPLINE_SURFACE_WITH_KNOTS('',5,5,((#6749,#6750,#6751,#6752,#6753,#6754),(#6755,#6756,#6757,#6758,#6759,#6760),(#6761,#6762,#6763,#6764,#6765,#6766),(#6767,#6768,#6769,#6770,#6771,#6772),(#6773,#6774,#6775,#6776,#6777,#6778),(#6779,#6780,#6781,#6782,#6783,#6784),(#6785,#6786,#6787,#6788,#6789,#6790),(#6791,#6792,#6793,#6794,#6795,#6796),(#6797,#6798,#6799,#6800,#6801,#6802)),.UNSPECIFIED.,.F.,.F.,.U.,(6,3,6),(6,6),(7.87163364987,10.5736624754,11.919986764),(0.,1.88523498941),.UNSPECIFIED.) ;
#6929=B_SPLINE_SURFACE_WITH_KNOTS('',5,5,((#6930,#6931,#6932,#6933,#6934,#6935),(#6936,#6937,#6938,#6939,#6940,#6941),(#6942,#6943,#6944,#6945,#6946,#6947),(#6948,#6949,#6950,#6951,#6952,#6953),(#6954,#6955,#6956,#6957,#6958,#6959),(#6960,#6961,#6962,#6963,#6964,#6965),(#6966,#6967,#6968,#6969,#6970,#6971),(#6972,#6973,#6974,#6975,#6976,#6977),(#6978,#6979,#6980,#6981,#6982,#6983)),.UNSPECIFIED.,.F.,.F.,.U.,(6,3,6),(6,6),(1.80611758356,3.5466125037,5.85007738002),(0.,1.91411030929),.UNSPECIFIED.) ;
#7147=B_SPLINE_SURFACE_WITH_KNOTS('',5,5,((#7148,#7149,#7150,#7151,#7152,#7153),(#7154,#7155,#7156,#7157,#7158,#7159),(#7160,#7161,#7162,#7163,#7164,#7165),(#7166,#7167,#7168,#7169,#7170,#7171),(#7172,#7173,#7174,#7175,#7176,#7177),(#7178,#7179,#7180,#7181,#7182,#7183),(#7184,#7185,#7186,#7187,#7188,#7189),(#7190,#7191,#7192,#7193,#7194,#7195),(#7196,#7197,#7198,#7199,#7200,#7201)),.UNSPECIFIED.,.F.,.F.,.U.,(6,3,6),(6,6),(7.02544822542,8.41391964685,10.2878311523),(0.,2.48618705137),.UNSPECIFIED.) ;
#7442=B_SPLINE_SURFACE_WITH_KNOTS('',5,5,((#7443,#7444,#7445,#7446,#7447,#7448,#7449,#7450,#7451),(#7452,#7453,#7454,#7455,#7456,#7457,#7458,#7459,#7460),(#7461,#7462,#7463,#7464,#7465,#7466,#7467,#7468,#7469),(#7470,#7471,#7472,#7473,#7474,#7475,#7476,#7477,#7478),(#7479,#7480,#7481,#7482,#7483,#7484,#7485,#7486,#7487),(#7488,#7489,#7490,#7491,#7492,#7493,#7494,#7495,#7496),(#7497,#7498,#7499,#7500,#7501,#7502,#7503,#7504,#7505),(#7506,#7507,#7508,#7509,#7510,#7511,#7512,#7513,#7514),(#7515,#7516,#7517,#7518,#7519,#7520,#7521,#7522,#7523)),.UNSPECIFIED.,.F.,.F.,.U.,(6,3,6),(6,3,6),(1.74112504735,3.49697344444,4.84919380714),(0.,1.21401880692,2.42803761384),.UNSPECIFIED.) ;
#22=COLOUR_RGB('Colour',0.882352941176,0.882352941176,0.882352941176) ;
#61=FACE_OUTER_BOUND('',#57,.T.) ;
#72=FACE_OUTER_BOUND('',#68,.T.) ;
#103=FACE_OUTER_BOUND('',#98,.T.) ;
#123=FACE_OUTER_BOUND('',#117,.T.) ;
#154=FACE_OUTER_BOUND('',#149,.T.) ;
#173=FACE_OUTER_BOUND('',#168,.T.) ;
#190=FACE_OUTER_BOUND('',#185,.T.) ;
#230=FACE_OUTER_BOUND('',#225,.T.) ;
#292=FACE_OUTER_BOUND('',#287,.T.) ;
#340=FACE_OUTER_BOUND('',#332,.T.) ;
#782=FACE_OUTER_BOUND('',#777,.T.) ;
#823=FACE_OUTER_BOUND('',#815,.T.) ;
#1421=FACE_OUTER_BOUND('',#1416,.T.) ;
#1445=FACE_OUTER_BOUND('',#1440,.T.) ;
#1457=FACE_OUTER_BOUND('',#1452,.T.) ;
#1474=FACE_OUTER_BOUND('',#1469,.T.) ;
#1597=FACE_OUTER_BOUND('',#1589,.T.) ;
#1629=FACE_OUTER_BOUND('',#1621,.T.) ;
#1641=FACE_OUTER_BOUND('',#1636,.T.) ;
#1692=FACE_OUTER_BOUND('',#1685,.T.) ;
#1711=FACE_OUTER_BOUND('',#1706,.T.) ;
#1743=FACE_OUTER_BOUND('',#1737,.T.) ;
#1767=FACE_OUTER_BOUND('',#1762,.T.) ;
#1799=FACE_OUTER_BOUND('',#1793,.T.) ;
#1864=FACE_OUTER_BOUND('',#1855,.T.) ;
#1896=FACE_OUTER_BOUND('',#1890,.T.) ;
#1948=FACE_OUTER_BOUND('',#1941,.T.) ;
#1965=FACE_OUTER_BOUND('',#1960,.T.) ;
#1996=FACE_OUTER_BOUND('',#1991,.T.) ;
#2020=FACE_OUTER_BOUND('',#2015,.T.) ;
#2044=FACE_OUTER_BOUND('',#2039,.T.) ;
#2068=FACE_OUTER_BOUND('',#2063,.T.) ;
#2092=FACE_OUTER_BOUND('',#2087,.T.) ;
#2109=FACE_OUTER_BOUND('',#2104,.T.) ;
#2140=FACE_OUTER_BOUND('',#2135,.T.) ;
#2164=FACE_OUTER_BOUND('',#2159,.T.) ;
#2188=FACE_OUTER_BOUND('',#2183,.T.) ;
#2212=FACE_OUTER_BOUND('',#2207,.T.) ;
#2236=FACE_OUTER_BOUND('',#2231,.T.) ;
#2253=FACE_OUTER_BOUND('',#2248,.T.) ;
#2284=FACE_OUTER_BOUND('',#2279,.T.) ;
#2308=FACE_OUTER_BOUND('',#2303,.T.) ;
#2327=FACE_OUTER_BOUND('',#2322,.T.) ;
#2359=FACE_OUTER_BOUND('',#2353,.T.) ;
#2378=FACE_OUTER_BOUND('',#2373,.T.) ;
#2395=FACE_OUTER_BOUND('',#2390,.T.) ;
#2426=FACE_OUTER_BOUND('',#2421,.T.) ;
#2450=FACE_OUTER_BOUND('',#2445,.T.) ;
#2469=FACE_OUTER_BOUND('',#2464,.T.) ;
#2493=FACE_OUTER_BOUND('',#2488,.T.) ;
#2510=FACE_OUTER_BOUND('',#2505,.T.) ;
#2541=FACE_OUTER_BOUND('',#2536,.T.) ;
#2565=FACE_OUTER_BOUND('',#2560,.T.) ;
#2609=FACE_OUTER_BOUND('',#2602,.T.) ;
#2641=FACE_OUTER_BOUND('',#2635,.T.) ;
#2693=FACE_OUTER_BOUND('',#2686,.T.) ;
#2710=FACE_OUTER_BOUND('',#2705,.T.) ;
#2741=FACE_OUTER_BOUND('',#2736,.T.) ;
#2765=FACE_OUTER_BOUND('',#2760,.T.) ;
#2789=FACE_OUTER_BOUND('',#2784,.T.) ;
#2813=FACE_OUTER_BOUND('',#2808,.T.) ;
#2832=FACE_OUTER_BOUND('',#2827,.T.) ;
#2849=FACE_OUTER_BOUND('',#2844,.T.) ;
#2880=FACE_OUTER_BOUND('',#2875,.T.) ;
#2904=FACE_OUTER_BOUND('',#2899,.T.) ;
#2916=FACE_OUTER_BOUND('',#2911,.T.) ;
#2947=FACE_OUTER_BOUND('',#2942,.T.) ;
#2971=FACE_OUTER_BOUND('',#2966,.T.) ;
#2983=FACE_OUTER_BOUND('',#2978,.T.) ;
#3009=FACE_OUTER_BOUND('',#3004,.T.) ;
#3053=FACE_OUTER_BOUND('',#3046,.T.) ;
#3072=FACE_OUTER_BOUND('',#3067,.T.) ;
#3091=FACE_OUTER_BOUND('',#3086,.T.) ;
#3110=FACE_OUTER_BOUND('',#3105,.T.) ;
#3147=FACE_OUTER_BOUND('',#3140,.T.) ;
#3173=FACE_OUTER_BOUND('',#3168,.T.) ;
#3220=FACE_OUTER_BOUND('',#3213,.T.) ;
#3247=FACE_OUTER_BOUND('',#3241,.T.) ;
#3307=FACE_OUTER_BOUND('',#3298,.T.) ;
#3334=FACE_OUTER_BOUND('',#3328,.T.) ;
#3353=FACE_OUTER_BOUND('',#3348,.T.) ;
#3380=FACE_OUTER_BOUND('',#3374,.T.) ;
#3399=FACE_OUTER_BOUND('',#3394,.T.) ;
#3434=FACE_OUTER_BOUND('',#3427,.T.) ;
#3460=FACE_OUTER_BOUND('',#3455,.T.) ;
#3479=FACE_OUTER_BOUND('',#3474,.T.) ;
#3498=FACE_OUTER_BOUND('',#3493,.T.) ;
#3517=FACE_OUTER_BOUND('',#3512,.T.) ;
#3536=FACE_OUTER_BOUND('',#3531,.T.) ;
#3548=FACE_OUTER_BOUND('',#3543,.T.) ;
#3574=FACE_OUTER_BOUND('',#3569,.T.) ;
#3593=FACE_OUTER_BOUND('',#3588,.T.) ;
#3612=FACE_OUTER_BOUND('',#3607,.T.) ;
#3631=FACE_OUTER_BOUND('',#3626,.T.) ;
#3650=FACE_OUTER_BOUND('',#3645,.T.) ;
#3662=FACE_OUTER_BOUND('',#3657,.T.) ;
#3688=FACE_OUTER_BOUND('',#3683,.T.) ;
#3707=FACE_OUTER_BOUND('',#3702,.T.) ;
#3726=FACE_OUTER_BOUND('',#3721,.T.) ;
#3753=FACE_OUTER_BOUND('',#3747,.T.) ;
#3772=FACE_OUTER_BOUND('',#3767,.T.) ;
#3784=FACE_OUTER_BOUND('',#3779,.T.) ;
#3810=FACE_OUTER_BOUND('',#3805,.T.) ;
#3829=FACE_OUTER_BOUND('',#3824,.T.) ;
#3848=FACE_OUTER_BOUND('',#3843,.T.) ;
#3867=FACE_OUTER_BOUND('',#3862,.T.) ;
#3891=FACE_OUTER_BOUND('',#3886,.T.) ;
#3903=FACE_OUTER_BOUND('',#3898,.T.) ;
#3929=FACE_OUTER_BOUND('',#3924,.T.) ;
#3948=FACE_OUTER_BOUND('',#3943,.T.) ;
#3967=FACE_OUTER_BOUND('',#3962,.T.) ;
#3986=FACE_OUTER_BOUND('',#3981,.T.) ;
#4005=FACE_OUTER_BOUND('',#4000,.T.) ;
#4017=FACE_OUTER_BOUND('',#4012,.T.) ;
#4048=FACE_OUTER_BOUND('',#4043,.T.) ;
#4067=FACE_OUTER_BOUND('',#4062,.T.) ;
#4084=FACE_OUTER_BOUND('',#4079,.T.) ;
#4115=FACE_OUTER_BOUND('',#4110,.T.) ;
#4139=FACE_OUTER_BOUND('',#4134,.T.) ;
#4151=FACE_OUTER_BOUND('',#4146,.T.) ;
#4173=FACE_OUTER_BOUND('',#4168,.T.) ;
#4181=FACE_OUTER_BOUND('',#4175,.T.) ;
#4230=FACE_OUTER_BOUND('',#4225,.T.) ;
#4291=FACE_OUTER_BOUND('',#4286,.T.) ;
#4315=FACE_OUTER_BOUND('',#4310,.T.) ;
#4333=FACE_OUTER_BOUND('',#4328,.T.) ;
#4367=FACE_OUTER_BOUND('',#4362,.T.) ;
#4493=FACE_OUTER_BOUND('',#4488,.T.) ;
#4518=FACE_OUTER_BOUND('',#4512,.T.) ;
#4551=FACE_OUTER_BOUND('',#4546,.T.) ;
#4584=FACE_OUTER_BOUND('',#4579,.T.) ;
#4608=FACE_OUTER_BOUND('',#4603,.T.) ;
#4641=FACE_OUTER_BOUND('',#4636,.T.) ;
#4674=FACE_OUTER_BOUND('',#4669,.T.) ;
#4698=FACE_OUTER_BOUND('',#4693,.T.) ;
#4722=FACE_OUTER_BOUND('',#4717,.T.) ;
#4753=FACE_OUTER_BOUND('',#4748,.T.) ;
#4846=FACE_OUTER_BOUND('',#4841,.T.) ;
#4865=FACE_OUTER_BOUND('',#4860,.T.) ;
#4881=FACE_OUTER_BOUND('',#4877,.T.) ;
#4892=FACE_OUTER_BOUND('',#4888,.T.) ;
#4916=FACE_OUTER_BOUND('',#4911,.T.) ;
#4999=FACE_OUTER_BOUND('',#4994,.T.) ;
#5028=FACE_OUTER_BOUND('',#5023,.T.) ;
#5039=FACE_OUTER_BOUND('',#5035,.T.) ;
#5070=FACE_OUTER_BOUND('',#5065,.T.) ;
#5095=FACE_OUTER_BOUND('',#5091,.T.) ;
#5133=FACE_OUTER_BOUND('',#5126,.T.) ;
#5149=FACE_OUTER_BOUND('',#5145,.T.) ;
#5184=FACE_OUTER_BOUND('',#5178,.T.) ;
#5200=FACE_OUTER_BOUND('',#5196,.T.) ;
#5231=FACE_OUTER_BOUND('',#5226,.T.) ;
#5256=FACE_OUTER_BOUND('',#5252,.T.) ;
#5294=FACE_OUTER_BOUND('',#5287,.T.) ;
#5310=FACE_OUTER_BOUND('',#5306,.T.) ;
#5345=FACE_OUTER_BOUND('',#5339,.T.) ;
#5361=FACE_OUTER_BOUND('',#5357,.T.) ;
#5392=FACE_OUTER_BOUND('',#5387,.T.) ;
#5417=FACE_OUTER_BOUND('',#5413,.T.) ;
#5442=FACE_OUTER_BOUND('',#5436,.T.) ;
#5475=FACE_OUTER_BOUND('',#5470,.T.) ;
#5508=FACE_OUTER_BOUND('',#5503,.T.) ;
#5538=FACE_OUTER_BOUND('',#5532,.T.) ;
#5554=FACE_OUTER_BOUND('',#5550,.T.) ;
#5585=FACE_OUTER_BOUND('',#5580,.T.) ;
#5610=FACE_OUTER_BOUND('',#5606,.T.) ;
#5659=FACE_OUTER_BOUND('',#5653,.T.) ;
#5689=FACE_OUTER_BOUND('',#5683,.T.) ;
#5705=FACE_OUTER_BOUND('',#5701,.T.) ;
#5736=FACE_OUTER_BOUND('',#5731,.T.) ;
#5761=FACE_OUTER_BOUND('',#5757,.T.) ;
#5794=FACE_OUTER_BOUND('',#5787,.T.) ;
#5887=FACE_OUTER_BOUND('',#5882,.T.) ;
#5911=FACE_OUTER_BOUND('',#5906,.T.) ;
#5927=FACE_OUTER_BOUND('',#5923,.T.) ;
#5938=FACE_OUTER_BOUND('',#5934,.T.) ;
#5962=FACE_OUTER_BOUND('',#5957,.T.) ;
#6045=FACE_OUTER_BOUND('',#6040,.T.) ;
#6090=FACE_OUTER_BOUND('',#6083,.T.) ;
#6106=FACE_OUTER_BOUND('',#6102,.T.) ;
#6137=FACE_OUTER_BOUND('',#6132,.T.) ;
#6162=FACE_OUTER_BOUND('',#6158,.T.) ;
#6192=FACE_OUTER_BOUND('',#6186,.T.) ;
#6217=FACE_OUTER_BOUND('',#6213,.T.) ;
#6248=FACE_OUTER_BOUND('',#6241,.T.) ;
#6264=FACE_OUTER_BOUND('',#6260,.T.) ;
#6288=FACE_OUTER_BOUND('',#6281,.T.) ;
#6295=FACE_OUTER_BOUND('',#6290,.T.) ;
#6380=FACE_OUTER_BOUND('',#6372,.T.) ;
#6443=FACE_OUTER_BOUND('',#6433,.T.) ;
#6484=FACE_OUTER_BOUND('',#6480,.T.) ;
#6508=FACE_OUTER_BOUND('',#6503,.T.) ;
#6591=FACE_OUTER_BOUND('',#6586,.T.) ;
#6638=FACE_OUTER_BOUND('',#6631,.T.) ;
#6654=FACE_OUTER_BOUND('',#6650,.T.) ;
#6683=FACE_OUTER_BOUND('',#6678,.T.) ;
#6708=FACE_OUTER_BOUND('',#6704,.T.) ;
#6746=FACE_OUTER_BOUND('',#6739,.T.) ;
#6839=FACE_OUTER_BOUND('',#6834,.T.) ;
#6856=FACE_OUTER_BOUND('',#6851,.T.) ;
#6903=FACE_OUTER_BOUND('',#6899,.T.) ;
#6927=FACE_OUTER_BOUND('',#6922,.T.) ;
#7020=FACE_OUTER_BOUND('',#7015,.T.) ;
#7044=FACE_OUTER_BOUND('',#7039,.T.) ;
#7060=FACE_OUTER_BOUND('',#7056,.T.) ;
#7071=FACE_OUTER_BOUND('',#7067,.T.) ;
#7102=FACE_OUTER_BOUND('',#7097,.T.) ;
#7126=FACE_OUTER_BOUND('',#7121,.T.) ;
#7145=FACE_OUTER_BOUND('',#7140,.T.) ;
#7228=FACE_OUTER_BOUND('',#7223,.T.) ;
#7259=FACE_OUTER_BOUND('',#7254,.T.) ;
#7292=FACE_OUTER_BOUND('',#7287,.T.) ;
#7325=FACE_OUTER_BOUND('',#7320,.T.) ;
#7349=FACE_OUTER_BOUND('',#7344,.T.) ;
#7382=FACE_OUTER_BOUND('',#7377,.T.) ;
#7415=FACE_OUTER_BOUND('',#7410,.T.) ;
#7440=FACE_OUTER_BOUND('',#7434,.T.) ;
#7553=FACE_OUTER_BOUND('',#7548,.T.) ;
#7577=FACE_OUTER_BOUND('',#7572,.T.) ;
#7602=FACE_OUTER_BOUND('',#7598,.T.) ;
#7634=FACE_OUTER_BOUND('',#7628,.T.) ;
#7659=FACE_OUTER_BOUND('',#7655,.T.) ;
#7697=FACE_OUTER_BOUND('',#7690,.T.) ;
#7713=FACE_OUTER_BOUND('',#7709,.T.) ;
#7735=FACE_OUTER_BOUND('',#7730,.T.) ;
#7760=FACE_OUTER_BOUND('',#7756,.T.) ;
#7792=FACE_OUTER_BOUND('',#7786,.T.) ;
#7817=FACE_OUTER_BOUND('',#7813,.T.) ;
#7855=FACE_OUTER_BOUND('',#7848,.T.) ;
#7871=FACE_OUTER_BOUND('',#7867,.T.) ;
#7898=FACE_OUTER_BOUND('',#7893,.T.) ;
#7929=FACE_OUTER_BOUND('',#7924,.T.) ;
#7954=FACE_OUTER_BOUND('',#7950,.T.) ;
#7984=FACE_OUTER_BOUND('',#7978,.T.) ;
#8017=FACE_OUTER_BOUND('',#8012,.T.) ;
#8050=FACE_OUTER_BOUND('',#8045,.T.) ;
#8075=FACE_OUTER_BOUND('',#8069,.T.) ;
#8091=FACE_OUTER_BOUND('',#8087,.T.) ;
#8116=FACE_OUTER_BOUND('',#8112,.T.) ;
#8148=FACE_OUTER_BOUND('',#8142,.T.) ;
#8173=FACE_OUTER_BOUND('',#8169,.T.) ;
#8211=FACE_OUTER_BOUND('',#8204,.T.) ;
#8227=FACE_OUTER_BOUND('',#8223,.T.) ;
#8249=FACE_OUTER_BOUND('',#8244,.T.) ;
#8274=FACE_OUTER_BOUND('',#8270,.T.) ;
#8309=FACE_OUTER_BOUND('',#8302,.T.) ;
#8325=FACE_OUTER_BOUND('',#8321,.T.) ;
#8362=FACE_OUTER_BOUND('',#8356,.T.) ;
#8378=FACE_OUTER_BOUND('',#8374,.T.) ;
#8405=FACE_OUTER_BOUND('',#8400,.T.) ;
#8429=FACE_OUTER_BOUND('',#8422,.T.) ;
#8438=FACE_OUTER_BOUND('',#8431,.T.) ;
#8461=FACE_OUTER_BOUND('',#8455,.T.) ;
#8486=FACE_OUTER_BOUND('',#8482,.T.) ;
#8499=FACE_OUTER_BOUND('',#8495,.T.) ;
#8521=FACE_OUTER_BOUND('',#8516,.T.) ;
#8537=FACE_OUTER_BOUND('',#8528,.T.) ;
#8560=FACE_OUTER_BOUND('',#8556,.T.) ;
#8571=FACE_OUTER_BOUND('',#8567,.T.) ;
#8595=FACE_OUTER_BOUND('',#8591,.T.) ;
#8608=FACE_OUTER_BOUND('',#8604,.T.) ;
#8630=FACE_OUTER_BOUND('',#8625,.T.) ;
#8636=FACE_OUTER_BOUND('',#8632,.T.) ;
#8660=FACE_OUTER_BOUND('',#8656,.T.) ;
#8674=FACE_OUTER_BOUND('',#8670,.T.) ;
#8680=FACE_OUTER_BOUND('',#8676,.T.) ;
#8686=FACE_OUTER_BOUND('',#8682,.T.) ;
#8692=FACE_OUTER_BOUND('',#8688,.T.) ;
#8698=FACE_OUTER_BOUND('',#8694,.T.) ;
#8704=FACE_OUTER_BOUND('',#8700,.T.) ;
#8710=FACE_OUTER_BOUND('',#8706,.T.) ;
#8716=FACE_OUTER_BOUND('',#8712,.T.) ;
#8722=FACE_OUTER_BOUND('',#8718,.T.) ;
#8730=FACE_OUTER_BOUND('',#8724,.T.) ;
#8736=FACE_OUTER_BOUND('',#8732,.T.) ;
#8742=FACE_OUTER_BOUND('',#8738,.T.) ;
#8748=FACE_OUTER_BOUND('',#8744,.T.) ;
#8754=FACE_OUTER_BOUND('',#8750,.T.) ;
#8760=FACE_OUTER_BOUND('',#8756,.T.) ;
#8766=FACE_OUTER_BOUND('',#8762,.T.) ;
#8778=FACE_OUTER_BOUND('',#8773,.T.) ;
#8784=FACE_OUTER_BOUND('',#8780,.T.) ;
#8805=FACE_OUTER_BOUND('',#8801,.T.) ;
#8811=FACE_OUTER_BOUND('',#8807,.T.) ;
#8833=FACE_OUTER_BOUND('',#8828,.T.) ;
#8839=FACE_OUTER_BOUND('',#8835,.T.) ;
#8855=FACE_OUTER_BOUND('',#8851,.T.) ;
#8869=FACE_OUTER_BOUND('',#8865,.T.) ;
#8875=FACE_OUTER_BOUND('',#8871,.T.) ;
#8881=FACE_OUTER_BOUND('',#8877,.T.) ;
#8887=FACE_OUTER_BOUND('',#8883,.T.) ;
#8893=FACE_OUTER_BOUND('',#8889,.T.) ;
#8909=FACE_OUTER_BOUND('',#8905,.T.) ;
#8934=FACE_OUTER_BOUND('',#8928,.T.) ;
#8950=FACE_OUTER_BOUND('',#8946,.T.) ;
#8956=FACE_OUTER_BOUND('',#8952,.T.) ;
#8967=FACE_OUTER_BOUND('',#8963,.T.) ;
#8984=FACE_OUTER_BOUND('',#8979,.T.) ;
#8990=FACE_OUTER_BOUND('',#8986,.T.) ;
#9014=FACE_OUTER_BOUND('',#9010,.T.) ;
#9020=FACE_OUTER_BOUND('',#9016,.T.) ;
#9038=FACE_OUTER_BOUND('',#9032,.T.) ;
#9057=FACE_OUTER_BOUND('',#9053,.T.) ;
#9079=FACE_OUTER_BOUND('',#9074,.T.) ;
#9085=FACE_OUTER_BOUND('',#9081,.T.) ;
#9116=FACE_OUTER_BOUND('',#9111,.T.) ;
#9139=FACE_OUTER_BOUND('',#9135,.T.) ;
#9156=FACE_OUTER_BOUND('',#9146,.T.) ;
#9196=FACE_OUTER_BOUND('',#9192,.T.) ;
#9207=FACE_OUTER_BOUND('',#9203,.T.) ;
#9224=FACE_OUTER_BOUND('',#9219,.T.) ;
#9249=FACE_OUTER_BOUND('',#9244,.T.) ;
#9262=FACE_OUTER_BOUND('',#9258,.T.) ;
#9268=FACE_OUTER_BOUND('',#9264,.T.) ;
#9274=FACE_OUTER_BOUND('',#9270,.T.) ;
#9280=FACE_OUTER_BOUND('',#9276,.T.) ;
#9286=FACE_OUTER_BOUND('',#9282,.T.) ;
#9292=FACE_OUTER_BOUND('',#9288,.T.) ;
#9298=FACE_OUTER_BOUND('',#9294,.T.) ;
#9304=FACE_OUTER_BOUND('',#9300,.T.) ;
#9310=FACE_OUTER_BOUND('',#9306,.T.) ;
#9316=FACE_OUTER_BOUND('',#9312,.T.) ;
#9324=FACE_OUTER_BOUND('',#9318,.T.) ;
#9330=FACE_OUTER_BOUND('',#9326,.T.) ;
#9336=FACE_OUTER_BOUND('',#9332,.T.) ;
#9342=FACE_OUTER_BOUND('',#9338,.T.) ;
#9348=FACE_OUTER_BOUND('',#9344,.T.) ;
#9354=FACE_OUTER_BOUND('',#9350,.T.) ;
#9360=FACE_OUTER_BOUND('',#9356,.T.) ;
#9366=FACE_OUTER_BOUND('',#9362,.T.) ;
#9372=FACE_OUTER_BOUND('',#9368,.T.) ;
#9378=FACE_OUTER_BOUND('',#9374,.T.) ;
#9392=FACE_OUTER_BOUND('',#9385,.T.) ;
#9406=FACE_OUTER_BOUND('',#9399,.T.) ;
#9418=FACE_OUTER_BOUND('',#9413,.T.) ;
#9431=FACE_OUTER_BOUND('',#9425,.T.) ;
#9443=FACE_OUTER_BOUND('',#9438,.T.) ;
#9457=FACE_OUTER_BOUND('',#9450,.T.) ;
#7=PRODUCT_CATEGORY_RELATIONSHIP(' ',' ',#5,#6) ;
#17=PRODUCT_DEFINITION_FORMATION_WITH_SPECIFIED_SOURCE('A.1',' ',#16,.NOT_KNOWN.) ;
#20=SHAPE_DEFINITION_REPRESENTATION(#19,#13) ;
#8=(LENGTH_UNIT()NAMED_UNIT(*)SI_UNIT(.MILLI.,.METRE.)) ;
#9=(NAMED_UNIT(*)PLANE_ANGLE_UNIT()SI_UNIT($,.RADIAN.)) ;
#10=(NAMED_UNIT(*)SI_UNIT($,.STERADIAN.)SOLID_ANGLE_UNIT()) ;
#12=(GEOMETRIC_REPRESENTATION_CONTEXT(3)GLOBAL_UNCERTAINTY_ASSIGNED_CONTEXT((#11))GLOBAL_UNIT_ASSIGNED_CONTEXT((#8,#9,#10))REPRESENTATION_CONTEXT(' ',' ')) ;
ENDSEC;
END-ISO-10303-21;
