ISO-10303-21;
HEADER;
FILE_DESCRIPTION(('3DEXPERIENCE STEP','CAx-IF Rec.Pracs.--- Model Styling and Organization---1.5--- 2016-08-15','CAx-IF Rec.Pracs.---Supplemental Geometry---1.0---2011-11-01','CAx-IF Rec.Pracs.--- Composite Materials ---3.4---2017-06-13','CAx-IF Rec.Pracs.---Tessellated 3D Geometry---1.0---2015-12-17'),'2;1');

FILE_NAME('\\\\?\\D:\\School\\CarTech\\CTU.25\\Tutorials\\Model\\OEM\\Reservoir.stp','2024-09-26T02:27:31+00:00',('none'),('none'),'3DEXPERIENCE Platform3DEXPERIENCE R2024x HotFix 4.24','3DEXPERIENCE Platform STEP AP242 v3','none');

FILE_SCHEMA(('AP242_MANAGED_MODEL_BASED_3D_ENGINEERING_MIM_LF  {1 0 10303 442 1 1 4}'));

ENDSEC;
DATA;
#16=PRODUCT('Brembo_remote_brake_fluid_reservoir_1','Brembo_remote_brake_fluid_reservoir_1','',(#2)) ;
#2=PRODUCT_CONTEXT(' ',#1,'mechanical') ;
#1=APPLICATION_CONTEXT('managed model based 3d engineering') ;
#18=PRODUCT_DEFINITION('Brembo_remote_brake_fluid_reservoir_1',' ',#17,#3) ;
#3=PRODUCT_DEFINITION_CONTEXT('part definition',#1,' ') ;
#19=PRODUCT_DEFINITION_SHAPE(' ',' ',#18) ;
#2479=MECHANICAL_DESIGN_GEOMETRIC_PRESENTATION_REPRESENTATION(' ',(#29),#12) ;
#5=PRODUCT_CATEGORY('part','specification') ;
#13=SHAPE_REPRESENTATION(' ',(#15,#21),#12) ;
#14=CARTESIAN_POINT('',(0.,0.,0.)) ;
#31=CARTESIAN_POINT('Axis2P3D Location',(-28.,0.,37.5)) ;
#36=CARTESIAN_POINT('Line Origine',(-25.,0.,37.5)) ;
#40=CARTESIAN_POINT('Vertex',(-25.,1.,37.5)) ;
#42=CARTESIAN_POINT('Vertex',(-25.,-1.,37.5)) ;
#45=CARTESIAN_POINT('Axis2P3D Location',(-28.,1.,37.5)) ;
#49=CARTESIAN_POINT('Vertex',(-31.,1.,37.5)) ;
#52=CARTESIAN_POINT('Line Origine',(-31.,0.,37.5)) ;
#56=CARTESIAN_POINT('Vertex',(-31.,-1.,37.5)) ;
#59=CARTESIAN_POINT('Axis2P3D Location',(-28.,-1.,37.5)) ;
#71=CARTESIAN_POINT('Axis2P3D Location',(-28.,1.,37.5)) ;
#76=CARTESIAN_POINT('Axis2P3D Location',(-28.,-1.,37.5)) ;
#88=CARTESIAN_POINT('Axis2P3D Location',(5.3290705182E-15,-2.10942374679E-15,-2.5)) ;
#93=CARTESIAN_POINT('Line Origine',(-847512.623552,-1551361.45141,1767764.45297)) ;
#97=CARTESIAN_POINT('Vertex',(-1.19856384651,-2.19395640472,1.61470836701E-12)) ;
#99=CARTESIAN_POINT('Vertex',(-1.43827661575,-2.63274768555,0.499999999863)) ;
#102=CARTESIAN_POINT('Axis2P3D Location',(-4.16676330138E-27,-1.11022302463E-16,0.500000000002)) ;
#106=CARTESIAN_POINT('Vertex',(1.43827661581,2.63274768567,0.500000000002)) ;
#109=CARTESIAN_POINT('Line Origine',(847512.623552,1551361.45141,1767764.45297)) ;
#113=CARTESIAN_POINT('Vertex',(1.19856384644,2.1939564046,-1.46834988612E-10)) ;
#116=CARTESIAN_POINT('Axis2P3D Location',(8.88178419697E-16,-4.44089209851E-16,1.61559654543E-12)) ;
#128=CARTESIAN_POINT('Axis2P3D Location',(7.75463027125E-12,-3.75965925059E-12,-2.5)) ;
#133=CARTESIAN_POINT('Axis2P3D Location',(3.33066902644E-16,1.35660851633E-23,0.500000000003)) ;
#138=CARTESIAN_POINT('Axis2P3D Location',(1.2927159343E-12,-6.26609875088E-13,1.70263803057E-12)) ;
#150=CARTESIAN_POINT('Axis2P3D Location',(0.,0.,0.)) ;
#160=CARTESIAN_POINT('Axis2P3D Location',(0.,0.,30.)) ;
#165=CARTESIAN_POINT('Line Origine',(1.43827661581,2.63274768567,30.)) ;
#169=CARTESIAN_POINT('Vertex',(1.43827661581,2.63274768567,1.5)) ;
#172=CARTESIAN_POINT('Axis2P3D Location',(0.,0.,1.5)) ;
#176=CARTESIAN_POINT('Vertex',(-1.43827661581,-2.63274768567,1.5)) ;
#179=CARTESIAN_POINT('Line Origine',(-1.43827661581,-2.63274768567,30.)) ;
#191=CARTESIAN_POINT('Axis2P3D Location',(0.,0.,1.5)) ;
#203=CARTESIAN_POINT('Axis2P3D Location',(-3.05533376377E-13,1.91846538655E-13,28.5)) ;
#208=CARTESIAN_POINT('Line Origine',(-847512.623552,-1551361.45141,1767795.45297)) ;
#212=CARTESIAN_POINT('Vertex',(-10.30764908,-18.8680250806,50.)) ;
#214=CARTESIAN_POINT('Vertex',(-10.5473618492,-19.3068163615,50.4999999999)) ;
#217=CARTESIAN_POINT('Axis2P3D Location',(7.10542735754E-15,-3.55271367909E-15,50.5)) ;
#221=CARTESIAN_POINT('Vertex',(10.5473618493,19.3068163616,50.5)) ;
#224=CARTESIAN_POINT('Line Origine',(847512.623552,1551361.45141,1767795.45297)) ;
#228=CARTESIAN_POINT('Vertex',(10.3076490799,18.8680250805,49.9999999999)) ;
#231=CARTESIAN_POINT('Axis2P3D Location',(-6.29069240259E-26,8.88178419414E-16,50.)) ;
#243=CARTESIAN_POINT('Line Origine',(-305518.7713,-1741165.78199,1767795.45297)) ;
#247=CARTESIAN_POINT('Vertex',(-3.71579159342,-21.1764702638,50.)) ;
#249=CARTESIAN_POINT('Vertex',(-3.80220535142,-21.6689463166,50.5000000001)) ;
#252=CARTESIAN_POINT('Axis2P3D Location',(7.10542735754E-15,-3.55271367909E-15,50.5)) ;
#257=CARTESIAN_POINT('Axis2P3D Location',(-6.61885853917E-26,8.88178419416E-16,50.)) ;
#269=CARTESIAN_POINT('Axis2P3D Location',(-6.99884594724E-13,-1.54543045028E-13,28.5)) ;
#274=CARTESIAN_POINT('Axis2P3D Location',(-1.24344978759E-14,-1.77635683953E-15,50.)) ;
#279=CARTESIAN_POINT('Axis2P3D Location',(3.55271367872E-15,1.77635683927E-15,50.5)) ;
#291=CARTESIAN_POINT('Axis2P3D Location',(0.,-19.,50.)) ;
#301=CARTESIAN_POINT('Axis2P3D Location',(3.5527136788E-15,0.,50.)) ;
#305=CARTESIAN_POINT('Vertex',(-9.10908523388,-16.6740686763,50.)) ;
#307=CARTESIAN_POINT('Vertex',(9.10908523388,16.6740686763,50.)) ;
#310=CARTESIAN_POINT('Axis2P3D Location',(-3.5527136788E-15,0.,50.)) ;
#320=CARTESIAN_POINT('Axis2P3D Location',(0.,0.,30.)) ;
#325=CARTESIAN_POINT('Line Origine',(10.5473618493,19.3068163616,30.)) ;
#329=CARTESIAN_POINT('Vertex',(10.5473618493,19.3068163616,58.)) ;
#332=CARTESIAN_POINT('Axis2P3D Location',(0.,0.,58.)) ;
#336=CARTESIAN_POINT('Vertex',(-10.5473618493,-19.3068163616,58.)) ;
#339=CARTESIAN_POINT('Line Origine',(-10.5473618493,-19.3068163616,30.)) ;
#352=CARTESIAN_POINT('Axis2P3D Location',(0.,0.,58.)) ;
#364=CARTESIAN_POINT('Axis2P3D Location',(0.,-3.,1.5)) ;
#373=CARTESIAN_POINT('Axis2P3D Location',(4.4408920985E-16,0.,1.5)) ;
#377=CARTESIAN_POINT('Vertex',(1.19856384583,2.19395640492,1.5)) ;
#379=CARTESIAN_POINT('Vertex',(-1.19856384583,-2.19395640492,1.5)) ;
#382=CARTESIAN_POINT('Axis2P3D Location',(-4.4408920985E-16,0.,1.5)) ;
#392=CARTESIAN_POINT('Axis2P3D Location',(0.,-6.5,15.)) ;
#397=CARTESIAN_POINT('Axis2P3D Location',(3.5527136788E-15,8.881784197E-16,15.)) ;
#401=CARTESIAN_POINT('Vertex',(6.23253200203,11.4085733052,15.)) ;
#403=CARTESIAN_POINT('Vertex',(-6.23253200203,-11.4085733052,15.)) ;
#406=CARTESIAN_POINT('Axis2P3D Location',(-3.5527136788E-15,-8.881784197E-16,15.)) ;
#415=CARTESIAN_POINT('Axis2P3D Location',(0.,0.,15.)) ;
#419=CARTESIAN_POINT('Vertex',(-3.11626600102,-5.70428665169,15.)) ;
#421=CARTESIAN_POINT('Vertex',(3.11626600102,5.70428665169,15.)) ;
#424=CARTESIAN_POINT('Axis2P3D Location',(0.,0.,15.)) ;
#434=CARTESIAN_POINT('Axis2P3D Location',(0.,-20.,60.)) ;
#439=CARTESIAN_POINT('Axis2P3D Location',(3.5527136788E-15,0.,60.)) ;
#443=CARTESIAN_POINT('Vertex',(-9.58851077221,-17.5516512375,60.)) ;
#445=CARTESIAN_POINT('Vertex',(9.58851077221,17.5516512375,60.)) ;
#448=CARTESIAN_POINT('Axis2P3D Location',(-3.5527136788E-15,0.,60.)) ;
#458=CARTESIAN_POINT('Axis2P3D Location',(0.,0.,30.)) ;
#463=CARTESIAN_POINT('Line Origine',(1.19856384651,2.19395640473,30.)) ;
#467=CARTESIAN_POINT('Vertex',(1.19856384651,2.19395640473,11.)) ;
#470=CARTESIAN_POINT('Axis2P3D Location',(0.,0.,11.)) ;
#474=CARTESIAN_POINT('Vertex',(-1.19856384651,-2.19395640473,11.)) ;
#477=CARTESIAN_POINT('Line Origine',(-1.19856384651,-2.19395640473,30.)) ;
#489=CARTESIAN_POINT('Axis2P3D Location',(0.,0.,11.)) ;
#501=CARTESIAN_POINT('Axis2P3D Location',(0.,0.,11.)) ;
#506=CARTESIAN_POINT('Axis2P3D Location',(3.11626600093,5.70428665229,11.)) ;
#511=CARTESIAN_POINT('Axis2P3D Location',(-3.11626600093,-5.70428665229,11.)) ;
#523=CARTESIAN_POINT('Axis2P3D Location',(0.,0.,11.)) ;
#535=CARTESIAN_POINT('Axis2P3D Location',(0.,0.,21.)) ;
#540=CARTESIAN_POINT('Axis2P3D Location',(-6.23253200185,-11.4085733046,21.)) ;
#544=CARTESIAN_POINT('Vertex',(-9.10908523348,-16.6740686759,21.)) ;
#547=CARTESIAN_POINT('Axis2P3D Location',(6.23253200185,11.4085733046,21.)) ;
#551=CARTESIAN_POINT('Vertex',(9.10908523348,16.6740686759,21.)) ;
#554=CARTESIAN_POINT('Axis2P3D Location',(0.,0.,21.)) ;
#566=CARTESIAN_POINT('Axis2P3D Location',(0.,0.,30.)) ;
#571=CARTESIAN_POINT('Line Origine',(9.10908523348,16.6740686759,30.)) ;
#576=CARTESIAN_POINT('Line Origine',(-9.10908523348,-16.6740686759,30.)) ;
#588=CARTESIAN_POINT('Axis2P3D Location',(0.,0.,60.)) ;
#593=CARTESIAN_POINT('Line Origine',(1695030.04136,3102731.67864,-3535463.90593)) ;
#598=CARTESIAN_POINT('Line Origine',(-1695030.04136,-3102731.67864,-3535463.90593)) ;
#617=CARTESIAN_POINT('Axis2P3D Location',(0.,0.,21.)) ;
#621=CARTESIAN_POINT('Vertex',(-18.8051230536,-2.71428571429,21.)) ;
#624=CARTESIAN_POINT('Axis2P3D Location',(0.,0.,21.)) ;
#628=CARTESIAN_POINT('Vertex',(-18.8051230305,2.71428587409,21.)) ;
#631=CARTESIAN_POINT('Line Origine',(-18.8051230536,2.71428571429,30.)) ;
#635=CARTESIAN_POINT('Vertex',(-18.8051230536,2.71428571429,47.)) ;
#638=CARTESIAN_POINT('Axis2P3D Location',(0.,0.,47.)) ;
#642=CARTESIAN_POINT('Vertex',(-18.8051230536,-2.71428571429,47.)) ;
#645=CARTESIAN_POINT('Line Origine',(-18.8051230536,-2.71428571429,30.)) ;
#661=CARTESIAN_POINT('Axis2P3D Location',(0.,0.,21.)) ;
#666=CARTESIAN_POINT('Axis2P3D Location',(0.,0.,21.)) ;
#670=CARTESIAN_POINT('Vertex',(-18.998464119,-0.241580461603,20.9999985562)) ;
#672=CARTESIAN_POINT('Vertex',(-18.9984625766,0.241701726509,21.)) ;
#676=CARTESIAN_POINT('Control Point',(-18.9984625766,0.241701726509,20.9999988407)) ;
#677=CARTESIAN_POINT('Control Point',(-18.9879150741,1.07076617904,20.9938778318)) ;
#678=CARTESIAN_POINT('Control Point',(-18.9229260315,1.89984999023,20.9561801149)) ;
#679=CARTESIAN_POINT('Control Point',(-18.8040436718,2.7143172326,20.8870196596)) ;
#680=CARTESIAN_POINT('Vertex',(-18.8040436718,2.7143172326,20.8870196596)) ;
#683=CARTESIAN_POINT('Axis2P3D Location',(-12.8666631262,1.85714296648,21.)) ;
#688=CARTESIAN_POINT('Axis2P3D Location',(-12.8666631262,-1.85714296648,21.)) ;
#692=CARTESIAN_POINT('Vertex',(-18.8040701517,-2.71413390411,20.8870205956)) ;
#696=CARTESIAN_POINT('Control Point',(-18.8040702542,-2.71413523101,20.8870360482)) ;
#697=CARTESIAN_POINT('Control Point',(-18.9229411738,-1.89968843204,20.9561835045)) ;
#698=CARTESIAN_POINT('Control Point',(-18.987922207,-1.07062146514,20.9938769241)) ;
#699=CARTESIAN_POINT('Control Point',(-18.998464119,-0.241580461603,20.9999985562)) ;
#715=CARTESIAN_POINT('Control Point',(-18.9984641201,-0.241628770067,20.9999999998)) ;
#716=CARTESIAN_POINT('Control Point',(-18.998420591,-0.245047747121,21.3839798796)) ;
#717=CARTESIAN_POINT('Control Point',(-19.0905272799,-0.249638721402,21.7679597593)) ;
#718=CARTESIAN_POINT('Control Point',(-19.2749840145,-0.255140857896,22.1223650338)) ;
#719=CARTESIAN_POINT('Control Point',(-19.536637061,-0.261102137804,22.418080132)) ;
#720=CARTESIAN_POINT('Control Point',(-19.8511495742,-0.267063416099,22.6383040884)) ;
#721=CARTESIAN_POINT('Control Point',(-19.0000010075,-0.120802321949,21.0011894179)) ;
#722=CARTESIAN_POINT('Control Point',(-19.0000009538,-0.122511856116,21.385161876)) ;
#723=CARTESIAN_POINT('Control Point',(-19.0921477086,-0.124807192305,21.769134334)) ;
#724=CARTESIAN_POINT('Control Point',(-19.2766376995,-0.127557939757,22.1235362649)) ;
#725=CARTESIAN_POINT('Control Point',(-19.538316352,-0.130538171846,22.4192560066)) ;
#726=CARTESIAN_POINT('Control Point',(-19.8528482393,-0.133518402008,22.6394935065)) ;
#727=CARTESIAN_POINT('Control Point',(-19.0005133972,4.09552736456E-05,21.0015859635)) ;
#728=CARTESIAN_POINT('Control Point',(-19.0005278247,4.15228100889E-05,21.3855559531)) ;
#729=CARTESIAN_POINT('Control Point',(-19.0926879298,4.2288618765E-05,21.7695259426)) ;
#730=CARTESIAN_POINT('Control Point',(-19.2771890087,4.32094414073E-05,22.1239267614)) ;
#731=CARTESIAN_POINT('Control Point',(-19.538876206,4.42096871731E-05,22.4196480474)) ;
#732=CARTESIAN_POINT('Control Point',(-19.8534145651,4.52121930442E-05,22.6398900521)) ;
#733=CARTESIAN_POINT('Control Point',(-19.0000008843,0.120880706388,21.0011893233)) ;
#734=CARTESIAN_POINT('Control Point',(-19.0000007805,0.122591325293,21.3851617979)) ;
#735=CARTESIAN_POINT('Control Point',(-19.0921475088,0.124888125921,21.7691342726)) ;
#736=CARTESIAN_POINT('Control Point',(-19.276637501,0.127640634781,22.123536211)) ;
#737=CARTESIAN_POINT('Control Point',(-19.5383161782,0.130622780549,22.4192559423)) ;
#738=CARTESIAN_POINT('Control Point',(-19.8528481041,0.133604928919,22.6394934119)) ;
#739=CARTESIAN_POINT('Control Point',(-18.9984641188,0.241696913729,21.0000000002)) ;
#740=CARTESIAN_POINT('Control Point',(-18.9984204978,0.245116829541,21.3839799114)) ;
#741=CARTESIAN_POINT('Control Point',(-19.090527141,0.249709073216,21.7679598227)) ;
#742=CARTESIAN_POINT('Control Point',(-19.2749838834,0.255212738012,22.1223651114)) ;
#743=CARTESIAN_POINT('Control Point',(-19.5366369825,0.261175679335,22.4180801899)) ;
#744=CARTESIAN_POINT('Control Point',(-19.8511495747,0.267138623601,22.6383040888)) ;
#746=CARTESIAN_POINT('Control Point',(-19.8511495742,-0.267063416099,22.6383040884)) ;
#747=CARTESIAN_POINT('Control Point',(-19.8528482393,-0.133518402008,22.6394935065)) ;
#748=CARTESIAN_POINT('Control Point',(-19.8534145651,4.52121930442E-05,22.6398900521)) ;
#749=CARTESIAN_POINT('Control Point',(-19.8528481041,0.133604928919,22.6394934119)) ;
#750=CARTESIAN_POINT('Control Point',(-19.8511495747,0.267138623601,22.6383040888)) ;
#751=CARTESIAN_POINT('Vertex',(-19.8511495742,-0.267063416099,22.6383040884)) ;
#753=CARTESIAN_POINT('Vertex',(-19.8511495747,0.267138623601,22.6383040888)) ;
#757=CARTESIAN_POINT('Control Point',(-18.9984641188,0.241696913729,21.0000000002)) ;
#758=CARTESIAN_POINT('Control Point',(-18.9984204978,0.245116829541,21.3839799114)) ;
#759=CARTESIAN_POINT('Control Point',(-19.090527141,0.249709073216,21.7679598227)) ;
#760=CARTESIAN_POINT('Control Point',(-19.2749838834,0.255212738012,22.1223651114)) ;
#761=CARTESIAN_POINT('Control Point',(-19.5366369825,0.261175679335,22.4180801899)) ;
#762=CARTESIAN_POINT('Control Point',(-19.8511495747,0.267138623601,22.6383040888)) ;
#765=CARTESIAN_POINT('Control Point',(-18.9984641201,-0.241628770067,20.9999999998)) ;
#766=CARTESIAN_POINT('Control Point',(-18.998420591,-0.245047747121,21.3839798796)) ;
#767=CARTESIAN_POINT('Control Point',(-19.0905272799,-0.249638721402,21.7679597593)) ;
#768=CARTESIAN_POINT('Control Point',(-19.2749840145,-0.255140857896,22.1223650338)) ;
#769=CARTESIAN_POINT('Control Point',(-19.536637061,-0.261102137804,22.418080132)) ;
#770=CARTESIAN_POINT('Control Point',(-19.8511495742,-0.267063416099,22.6383040884)) ;
#779=CARTESIAN_POINT('Axis2P3D Location',(0.,1.,0.)) ;
#784=CARTESIAN_POINT('Line Origine',(-20.7846096903,1.,34.2055451889)) ;
#788=CARTESIAN_POINT('Vertex',(-20.7846096903,1.,23.9023071937)) ;
#790=CARTESIAN_POINT('Vertex',(-20.7846096903,1.,44.508783184)) ;
#793=CARTESIAN_POINT('Line Origine',(-26.3998225024,1.,27.8341215327)) ;
#797=CARTESIAN_POINT('Vertex',(-32.0150353145,1.,31.7659358718)) ;
#800=CARTESIAN_POINT('Axis2P3D Location',(-27.9999999991,1.,37.4999999996)) ;
#804=CARTESIAN_POINT('Vertex',(-27.9999997895,1.,44.5)) ;
#807=CARTESIAN_POINT('Line Origine',(-24.4970232826,1.,44.5)) ;
#811=CARTESIAN_POINT('Vertex',(-20.9940467756,1.,44.5)) ;
#815=CARTESIAN_POINT('Control Point',(-20.9940467756,1.,44.5)) ;
#816=CARTESIAN_POINT('Control Point',(-20.9521223451,1.,44.5)) ;
#817=CARTESIAN_POINT('Control Point',(-20.9101979125,1.,44.5008783371)) ;
#818=CARTESIAN_POINT('Control Point',(-20.8682376671,1.,44.5026380308)) ;
#819=CARTESIAN_POINT('Control Point',(-20.8263869063,1.,44.5052729862)) ;
#820=CARTESIAN_POINT('Control Point',(-20.7846096903,1.,44.508783184)) ;
#835=CARTESIAN_POINT('Control Point',(-18.8051230475,2.71428573588,20.9999999999)) ;
#836=CARTESIAN_POINT('Control Point',(-18.8081937942,2.69301097706,21.0000000019)) ;
#837=CARTESIAN_POINT('Control Point',(-18.8115694117,2.671780222,21.000000004)) ;
#838=CARTESIAN_POINT('Control Point',(-18.8152489536,2.65060002547,21.000000006)) ;
#839=CARTESIAN_POINT('Control Point',(-18.8192311931,2.62947689555,21.0000000081)) ;
#840=CARTESIAN_POINT('Control Point',(-18.8051230474,2.71428573601,20.9717532153)) ;
#841=CARTESIAN_POINT('Control Point',(-18.8081937942,2.69301097719,20.971738611)) ;
#842=CARTESIAN_POINT('Control Point',(-18.8115694117,2.67178022212,20.9717225566)) ;
#843=CARTESIAN_POINT('Control Point',(-18.8152489536,2.6506000256,20.9717050566)) ;
#844=CARTESIAN_POINT('Control Point',(-18.8192311931,2.62947689568,20.9716861168)) ;
#845=CARTESIAN_POINT('Control Point',(-18.8049431488,2.7142909628,20.9435064306)) ;
#846=CARTESIAN_POINT('Control Point',(-18.8080137524,2.69301615651,20.9434772201)) ;
#847=CARTESIAN_POINT('Control Point',(-18.8113892188,2.67178535334,20.9434451093)) ;
#848=CARTESIAN_POINT('Control Point',(-18.8150686017,2.65060510811,20.9434101072)) ;
#849=CARTESIAN_POINT('Control Point',(-18.8190506744,2.62948192891,20.9433722256)) ;
#850=CARTESIAN_POINT('Control Point',(-18.8045833514,2.71430141623,20.9152613434)) ;
#851=CARTESIAN_POINT('Control Point',(-18.8076536689,2.69302651502,20.915217529)) ;
#852=CARTESIAN_POINT('Control Point',(-18.8110288331,2.67179561565,20.9151693642)) ;
#853=CARTESIAN_POINT('Control Point',(-18.814707898,2.650615273,20.9151168626)) ;
#854=CARTESIAN_POINT('Control Point',(-18.818689637,2.62949199526,20.9150600415)) ;
#855=CARTESIAN_POINT('Control Point',(-18.8040436883,2.71431709745,20.8870196512)) ;
#856=CARTESIAN_POINT('Control Point',(-18.8071135764,2.69304205384,20.8869612376)) ;
#857=CARTESIAN_POINT('Control Point',(-18.8104882874,2.67181101015,20.8868970236)) ;
#858=CARTESIAN_POINT('Control Point',(-18.8141668755,2.65063052138,20.8868270272)) ;
#859=CARTESIAN_POINT('Control Point',(-18.8181481139,2.62950709582,20.8867512719)) ;
#861=CARTESIAN_POINT('Control Point',(-18.8051230475,2.71428573588,20.9999999999)) ;
#862=CARTESIAN_POINT('Control Point',(-18.8081937942,2.69301097706,21.0000000019)) ;
#863=CARTESIAN_POINT('Control Point',(-18.8115694117,2.671780222,21.000000004)) ;
#864=CARTESIAN_POINT('Control Point',(-18.8152489536,2.65060002547,21.000000006)) ;
#865=CARTESIAN_POINT('Control Point',(-18.8192311931,2.62947689555,21.0000000081)) ;
#866=CARTESIAN_POINT('Vertex',(-18.8192311931,2.62947689555,21.0000000081)) ;
#870=CARTESIAN_POINT('Control Point',(-18.8040436883,2.71431709745,20.8870196512)) ;
#871=CARTESIAN_POINT('Control Point',(-18.8088512101,2.68596969449,20.9246285703)) ;
#872=CARTESIAN_POINT('Control Point',(-18.8139014718,2.65774751959,20.962329369)) ;
#873=CARTESIAN_POINT('Control Point',(-18.8192311931,2.62947689555,21.0000000081)) ;
#881=CARTESIAN_POINT('Axis2P3D Location',(-20.7846096908,3.,35.5)) ;
#887=CARTESIAN_POINT('Control Point',(-18.8051230536,2.71428571429,47.)) ;
#888=CARTESIAN_POINT('Control Point',(-18.8228812905,2.59125303973,46.8344502393)) ;
#889=CARTESIAN_POINT('Control Point',(-18.8501982565,2.46959977152,46.6689010727)) ;
#890=CARTESIAN_POINT('Control Point',(-18.8865997026,2.35186557567,46.5068916363)) ;
#891=CARTESIAN_POINT('Control Point',(-18.9767229436,2.12191646651,46.1879421524)) ;
#892=CARTESIAN_POINT('Control Point',(-19.1064800704,1.90053410218,45.8765354017)) ;
#893=CARTESIAN_POINT('Control Point',(-19.1823168124,1.79128173708,45.7220686987)) ;
#894=CARTESIAN_POINT('Control Point',(-19.3902142118,1.54145978779,45.3652010708)) ;
#895=CARTESIAN_POINT('Control Point',(-19.6714518627,1.31917373307,45.0402509184)) ;
#896=CARTESIAN_POINT('Control Point',(-19.8645024029,1.20123603003,44.8647748512)) ;
#897=CARTESIAN_POINT('Control Point',(-20.1631414875,1.07648012529,44.6715749506)) ;
#898=CARTESIAN_POINT('Control Point',(-20.5086320431,1.01610371806,44.5581572297)) ;
#899=CARTESIAN_POINT('Control Point',(-20.6001008758,1.0053597481,44.5349149803)) ;
#900=CARTESIAN_POINT('Control Point',(-20.6920051717,1.,44.5185091835)) ;
#901=CARTESIAN_POINT('Control Point',(-20.7846096908,1.,44.508783184)) ;
#904=CARTESIAN_POINT('Control Point',(-19.7967554812,1.2609933696,23.0376784876)) ;
#905=CARTESIAN_POINT('Control Point',(-19.6241016276,1.3590705322,22.8865615753)) ;
#906=CARTESIAN_POINT('Control Point',(-19.4761055914,1.4714818984,22.7166332891)) ;
#907=CARTESIAN_POINT('Control Point',(-19.3502348616,1.59139682032,22.5365110985)) ;
#908=CARTESIAN_POINT('Control Point',(-19.1755190195,1.79466184755,22.2310326883)) ;
#909=CARTESIAN_POINT('Control Point',(-19.0441760387,2.0077447497,21.9111984228)) ;
#910=CARTESIAN_POINT('Control Point',(-18.9994577108,2.09092864761,21.7863329289)) ;
#911=CARTESIAN_POINT('Control Point',(-18.946664917,2.20451424002,21.6161193065)) ;
#912=CARTESIAN_POINT('Control Point',(-18.9035479065,2.3195092197,21.4447424959)) ;
#913=CARTESIAN_POINT('Control Point',(-18.8941697082,2.34608895476,21.4052354697)) ;
#914=CARTESIAN_POINT('Control Point',(-18.8704990637,2.41704027874,21.2992997014)) ;
#915=CARTESIAN_POINT('Control Point',(-18.8494330369,2.49173647031,21.190530143)) ;
#916=CARTESIAN_POINT('Control Point',(-18.8379923651,2.53842208917,21.1263705873)) ;
#917=CARTESIAN_POINT('Control Point',(-18.8285088108,2.58026511959,21.0601428636)) ;
#918=CARTESIAN_POINT('Control Point',(-18.819230919,2.62947836305,21.)) ;
#919=CARTESIAN_POINT('Vertex',(-19.7967558853,1.26099314005,23.0376785025)) ;
#923=CARTESIAN_POINT('Control Point',(-20.7846092147,1.,23.9023077376)) ;
#924=CARTESIAN_POINT('Control Point',(-20.4466656752,1.00000008045,23.606521013)) ;
#925=CARTESIAN_POINT('Control Point',(-20.107458077,1.0844968021,23.3096245681)) ;
#926=CARTESIAN_POINT('Control Point',(-19.7967558853,1.26099314005,23.0376785025)) ;
#938=CARTESIAN_POINT('Control Point',(-18.9984625291,0.241701698403,20.9999991134)) ;
#939=CARTESIAN_POINT('Control Point',(-18.9984190954,0.245121694633,21.3839789164)) ;
#940=CARTESIAN_POINT('Control Point',(-19.0905258209,0.249714040166,21.7679587058)) ;
#941=CARTESIAN_POINT('Control Point',(-19.2749825259,0.255217822402,22.1223638997)) ;
#942=CARTESIAN_POINT('Control Point',(-19.5366354882,0.261180887619,22.4180789518)) ;
#943=CARTESIAN_POINT('Control Point',(-19.851147886,0.267143953389,22.6383029063)) ;
#944=CARTESIAN_POINT('Control Point',(-18.9921348094,0.73908871084,20.9963261895)) ;
#945=CARTESIAN_POINT('Control Point',(-18.9921472936,0.749547992232,21.38009173)) ;
#946=CARTESIAN_POINT('Control Point',(-19.0842065015,0.763591225868,21.7638008422)) ;
#947=CARTESIAN_POINT('Control Point',(-19.2685074288,0.780420672254,22.1179188028)) ;
#948=CARTESIAN_POINT('Control Point',(-19.5299218153,0.798654115094,22.4133779944)) ;
#949=CARTESIAN_POINT('Control Point',(-19.8441539145,0.816887557532,22.6334056748)) ;
#950=CARTESIAN_POINT('Control Point',(-18.9695283939,1.23614467431,20.9832043712)) ;
#951=CARTESIAN_POINT('Control Point',(-18.9697405684,1.25364940765,21.3662042769)) ;
#952=CARTESIAN_POINT('Control Point',(-19.0616299913,1.27714094506,21.7489463198)) ;
#953=CARTESIAN_POINT('Control Point',(-19.2453744399,1.30528581154,22.1020381575)) ;
#954=CARTESIAN_POINT('Control Point',(-19.5059365865,1.3357754858,22.3965833505)) ;
#955=CARTESIAN_POINT('Control Point',(-19.8191673827,1.36626515948,22.6159099168)) ;
#956=CARTESIAN_POINT('Control Point',(-18.9306453233,1.73178165472,20.9606312668)) ;
#957=CARTESIAN_POINT('Control Point',(-18.9311979126,1.75635985677,21.3423127922)) ;
#958=CARTESIAN_POINT('Control Point',(-19.0227930473,1.78928921459,21.7233910934)) ;
#959=CARTESIAN_POINT('Control Point',(-19.2055792161,1.82870529439,22.0747183456)) ;
#960=CARTESIAN_POINT('Control Point',(-19.4646752141,1.8713898117,22.3676918171)) ;
#961=CARTESIAN_POINT('Control Point',(-19.7761837377,1.91407433066,22.5858124446)) ;
#962=CARTESIAN_POINT('Control Point',(-18.875481168,2.22489883413,20.9285829394)) ;
#963=CARTESIAN_POINT('Control Point',(-18.8764965236,2.25659947994,21.308384033)) ;
#964=CARTESIAN_POINT('Control Point',(-18.9676591568,2.29894743039,21.6870993618)) ;
#965=CARTESIAN_POINT('Control Point',(-19.1490783048,2.34955585661,22.0359255326)) ;
#966=CARTESIAN_POINT('Control Point',(-19.406092394,2.40432596914,22.3266716466)) ;
#967=CARTESIAN_POINT('Control Point',(-19.7151574019,2.45909608492,22.5430813442)) ;
#968=CARTESIAN_POINT('Control Point',(-18.8040440361,2.71431783892,20.8870261736)) ;
#969=CARTESIAN_POINT('Control Point',(-18.8056115226,2.75320145258,21.2643690211)) ;
#970=CARTESIAN_POINT('Control Point',(-18.896179366,2.80493206784,21.6400184158)) ;
#971=CARTESIAN_POINT('Control Point',(-19.0758109422,2.86661347917,21.9856111172)) ;
#972=CARTESIAN_POINT('Control Point',(-19.3301246762,2.93330737968,22.2734784522)) ;
#973=CARTESIAN_POINT('Control Point',(-19.6360251228,3.00000128447,22.4876723259)) ;
#975=CARTESIAN_POINT('Control Point',(-19.836580147,0.826241712012,22.6281024656)) ;
#976=CARTESIAN_POINT('Control Point',(-19.6622549738,0.951748228117,22.5060386581)) ;
#977=CARTESIAN_POINT('Control Point',(-19.5121344914,1.09631513816,22.3683768975)) ;
#978=CARTESIAN_POINT('Control Point',(-19.3844757893,1.25106066419,22.2222160289)) ;
#979=CARTESIAN_POINT('Control Point',(-19.2296710763,1.47916695237,22.0076808743)) ;
#980=CARTESIAN_POINT('Control Point',(-19.1075913847,1.71482399511,21.7868152453)) ;
#981=CARTESIAN_POINT('Control Point',(-19.0740174326,1.78534384528,21.720778288)) ;
#982=CARTESIAN_POINT('Control Point',(-19.010688797,1.93003155344,21.5853928195)) ;
#983=CARTESIAN_POINT('Control Point',(-18.9573773119,2.0759564811,21.4491888635)) ;
#984=CARTESIAN_POINT('Control Point',(-18.9334820167,2.14839278339,21.3823269614)) ;
#985=CARTESIAN_POINT('Control Point',(-18.8930834978,2.28220515495,21.256968849)) ;
#986=CARTESIAN_POINT('Control Point',(-18.8597571113,2.41797028916,21.132817247)) ;
#987=CARTESIAN_POINT('Control Point',(-18.8460864203,2.47965661098,21.0795368029)) ;
#988=CARTESIAN_POINT('Control Point',(-18.8341240968,2.53866037853,21.0222275752)) ;
#989=CARTESIAN_POINT('Control Point',(-18.8226955285,2.6032382634,20.9724997745)) ;
#990=CARTESIAN_POINT('Vertex',(-18.8226957446,2.60323654276,20.9724995081)) ;
#992=CARTESIAN_POINT('Vertex',(-19.836580147,0.826241712012,22.6281024656)) ;
#996=CARTESIAN_POINT('Control Point',(-18.8040440361,2.71431783889,20.8870261736)) ;
#997=CARTESIAN_POINT('Control Point',(-18.8099312643,2.67727853536,20.9154415838)) ;
#998=CARTESIAN_POINT('Control Point',(-18.8161403902,2.64027506915,20.9439686988)) ;
#999=CARTESIAN_POINT('Control Point',(-18.8226957446,2.60323654276,20.9724995081)) ;
#1002=CARTESIAN_POINT('Control Point',(-19.851147886,0.267143953389,22.6383029063)) ;
#1003=CARTESIAN_POINT('Control Point',(-19.8497246466,0.379014118308,22.6373063434)) ;
#1004=CARTESIAN_POINT('Control Point',(-19.8475563303,0.490869126973,22.6357880719)) ;
#1005=CARTESIAN_POINT('Control Point',(-19.8446428985,0.602698846768,22.6337480651)) ;
#1006=CARTESIAN_POINT('Control Point',(-19.8409842427,0.714493116685,22.6311862467)) ;
#1007=CARTESIAN_POINT('Control Point',(-19.8365801919,0.826241714662,22.6281024971)) ;
#1018=CARTESIAN_POINT('Control Point',(-18.8040438622,2.71431746821,20.8870229124)) ;
#1019=CARTESIAN_POINT('Control Point',(-18.8040438622,2.71431746821,20.8870229124)) ;
#1020=CARTESIAN_POINT('Control Point',(-18.8040438622,2.71431746821,20.8870229124)) ;
#1021=CARTESIAN_POINT('Control Point',(-18.8040438622,2.71431746821,20.8870229124)) ;
#1022=CARTESIAN_POINT('Control Point',(-18.8040438622,2.71431746821,20.8870229124)) ;
#1023=CARTESIAN_POINT('Control Point',(-18.8226956492,2.60323653063,20.9724995153)) ;
#1024=CARTESIAN_POINT('Control Point',(-18.822189457,2.60985143825,20.9793611682)) ;
#1025=CARTESIAN_POINT('Control Point',(-18.8214428651,2.61643409219,20.9862361834)) ;
#1026=CARTESIAN_POINT('Control Point',(-18.8204563659,2.62297806018,20.9931178887)) ;
#1027=CARTESIAN_POINT('Control Point',(-18.8192311506,2.62947702264,20.9999995925)) ;
#1029=CARTESIAN_POINT('Control Point',(-18.8226956492,2.60323653063,20.9724995153)) ;
#1030=CARTESIAN_POINT('Control Point',(-18.822189457,2.60985143825,20.9793611682)) ;
#1031=CARTESIAN_POINT('Control Point',(-18.8214428651,2.61643409219,20.9862361834)) ;
#1032=CARTESIAN_POINT('Control Point',(-18.8204563659,2.62297806018,20.9931178887)) ;
#1033=CARTESIAN_POINT('Control Point',(-18.8192311506,2.62947702264,20.9999995925)) ;
#1042=CARTESIAN_POINT('Control Point',(-19.836580147,0.826241712012,22.6281024656)) ;
#1043=CARTESIAN_POINT('Control Point',(-19.8809384782,0.942615331949,22.6591625036)) ;
#1044=CARTESIAN_POINT('Control Point',(-19.9016723333,1.05898895189,22.72396179)) ;
#1045=CARTESIAN_POINT('Control Point',(-19.8924888457,1.15924180719,22.8184091946)) ;
#1046=CARTESIAN_POINT('Control Point',(-19.8547941025,1.2280241472,22.9280438412)) ;
#1047=CARTESIAN_POINT('Control Point',(-19.7967554812,1.26099336961,23.0376784878)) ;
#1048=CARTESIAN_POINT('Control Point',(-19.6565443728,0.955859609064,22.5020400594)) ;
#1049=CARTESIAN_POINT('Control Point',(-19.6997659568,1.05943385395,22.5400744034)) ;
#1050=CARTESIAN_POINT('Control Point',(-19.7195640259,1.16279700373,22.6039113886)) ;
#1051=CARTESIAN_POINT('Control Point',(-19.710851422,1.25423400016,22.689085642)) ;
#1052=CARTESIAN_POINT('Control Point',(-19.6747171616,1.32241918068,22.7850755289)) ;
#1053=CARTESIAN_POINT('Control Point',(-19.617822164,1.36263762302,22.8810654159)) ;
#1054=CARTESIAN_POINT('Control Point',(-19.504318558,1.1044074265,22.3607052822)) ;
#1055=CARTESIAN_POINT('Control Point',(-19.541883744,1.19546769658,22.4030373486)) ;
#1056=CARTESIAN_POINT('Control Point',(-19.5582496906,1.2861163186,22.4640378735)) ;
#1057=CARTESIAN_POINT('Control Point',(-19.5500762398,1.36821044928,22.5396808491)) ;
#1058=CARTESIAN_POINT('Control Point',(-19.5181658129,1.43383283627,22.6227016737)) ;
#1059=CARTESIAN_POINT('Control Point',(-19.4671103821,1.47871150627,22.7057224803)) ;
#1060=CARTESIAN_POINT('Control Point',(-19.3759996136,1.26167752403,22.2122321026)) ;
#1061=CARTESIAN_POINT('Control Point',(-19.4066979181,1.34142424512,22.2554662284)) ;
#1062=CARTESIAN_POINT('Control Point',(-19.4193276052,1.42061973132,22.3119628974)) ;
#1063=CARTESIAN_POINT('Control Point',(-19.4117469671,1.49359322605,22.3785527241)) ;
#1064=CARTESIAN_POINT('Control Point',(-19.3845370423,1.55482875718,22.4502172445)) ;
#1065=CARTESIAN_POINT('Control Point',(-19.3407920204,1.60093904922,22.5218817664)) ;
#1066=CARTESIAN_POINT('Control Point',(-19.2158070667,1.5007369421,21.9874213409)) ;
#1067=CARTESIAN_POINT('Control Point',(-19.2365964476,1.56486195091,22.0286536578)) ;
#1068=CARTESIAN_POINT('Control Point',(-19.2441535724,1.62835997413,22.077204112)) ;
#1069=CARTESIAN_POINT('Control Point',(-19.237538199,1.6881997805,22.1310660907)) ;
#1070=CARTESIAN_POINT('Control Point',(-19.2170816233,1.74142796108,22.1875892986)) ;
#1071=CARTESIAN_POINT('Control Point',(-19.1843061796,1.7858762672,22.2441125058)) ;
#1072=CARTESIAN_POINT('Control Point',(-19.0911695021,1.74772081411,21.7560018195)) ;
#1073=CARTESIAN_POINT('Control Point',(-19.1036585838,1.79746183747,21.7914166061)) ;
#1074=CARTESIAN_POINT('Control Point',(-19.1073482018,1.84665059492,21.8306443237)) ;
#1075=CARTESIAN_POINT('Control Point',(-19.1018566774,1.89373214581,21.872571235)) ;
#1076=CARTESIAN_POINT('Control Point',(-19.0873616101,1.9371914421,21.9158494567)) ;
#1077=CARTESIAN_POINT('Control Point',(-19.0645694245,1.97581268587,21.9591276787)) ;
#1078=CARTESIAN_POINT('Control Point',(-19.0548789697,1.8264869272,21.6814300063)) ;
#1079=CARTESIAN_POINT('Control Point',(-19.0649570482,1.87176934085,21.7146544316)) ;
#1080=CARTESIAN_POINT('Control Point',(-19.0675643292,1.91653717949,21.7507925984)) ;
#1081=CARTESIAN_POINT('Control Point',(-19.0624450184,1.95961035716,21.7889723764)) ;
#1082=CARTESIAN_POINT('Control Point',(-19.0497364991,1.99983833235,21.8281737815)) ;
#1083=CARTESIAN_POINT('Control Point',(-19.0299495501,2.03626514755,21.8673751864)) ;
#1084=CARTESIAN_POINT('Control Point',(-18.971392182,2.02718471975,21.4958268724)) ;
#1085=CARTESIAN_POINT('Control Point',(-18.9761135565,2.06144179447,21.5230178462)) ;
#1086=CARTESIAN_POINT('Control Point',(-18.9764292424,2.09530511031,21.5513406486)) ;
#1087=CARTESIAN_POINT('Control Point',(-18.9723000519,2.12832790082,21.5804272817)) ;
#1088=CARTESIAN_POINT('Control Point',(-18.9637821773,2.16007340086,21.6098957302)) ;
#1089=CARTESIAN_POINT('Control Point',(-18.9510247619,2.19013150464,21.6393641791)) ;
#1090=CARTESIAN_POINT('Control Point',(-18.9065447891,2.2278540304,21.3057179223)) ;
#1091=CARTESIAN_POINT('Control Point',(-18.9077515165,2.25167058736,21.3253981209)) ;
#1092=CARTESIAN_POINT('Control Point',(-18.9068375024,2.27525510774,21.3454134555)) ;
#1093=CARTESIAN_POINT('Control Point',(-18.9038047614,2.2984773042,21.3656534131)) ;
#1094=CARTESIAN_POINT('Control Point',(-18.8986705327,2.32120887284,21.3860057086)) ;
#1095=CARTESIAN_POINT('Control Point',(-18.891467076,2.34332533032,21.4063580036)) ;
#1096=CARTESIAN_POINT('Control Point',(-18.8726856177,2.35545431836,21.1980209702)) ;
#1097=CARTESIAN_POINT('Control Point',(-18.8725841871,2.37288116518,21.2132605496)) ;
#1098=CARTESIAN_POINT('Control Point',(-18.871387778,2.39017315872,21.2286080113)) ;
#1099=CARTESIAN_POINT('Control Point',(-18.8690983999,2.40728955541,21.2440275336)) ;
#1100=CARTESIAN_POINT('Control Point',(-18.8657215087,2.42419001276,21.2594830755)) ;
#1101=CARTESIAN_POINT('Control Point',(-18.8612659591,2.44083486913,21.2749386175)) ;
#1102=CARTESIAN_POINT('Control Point',(-18.8463199872,2.46974639111,21.075294472)) ;
#1103=CARTESIAN_POINT('Control Point',(-18.8456051154,2.48142744869,21.0851240862)) ;
#1104=CARTESIAN_POINT('Control Point',(-18.8444604119,2.49305256748,21.0949839659)) ;
#1105=CARTESIAN_POINT('Control Point',(-18.8428866133,2.5046109788,21.1048640513)) ;
#1106=CARTESIAN_POINT('Control Point',(-18.8408851521,2.51609200792,21.1147542405)) ;
#1107=CARTESIAN_POINT('Control Point',(-18.8384581516,2.52748511489,21.1246444297)) ;
#1108=CARTESIAN_POINT('Control Point',(-18.8226954043,2.60323824829,20.9724997758)) ;
#1109=CARTESIAN_POINT('Control Point',(-18.8222904669,2.60853010147,20.9779891277)) ;
#1110=CARTESIAN_POINT('Control Point',(-18.8217412869,2.6138026011,20.9834864961)) ;
#1111=CARTESIAN_POINT('Control Point',(-18.821048061,2.61905317612,20.9889892142)) ;
#1112=CARTESIAN_POINT('Control Point',(-18.8202111262,2.6242792743,20.9944946071)) ;
#1113=CARTESIAN_POINT('Control Point',(-18.8192309587,2.62947836963,21.)) ;
#1115=CARTESIAN_POINT('Control Point',(-19.836580147,0.826241712012,22.6281024656)) ;
#1116=CARTESIAN_POINT('Control Point',(-19.8809384782,0.942615331949,22.6591625036)) ;
#1117=CARTESIAN_POINT('Control Point',(-19.9016723333,1.05898895189,22.72396179)) ;
#1118=CARTESIAN_POINT('Control Point',(-19.8924888457,1.15924180719,22.8184091946)) ;
#1119=CARTESIAN_POINT('Control Point',(-19.8547941025,1.2280241472,22.9280438412)) ;
#1120=CARTESIAN_POINT('Control Point',(-19.7967554812,1.26099336961,23.0376784878)) ;
#1130=CARTESIAN_POINT('Control Point',(-21.071397909,0.499995475099,23.4927311709)) ;
#1131=CARTESIAN_POINT('Control Point',(-21.0713979441,0.657075561648,23.4927309539)) ;
#1132=CARTESIAN_POINT('Control Point',(-21.0360168249,0.814155648198,23.5432602618)) ;
#1133=CARTESIAN_POINT('Control Point',(-20.96480391,0.93831164085,23.6449627124)) ;
#1134=CARTESIAN_POINT('Control Point',(-20.8747065915,0.999996647926,23.7736349527)) ;
#1135=CARTESIAN_POINT('Control Point',(-20.7846093188,0.999996383039,23.9023071931)) ;
#1136=CARTESIAN_POINT('Control Point',(-20.8172026895,0.499994095767,23.314741762)) ;
#1137=CARTESIAN_POINT('Control Point',(-20.8279198567,0.651242310961,23.3222456355)) ;
#1138=CARTESIAN_POINT('Control Point',(-20.8058830773,0.802490526155,23.3765269928)) ;
#1139=CARTESIAN_POINT('Control Point',(-20.7484855592,0.924569279005,23.476527813)) ;
#1140=CARTESIAN_POINT('Control Point',(-20.6680052994,0.990834736944,23.6004227986)) ;
#1141=CARTESIAN_POINT('Control Point',(-20.5812530628,0.999995291666,23.7243177842)) ;
#1142=CARTESIAN_POINT('Control Point',(-20.56298865,0.532303190298,23.1367391753)) ;
#1143=CARTESIAN_POINT('Control Point',(-20.5834289835,0.676356713957,23.1510512679)) ;
#1144=CARTESIAN_POINT('Control Point',(-20.5736208774,0.820410237616,23.2085626093)) ;
#1145=CARTESIAN_POINT('Control Point',(-20.5294243931,0.938959332683,23.3069864711)) ;
#1146=CARTESIAN_POINT('Control Point',(-20.4593432357,1.00837069654,23.4266508343)) ;
#1147=CARTESIAN_POINT('Control Point',(-20.3778819083,1.02584258407,23.5463151974)) ;
#1148=CARTESIAN_POINT('Control Point',(-20.3122827861,0.596893546117,22.9611930395)) ;
#1149=CARTESIAN_POINT('Control Point',(-20.3415330808,0.732679526748,22.9816743736)) ;
#1150=CARTESIAN_POINT('Control Point',(-20.3429012638,0.86846550738,23.0419754901)) ;
#1151=CARTESIAN_POINT('Control Point',(-20.3111937896,0.982169563502,23.1389487055)) ;
#1152=CARTESIAN_POINT('Control Point',(-20.2519297197,1.0530995233,23.2548588835)) ;
#1153=CARTESIAN_POINT('Control Point',(-20.1773177866,1.07751480115,23.3707690616)) ;
#1154=CARTESIAN_POINT('Control Point',(-20.0684051434,0.694552441154,22.7904280757)) ;
#1155=CARTESIAN_POINT('Control Point',(-20.1056255236,0.821097814516,22.8164900773)) ;
#1156=CARTESIAN_POINT('Control Point',(-20.1171798991,0.947643187878,22.8792069324)) ;
#1157=CARTESIAN_POINT('Control Point',(-20.0971881907,1.05524182315,22.9748529846)) ;
#1158=CARTESIAN_POINT('Control Point',(-20.0488431167,1.12598065548,23.0874285412)) ;
#1159=CARTESIAN_POINT('Control Point',(-19.9822154971,1.15564194172,23.2000040978)) ;
#1160=CARTESIAN_POINT('Control Point',(-19.8365801667,0.826241212173,22.6281024794)) ;
#1161=CARTESIAN_POINT('Control Point',(-19.8809384951,0.942614877447,22.659162496)) ;
#1162=CARTESIAN_POINT('Control Point',(-19.9016723387,1.05898854272,22.7239617736)) ;
#1163=CARTESIAN_POINT('Control Point',(-19.8924888288,1.15924143102,22.8184091832)) ;
#1164=CARTESIAN_POINT('Control Point',(-19.8547940565,1.22802378049,22.9280438424)) ;
#1165=CARTESIAN_POINT('Control Point',(-19.7967554063,1.26099298929,23.0376785016)) ;
#1167=CARTESIAN_POINT('Control Point',(-21.071397909,0.499995475099,23.4927311709)) ;
#1168=CARTESIAN_POINT('Control Point',(-20.8172026895,0.499994095767,23.314741762)) ;
#1169=CARTESIAN_POINT('Control Point',(-20.56298865,0.532303190298,23.1367391753)) ;
#1170=CARTESIAN_POINT('Control Point',(-20.3122827861,0.596893546117,22.9611930395)) ;
#1171=CARTESIAN_POINT('Control Point',(-20.0684051434,0.694552441154,22.7904280757)) ;
#1172=CARTESIAN_POINT('Control Point',(-19.8365801667,0.826241212173,22.6281024794)) ;
#1173=CARTESIAN_POINT('Vertex',(-21.0713979092,0.499995475099,23.4927311711)) ;
#1177=CARTESIAN_POINT('Control Point',(-21.071397909,0.499995475099,23.4927311709)) ;
#1178=CARTESIAN_POINT('Control Point',(-21.0713979441,0.657075561648,23.4927309539)) ;
#1179=CARTESIAN_POINT('Control Point',(-21.0360168249,0.814155648198,23.5432602618)) ;
#1180=CARTESIAN_POINT('Control Point',(-20.96480391,0.93831164085,23.6449627124)) ;
#1181=CARTESIAN_POINT('Control Point',(-20.8747065915,0.999996647926,23.7736349527)) ;
#1182=CARTESIAN_POINT('Control Point',(-20.7846093188,0.999996383039,23.9023071931)) ;
#1191=CARTESIAN_POINT('Axis2P3D Location',(-27.7340777468,0.5,28.7683771124)) ;
#1196=CARTESIAN_POINT('Line Origine',(-28.0208659647,0.499995475099,28.3588010902)) ;
#1200=CARTESIAN_POINT('Vertex',(-32.3018232729,0.499995475099,31.356359668)) ;
#1203=CARTESIAN_POINT('Axis2P3D Location',(-32.0150353141,0.5,31.7659358718)) ;
#1215=CARTESIAN_POINT('Axis2P3D Location',(-28.,0.5,37.5)) ;
#1220=CARTESIAN_POINT('Axis2P3D Location',(-28.,0.5,37.5)) ;
#1224=CARTESIAN_POINT('Vertex',(-28.,0.5,45.)) ;
#1227=CARTESIAN_POINT('Axis2P3D Location',(-28.,0.5,44.5)) ;
#1239=CARTESIAN_POINT('Axis2P3D Location',(-28.1423048454,0.5,44.5)) ;
#1244=CARTESIAN_POINT('Line Origine',(-28.1423048452,0.5,45.)) ;
#1248=CARTESIAN_POINT('Vertex',(-20.9940467759,0.5,45.)) ;
#1251=CARTESIAN_POINT('Axis2P3D Location',(-20.9940467759,0.5,44.5)) ;
#1264=CARTESIAN_POINT('Control Point',(-20.9940467752,0.5,45.)) ;
#1265=CARTESIAN_POINT('Control Point',(-20.9940467752,0.657079632679,45.)) ;
#1266=CARTESIAN_POINT('Control Point',(-20.9940467752,0.814159265359,44.9383149725)) ;
#1267=CARTESIAN_POINT('Control Point',(-20.9940467752,0.938314972493,44.8141592654)) ;
#1268=CARTESIAN_POINT('Control Point',(-20.9940467752,1.,44.6570796327)) ;
#1269=CARTESIAN_POINT('Control Point',(-20.9940467752,1.,44.5)) ;
#1270=CARTESIAN_POINT('Control Point',(-20.9604926454,0.500199642049,45.)) ;
#1271=CARTESIAN_POINT('Control Point',(-20.9604926454,0.657239346319,44.9999372806)) ;
#1272=CARTESIAN_POINT('Control Point',(-20.959458485,0.814254420739,44.9382208934)) ;
#1273=CARTESIAN_POINT('Control Point',(-20.9573769924,0.938346332191,44.8140794085)) ;
#1274=CARTESIAN_POINT('Control Point',(-20.9547435244,1.,44.6570397043)) ;
#1275=CARTESIAN_POINT('Control Point',(-20.9521100564,1.,44.5)) ;
#1276=CARTESIAN_POINT('Control Point',(-20.9269385194,0.500400279697,45.0007030766)) ;
#1277=CARTESIAN_POINT('Control Point',(-20.9269358941,0.657399825162,45.0005773648)) ;
#1278=CARTESIAN_POINT('Control Point',(-20.9248662683,0.814350019376,44.938851176)) ;
#1279=CARTESIAN_POINT('Control Point',(-20.9207038939,0.938377838323,44.8147676227)) ;
#1280=CARTESIAN_POINT('Control Point',(-20.9154386479,1.,44.6578232342)) ;
#1281=CARTESIAN_POINT('Control Point',(-20.9101734005,1.,44.5008788457)) ;
#1282=CARTESIAN_POINT('Control Point',(-20.8934040955,0.500601806109,45.0021092224)) ;
#1283=CARTESIAN_POINT('Control Point',(-20.8933961954,0.657560983134,45.0019203895)) ;
#1284=CARTESIAN_POINT('Control Point',(-20.8902903939,0.814446009738,44.9402060292)) ;
#1285=CARTESIAN_POINT('Control Point',(-20.8840489749,0.938409473923,44.8162240832)) ;
#1286=CARTESIAN_POINT('Control Point',(-20.8761552003,1.,44.659430305)) ;
#1287=CARTESIAN_POINT('Control Point',(-20.8682614221,1.,44.5026365269)) ;
#1288=CARTESIAN_POINT('Control Point',(-20.85990904,0.500804109782,45.0042175998)) ;
#1289=CARTESIAN_POINT('Control Point',(-20.8598932035,0.657722730555,45.0039656648)) ;
#1290=CARTESIAN_POINT('Control Point',(-20.8557511173,0.814542338226,44.942284811)) ;
#1291=CARTESIAN_POINT('Control Point',(-20.8474337119,0.938441221309,44.8184480627)) ;
#1292=CARTESIAN_POINT('Control Point',(-20.8369162073,1.,44.6618600293)) ;
#1293=CARTESIAN_POINT('Control Point',(-20.8263986967,1.,44.5052719962)) ;
#1294=CARTESIAN_POINT('Control Point',(-20.8264729312,0.501007074877,45.0070265536)) ;
#1295=CARTESIAN_POINT('Control Point',(-20.8264464977,0.657884974427,45.0067116844)) ;
#1296=CARTESIAN_POINT('Control Point',(-20.8212686215,0.814638949302,44.9450860387)) ;
#1297=CARTESIAN_POINT('Control Point',(-20.8108795018,0.938473062192,44.8214379417)) ;
#1298=CARTESIAN_POINT('Control Point',(-20.7977446007,1.,44.6651105628)) ;
#1299=CARTESIAN_POINT('Control Point',(-20.7846096908,1.,44.5087831846)) ;
#1301=CARTESIAN_POINT('Control Point',(-20.9940467752,0.5,45.)) ;
#1302=CARTESIAN_POINT('Control Point',(-20.9604926454,0.500199642049,45.)) ;
#1303=CARTESIAN_POINT('Control Point',(-20.9269385194,0.500400279697,45.0007030766)) ;
#1304=CARTESIAN_POINT('Control Point',(-20.8934040955,0.500601806109,45.0021092224)) ;
#1305=CARTESIAN_POINT('Control Point',(-20.85990904,0.500804109782,45.0042175998)) ;
#1306=CARTESIAN_POINT('Control Point',(-20.8264729312,0.501007074877,45.0070265536)) ;
#1307=CARTESIAN_POINT('Vertex',(-20.8264729312,0.501007074877,45.0070265536)) ;
#1311=CARTESIAN_POINT('Control Point',(-20.8264729312,0.501007074877,45.0070265536)) ;
#1312=CARTESIAN_POINT('Control Point',(-20.8264464977,0.657884974427,45.0067116844)) ;
#1313=CARTESIAN_POINT('Control Point',(-20.8212686215,0.814638949302,44.9450860387)) ;
#1314=CARTESIAN_POINT('Control Point',(-20.8108795018,0.938473062192,44.8214379417)) ;
#1315=CARTESIAN_POINT('Control Point',(-20.7977446007,1.,44.6651105628)) ;
#1316=CARTESIAN_POINT('Control Point',(-20.7846096908,1.,44.5087831846)) ;
#1326=CARTESIAN_POINT('Control Point',(-18.8051230536,2.71428571429,47.)) ;
#1327=CARTESIAN_POINT('Control Point',(-18.8051230536,2.71428571429,47.)) ;
#1328=CARTESIAN_POINT('Control Point',(-18.8051230536,2.71428571429,47.)) ;
#1329=CARTESIAN_POINT('Control Point',(-18.8051230536,2.71428571429,47.)) ;
#1330=CARTESIAN_POINT('Control Point',(-18.8051230536,2.71428571429,47.)) ;
#1331=CARTESIAN_POINT('Control Point',(-18.8051230536,2.71428571429,47.)) ;
#1332=CARTESIAN_POINT('Control Point',(-18.846620665,2.42678182915,46.7589225813)) ;
#1333=CARTESIAN_POINT('Control Point',(-18.8447860617,2.43949233342,46.7468693684)) ;
#1334=CARTESIAN_POINT('Control Point',(-18.8429514584,2.45220283786,46.7348161544)) ;
#1335=CARTESIAN_POINT('Control Point',(-18.8411168554,2.46491334083,46.7227629428)) ;
#1336=CARTESIAN_POINT('Control Point',(-18.8392822519,2.47762384625,46.7107097299)) ;
#1337=CARTESIAN_POINT('Control Point',(-18.8374476486,2.49033435052,46.6986565171)) ;
#1338=CARTESIAN_POINT('Control Point',(-18.9185430928,2.14364229554,46.5178308701)) ;
#1339=CARTESIAN_POINT('Control Point',(-18.9189934974,2.16966247913,46.4937400634)) ;
#1340=CARTESIAN_POINT('Control Point',(-18.9175151271,2.19540598441,46.4696345849)) ;
#1341=CARTESIAN_POINT('Control Point',(-18.9140887077,2.2208695965,46.4455196418)) ;
#1342=CARTESIAN_POINT('Control Point',(-18.9087149881,2.24604581246,46.4214018973)) ;
#1343=CARTESIAN_POINT('Control Point',(-18.9014129861,2.2709298668,46.3972841522)) ;
#1344=CARTESIAN_POINT('Control Point',(-19.0208627705,1.86709200868,46.2792723904)) ;
#1345=CARTESIAN_POINT('Control Point',(-19.0273766773,1.90728852113,46.2447479303)) ;
#1346=CARTESIAN_POINT('Control Point',(-19.0281631781,1.9467997107,46.2091029277)) ;
#1347=CARTESIAN_POINT('Control Point',(-19.0233583642,1.98521503681,46.1726937042)) ;
#1348=CARTESIAN_POINT('Control Point',(-19.0130190079,2.02214436004,46.1358927355)) ;
#1349=CARTESIAN_POINT('Control Point',(-18.9971284713,2.05720820075,46.0990917657)) ;
#1350=CARTESIAN_POINT('Control Point',(-19.2326424888,1.44810521637,45.9134653625)) ;
#1351=CARTESIAN_POINT('Control Point',(-19.2546116813,1.51233060684,45.8681168511)) ;
#1352=CARTESIAN_POINT('Control Point',(-19.2626023511,1.57540798114,45.8160086179)) ;
#1353=CARTESIAN_POINT('Control Point',(-19.2559349825,1.63487593161,45.7594262946)) ;
#1354=CARTESIAN_POINT('Control Point',(-19.2349055394,1.68833962035,45.7006286426)) ;
#1355=CARTESIAN_POINT('Control Point',(-19.2007622712,1.7335031871,45.6418309913)) ;
#1356=CARTESIAN_POINT('Control Point',(-19.5516542071,1.07328180947,45.5773624717)) ;
#1357=CARTESIAN_POINT('Control Point',(-19.5885734269,1.16570983429,45.5350200773)) ;
#1358=CARTESIAN_POINT('Control Point',(-19.6047032475,1.25697247718,45.4726783846)) ;
#1359=CARTESIAN_POINT('Control Point',(-19.5965648809,1.3384315952,45.394389677)) ;
#1360=CARTESIAN_POINT('Control Point',(-19.5649872215,1.40186840279,45.3080465818)) ;
#1361=CARTESIAN_POINT('Control Point',(-19.5147177784,1.44331616344,45.2217034863)) ;
#1362=CARTESIAN_POINT('Control Point',(-19.6810782909,0.946884724268,45.4625662426)) ;
#1363=CARTESIAN_POINT('Control Point',(-19.7226421349,1.04989920625,45.4232938436)) ;
#1364=CARTESIAN_POINT('Control Point',(-19.7414896128,1.15181281775,45.3582742842)) ;
#1365=CARTESIAN_POINT('Control Point',(-19.7328729708,1.24118756108,45.2720724069)) ;
#1366=CARTESIAN_POINT('Control Point',(-19.6978501356,1.30717249317,45.175140182)) ;
#1367=CARTESIAN_POINT('Control Point',(-19.6427096767,1.34533394747,45.0782079465)) ;
#1368=CARTESIAN_POINT('Control Point',(-19.9543241885,0.733284474585,45.2650054197)) ;
#1369=CARTESIAN_POINT('Control Point',(-20.0002159211,0.857235013765,45.2362466087)) ;
#1370=CARTESIAN_POINT('Control Point',(-20.0220378284,0.980313755989,45.1691682161)) ;
#1371=CARTESIAN_POINT('Control Point',(-20.0126190298,1.08425789442,45.0681308297)) ;
#1372=CARTESIAN_POINT('Control Point',(-19.9735184281,1.1520063452,44.949693737)) ;
#1373=CARTESIAN_POINT('Control Point',(-19.9139468447,1.17941681594,44.8312566532)) ;
#1374=CARTESIAN_POINT('Control Point',(-20.2929959153,0.58180538178,45.1145339524)) ;
#1375=CARTESIAN_POINT('Control Point',(-20.3290632491,0.725020069571,45.100686698)) ;
#1376=CARTESIAN_POINT('Control Point',(-20.3455839104,0.867689701614,45.0357156446)) ;
#1377=CARTESIAN_POINT('Control Point',(-20.335576833,0.983626662374,44.9218310609)) ;
#1378=CARTESIAN_POINT('Control Point',(-20.3011110299,1.0489266871,44.7824993059)) ;
#1379=CARTESIAN_POINT('Control Point',(-20.2516020442,1.0616121653,44.6431675434)) ;
#1380=CARTESIAN_POINT('Control Point',(-20.4626855324,0.529478337195,45.0586866197)) ;
#1381=CARTESIAN_POINT('Control Point',(-20.4900809512,0.680626987796,45.0520452042)) ;
#1382=CARTESIAN_POINT('Control Point',(-20.5015874455,0.831381816595,44.9888520424)) ;
#1383=CARTESIAN_POINT('Control Point',(-20.4913642684,0.951906650694,44.8698456523)) ;
#1384=CARTESIAN_POINT('Control Point',(-20.4616972454,1.01527241355,44.7216019516)) ;
#1385=CARTESIAN_POINT('Control Point',(-20.4210033944,1.02095047082,44.5733582513)) ;
#1386=CARTESIAN_POINT('Control Point',(-20.6434752226,0.502117913639,45.0224001073)) ;
#1387=CARTESIAN_POINT('Control Point',(-20.6576423664,0.658006965813,45.020544905)) ;
#1388=CARTESIAN_POINT('Control Point',(-20.661097432,0.813636961609,44.9586242392)) ;
#1389=CARTESIAN_POINT('Control Point',(-20.6507443363,0.936844846577,44.8362799773)) ;
#1390=CARTESIAN_POINT('Control Point',(-20.6290058949,0.998798345822,44.6821400557)) ;
#1391=CARTESIAN_POINT('Control Point',(-20.6016386339,1.,44.5280001342)) ;
#1392=CARTESIAN_POINT('Control Point',(-20.8264730021,0.501007074751,45.0070265472)) ;
#1393=CARTESIAN_POINT('Control Point',(-20.8264465464,0.657884974132,45.0067116805)) ;
#1394=CARTESIAN_POINT('Control Point',(-20.821268648,0.814638949062,44.9450860369)) ;
#1395=CARTESIAN_POINT('Control Point',(-20.8108795107,0.938473062112,44.8214379412)) ;
#1396=CARTESIAN_POINT('Control Point',(-20.7977446008,1.,44.6651105626)) ;
#1397=CARTESIAN_POINT('Control Point',(-20.7846096908,1.,44.508783184)) ;
#1399=CARTESIAN_POINT('Control Point',(-18.8051230536,2.71428571429,47.)) ;
#1400=CARTESIAN_POINT('Control Point',(-18.846620665,2.42678182915,46.7589225813)) ;
#1401=CARTESIAN_POINT('Control Point',(-18.9185430928,2.14364229554,46.5178308701)) ;
#1402=CARTESIAN_POINT('Control Point',(-19.0208627705,1.86709200868,46.2792723904)) ;
#1403=CARTESIAN_POINT('Control Point',(-19.2326424888,1.44810521637,45.9134653625)) ;
#1404=CARTESIAN_POINT('Control Point',(-19.5516542071,1.07328180947,45.5773624717)) ;
#1405=CARTESIAN_POINT('Control Point',(-19.6810782909,0.946884724268,45.4625662426)) ;
#1406=CARTESIAN_POINT('Control Point',(-19.9543241885,0.733284474585,45.2650054197)) ;
#1407=CARTESIAN_POINT('Control Point',(-20.2929959153,0.58180538178,45.1145339524)) ;
#1408=CARTESIAN_POINT('Control Point',(-20.4626855324,0.529478337195,45.0586866197)) ;
#1409=CARTESIAN_POINT('Control Point',(-20.6434752226,0.502117913639,45.0224001073)) ;
#1410=CARTESIAN_POINT('Control Point',(-20.8264730021,0.501007074751,45.0070265472)) ;
#1418=CARTESIAN_POINT('Axis2P3D Location',(0.,-1.,0.)) ;
#1424=CARTESIAN_POINT('Control Point',(-20.7846096903,-1.,44.5087831765)) ;
#1425=CARTESIAN_POINT('Control Point',(-20.8263869096,-1.,44.5052729787)) ;
#1426=CARTESIAN_POINT('Control Point',(-20.8682376712,-1.,44.5026380233)) ;
#1427=CARTESIAN_POINT('Control Point',(-20.9101979154,-1.,44.5008783277)) ;
#1428=CARTESIAN_POINT('Control Point',(-20.9521223462,-1.,44.4999999907)) ;
#1429=CARTESIAN_POINT('Control Point',(-20.9940467756,-1.,44.4999999907)) ;
#1430=CARTESIAN_POINT('Vertex',(-20.9940467756,-1.,44.4999999907)) ;
#1432=CARTESIAN_POINT('Vertex',(-20.7846096903,-1.,44.5087831765)) ;
#1435=CARTESIAN_POINT('Line Origine',(-24.4970235471,-1.,44.4999999953)) ;
#1439=CARTESIAN_POINT('Vertex',(-28.0000003185,-1.,44.5)) ;
#1442=CARTESIAN_POINT('Axis2P3D Location',(-28.0000000015,-1.,37.5000000007)) ;
#1446=CARTESIAN_POINT('Vertex',(-32.0150348824,-1.,31.76593557)) ;
#1449=CARTESIAN_POINT('Line Origine',(-26.3998220433,-1.,27.8341216594)) ;
#1453=CARTESIAN_POINT('Vertex',(-20.7846092042,-1.,23.9023077488)) ;
#1456=CARTESIAN_POINT('Line Origine',(-20.7846094472,-1.,34.2055454627)) ;
#1474=CARTESIAN_POINT('Control Point',(-18.8051230475,-2.71428573588,21.0000000195)) ;
#1475=CARTESIAN_POINT('Control Point',(-18.8081930406,-2.69301619869,21.0000000216)) ;
#1476=CARTESIAN_POINT('Control Point',(-18.8115677547,-2.67179064366,21.0000000236)) ;
#1477=CARTESIAN_POINT('Control Point',(-18.8152462443,-2.65061562074,21.0000000257)) ;
#1478=CARTESIAN_POINT('Control Point',(-18.8192272836,-2.62949763323,21.0000000278)) ;
#1479=CARTESIAN_POINT('Control Point',(-18.8051230475,-2.71428573601,20.971753464)) ;
#1480=CARTESIAN_POINT('Control Point',(-18.8081930406,-2.69301619881,20.9717388635)) ;
#1481=CARTESIAN_POINT('Control Point',(-18.8115677548,-2.67179064378,20.9717228136)) ;
#1482=CARTESIAN_POINT('Control Point',(-18.8152462444,-2.65061562087,20.9717053187)) ;
#1483=CARTESIAN_POINT('Control Point',(-18.8192272837,-2.62949763335,20.9716863848)) ;
#1484=CARTESIAN_POINT('Control Point',(-18.8049431519,-2.71429096271,20.9435069084)) ;
#1485=CARTESIAN_POINT('Control Point',(-18.8080130019,-2.69302137806,20.9434777054)) ;
#1486=CARTESIAN_POINT('Control Point',(-18.811387565,-2.67179577494,20.9434456034)) ;
#1487=CARTESIAN_POINT('Control Point',(-18.8150658957,-2.65062070333,20.9434106117)) ;
#1488=CARTESIAN_POINT('Control Point',(-18.8190467682,-2.62950266655,20.9433727418)) ;
#1489=CARTESIAN_POINT('Control Point',(-18.8045833605,-2.71430141597,20.9152620504)) ;
#1490=CARTESIAN_POINT('Control Point',(-18.8076529243,-2.69303173642,20.9152182471)) ;
#1491=CARTESIAN_POINT('Control Point',(-18.8110271853,-2.67180603712,20.9151700956)) ;
#1492=CARTESIAN_POINT('Control Point',(-18.8147051982,-2.65063086812,20.9151176094)) ;
#1493=CARTESIAN_POINT('Control Point',(-18.8186857371,-2.62951273283,20.915060806)) ;
#1494=CARTESIAN_POINT('Control Point',(-18.8040437061,-2.71431709693,20.8870205872)) ;
#1495=CARTESIAN_POINT('Control Point',(-18.8071128408,-2.69304727503,20.8869621883)) ;
#1496=CARTESIAN_POINT('Control Point',(-18.8104866488,-2.67182143145,20.886897992)) ;
#1497=CARTESIAN_POINT('Control Point',(-18.8141641848,-2.65064611636,20.8868280163)) ;
#1498=CARTESIAN_POINT('Control Point',(-18.8181442234,-2.62952783328,20.8867522844)) ;
#1500=CARTESIAN_POINT('Control Point',(-18.8192272788,-2.6294976585,21.0000000278)) ;
#1501=CARTESIAN_POINT('Control Point',(-18.8139015855,-2.65774855678,20.9623669868)) ;
#1502=CARTESIAN_POINT('Control Point',(-18.8088299531,-2.68614842686,20.924846947)) ;
#1503=CARTESIAN_POINT('Control Point',(-18.8040549665,-2.71425082292,20.8871095845)) ;
#1504=CARTESIAN_POINT('Vertex',(-18.8192272788,-2.6294976585,21.0000000278)) ;
#1508=CARTESIAN_POINT('Control Point',(-18.8051230475,-2.71428573588,21.0000000195)) ;
#1509=CARTESIAN_POINT('Control Point',(-18.8081930406,-2.69301619869,21.0000000216)) ;
#1510=CARTESIAN_POINT('Control Point',(-18.8115677547,-2.67179064366,21.0000000236)) ;
#1511=CARTESIAN_POINT('Control Point',(-18.8152462443,-2.65061562074,21.0000000257)) ;
#1512=CARTESIAN_POINT('Control Point',(-18.8192272836,-2.62949763323,21.0000000278)) ;
#1521=CARTESIAN_POINT('Control Point',(-18.8040427096,-2.71431750338,20.8870254753)) ;
#1522=CARTESIAN_POINT('Control Point',(-18.805610214,-2.75320113237,21.2643682815)) ;
#1523=CARTESIAN_POINT('Control Point',(-18.8961780644,-2.80493175152,21.6400176244)) ;
#1524=CARTESIAN_POINT('Control Point',(-19.0758096352,-2.86661315443,21.9856102702)) ;
#1525=CARTESIAN_POINT('Control Point',(-19.3301233538,-2.93330703557,22.2734775538)) ;
#1526=CARTESIAN_POINT('Control Point',(-19.6360237793,-3.00000091271,22.4876713852)) ;
#1527=CARTESIAN_POINT('Control Point',(-18.8754807159,-2.22489038546,20.9285831434)) ;
#1528=CARTESIAN_POINT('Control Point',(-18.8764962954,-2.2565909803,21.3083842048)) ;
#1529=CARTESIAN_POINT('Control Point',(-18.9676591342,-2.29893883709,21.6870995055)) ;
#1530=CARTESIAN_POINT('Control Point',(-19.1490784527,-2.34954713244,22.0359256722)) ;
#1531=CARTESIAN_POINT('Control Point',(-19.4060926728,-2.40431709055,22.3266718254)) ;
#1532=CARTESIAN_POINT('Control Point',(-19.7151577797,-2.45908704371,22.5430816088)) ;
#1533=CARTESIAN_POINT('Control Point',(-18.9306479941,-1.73174824476,20.9606336929)) ;
#1534=CARTESIAN_POINT('Control Point',(-18.9312010052,-1.75632607721,21.342315272)) ;
#1535=CARTESIAN_POINT('Control Point',(-19.0227965706,-1.78925491865,21.7233936637)) ;
#1536=CARTESIAN_POINT('Control Point',(-19.2055831465,-1.82867036455,22.0747210655)) ;
#1537=CARTESIAN_POINT('Control Point',(-19.4646795091,-1.8713541848,22.3676947595)) ;
#1538=CARTESIAN_POINT('Control Point',(-19.7761883517,-1.91403799972,22.5858156753)) ;
#1539=CARTESIAN_POINT('Control Point',(-18.9695338797,-1.23606955328,20.9832082885)) ;
#1540=CARTESIAN_POINT('Control Point',(-18.9697463795,-1.25357329467,21.3662083487)) ;
#1541=CARTESIAN_POINT('Control Point',(-19.0616361882,-1.2770634942,21.7489506062)) ;
#1542=CARTESIAN_POINT('Control Point',(-19.245381058,-1.30520675238,22.1020427167)) ;
#1543=CARTESIAN_POINT('Control Point',(-19.5059436323,-1.33569467979,22.3965882281)) ;
#1544=CARTESIAN_POINT('Control Point',(-19.8191748388,-1.36618260263,22.6159151376)) ;
#1545=CARTESIAN_POINT('Control Point',(-18.9921387205,-0.738979564584,20.9963289301)) ;
#1546=CARTESIAN_POINT('Control Point',(-18.9921514097,-0.749437338192,21.380094583)) ;
#1547=CARTESIAN_POINT('Control Point',(-19.0842108679,-0.763478542776,21.7638038497)) ;
#1548=CARTESIAN_POINT('Control Point',(-19.2685120754,-0.78030555383,22.1179220032)) ;
#1549=CARTESIAN_POINT('Control Point',(-19.5299267512,-0.798536355074,22.4133814149)) ;
#1550=CARTESIAN_POINT('Control Point',(-19.8441591313,-0.816767153262,22.6334093276)) ;
#1551=CARTESIAN_POINT('Control Point',(-18.9984638512,-0.241580606235,21.0000000397)) ;
#1552=CARTESIAN_POINT('Control Point',(-18.9984204866,-0.244998915518,21.3839798807)) ;
#1553=CARTESIAN_POINT('Control Point',(-19.0905272968,-0.24958899176,21.7679597223)) ;
#1554=CARTESIAN_POINT('Control Point',(-19.2749840964,-0.255090051065,22.1223649814)) ;
#1555=CARTESIAN_POINT('Control Point',(-19.5366371565,-0.261050163436,22.4180801079)) ;
#1556=CARTESIAN_POINT('Control Point',(-19.8511496493,-0.26701027408,22.638304141)) ;
#1558=CARTESIAN_POINT('Control Point',(-18.8226908206,-2.60326271914,20.9724990806)) ;
#1559=CARTESIAN_POINT('Control Point',(-18.8161428593,-2.6402615922,20.9440069767)) ;
#1560=CARTESIAN_POINT('Control Point',(-18.8099235911,-2.67736179325,20.9157069416)) ;
#1561=CARTESIAN_POINT('Control Point',(-18.8040607153,-2.7142043483,20.8871132969)) ;
#1562=CARTESIAN_POINT('Vertex',(-18.8226906195,-2.60326419405,20.9724990228)) ;
#1566=CARTESIAN_POINT('Control Point',(-19.836580314,-0.826241635922,22.6281025826)) ;
#1567=CARTESIAN_POINT('Control Point',(-19.6622546889,-0.951748412246,22.5060384474)) ;
#1568=CARTESIAN_POINT('Control Point',(-19.5121334947,-1.09631594948,22.3683760455)) ;
#1569=CARTESIAN_POINT('Control Point',(-19.3844774852,-1.25105892139,22.2222182349)) ;
#1570=CARTESIAN_POINT('Control Point',(-19.2296673339,-1.47917143505,22.0076765615)) ;
#1571=CARTESIAN_POINT('Control Point',(-19.1075832033,-1.7148394046,21.786801719)) ;
#1572=CARTESIAN_POINT('Control Point',(-19.0739877309,-1.78540679539,21.7207199917)) ;
#1573=CARTESIAN_POINT('Control Point',(-19.010656934,-1.9301095106,21.5853220008)) ;
#1574=CARTESIAN_POINT('Control Point',(-18.9573432498,-2.07605272567,21.4491012854)) ;
#1575=CARTESIAN_POINT('Control Point',(-18.9334216595,-2.14858549078,21.3821601086)) ;
#1576=CARTESIAN_POINT('Control Point',(-18.8930400129,-2.28236019238,21.2568220483)) ;
#1577=CARTESIAN_POINT('Control Point',(-18.8597274893,-2.41810637404,21.1327096431)) ;
#1578=CARTESIAN_POINT('Control Point',(-18.8460667394,-2.47975117971,21.0794588633)) ;
#1579=CARTESIAN_POINT('Control Point',(-18.8341124466,-2.53872155968,21.0221883155)) ;
#1580=CARTESIAN_POINT('Control Point',(-18.8226906195,-2.60326419405,20.9724990228)) ;
#1581=CARTESIAN_POINT('Vertex',(-19.836580314,-0.826241635922,22.6281025826)) ;
#1585=CARTESIAN_POINT('Control Point',(-19.836580314,-0.826241635922,22.6281025826)) ;
#1586=CARTESIAN_POINT('Control Point',(-19.8409850632,-0.714475525822,22.6311868212)) ;
#1587=CARTESIAN_POINT('Control Point',(-19.84464415,-0.602664292634,22.6337489413)) ;
#1588=CARTESIAN_POINT('Control Point',(-19.8475577546,-0.490818322777,22.6357890693)) ;
#1589=CARTESIAN_POINT('Control Point',(-19.8497260055,-0.378947936038,22.6373072949)) ;
#1590=CARTESIAN_POINT('Control Point',(-19.8511489736,-0.267063404716,22.6383036679)) ;
#1600=CARTESIAN_POINT('Axis2P3D Location',(-20.7846096908,-3.,35.5)) ;
#1606=CARTESIAN_POINT('Control Point',(-20.7846092046,-1.,23.9023077488)) ;
#1607=CARTESIAN_POINT('Control Point',(-20.4466656008,-1.00000008215,23.6065210393)) ;
#1608=CARTESIAN_POINT('Control Point',(-20.1074582518,-1.08449669668,23.3096244595)) ;
#1609=CARTESIAN_POINT('Control Point',(-19.7967558593,-1.26099315482,23.0376786087)) ;
#1610=CARTESIAN_POINT('Vertex',(-19.7967555908,-1.26099330734,23.0376785845)) ;
#1614=CARTESIAN_POINT('Control Point',(-19.7967555908,-1.26099330734,23.0376785845)) ;
#1615=CARTESIAN_POINT('Control Point',(-19.6241017653,-1.3590704396,22.8865616736)) ;
#1616=CARTESIAN_POINT('Control Point',(-19.4761057303,-1.47148178051,22.716633403)) ;
#1617=CARTESIAN_POINT('Control Point',(-19.3502340035,-1.59139777622,22.5365094573)) ;
#1618=CARTESIAN_POINT('Control Point',(-19.1755182676,-1.79466273921,22.2310316361)) ;
#1619=CARTESIAN_POINT('Control Point',(-19.0441747793,-2.00774684579,21.911196647)) ;
#1620=CARTESIAN_POINT('Control Point',(-18.9994554238,-2.09093291042,21.7863283568)) ;
#1621=CARTESIAN_POINT('Control Point',(-18.9466622051,-2.20452028912,21.6161133226)) ;
#1622=CARTESIAN_POINT('Control Point',(-18.9035450034,-2.31951722178,21.4447358738)) ;
#1623=CARTESIAN_POINT('Control Point',(-18.8941675658,-2.34609519022,21.4052321466)) ;
#1624=CARTESIAN_POINT('Control Point',(-18.870497276,-2.41704608775,21.2992979546)) ;
#1625=CARTESIAN_POINT('Control Point',(-18.8494306217,-2.4917453307,21.1905284028)) ;
#1626=CARTESIAN_POINT('Control Point',(-18.8379891269,-2.53843654981,21.1263685017)) ;
#1627=CARTESIAN_POINT('Control Point',(-18.8285058182,-2.58027818405,21.0601373739)) ;
#1628=CARTESIAN_POINT('Control Point',(-18.8192270682,-2.62949878963,21.)) ;
#1631=CARTESIAN_POINT('Control Point',(-18.8051230536,-2.71428571429,47.)) ;
#1632=CARTESIAN_POINT('Control Point',(-18.8228812891,-2.59125304956,46.8344502526)) ;
#1633=CARTESIAN_POINT('Control Point',(-18.8501982521,-2.46959979096,46.6689010992)) ;
#1634=CARTESIAN_POINT('Control Point',(-18.8865996946,-2.35186559972,46.5068916684)) ;
#1635=CARTESIAN_POINT('Control Point',(-18.9767229305,-2.12191649441,46.1879421888)) ;
#1636=CARTESIAN_POINT('Control Point',(-19.1064800509,-1.90053413231,45.8765354431)) ;
#1637=CARTESIAN_POINT('Control Point',(-19.1823167885,-1.79128177034,45.7220687462)) ;
#1638=CARTESIAN_POINT('Control Point',(-19.3902141644,-1.54145983855,45.3652011507)) ;
#1639=CARTESIAN_POINT('Control Point',(-19.671451765,-1.31917380382,45.0402510091)) ;
#1640=CARTESIAN_POINT('Control Point',(-19.8645024832,-1.20123598331,44.8647747272)) ;
#1641=CARTESIAN_POINT('Control Point',(-20.1631415884,-1.07648009668,44.6715749596)) ;
#1642=CARTESIAN_POINT('Control Point',(-20.5086321048,-1.0161037108,44.5581572385)) ;
#1643=CARTESIAN_POINT('Control Point',(-20.6001009147,-1.00535974582,44.5349149734)) ;
#1644=CARTESIAN_POINT('Control Point',(-20.6920051914,-1.,44.5185091815)) ;
#1645=CARTESIAN_POINT('Control Point',(-20.7846096908,-1.,44.508783184)) ;
#1656=CARTESIAN_POINT('Axis2P3D Location',(-28.,0.,37.5)) ;
#1661=CARTESIAN_POINT('Line Origine',(-28.,0.,45.)) ;
#1665=CARTESIAN_POINT('Vertex',(-28.,-0.5,45.)) ;
#1668=CARTESIAN_POINT('Line Origine',(-32.3018232726,0.,31.3563596678)) ;
#1672=CARTESIAN_POINT('Vertex',(-32.3018232726,-0.5,31.3563596678)) ;
#1675=CARTESIAN_POINT('Axis2P3D Location',(-28.,-0.5,37.5)) ;
#1687=CARTESIAN_POINT('Axis2P3D Location',(-28.,0.,45.)) ;
#1692=CARTESIAN_POINT('Line Origine',(-24.4970233878,-0.5,45.)) ;
#1696=CARTESIAN_POINT('Vertex',(-20.9940467756,-0.5,45.)) ;
#1699=CARTESIAN_POINT('Axis2P3D Location',(1.43577832645E-06,0.,45.)) ;
#1711=CARTESIAN_POINT('Axis2P3D Location',(-18.,0.,21.3421152022)) ;
#1717=CARTESIAN_POINT('Control Point',(-21.0713979084,-0.499996511266,23.4927311705)) ;
#1718=CARTESIAN_POINT('Control Point',(-20.816786941,-0.499995455134,23.3144506518)) ;
#1719=CARTESIAN_POINT('Control Point',(-20.5621760442,-0.532410046586,23.1361701826)) ;
#1720=CARTESIAN_POINT('Control Point',(-20.3109980877,-0.597282997373,22.960293484)) ;
#1721=CARTESIAN_POINT('Control Point',(-20.067444778,-0.695097689069,22.7897556206)) ;
#1722=CARTESIAN_POINT('Control Point',(-19.8365803181,-0.82624152489,22.6281025855)) ;
#1723=CARTESIAN_POINT('Vertex',(-21.0713979084,-0.5,23.4927311705)) ;
#1726=CARTESIAN_POINT('Line Origine',(-26.6866105902,-0.5,27.424545419)) ;
#1742=CARTESIAN_POINT('Axis2P3D Location',(-3.5527136788E-15,-1.7763568394E-15,47.)) ;
#1748=CARTESIAN_POINT('Control Point',(-20.8264732414,-0.501007149162,45.007026527)) ;
#1749=CARTESIAN_POINT('Control Point',(-20.8822000169,-0.500668882697,45.0023449527)) ;
#1750=CARTESIAN_POINT('Control Point',(-20.9381232645,-0.50033282024,44.9999999999)) ;
#1751=CARTESIAN_POINT('Control Point',(-20.9940467757,-0.500000075809,45.)) ;
#1752=CARTESIAN_POINT('Vertex',(-20.8264730021,-0.501007074751,45.0070265472)) ;
#1756=CARTESIAN_POINT('Control Point',(-18.8051230536,-2.71428571429,47.)) ;
#1757=CARTESIAN_POINT('Control Point',(-18.8498290058,-2.40455379209,46.7402839539)) ;
#1758=CARTESIAN_POINT('Control Point',(-18.9298832222,-2.09992578211,46.4805661315)) ;
#1759=CARTESIAN_POINT('Control Point',(-19.0441895537,-1.80496471163,46.2256597251)) ;
#1760=CARTESIAN_POINT('Control Point',(-19.2987334757,-1.32939550236,45.8093284194)) ;
#1761=CARTESIAN_POINT('Control Point',(-19.7072391707,-0.916531569229,45.4353651134)) ;
#1762=CARTESIAN_POINT('Control Point',(-19.8980038101,-0.765624688041,45.2958437655)) ;
#1763=CARTESIAN_POINT('Control Point',(-20.1984806114,-0.603232434434,45.1394564626)) ;
#1764=CARTESIAN_POINT('Control Point',(-20.5469353151,-0.523424829964,45.0472138158)) ;
#1765=CARTESIAN_POINT('Control Point',(-20.6398646506,-0.508996944139,45.0282133727)) ;
#1766=CARTESIAN_POINT('Control Point',(-20.7329158537,-0.501574988302,45.0148862406)) ;
#1767=CARTESIAN_POINT('Control Point',(-20.8264730021,-0.501007074751,45.0070265472)) ;
#1779=CARTESIAN_POINT('Control Point',(-18.8192272798,-2.62949765837,21.0000000271)) ;
#1780=CARTESIAN_POINT('Control Point',(-18.8204521668,-2.62300007112,20.9931181058)) ;
#1781=CARTESIAN_POINT('Control Point',(-18.8214383785,-2.61645748859,20.986236183)) ;
#1782=CARTESIAN_POINT('Control Point',(-18.8221847241,-2.60987622795,20.9793609493)) ;
#1783=CARTESIAN_POINT('Control Point',(-18.8226907115,-2.603262719,20.9724990761)) ;
#1784=CARTESIAN_POINT('Control Point',(-18.8040432079,-2.71431730018,20.8870230312)) ;
#1785=CARTESIAN_POINT('Control Point',(-18.8040432079,-2.71431730018,20.8870230312)) ;
#1786=CARTESIAN_POINT('Control Point',(-18.8040432079,-2.71431730018,20.8870230312)) ;
#1787=CARTESIAN_POINT('Control Point',(-18.8040432079,-2.71431730018,20.8870230312)) ;
#1788=CARTESIAN_POINT('Control Point',(-18.8040432079,-2.71431730018,20.8870230312)) ;
#1790=CARTESIAN_POINT('Control Point',(-18.8192272798,-2.62949765837,21.0000000271)) ;
#1791=CARTESIAN_POINT('Control Point',(-18.8204521668,-2.62300007112,20.9931181058)) ;
#1792=CARTESIAN_POINT('Control Point',(-18.8214383785,-2.61645748859,20.986236183)) ;
#1793=CARTESIAN_POINT('Control Point',(-18.8221847241,-2.60987622795,20.9793609493)) ;
#1794=CARTESIAN_POINT('Control Point',(-18.8226907115,-2.603262719,20.9724990761)) ;
#1803=CARTESIAN_POINT('Control Point',(-19.7967555908,-1.26099330734,23.0376785837)) ;
#1804=CARTESIAN_POINT('Control Point',(-19.8547942221,-1.22802408409,22.9280439428)) ;
#1805=CARTESIAN_POINT('Control Point',(-19.8924889776,-1.15924174204,22.8184093019)) ;
#1806=CARTESIAN_POINT('Control Point',(-19.9016724784,-1.05898888358,22.7239619022)) ;
#1807=CARTESIAN_POINT('Control Point',(-19.8809386355,-0.942615259831,22.659162619)) ;
#1808=CARTESIAN_POINT('Control Point',(-19.836580314,-0.826241635934,22.6281025826)) ;
#1809=CARTESIAN_POINT('Control Point',(-19.6178231574,-1.3626370438,22.8810662615)) ;
#1810=CARTESIAN_POINT('Control Point',(-19.6747181677,-1.3224186375,22.7850763031)) ;
#1811=CARTESIAN_POINT('Control Point',(-19.7108524424,-1.25423344891,22.6890863448)) ;
#1812=CARTESIAN_POINT('Control Point',(-19.7195650533,-1.16279639883,22.6039120438)) ;
#1813=CARTESIAN_POINT('Control Point',(-19.6997669816,-1.05943317301,22.5400750569)) ;
#1814=CARTESIAN_POINT('Control Point',(-19.6565453923,-0.955858854622,22.5020407542)) ;
#1815=CARTESIAN_POINT('Control Point',(-19.4671114736,-1.47871047605,22.7057239584)) ;
#1816=CARTESIAN_POINT('Control Point',(-19.5181669694,-1.43383178507,22.6227030048)) ;
#1817=CARTESIAN_POINT('Control Point',(-19.5500774365,-1.36820934016,22.5396820511)) ;
#1818=CARTESIAN_POINT('Control Point',(-19.5582508858,-1.28611512708,22.4640389929)) ;
#1819=CARTESIAN_POINT('Control Point',(-19.5418848951,-1.19546642224,22.4030384548)) ;
#1820=CARTESIAN_POINT('Control Point',(-19.5043196378,-1.10440608891,22.3607064478)) ;
#1821=CARTESIAN_POINT('Control Point',(-19.3407923844,-1.60093850996,22.5218825457)) ;
#1822=CARTESIAN_POINT('Control Point',(-19.3845374206,-1.5548282204,22.4502179663)) ;
#1823=CARTESIAN_POINT('Control Point',(-19.4117473444,-1.49359267685,22.3785533869)) ;
#1824=CARTESIAN_POINT('Control Point',(-19.4193279653,-1.42061915622,22.3119635051)) ;
#1825=CARTESIAN_POINT('Control Point',(-19.4066982465,-1.34142363402,22.2554667915)) ;
#1826=CARTESIAN_POINT('Control Point',(-19.3759998986,-1.2616768721,22.2122326375)) ;
#1827=CARTESIAN_POINT('Control Point',(-19.1843059282,-1.78587641891,22.2441125332)) ;
#1828=CARTESIAN_POINT('Control Point',(-19.2170813248,-1.74142814243,22.1875892798)) ;
#1829=CARTESIAN_POINT('Control Point',(-19.2375378549,-1.68820000086,22.1310660265)) ;
#1830=CARTESIAN_POINT('Control Point',(-19.2441531881,-1.62836023963,22.0772040037)) ;
#1831=CARTESIAN_POINT('Control Point',(-19.2365960315,-1.56486226198,22.0286535069)) ;
#1832=CARTESIAN_POINT('Control Point',(-19.2158066272,-1.50073729348,21.9874211492)) ;
#1833=CARTESIAN_POINT('Control Point',(-19.0645684319,-1.97581430669,21.9591264842)) ;
#1834=CARTESIAN_POINT('Control Point',(-19.0873605033,-1.9371931673,21.9158482542)) ;
#1835=CARTESIAN_POINT('Control Point',(-19.1018554787,-1.89373400022,21.8725700241)) ;
#1836=CARTESIAN_POINT('Control Point',(-19.1073469399,-1.84665259553,21.8306430993)) ;
#1837=CARTESIAN_POINT('Control Point',(-19.1036572902,-1.79746399066,21.7914153585)) ;
#1838=CARTESIAN_POINT('Control Point',(-19.0911682068,-1.74772311589,21.7560005365)) ;
#1839=CARTESIAN_POINT('Control Point',(-19.0299485402,-2.03626667129,21.8673732888)) ;
#1840=CARTESIAN_POINT('Control Point',(-19.0497353738,-1.99983996163,21.8281718971)) ;
#1841=CARTESIAN_POINT('Control Point',(-19.0624437995,-1.959612115,21.7889705053)) ;
#1842=CARTESIAN_POINT('Control Point',(-19.0675630442,-1.91653908171,21.7507907372)) ;
#1843=CARTESIAN_POINT('Control Point',(-19.0649557268,-1.87177139401,21.7146525733)) ;
#1844=CARTESIAN_POINT('Control Point',(-19.0548776409,-1.82648912859,21.6814281416)) ;
#1845=CARTESIAN_POINT('Control Point',(-18.9510224187,-2.1901367732,21.6393611207)) ;
#1846=CARTESIAN_POINT('Control Point',(-18.9637796017,-2.16007894914,21.609892722)) ;
#1847=CARTESIAN_POINT('Control Point',(-18.9722973069,-2.12833377507,21.5804243233)) ;
#1848=CARTESIAN_POINT('Control Point',(-18.9764263992,-2.09531134391,21.5513377294)) ;
#1849=CARTESIAN_POINT('Control Point',(-18.9761106892,-2.06144840491,21.5230149448)) ;
#1850=CARTESIAN_POINT('Control Point',(-18.9713893616,-2.02719170829,21.4958239592)) ;
#1851=CARTESIAN_POINT('Control Point',(-18.8914643546,-2.34333204483,21.4063503181)) ;
#1852=CARTESIAN_POINT('Control Point',(-18.8986675575,-2.32121595943,21.385998245)) ;
#1853=CARTESIAN_POINT('Control Point',(-18.9038016017,-2.29848480054,21.3656461719)) ;
#1854=CARTESIAN_POINT('Control Point',(-18.9068342316,-2.27526304135,21.3454064299)) ;
#1855=CARTESIAN_POINT('Control Point',(-18.90774821,-2.25167897493,21.325391297)) ;
#1856=CARTESIAN_POINT('Control Point',(-18.9065415216,-2.22786287753,21.3057112793)) ;
#1857=CARTESIAN_POINT('Control Point',(-18.8612623018,-2.44084903439,21.2749385171)) ;
#1858=CARTESIAN_POINT('Control Point',(-18.8657175135,-2.42420492364,21.2594828564)) ;
#1859=CARTESIAN_POINT('Control Point',(-18.8690941521,-2.40730524224,21.2440271957)) ;
#1860=CARTESIAN_POINT('Control Point',(-18.8713833652,-2.39018964498,21.2286075502)) ;
#1861=CARTESIAN_POINT('Control Point',(-18.8725796979,-2.37289846734,21.2132599559)) ;
#1862=CARTESIAN_POINT('Control Point',(-18.872681141,-2.35547244573,21.1980202303)) ;
#1863=CARTESIAN_POINT('Control Point',(-18.8384553851,-2.52749396063,21.1246285597)) ;
#1864=CARTESIAN_POINT('Control Point',(-18.8408821603,-2.51610137527,21.114738908)) ;
#1865=CARTESIAN_POINT('Control Point',(-18.8428834443,-2.50462088194,21.1048492563)) ;
#1866=CARTESIAN_POINT('Control Point',(-18.8444571144,-2.49306301788,21.0949697069)) ;
#1867=CARTESIAN_POINT('Control Point',(-18.8456017387,-2.48143845509,21.0851103605)) ;
#1868=CARTESIAN_POINT('Control Point',(-18.8463165809,-2.46975795946,21.0752812752)) ;
#1869=CARTESIAN_POINT('Control Point',(-18.8192271079,-2.62949879622,21.)) ;
#1870=CARTESIAN_POINT('Control Point',(-18.8202070128,-2.62430079104,20.9944944576)) ;
#1871=CARTESIAN_POINT('Control Point',(-18.8210437103,-2.61907578934,20.9889889151)) ;
#1872=CARTESIAN_POINT('Control Point',(-18.8217367245,-2.61382631613,20.9834860471)) ;
#1873=CARTESIAN_POINT('Control Point',(-18.8222857185,-2.60855492266,20.9779885279)) ;
#1874=CARTESIAN_POINT('Control Point',(-18.8226904957,-2.603264179,20.972499024)) ;
#1876=CARTESIAN_POINT('Control Point',(-19.7967555908,-1.26099330734,23.0376785837)) ;
#1877=CARTESIAN_POINT('Control Point',(-19.8547942221,-1.22802408409,22.9280439428)) ;
#1878=CARTESIAN_POINT('Control Point',(-19.8924889776,-1.15924174204,22.8184093019)) ;
#1879=CARTESIAN_POINT('Control Point',(-19.9016724784,-1.05898888358,22.7239619022)) ;
#1880=CARTESIAN_POINT('Control Point',(-19.8809386355,-0.942615259831,22.659162619)) ;
#1881=CARTESIAN_POINT('Control Point',(-19.836580314,-0.826241635934,22.6281025826)) ;
#1891=CARTESIAN_POINT('Control Point',(-20.7846099536,-0.999997211929,23.9023077486)) ;
#1892=CARTESIAN_POINT('Control Point',(-20.8747073274,-0.999997436077,23.7736355291)) ;
#1893=CARTESIAN_POINT('Control Point',(-20.9648047212,-0.938312434101,23.6449633095)) ;
#1894=CARTESIAN_POINT('Control Point',(-21.0360176703,-0.814156501939,23.5432608664)) ;
#1895=CARTESIAN_POINT('Control Point',(-21.0713987805,-0.657076506399,23.4927315421)) ;
#1896=CARTESIAN_POINT('Control Point',(-21.0713987024,-0.499996511211,23.4927317265)) ;
#1897=CARTESIAN_POINT('Control Point',(-20.5812521076,-0.999996315946,23.7243169482)) ;
#1898=CARTESIAN_POINT('Control Point',(-20.6680044249,-0.990835627834,23.6004220309)) ;
#1899=CARTESIAN_POINT('Control Point',(-20.7484846846,-0.924570134938,23.4765271135)) ;
#1900=CARTESIAN_POINT('Control Point',(-20.8058821264,-0.802491474793,23.3765263178)) ;
#1901=CARTESIAN_POINT('Control Point',(-20.8279187912,-0.651243424353,23.3222449073)) ;
#1902=CARTESIAN_POINT('Control Point',(-20.8172014956,-0.499995376117,23.3147409261)) ;
#1903=CARTESIAN_POINT('Control Point',(-20.3778784062,-1.02584371925,23.5463121322)) ;
#1904=CARTESIAN_POINT('Control Point',(-20.459339699,-1.00837160605,23.4266478833)) ;
#1905=CARTESIAN_POINT('Control Point',(-20.5294206987,-0.938960168899,23.3069836345)) ;
#1906=CARTESIAN_POINT('Control Point',(-20.5736169458,-0.820411194,23.2085598152)) ;
#1907=CARTESIAN_POINT('Control Point',(-20.5834248137,-0.676357899385,23.1510483866)) ;
#1908=CARTESIAN_POINT('Control Point',(-20.5629842724,-0.532304609267,23.13673611)) ;
#1909=CARTESIAN_POINT('Control Point',(-20.177316147,-1.07751561153,23.3707676265)) ;
#1910=CARTESIAN_POINT('Control Point',(-20.2519279785,-1.05310037358,23.2548574494)) ;
#1911=CARTESIAN_POINT('Control Point',(-20.3111919492,-0.982170459547,23.1389472722)) ;
#1912=CARTESIAN_POINT('Control Point',(-20.3428993358,-0.86846644666,23.0419740579)) ;
#1913=CARTESIAN_POINT('Control Point',(-20.3415310826,-0.732680504756,22.981672942)) ;
#1914=CARTESIAN_POINT('Control Point',(-20.3122807365,-0.596894559091,22.9611916044)) ;
#1915=CARTESIAN_POINT('Control Point',(-19.9822173462,-1.15564065753,23.2000057163)) ;
#1916=CARTESIAN_POINT('Control Point',(-20.0488450547,-1.12597940434,23.0874301281)) ;
#1917=CARTESIAN_POINT('Control Point',(-20.097190237,-1.05524054521,22.9748545399)) ;
#1918=CARTESIAN_POINT('Control Point',(-20.117182053,-0.94764182256,22.8792084748)) ;
#1919=CARTESIAN_POINT('Control Point',(-20.1056277669,-0.821096329652,22.8164916419)) ;
#1920=CARTESIAN_POINT('Control Point',(-20.0684074548,-0.694550835915,22.7904296941)) ;
#1921=CARTESIAN_POINT('Control Point',(-19.7967555276,-1.26099323993,23.0376786078)) ;
#1922=CARTESIAN_POINT('Control Point',(-19.8547941844,-1.22802401829,22.9280439559)) ;
#1923=CARTESIAN_POINT('Control Point',(-19.892488963,-1.15924167074,22.8184093041)) ;
#1924=CARTESIAN_POINT('Control Point',(-19.9016724796,-1.05898880006,22.7239618974)) ;
#1925=CARTESIAN_POINT('Control Point',(-19.8809386425,-0.942615161838,22.6591626147)) ;
#1926=CARTESIAN_POINT('Control Point',(-19.8365803183,-0.826241525479,22.6281025856)) ;
#1928=CARTESIAN_POINT('Control Point',(-20.7846099536,-0.999997211929,23.9023077486)) ;
#1929=CARTESIAN_POINT('Control Point',(-20.8747073274,-0.999997436077,23.7736355291)) ;
#1930=CARTESIAN_POINT('Control Point',(-20.9648047212,-0.938312434101,23.6449633095)) ;
#1931=CARTESIAN_POINT('Control Point',(-21.0360176703,-0.814156501939,23.5432608664)) ;
#1932=CARTESIAN_POINT('Control Point',(-21.0713987805,-0.657076506399,23.4927315421)) ;
#1933=CARTESIAN_POINT('Control Point',(-21.0713987024,-0.499996511211,23.4927317265)) ;
#1942=CARTESIAN_POINT('Axis2P3D Location',(-27.7340777468,-0.5,28.7683771124)) ;
#1947=CARTESIAN_POINT('Axis2P3D Location',(-32.0150348823,-0.5,31.7659355694)) ;
#1959=CARTESIAN_POINT('Axis2P3D Location',(-28.,-0.5,37.5)) ;
#1964=CARTESIAN_POINT('Axis2P3D Location',(-28.0000003185,-0.5,44.5)) ;
#1976=CARTESIAN_POINT('Axis2P3D Location',(-28.1423048454,-0.5,44.5)) ;
#1981=CARTESIAN_POINT('Axis2P3D Location',(-20.9940467759,-0.5,44.5)) ;
#1994=CARTESIAN_POINT('Control Point',(-20.7846096908,-1.,44.5087831765)) ;
#1995=CARTESIAN_POINT('Control Point',(-20.7977446746,-1.00000000002,44.6651105454)) ;
#1996=CARTESIAN_POINT('Control Point',(-20.8108796584,-0.938473065207,44.8214379143)) ;
#1997=CARTESIAN_POINT('Control Point',(-20.8212688542,-0.81463895839,44.9450860039)) ;
#1998=CARTESIAN_POINT('Control Point',(-20.8264467821,-0.657884989769,45.0067116483)) ;
#1999=CARTESIAN_POINT('Control Point',(-20.8264732384,-0.501007094297,45.0070265211)) ;
#2000=CARTESIAN_POINT('Control Point',(-20.8263989077,-1.,44.5052719703)) ;
#2001=CARTESIAN_POINT('Control Point',(-20.8369164825,-1.00000000002,44.661859996)) ;
#2002=CARTESIAN_POINT('Control Point',(-20.8474340574,-0.938441224405,44.8184480216)) ;
#2003=CARTESIAN_POINT('Control Point',(-20.855751526,-0.814542347558,44.942284765)) ;
#2004=CARTESIAN_POINT('Control Point',(-20.8598936533,-0.657722746271,45.0039656193)) ;
#2005=CARTESIAN_POINT('Control Point',(-20.8599095058,-0.50080412959,45.0042175592)) ;
#2006=CARTESIAN_POINT('Control Point',(-20.8682616835,-1.,44.5026365055)) ;
#2007=CARTESIAN_POINT('Control Point',(-20.8761555249,-1.00000000002,44.659430277)) ;
#2008=CARTESIAN_POINT('Control Point',(-20.8840493662,-0.938409477115,44.8162240484)) ;
#2009=CARTESIAN_POINT('Control Point',(-20.8902908424,-0.814446019357,44.9402059906)) ;
#2010=CARTESIAN_POINT('Control Point',(-20.8933966779,-0.657560999298,45.0019203526)) ;
#2011=CARTESIAN_POINT('Control Point',(-20.8934045874,-0.500601826401,45.0021091914)) ;
#2012=CARTESIAN_POINT('Control Point',(-20.9101735918,-1.,44.5008788342)) ;
#2013=CARTESIAN_POINT('Control Point',(-20.9154389073,-1.00000000002,44.6578232167)) ;
#2014=CARTESIAN_POINT('Control Point',(-20.9207042227,-0.938377841565,44.8147675992)) ;
#2015=CARTESIAN_POINT('Control Point',(-20.9248666537,-0.814350029147,44.9388511495)) ;
#2016=CARTESIAN_POINT('Control Point',(-20.9269363099,-0.657399841551,45.0005773407)) ;
#2017=CARTESIAN_POINT('Control Point',(-20.9269389389,-0.500400300209,45.0007030588)) ;
#2018=CARTESIAN_POINT('Control Point',(-20.952110127,-1.,44.4999999913)) ;
#2019=CARTESIAN_POINT('Control Point',(-20.9547436694,-1.00000000002,44.6570396909)) ;
#2020=CARTESIAN_POINT('Control Point',(-20.9573772119,-0.938346335391,44.8140793904)) ;
#2021=CARTESIAN_POINT('Control Point',(-20.9594587633,-0.814254430381,44.9382208733)) ;
#2022=CARTESIAN_POINT('Control Point',(-20.960492953,-0.657239362472,44.9999372634)) ;
#2023=CARTESIAN_POINT('Control Point',(-20.9604929532,-0.500199662227,44.9999999891)) ;
#2024=CARTESIAN_POINT('Control Point',(-20.9940467752,-1.,44.4999999913)) ;
#2025=CARTESIAN_POINT('Control Point',(-20.9940468512,-1.00000000002,44.6570796207)) ;
#2026=CARTESIAN_POINT('Control Point',(-20.9940469273,-0.938314975561,44.8141592502)) ;
#2027=CARTESIAN_POINT('Control Point',(-20.9940469874,-0.814159274604,44.9383149564)) ;
#2028=CARTESIAN_POINT('Control Point',(-20.9940470172,-0.657079648167,44.9999999872)) ;
#2029=CARTESIAN_POINT('Control Point',(-20.9940470172,-0.500000019344,44.9999999932)) ;
#2031=CARTESIAN_POINT('Control Point',(-20.7846096908,-1.,44.5087831765)) ;
#2032=CARTESIAN_POINT('Control Point',(-20.7977446746,-1.00000000002,44.6651105454)) ;
#2033=CARTESIAN_POINT('Control Point',(-20.8108796584,-0.938473065207,44.8214379143)) ;
#2034=CARTESIAN_POINT('Control Point',(-20.8212688542,-0.81463895839,44.9450860039)) ;
#2035=CARTESIAN_POINT('Control Point',(-20.8264467821,-0.657884989769,45.0067116483)) ;
#2036=CARTESIAN_POINT('Control Point',(-20.8264732384,-0.501007094297,45.0070265211)) ;
#2046=CARTESIAN_POINT('Control Point',(-18.8051230536,-2.71428571429,47.)) ;
#2047=CARTESIAN_POINT('Control Point',(-18.8051230536,-2.71428571429,47.)) ;
#2048=CARTESIAN_POINT('Control Point',(-18.8051230536,-2.71428571429,47.)) ;
#2049=CARTESIAN_POINT('Control Point',(-18.8051230536,-2.71428571429,47.)) ;
#2050=CARTESIAN_POINT('Control Point',(-18.8051230536,-2.71428571429,47.)) ;
#2051=CARTESIAN_POINT('Control Point',(-18.8051230536,-2.71428571429,47.)) ;
#2052=CARTESIAN_POINT('Control Point',(-18.8374476563,-2.49033429713,46.6986564452)) ;
#2053=CARTESIAN_POINT('Control Point',(-18.8392822601,-2.47762378983,46.7107096609)) ;
#2054=CARTESIAN_POINT('Control Point',(-18.8411168639,-2.46491328138,46.7227628767)) ;
#2055=CARTESIAN_POINT('Control Point',(-18.8429514675,-2.45220277538,46.7348160911)) ;
#2056=CARTESIAN_POINT('Control Point',(-18.8447860712,-2.43949226791,46.7468693081)) ;
#2057=CARTESIAN_POINT('Control Point',(-18.8466206749,-2.42678176061,46.7589225238)) ;
#2058=CARTESIAN_POINT('Control Point',(-18.9014128755,-2.27092995906,46.3972842876)) ;
#2059=CARTESIAN_POINT('Control Point',(-18.9087148675,-2.2460459039,46.4214020226)) ;
#2060=CARTESIAN_POINT('Control Point',(-18.9140885813,-2.22086969167,46.4455197575)) ;
#2061=CARTESIAN_POINT('Control Point',(-18.9175150004,-2.19540608685,46.4696346935)) ;
#2062=CARTESIAN_POINT('Control Point',(-18.9189933759,-2.16966259043,46.4937401691)) ;
#2063=CARTESIAN_POINT('Control Point',(-18.9185429812,-2.14364241514,46.5178309784)) ;
#2064=CARTESIAN_POINT('Control Point',(-18.9971282858,-2.05720830902,46.0990919278)) ;
#2065=CARTESIAN_POINT('Control Point',(-19.0130188135,-2.02214446391,46.1358928828)) ;
#2066=CARTESIAN_POINT('Control Point',(-19.0233581639,-1.9852151432,46.1726938377)) ;
#2067=CARTESIAN_POINT('Control Point',(-19.0281629774,-1.94679982671,46.2091030515)) ;
#2068=CARTESIAN_POINT('Control Point',(-19.027376482,-1.90728864992,46.244748052)) ;
#2069=CARTESIAN_POINT('Control Point',(-19.0208625843,-1.86709214814,46.27927252)) ;
#2070=CARTESIAN_POINT('Control Point',(-19.2007623067,-1.73350320268,45.6418310098)) ;
#2071=CARTESIAN_POINT('Control Point',(-19.2349055756,-1.6883396388,45.700628663)) ;
#2072=CARTESIAN_POINT('Control Point',(-19.2559350193,-1.6348759518,45.7594263163)) ;
#2073=CARTESIAN_POINT('Control Point',(-19.2626023877,-1.57540800138,45.8160086397)) ;
#2074=CARTESIAN_POINT('Control Point',(-19.2546117168,-1.51233062656,45.8681168709)) ;
#2075=CARTESIAN_POINT('Control Point',(-19.2326425231,-1.44810523681,45.9134653773)) ;
#2076=CARTESIAN_POINT('Control Point',(-19.5147177862,-1.44331612369,45.2217034315)) ;
#2077=CARTESIAN_POINT('Control Point',(-19.5649872307,-1.40186836126,45.3080465285)) ;
#2078=CARTESIAN_POINT('Control Point',(-19.5965648909,-1.33843155142,45.3943896256)) ;
#2079=CARTESIAN_POINT('Control Point',(-19.6047032577,-1.25697243115,45.4726783353)) ;
#2080=CARTESIAN_POINT('Control Point',(-19.5885734369,-1.16570978585,45.5350200304)) ;
#2081=CARTESIAN_POINT('Control Point',(-19.5516542162,-1.07328175793,45.5773624279)) ;
#2082=CARTESIAN_POINT('Control Point',(-19.6427098952,-1.34533390943,45.0782078752)) ;
#2083=CARTESIAN_POINT('Control Point',(-19.6978503405,-1.30717248742,45.1751400939)) ;
#2084=CARTESIAN_POINT('Control Point',(-19.7328731681,-1.24118757196,45.2720723127)) ;
#2085=CARTESIAN_POINT('Control Point',(-19.7414898103,-1.15181282424,45.3582741951)) ;
#2086=CARTESIAN_POINT('Control Point',(-19.7226423402,-1.04989919019,45.4232937679)) ;
#2087=CARTESIAN_POINT('Control Point',(-19.6810785097,-0.946884675058,45.4625661855)) ;
#2088=CARTESIAN_POINT('Control Point',(-19.9139464862,-1.17941694437,44.8312568583)) ;
#2089=CARTESIAN_POINT('Control Point',(-19.97351808,-1.15200643925,44.9496939431)) ;
#2090=CARTESIAN_POINT('Control Point',(-20.0126186867,-1.08425797499,45.0681310279)) ;
#2091=CARTESIAN_POINT('Control Point',(-20.0220374846,-0.980313848911,45.1691684012)) ;
#2092=CARTESIAN_POINT('Control Point',(-20.0002155716,-0.857235138574,45.2362467816)) ;
#2093=CARTESIAN_POINT('Control Point',(-19.9543238286,-0.733284640111,45.2650055838)) ;
#2094=CARTESIAN_POINT('Control Point',(-20.2516020331,-1.06161218525,44.6431675704)) ;
#2095=CARTESIAN_POINT('Control Point',(-20.301111016,-1.04892672274,44.7824993113)) ;
#2096=CARTESIAN_POINT('Control Point',(-20.3355768171,-0.983626708128,44.9218310523)) ;
#2097=CARTESIAN_POINT('Control Point',(-20.3455838945,-0.8676897494,45.035715634)) ;
#2098=CARTESIAN_POINT('Control Point',(-20.329063235,-0.725020110049,45.1006866986)) ;
#2099=CARTESIAN_POINT('Control Point',(-20.292995904,-0.581805407171,45.114533974)) ;
#2100=CARTESIAN_POINT('Control Point',(-20.4210029776,-1.02095053018,44.5733583711)) ;
#2101=CARTESIAN_POINT('Control Point',(-20.4616968561,-1.01527246234,44.72160206)) ;
#2102=CARTESIAN_POINT('Control Point',(-20.4913638954,-0.95190669657,44.8698457488)) ;
#2103=CARTESIAN_POINT('Control Point',(-20.5015870722,-0.831381868528,44.9888521313)) ;
#2104=CARTESIAN_POINT('Control Point',(-20.4900805613,-0.68062705157,45.0520452936)) ;
#2105=CARTESIAN_POINT('Control Point',(-20.4626851151,-0.529478414673,45.0586867155)) ;
#2106=CARTESIAN_POINT('Control Point',(-20.6016387587,-1.,44.5280001211)) ;
#2107=CARTESIAN_POINT('Control Point',(-20.62900601,-0.998798346642,44.6821400441)) ;
#2108=CARTESIAN_POINT('Control Point',(-20.6507444455,-0.936844847688,44.8362799672)) ;
#2109=CARTESIAN_POINT('Control Point',(-20.6610975413,-0.813636962292,44.9586242299)) ;
#2110=CARTESIAN_POINT('Control Point',(-20.6576424815,-0.65800696573,45.0205448956)) ;
#2111=CARTESIAN_POINT('Control Point',(-20.6434753474,-0.502117912881,45.0224000969)) ;
#2112=CARTESIAN_POINT('Control Point',(-20.7846096908,-1.,44.508783184)) ;
#2113=CARTESIAN_POINT('Control Point',(-20.7977446008,-1.,44.6651105626)) ;
#2114=CARTESIAN_POINT('Control Point',(-20.8108795107,-0.938473062112,44.8214379412)) ;
#2115=CARTESIAN_POINT('Control Point',(-20.821268648,-0.814638949062,44.9450860369)) ;
#2116=CARTESIAN_POINT('Control Point',(-20.8264465464,-0.657884974132,45.0067116805)) ;
#2117=CARTESIAN_POINT('Control Point',(-20.8264730021,-0.501007074751,45.0070265472)) ;
#2125=CARTESIAN_POINT('Axis2P3D Location',(0.,0.,30.)) ;
#2130=CARTESIAN_POINT('Axis2P3D Location',(0.,0.,1.5)) ;
#2134=CARTESIAN_POINT('Vertex',(-0.479425538604,-0.87758256189,1.5)) ;
#2136=CARTESIAN_POINT('Vertex',(0.479425538604,0.87758256189,1.5)) ;
#2139=CARTESIAN_POINT('Line Origine',(-0.479425538604,-0.87758256189,30.)) ;
#2143=CARTESIAN_POINT('Vertex',(-0.479425538604,-0.87758256189,11.)) ;
#2146=CARTESIAN_POINT('Axis2P3D Location',(0.,0.,11.)) ;
#2150=CARTESIAN_POINT('Vertex',(0.479425538604,0.87758256189,11.)) ;
#2153=CARTESIAN_POINT('Line Origine',(0.479425538604,0.87758256189,30.)) ;
#2165=CARTESIAN_POINT('Axis2P3D Location',(-2.22044604925E-16,0.,1.5)) ;
#2175=CARTESIAN_POINT('Axis2P3D Location',(0.,0.,11.)) ;
#2187=CARTESIAN_POINT('Axis2P3D Location',(0.,0.,11.)) ;
#2192=CARTESIAN_POINT('Axis2P3D Location',(-3.11626600093,-5.70428665229,11.)) ;
#2196=CARTESIAN_POINT('Vertex',(-3.11626600093,-5.70428665229,16.5)) ;
#2199=CARTESIAN_POINT('Axis2P3D Location',(0.,0.,16.5)) ;
#2203=CARTESIAN_POINT('Vertex',(3.11626600093,5.70428665229,16.5)) ;
#2206=CARTESIAN_POINT('Axis2P3D Location',(3.11626600093,5.70428665229,11.)) ;
#2218=CARTESIAN_POINT('Axis2P3D Location',(0.,0.,11.)) ;
#2223=CARTESIAN_POINT('Axis2P3D Location',(0.,0.,16.5)) ;
#2235=CARTESIAN_POINT('Axis2P3D Location',(0.,-6.5,16.5)) ;
#2240=CARTESIAN_POINT('Axis2P3D Location',(3.5527136788E-15,8.881784197E-16,16.5)) ;
#2244=CARTESIAN_POINT('Vertex',(6.23253200203,11.4085733052,16.5)) ;
#2246=CARTESIAN_POINT('Vertex',(-6.23253200203,-11.4085733052,16.5)) ;
#2249=CARTESIAN_POINT('Axis2P3D Location',(-3.5527136788E-15,-8.881784197E-16,16.5)) ;
#2263=CARTESIAN_POINT('Axis2P3D Location',(0.,0.,21.)) ;
#2268=CARTESIAN_POINT('Axis2P3D Location',(-6.23253200185,-11.4085733046,21.)) ;
#2272=CARTESIAN_POINT('Vertex',(-8.38994692556,-15.3576948331,21.)) ;
#2275=CARTESIAN_POINT('Axis2P3D Location',(6.23253200185,11.4085733046,21.)) ;
#2279=CARTESIAN_POINT('Vertex',(8.38994692557,15.3576948331,21.)) ;
#2282=CARTESIAN_POINT('Axis2P3D Location',(0.,0.,21.)) ;
#2294=CARTESIAN_POINT('Axis2P3D Location',(0.,0.,21.)) ;
#2299=CARTESIAN_POINT('Axis2P3D Location',(0.,0.,21.)) ;
#2311=CARTESIAN_POINT('Axis2P3D Location',(0.,0.,30.)) ;
#2316=CARTESIAN_POINT('Line Origine',(8.38994692557,15.3576948331,30.)) ;
#2320=CARTESIAN_POINT('Vertex',(8.38994692557,15.3576948331,51.5)) ;
#2323=CARTESIAN_POINT('Axis2P3D Location',(0.,0.,51.5)) ;
#2327=CARTESIAN_POINT('Vertex',(-8.38994692556,-15.3576948331,51.5)) ;
#2330=CARTESIAN_POINT('Line Origine',(-8.38994692557,-15.3576948331,30.)) ;
#2342=CARTESIAN_POINT('Axis2P3D Location',(0.,0.,51.5)) ;
#2354=CARTESIAN_POINT('Axis2P3D Location',(0.,-17.5000000002,51.5)) ;
#2359=CARTESIAN_POINT('Axis2P3D Location',(5.3290705182E-15,-2.00000016548E-10,51.5)) ;
#2363=CARTESIAN_POINT('Vertex',(9.82822354138,17.9904425179,51.5)) ;
#2365=CARTESIAN_POINT('Vertex',(-9.82822354138,-17.9904425183,51.5)) ;
#2368=CARTESIAN_POINT('Axis2P3D Location',(-5.3290705182E-15,-2.00000016548E-10,51.5)) ;
#2382=CARTESIAN_POINT('Axis2P3D Location',(0.,0.,30.)) ;
#2387=CARTESIAN_POINT('Line Origine',(9.82822354139,17.9904425188,30.)) ;
#2391=CARTESIAN_POINT('Vertex',(9.82822354139,17.9904425188,57.3786796555)) ;
#2394=CARTESIAN_POINT('Axis2P3D Location',(0.,0.,57.3786796555)) ;
#2398=CARTESIAN_POINT('Vertex',(-9.82822354132,-17.9904425188,57.3786796555)) ;
#2401=CARTESIAN_POINT('Line Origine',(-9.82822354139,-17.9904425188,30.)) ;
#2413=CARTESIAN_POINT('Axis2P3D Location',(0.,0.,57.3786796555)) ;
#2425=CARTESIAN_POINT('Axis2P3D Location',(0.,0.,58.5)) ;
#2430=CARTESIAN_POINT('Line Origine',(1695029.89242,3102731.40601,-3535465.71659)) ;
#2434=CARTESIAN_POINT('Vertex',(9.29063393163,17.0063913388,58.5000000002)) ;
#2437=CARTESIAN_POINT('Axis2P3D Location',(0.,0.,58.5)) ;
#2441=CARTESIAN_POINT('Vertex',(-9.29063393171,-17.0063913389,58.5)) ;
#2444=CARTESIAN_POINT('Line Origine',(-1695029.89242,-3102731.40601,-3535465.71659)) ;
#2456=CARTESIAN_POINT('Axis2P3D Location',(0.,0.,58.5)) ;
#2468=CARTESIAN_POINT('Axis2P3D Location',(0.,-19.3786796564,58.5)) ;
#6=PRODUCT_RELATED_PRODUCT_CATEGORY('part',$,(#16)) ;
#11=UNCERTAINTY_MEASURE_WITH_UNIT(LENGTH_MEASURE(0.005),#8,'distance_accuracy_value','CONFUSED CURVE UNCERTAINTY') ;
#29=STYLED_ITEM(' ',(#28),#21) ;
#28=PRESENTATION_STYLE_ASSIGNMENT((#27)) ;
#27=SURFACE_STYLE_USAGE(.BOTH.,#26) ;
#26=SURFACE_SIDE_STYLE(' ',(#25)) ;
#25=SURFACE_STYLE_FILL_AREA(#24) ;
#24=FILL_AREA_STYLE(' ',(#23)) ;
#23=FILL_AREA_STYLE_COLOUR(' ',#22) ;
#38=VECTOR('Line Direction',#37,1.) ;
#54=VECTOR('Line Direction',#53,1.) ;
#95=VECTOR('Line Direction',#94,1.) ;
#111=VECTOR('Line Direction',#110,1.) ;
#167=VECTOR('Line Direction',#166,1.) ;
#181=VECTOR('Line Direction',#180,1.) ;
#210=VECTOR('Line Direction',#209,1.) ;
#226=VECTOR('Line Direction',#225,1.) ;
#245=VECTOR('Line Direction',#244,1.) ;
#327=VECTOR('Line Direction',#326,1.) ;
#341=VECTOR('Line Direction',#340,1.) ;
#465=VECTOR('Line Direction',#464,1.) ;
#479=VECTOR('Line Direction',#478,1.) ;
#573=VECTOR('Line Direction',#572,1.) ;
#578=VECTOR('Line Direction',#577,1.) ;
#595=VECTOR('Line Direction',#594,1.) ;
#600=VECTOR('Line Direction',#599,1.) ;
#633=VECTOR('Line Direction',#632,1.) ;
#647=VECTOR('Line Direction',#646,1.) ;
#786=VECTOR('Line Direction',#785,1.) ;
#795=VECTOR('Line Direction',#794,1.) ;
#809=VECTOR('Line Direction',#808,1.) ;
#1198=VECTOR('Line Direction',#1197,1.) ;
#1246=VECTOR('Line Direction',#1245,1.) ;
#1437=VECTOR('Line Direction',#1436,1.) ;
#1451=VECTOR('Line Direction',#1450,1.) ;
#1458=VECTOR('Line Direction',#1457,1.) ;
#1663=VECTOR('Line Direction',#1662,1.) ;
#1670=VECTOR('Line Direction',#1669,1.) ;
#1694=VECTOR('Line Direction',#1693,1.) ;
#1728=VECTOR('Line Direction',#1727,1.) ;
#2141=VECTOR('Line Direction',#2140,1.) ;
#2155=VECTOR('Line Direction',#2154,1.) ;
#2318=VECTOR('Line Direction',#2317,1.) ;
#2332=VECTOR('Line Direction',#2331,1.) ;
#2389=VECTOR('Line Direction',#2388,1.) ;
#2403=VECTOR('Line Direction',#2402,1.) ;
#2432=VECTOR('Line Direction',#2431,1.) ;
#2446=VECTOR('Line Direction',#2445,1.) ;
#32=DIRECTION('Axis2P3D Direction',(-0.,1.,0.)) ;
#33=DIRECTION('Axis2P3D XDirection',(-1.,-0.,-2.64687485605E-28)) ;
#37=DIRECTION('Vector Direction',(0.,1.,0.)) ;
#46=DIRECTION('Axis2P3D Direction',(-0.,1.,0.)) ;
#53=DIRECTION('Vector Direction',(0.,1.,0.)) ;
#60=DIRECTION('Axis2P3D Direction',(-0.,1.,0.)) ;
#72=DIRECTION('Axis2P3D Direction',(-0.,1.,0.)) ;
#77=DIRECTION('Axis2P3D Direction',(-0.,1.,0.)) ;
#89=DIRECTION('Axis2P3D Direction',(-1.7763568394E-15,6.66133814775E-16,1.)) ;
#90=DIRECTION('Axis2P3D XDirection',(0.479425538604,0.87758256189,2.63417803193E-16)) ;
#94=DIRECTION('Vector Direction',(-0.339005049421,-0.620544580563,0.707106781187)) ;
#103=DIRECTION('Axis2P3D Direction',(-1.7763568394E-15,6.66133814775E-16,1.)) ;
#110=DIRECTION('Vector Direction',(0.339005049421,0.620544580563,0.707106781187)) ;
#117=DIRECTION('Axis2P3D Direction',(-1.7763568394E-15,6.66133814775E-16,1.)) ;
#129=DIRECTION('Axis2P3D Direction',(-2.58476573478E-12,1.2532197502E-12,1.)) ;
#130=DIRECTION('Axis2P3D XDirection',(-0.479425538604,-0.87758256189,-1.39348017889E-13)) ;
#134=DIRECTION('Axis2P3D Direction',(-2.58476573478E-12,1.2532197502E-12,1.)) ;
#139=DIRECTION('Axis2P3D Direction',(-2.58476573478E-12,1.2532197502E-12,1.)) ;
#151=DIRECTION('Axis2P3D Direction',(0.,0.,-1.)) ;
#152=DIRECTION('Axis2P3D XDirection',(1.,0.,0.)) ;
#161=DIRECTION('Axis2P3D Direction',(0.,0.,-1.)) ;
#162=DIRECTION('Axis2P3D XDirection',(-0.479425538604,-0.877582561891,0.)) ;
#166=DIRECTION('Vector Direction',(0.,0.,-1.)) ;
#173=DIRECTION('Axis2P3D Direction',(0.,0.,-1.)) ;
#180=DIRECTION('Vector Direction',(0.,0.,-1.)) ;
#192=DIRECTION('Axis2P3D Direction',(0.,0.,-1.)) ;
#204=DIRECTION('Axis2P3D Direction',(1.42108547152E-14,-8.881784197E-15,1.)) ;
#205=DIRECTION('Axis2P3D XDirection',(0.479425538604,0.87758256189,9.21962311176E-16)) ;
#209=DIRECTION('Vector Direction',(-0.339005049421,-0.620544580563,0.707106781187)) ;
#218=DIRECTION('Axis2P3D Direction',(1.42108547152E-14,-8.881784197E-15,1.)) ;
#225=DIRECTION('Vector Direction',(0.339005049421,0.620544580563,0.707106781187)) ;
#232=DIRECTION('Axis2P3D Direction',(1.42108547152E-14,-8.881784197E-15,1.)) ;
#244=DIRECTION('Vector Direction',(-0.12220750852,-0.696466312797,0.707106781187)) ;
#253=DIRECTION('Axis2P3D Direction',(1.42108547152E-14,-8.881784197E-15,1.)) ;
#258=DIRECTION('Axis2P3D Direction',(1.42108547152E-14,-8.881784197E-15,1.)) ;
#270=DIRECTION('Axis2P3D Direction',(3.19744231092E-14,7.1054273576E-15,1.)) ;
#271=DIRECTION('Axis2P3D XDirection',(-0.172827515973,-0.984952105294,1.25123456517E-14)) ;
#275=DIRECTION('Axis2P3D Direction',(3.19744231092E-14,7.1054273576E-15,1.)) ;
#280=DIRECTION('Axis2P3D Direction',(3.19744231092E-14,7.1054273576E-15,1.)) ;
#292=DIRECTION('Axis2P3D Direction',(0.,0.,-1.)) ;
#293=DIRECTION('Axis2P3D XDirection',(1.,0.,0.)) ;
#302=DIRECTION('Axis2P3D Direction',(0.,0.,-1.)) ;
#311=DIRECTION('Axis2P3D Direction',(0.,0.,-1.)) ;
#321=DIRECTION('Axis2P3D Direction',(0.,0.,-1.)) ;
#322=DIRECTION('Axis2P3D XDirection',(-0.479425538604,-0.87758256189,-0.)) ;
#326=DIRECTION('Vector Direction',(0.,0.,-1.)) ;
#333=DIRECTION('Axis2P3D Direction',(0.,0.,-1.)) ;
#340=DIRECTION('Vector Direction',(0.,0.,-1.)) ;
#353=DIRECTION('Axis2P3D Direction',(0.,0.,-1.)) ;
#365=DIRECTION('Axis2P3D Direction',(0.,0.,-1.)) ;
#366=DIRECTION('Axis2P3D XDirection',(1.,0.,0.)) ;
#374=DIRECTION('Axis2P3D Direction',(0.,0.,-1.)) ;
#383=DIRECTION('Axis2P3D Direction',(0.,0.,-1.)) ;
#393=DIRECTION('Axis2P3D Direction',(0.,0.,-1.)) ;
#394=DIRECTION('Axis2P3D XDirection',(1.,0.,0.)) ;
#398=DIRECTION('Axis2P3D Direction',(0.,0.,-1.)) ;
#407=DIRECTION('Axis2P3D Direction',(0.,0.,-1.)) ;
#416=DIRECTION('Axis2P3D Direction',(0.,0.,-1.)) ;
#425=DIRECTION('Axis2P3D Direction',(0.,0.,-1.)) ;
#435=DIRECTION('Axis2P3D Direction',(0.,0.,-1.)) ;
#436=DIRECTION('Axis2P3D XDirection',(1.,0.,0.)) ;
#440=DIRECTION('Axis2P3D Direction',(0.,0.,-1.)) ;
#449=DIRECTION('Axis2P3D Direction',(0.,0.,-1.)) ;
#459=DIRECTION('Axis2P3D Direction',(0.,0.,-1.)) ;
#460=DIRECTION('Axis2P3D XDirection',(-0.479425538603,-0.877582561891,0.)) ;
#464=DIRECTION('Vector Direction',(0.,0.,-1.)) ;
#471=DIRECTION('Axis2P3D Direction',(0.,0.,-1.)) ;
#478=DIRECTION('Vector Direction',(0.,0.,-1.)) ;
#490=DIRECTION('Axis2P3D Direction',(0.,0.,-1.)) ;
#502=DIRECTION('Axis2P3D Direction',(0.,0.,-1.)) ;
#503=DIRECTION('Axis2P3D XDirection',(0.479425538604,0.87758256189,0.)) ;
#507=DIRECTION('Axis2P3D Direction',(-0.87758256189,0.479425538604,0.)) ;
#512=DIRECTION('Axis2P3D Direction',(0.87758256189,-0.479425538604,0.)) ;
#524=DIRECTION('Axis2P3D Direction',(0.,0.,-1.)) ;
#525=DIRECTION('Axis2P3D XDirection',(-0.479425538604,-0.87758256189,0.)) ;
#536=DIRECTION('Axis2P3D Direction',(0.,0.,-1.)) ;
#537=DIRECTION('Axis2P3D XDirection',(0.479425538604,0.87758256189,0.)) ;
#541=DIRECTION('Axis2P3D Direction',(0.87758256189,-0.479425538604,0.)) ;
#548=DIRECTION('Axis2P3D Direction',(-0.87758256189,0.479425538604,0.)) ;
#555=DIRECTION('Axis2P3D Direction',(0.,0.,-1.)) ;
#567=DIRECTION('Axis2P3D Direction',(0.,0.,-1.)) ;
#568=DIRECTION('Axis2P3D XDirection',(-0.479425538604,-0.87758256189,-0.)) ;
#572=DIRECTION('Vector Direction',(0.,0.,-1.)) ;
#577=DIRECTION('Vector Direction',(0.,0.,-1.)) ;
#589=DIRECTION('Axis2P3D Direction',(0.,0.,-1.)) ;
#590=DIRECTION('Axis2P3D XDirection',(-0.479425538604,-0.87758256189,0.)) ;
#594=DIRECTION('Vector Direction',(0.339005049421,0.620544580563,-0.707106781187)) ;
#599=DIRECTION('Vector Direction',(-0.339005049421,-0.620544580563,-0.707106781187)) ;
#618=DIRECTION('Axis2P3D Direction',(0.,0.,-1.)) ;
#625=DIRECTION('Axis2P3D Direction',(0.,0.,-1.)) ;
#632=DIRECTION('Vector Direction',(0.,0.,-1.)) ;
#639=DIRECTION('Axis2P3D Direction',(0.,0.,-1.)) ;
#646=DIRECTION('Vector Direction',(0.,0.,-1.)) ;
#662=DIRECTION('Axis2P3D Direction',(0.,0.,-1.)) ;
#663=DIRECTION('Axis2P3D XDirection',(-0.479425538604,-0.87758256189,0.)) ;
#667=DIRECTION('Axis2P3D Direction',(-0.,0.,-1.)) ;
#684=DIRECTION('Axis2P3D Direction',(-0.142857151268,-0.989743317397,-0.)) ;
#689=DIRECTION('Axis2P3D Direction',(0.142857151268,-0.989743317397,0.)) ;
#780=DIRECTION('Axis2P3D Direction',(0.,1.,-0.)) ;
#781=DIRECTION('Axis2P3D XDirection',(-1.,0.,0.)) ;
#785=DIRECTION('Vector Direction',(0.,0.,-1.)) ;
#794=DIRECTION('Vector Direction',(-0.819152044335,0.,0.573576436286)) ;
#801=DIRECTION('Axis2P3D Direction',(0.,1.,-0.)) ;
#808=DIRECTION('Vector Direction',(1.,0.,0.)) ;
#882=DIRECTION('Axis2P3D Direction',(0.,0.,-1.)) ;
#883=DIRECTION('Axis2P3D XDirection',(0.989743318611,-0.142857142857,0.)) ;
#1192=DIRECTION('Axis2P3D Direction',(-0.819152044289,-2.18080597248E-27,0.573576436351)) ;
#1193=DIRECTION('Axis2P3D XDirection',(2.6525553461E-15,1.,3.78824163031E-15)) ;
#1197=DIRECTION('Vector Direction',(-0.819152044289,0.,0.573576436351)) ;
#1204=DIRECTION('Axis2P3D Direction',(-0.819152044289,-2.18080597248E-27,0.573576436351)) ;
#1216=DIRECTION('Axis2P3D Direction',(-0.,1.,0.)) ;
#1217=DIRECTION('Axis2P3D XDirection',(-0.290078621482,0.,-0.957002817843)) ;
#1221=DIRECTION('Axis2P3D Direction',(0.,1.,0.)) ;
#1228=DIRECTION('Axis2P3D Direction',(-1.,0.,-5.55111512313E-17)) ;
#1240=DIRECTION('Axis2P3D Direction',(1.,-0.,0.)) ;
#1241=DIRECTION('Axis2P3D XDirection',(0.,1.,-1.83697019872E-16)) ;
#1245=DIRECTION('Vector Direction',(1.,0.,0.)) ;
#1252=DIRECTION('Axis2P3D Direction',(1.,-0.,0.)) ;
#1419=DIRECTION('Axis2P3D Direction',(0.,1.,-0.)) ;
#1420=DIRECTION('Axis2P3D XDirection',(-1.,0.,0.)) ;
#1436=DIRECTION('Vector Direction',(-1.,0.,1.32933021738E-09)) ;
#1443=DIRECTION('Axis2P3D Direction',(0.,1.,-0.)) ;
#1450=DIRECTION('Vector Direction',(0.819152074995,0.,-0.573576392499)) ;
#1457=DIRECTION('Vector Direction',(2.35921172281E-08,0.,-1.)) ;
#1601=DIRECTION('Axis2P3D Direction',(0.,0.,-1.)) ;
#1602=DIRECTION('Axis2P3D XDirection',(-2.16493489802E-15,1.,0.)) ;
#1657=DIRECTION('Axis2P3D Direction',(0.,1.,0.)) ;
#1658=DIRECTION('Axis2P3D XDirection',(-0.573576436351,0.,-0.819152044289)) ;
#1662=DIRECTION('Vector Direction',(0.,1.,0.)) ;
#1669=DIRECTION('Vector Direction',(0.,1.,0.)) ;
#1676=DIRECTION('Axis2P3D Direction',(0.,1.,0.)) ;
#1688=DIRECTION('Axis2P3D Direction',(0.,0.,-1.)) ;
#1689=DIRECTION('Axis2P3D XDirection',(1.,0.,0.)) ;
#1693=DIRECTION('Vector Direction',(-1.,0.,0.)) ;
#1700=DIRECTION('Axis2P3D Direction',(0.,0.,-1.)) ;
#1712=DIRECTION('Axis2P3D Direction',(0.573576436351,0.,0.819152044289)) ;
#1713=DIRECTION('Axis2P3D XDirection',(-0.819152044289,0.,0.573576436351)) ;
#1727=DIRECTION('Vector Direction',(0.819152044289,0.,-0.573576436351)) ;
#1743=DIRECTION('Axis2P3D Direction',(0.,-0.,-1.)) ;
#1744=DIRECTION('Axis2P3D XDirection',(-0.479425538604,-0.87758256189,0.)) ;
#1943=DIRECTION('Axis2P3D Direction',(0.819152044289,0.,-0.573576436351)) ;
#1944=DIRECTION('Axis2P3D XDirection',(0.,-1.,0.)) ;
#1948=DIRECTION('Axis2P3D Direction',(0.819152044289,0.,-0.573576436351)) ;
#1960=DIRECTION('Axis2P3D Direction',(-0.,1.,0.)) ;
#1961=DIRECTION('Axis2P3D XDirection',(-0.290078621486,0.,-0.957002817842)) ;
#1965=DIRECTION('Axis2P3D Direction',(-1.,0.,-4.5500000212E-08)) ;
#1977=DIRECTION('Axis2P3D Direction',(-1.,0.,0.)) ;
#1978=DIRECTION('Axis2P3D XDirection',(0.,-1.,0.)) ;
#1982=DIRECTION('Axis2P3D Direction',(-1.,0.,0.)) ;
#2126=DIRECTION('Axis2P3D Direction',(-0.,0.,-1.)) ;
#2127=DIRECTION('Axis2P3D XDirection',(0.479425538604,0.87758256189,-0.)) ;
#2131=DIRECTION('Axis2P3D Direction',(-0.,0.,-1.)) ;
#2140=DIRECTION('Vector Direction',(0.,0.,-1.)) ;
#2147=DIRECTION('Axis2P3D Direction',(-0.,0.,-1.)) ;
#2154=DIRECTION('Vector Direction',(0.,0.,-1.)) ;
#2166=DIRECTION('Axis2P3D Direction',(0.,0.,-1.)) ;
#2176=DIRECTION('Axis2P3D Direction',(-0.,0.,-1.)) ;
#2188=DIRECTION('Axis2P3D Direction',(0.,0.,-1.)) ;
#2189=DIRECTION('Axis2P3D XDirection',(-0.479425538604,-0.87758256189,0.)) ;
#2193=DIRECTION('Axis2P3D Direction',(0.87758256189,-0.479425538604,0.)) ;
#2200=DIRECTION('Axis2P3D Direction',(-0.,0.,-1.)) ;
#2207=DIRECTION('Axis2P3D Direction',(-0.87758256189,0.479425538604,0.)) ;
#2219=DIRECTION('Axis2P3D Direction',(0.,0.,-1.)) ;
#2220=DIRECTION('Axis2P3D XDirection',(0.479425538604,0.87758256189,0.)) ;
#2224=DIRECTION('Axis2P3D Direction',(0.,0.,-1.)) ;
#2236=DIRECTION('Axis2P3D Direction',(0.,0.,-1.)) ;
#2237=DIRECTION('Axis2P3D XDirection',(1.,0.,0.)) ;
#2241=DIRECTION('Axis2P3D Direction',(0.,0.,-1.)) ;
#2250=DIRECTION('Axis2P3D Direction',(0.,0.,-1.)) ;
#2264=DIRECTION('Axis2P3D Direction',(0.,0.,-1.)) ;
#2265=DIRECTION('Axis2P3D XDirection',(0.479425538604,0.87758256189,0.)) ;
#2269=DIRECTION('Axis2P3D Direction',(0.87758256189,-0.479425538604,0.)) ;
#2276=DIRECTION('Axis2P3D Direction',(-0.87758256189,0.479425538604,0.)) ;
#2283=DIRECTION('Axis2P3D Direction',(0.,0.,-1.)) ;
#2295=DIRECTION('Axis2P3D Direction',(0.,0.,-1.)) ;
#2296=DIRECTION('Axis2P3D XDirection',(-0.479425538604,-0.87758256189,0.)) ;
#2300=DIRECTION('Axis2P3D Direction',(-0.,0.,-1.)) ;
#2312=DIRECTION('Axis2P3D Direction',(0.,0.,-1.)) ;
#2313=DIRECTION('Axis2P3D XDirection',(-0.479425538603,-0.877582561891,0.)) ;
#2317=DIRECTION('Vector Direction',(0.,0.,-1.)) ;
#2324=DIRECTION('Axis2P3D Direction',(0.,0.,-1.)) ;
#2331=DIRECTION('Vector Direction',(0.,0.,-1.)) ;
#2343=DIRECTION('Axis2P3D Direction',(0.,0.,-1.)) ;
#2355=DIRECTION('Axis2P3D Direction',(0.,0.,-1.)) ;
#2356=DIRECTION('Axis2P3D XDirection',(1.,0.,0.)) ;
#2360=DIRECTION('Axis2P3D Direction',(0.,0.,-1.)) ;
#2369=DIRECTION('Axis2P3D Direction',(0.,0.,-1.)) ;
#2383=DIRECTION('Axis2P3D Direction',(0.,0.,-1.)) ;
#2384=DIRECTION('Axis2P3D XDirection',(-0.479425538601,-0.877582561892,0.)) ;
#2388=DIRECTION('Vector Direction',(0.,0.,-1.)) ;
#2395=DIRECTION('Axis2P3D Direction',(0.,0.,-1.)) ;
#2402=DIRECTION('Vector Direction',(0.,0.,-1.)) ;
#2414=DIRECTION('Axis2P3D Direction',(0.,0.,-1.)) ;
#2426=DIRECTION('Axis2P3D Direction',(0.,0.,-1.)) ;
#2427=DIRECTION('Axis2P3D XDirection',(-0.479425538604,-0.87758256189,0.)) ;
#2431=DIRECTION('Vector Direction',(0.339005049421,0.620544580563,-0.707106781187)) ;
#2438=DIRECTION('Axis2P3D Direction',(0.,0.,-1.)) ;
#2445=DIRECTION('Vector Direction',(-0.339005049421,-0.620544580563,-0.707106781187)) ;
#2457=DIRECTION('Axis2P3D Direction',(0.,0.,-1.)) ;
#2469=DIRECTION('Axis2P3D Direction',(0.,0.,-1.)) ;
#2470=DIRECTION('Axis2P3D XDirection',(1.,0.,0.)) ;
#15=AXIS2_PLACEMENT_3D('',#14,$,$) ;
#34=AXIS2_PLACEMENT_3D('Cylinder Axis2P3D',#31,#32,#33) ;
#47=AXIS2_PLACEMENT_3D('Circle Axis2P3D',#45,#46,$) ;
#61=AXIS2_PLACEMENT_3D('Circle Axis2P3D',#59,#60,$) ;
#73=AXIS2_PLACEMENT_3D('Circle Axis2P3D',#71,#72,$) ;
#78=AXIS2_PLACEMENT_3D('Circle Axis2P3D',#76,#77,$) ;
#91=AXIS2_PLACEMENT_3D('Cone Axis2P3D',#88,#89,#90) ;
#104=AXIS2_PLACEMENT_3D('Circle Axis2P3D',#102,#103,$) ;
#118=AXIS2_PLACEMENT_3D('Circle Axis2P3D',#116,#117,$) ;
#131=AXIS2_PLACEMENT_3D('Cone Axis2P3D',#128,#129,#130) ;
#135=AXIS2_PLACEMENT_3D('Circle Axis2P3D',#133,#134,$) ;
#140=AXIS2_PLACEMENT_3D('Circle Axis2P3D',#138,#139,$) ;
#153=AXIS2_PLACEMENT_3D('Plane Axis2P3D',#150,#151,#152) ;
#163=AXIS2_PLACEMENT_3D('Cylinder Axis2P3D',#160,#161,#162) ;
#174=AXIS2_PLACEMENT_3D('Circle Axis2P3D',#172,#173,$) ;
#193=AXIS2_PLACEMENT_3D('Circle Axis2P3D',#191,#192,$) ;
#206=AXIS2_PLACEMENT_3D('Cone Axis2P3D',#203,#204,#205) ;
#219=AXIS2_PLACEMENT_3D('Circle Axis2P3D',#217,#218,$) ;
#233=AXIS2_PLACEMENT_3D('Circle Axis2P3D',#231,#232,$) ;
#254=AXIS2_PLACEMENT_3D('Circle Axis2P3D',#252,#253,$) ;
#259=AXIS2_PLACEMENT_3D('Circle Axis2P3D',#257,#258,$) ;
#272=AXIS2_PLACEMENT_3D('Cone Axis2P3D',#269,#270,#271) ;
#276=AXIS2_PLACEMENT_3D('Circle Axis2P3D',#274,#275,$) ;
#281=AXIS2_PLACEMENT_3D('Circle Axis2P3D',#279,#280,$) ;
#294=AXIS2_PLACEMENT_3D('Plane Axis2P3D',#291,#292,#293) ;
#303=AXIS2_PLACEMENT_3D('Circle Axis2P3D',#301,#302,$) ;
#312=AXIS2_PLACEMENT_3D('Circle Axis2P3D',#310,#311,$) ;
#323=AXIS2_PLACEMENT_3D('Cylinder Axis2P3D',#320,#321,#322) ;
#334=AXIS2_PLACEMENT_3D('Circle Axis2P3D',#332,#333,$) ;
#354=AXIS2_PLACEMENT_3D('Circle Axis2P3D',#352,#353,$) ;
#367=AXIS2_PLACEMENT_3D('Plane Axis2P3D',#364,#365,#366) ;
#375=AXIS2_PLACEMENT_3D('Circle Axis2P3D',#373,#374,$) ;
#384=AXIS2_PLACEMENT_3D('Circle Axis2P3D',#382,#383,$) ;
#395=AXIS2_PLACEMENT_3D('Plane Axis2P3D',#392,#393,#394) ;
#399=AXIS2_PLACEMENT_3D('Circle Axis2P3D',#397,#398,$) ;
#408=AXIS2_PLACEMENT_3D('Circle Axis2P3D',#406,#407,$) ;
#417=AXIS2_PLACEMENT_3D('Circle Axis2P3D',#415,#416,$) ;
#426=AXIS2_PLACEMENT_3D('Circle Axis2P3D',#424,#425,$) ;
#437=AXIS2_PLACEMENT_3D('Plane Axis2P3D',#434,#435,#436) ;
#441=AXIS2_PLACEMENT_3D('Circle Axis2P3D',#439,#440,$) ;
#450=AXIS2_PLACEMENT_3D('Circle Axis2P3D',#448,#449,$) ;
#461=AXIS2_PLACEMENT_3D('Cylinder Axis2P3D',#458,#459,#460) ;
#472=AXIS2_PLACEMENT_3D('Circle Axis2P3D',#470,#471,$) ;
#491=AXIS2_PLACEMENT_3D('Circle Axis2P3D',#489,#490,$) ;
#504=AXIS2_PLACEMENT_3D('Torus Axis2P3D',#501,#502,#503) ;
#508=AXIS2_PLACEMENT_3D('Circle Axis2P3D',#506,#507,$) ;
#513=AXIS2_PLACEMENT_3D('Circle Axis2P3D',#511,#512,$) ;
#526=AXIS2_PLACEMENT_3D('Torus Axis2P3D',#523,#524,#525) ;
#538=AXIS2_PLACEMENT_3D('Torus Axis2P3D',#535,#536,#537) ;
#542=AXIS2_PLACEMENT_3D('Circle Axis2P3D',#540,#541,$) ;
#549=AXIS2_PLACEMENT_3D('Circle Axis2P3D',#547,#548,$) ;
#556=AXIS2_PLACEMENT_3D('Circle Axis2P3D',#554,#555,$) ;
#569=AXIS2_PLACEMENT_3D('Cylinder Axis2P3D',#566,#567,#568) ;
#591=AXIS2_PLACEMENT_3D('Cone Axis2P3D',#588,#589,#590) ;
#619=AXIS2_PLACEMENT_3D('Circle Axis2P3D',#617,#618,$) ;
#626=AXIS2_PLACEMENT_3D('Circle Axis2P3D',#624,#625,$) ;
#640=AXIS2_PLACEMENT_3D('Circle Axis2P3D',#638,#639,$) ;
#664=AXIS2_PLACEMENT_3D('Torus Axis2P3D',#661,#662,#663) ;
#668=AXIS2_PLACEMENT_3D('Circle Axis2P3D',#666,#667,$) ;
#685=AXIS2_PLACEMENT_3D('Circle Axis2P3D',#683,#684,$) ;
#690=AXIS2_PLACEMENT_3D('Circle Axis2P3D',#688,#689,$) ;
#782=AXIS2_PLACEMENT_3D('Plane Axis2P3D',#779,#780,#781) ;
#802=AXIS2_PLACEMENT_3D('Circle Axis2P3D',#800,#801,$) ;
#884=AXIS2_PLACEMENT_3D('Cylinder Axis2P3D',#881,#882,#883) ;
#1194=AXIS2_PLACEMENT_3D('Cylinder Axis2P3D',#1191,#1192,#1193) ;
#1205=AXIS2_PLACEMENT_3D('Circle Axis2P3D',#1203,#1204,$) ;
#1218=AXIS2_PLACEMENT_3D('Torus Axis2P3D',#1215,#1216,#1217) ;
#1222=AXIS2_PLACEMENT_3D('Circle Axis2P3D',#1220,#1221,$) ;
#1229=AXIS2_PLACEMENT_3D('Circle Axis2P3D',#1227,#1228,$) ;
#1242=AXIS2_PLACEMENT_3D('Cylinder Axis2P3D',#1239,#1240,#1241) ;
#1253=AXIS2_PLACEMENT_3D('Circle Axis2P3D',#1251,#1252,$) ;
#1421=AXIS2_PLACEMENT_3D('Plane Axis2P3D',#1418,#1419,#1420) ;
#1444=AXIS2_PLACEMENT_3D('Circle Axis2P3D',#1442,#1443,$) ;
#1603=AXIS2_PLACEMENT_3D('Cylinder Axis2P3D',#1600,#1601,#1602) ;
#1659=AXIS2_PLACEMENT_3D('Cylinder Axis2P3D',#1656,#1657,#1658) ;
#1677=AXIS2_PLACEMENT_3D('Circle Axis2P3D',#1675,#1676,$) ;
#1690=AXIS2_PLACEMENT_3D('Plane Axis2P3D',#1687,#1688,#1689) ;
#1701=AXIS2_PLACEMENT_3D('Circle Axis2P3D',#1699,#1700,$) ;
#1714=AXIS2_PLACEMENT_3D('Plane Axis2P3D',#1711,#1712,#1713) ;
#1745=AXIS2_PLACEMENT_3D('Torus Axis2P3D',#1742,#1743,#1744) ;
#1945=AXIS2_PLACEMENT_3D('Cylinder Axis2P3D',#1942,#1943,#1944) ;
#1949=AXIS2_PLACEMENT_3D('Circle Axis2P3D',#1947,#1948,$) ;
#1962=AXIS2_PLACEMENT_3D('Torus Axis2P3D',#1959,#1960,#1961) ;
#1966=AXIS2_PLACEMENT_3D('Circle Axis2P3D',#1964,#1965,$) ;
#1979=AXIS2_PLACEMENT_3D('Cylinder Axis2P3D',#1976,#1977,#1978) ;
#1983=AXIS2_PLACEMENT_3D('Circle Axis2P3D',#1981,#1982,$) ;
#2128=AXIS2_PLACEMENT_3D('Cylinder Axis2P3D',#2125,#2126,#2127) ;
#2132=AXIS2_PLACEMENT_3D('Circle Axis2P3D',#2130,#2131,$) ;
#2148=AXIS2_PLACEMENT_3D('Circle Axis2P3D',#2146,#2147,$) ;
#2167=AXIS2_PLACEMENT_3D('Circle Axis2P3D',#2165,#2166,$) ;
#2177=AXIS2_PLACEMENT_3D('Circle Axis2P3D',#2175,#2176,$) ;
#2190=AXIS2_PLACEMENT_3D('Torus Axis2P3D',#2187,#2188,#2189) ;
#2194=AXIS2_PLACEMENT_3D('Circle Axis2P3D',#2192,#2193,$) ;
#2201=AXIS2_PLACEMENT_3D('Circle Axis2P3D',#2199,#2200,$) ;
#2208=AXIS2_PLACEMENT_3D('Circle Axis2P3D',#2206,#2207,$) ;
#2221=AXIS2_PLACEMENT_3D('Torus Axis2P3D',#2218,#2219,#2220) ;
#2225=AXIS2_PLACEMENT_3D('Circle Axis2P3D',#2223,#2224,$) ;
#2238=AXIS2_PLACEMENT_3D('Plane Axis2P3D',#2235,#2236,#2237) ;
#2242=AXIS2_PLACEMENT_3D('Circle Axis2P3D',#2240,#2241,$) ;
#2251=AXIS2_PLACEMENT_3D('Circle Axis2P3D',#2249,#2250,$) ;
#2266=AXIS2_PLACEMENT_3D('Torus Axis2P3D',#2263,#2264,#2265) ;
#2270=AXIS2_PLACEMENT_3D('Circle Axis2P3D',#2268,#2269,$) ;
#2277=AXIS2_PLACEMENT_3D('Circle Axis2P3D',#2275,#2276,$) ;
#2284=AXIS2_PLACEMENT_3D('Circle Axis2P3D',#2282,#2283,$) ;
#2297=AXIS2_PLACEMENT_3D('Torus Axis2P3D',#2294,#2295,#2296) ;
#2301=AXIS2_PLACEMENT_3D('Circle Axis2P3D',#2299,#2300,$) ;
#2314=AXIS2_PLACEMENT_3D('Cylinder Axis2P3D',#2311,#2312,#2313) ;
#2325=AXIS2_PLACEMENT_3D('Circle Axis2P3D',#2323,#2324,$) ;
#2344=AXIS2_PLACEMENT_3D('Circle Axis2P3D',#2342,#2343,$) ;
#2357=AXIS2_PLACEMENT_3D('Plane Axis2P3D',#2354,#2355,#2356) ;
#2361=AXIS2_PLACEMENT_3D('Circle Axis2P3D',#2359,#2360,$) ;
#2370=AXIS2_PLACEMENT_3D('Circle Axis2P3D',#2368,#2369,$) ;
#2385=AXIS2_PLACEMENT_3D('Cylinder Axis2P3D',#2382,#2383,#2384) ;
#2396=AXIS2_PLACEMENT_3D('Circle Axis2P3D',#2394,#2395,$) ;
#2415=AXIS2_PLACEMENT_3D('Circle Axis2P3D',#2413,#2414,$) ;
#2428=AXIS2_PLACEMENT_3D('Cone Axis2P3D',#2425,#2426,#2427) ;
#2439=AXIS2_PLACEMENT_3D('Circle Axis2P3D',#2437,#2438,$) ;
#2458=AXIS2_PLACEMENT_3D('Circle Axis2P3D',#2456,#2457,$) ;
#2471=AXIS2_PLACEMENT_3D('Plane Axis2P3D',#2468,#2469,#2470) ;
#39=LINE('Line',#36,#38) ;
#55=LINE('Line',#52,#54) ;
#96=LINE('Line',#93,#95) ;
#112=LINE('Line',#109,#111) ;
#168=LINE('Line',#165,#167) ;
#182=LINE('Line',#179,#181) ;
#211=LINE('Line',#208,#210) ;
#227=LINE('Line',#224,#226) ;
#246=LINE('Line',#243,#245) ;
#328=LINE('Line',#325,#327) ;
#342=LINE('Line',#339,#341) ;
#466=LINE('Line',#463,#465) ;
#480=LINE('Line',#477,#479) ;
#574=LINE('Line',#571,#573) ;
#579=LINE('Line',#576,#578) ;
#596=LINE('Line',#593,#595) ;
#601=LINE('Line',#598,#600) ;
#634=LINE('Line',#631,#633) ;
#648=LINE('Line',#645,#647) ;
#787=LINE('Line',#784,#786) ;
#796=LINE('Line',#793,#795) ;
#810=LINE('Line',#807,#809) ;
#1199=LINE('Line',#1196,#1198) ;
#1247=LINE('Line',#1244,#1246) ;
#1438=LINE('Line',#1435,#1437) ;
#1452=LINE('Line',#1449,#1451) ;
#1459=LINE('Line',#1456,#1458) ;
#1664=LINE('Line',#1661,#1663) ;
#1671=LINE('Line',#1668,#1670) ;
#1695=LINE('Line',#1692,#1694) ;
#1729=LINE('Line',#1726,#1728) ;
#2142=LINE('Line',#2139,#2141) ;
#2156=LINE('Line',#2153,#2155) ;
#2319=LINE('Line',#2316,#2318) ;
#2333=LINE('Line',#2330,#2332) ;
#2390=LINE('Line',#2387,#2389) ;
#2404=LINE('Line',#2401,#2403) ;
#2433=LINE('Line',#2430,#2432) ;
#2447=LINE('Line',#2444,#2446) ;
#48=CIRCLE('generated circle',#47,3.) ;
#62=CIRCLE('generated circle',#61,3.) ;
#74=CIRCLE('generated circle',#73,3.) ;
#79=CIRCLE('generated circle',#78,3.) ;
#105=CIRCLE('generated circle',#104,3.) ;
#119=CIRCLE('generated circle',#118,2.5) ;
#136=CIRCLE('generated circle',#135,3.) ;
#141=CIRCLE('generated circle',#140,2.5) ;
#175=CIRCLE('generated circle',#174,3.) ;
#194=CIRCLE('generated circle',#193,3.) ;
#220=CIRCLE('generated circle',#219,22.) ;
#234=CIRCLE('generated circle',#233,21.5) ;
#255=CIRCLE('generated circle',#254,22.) ;
#260=CIRCLE('generated circle',#259,21.5) ;
#277=CIRCLE('generated circle',#276,21.5) ;
#282=CIRCLE('generated circle',#281,22.) ;
#304=CIRCLE('generated circle',#303,19.0000000005) ;
#313=CIRCLE('generated circle',#312,19.0000000005) ;
#335=CIRCLE('generated circle',#334,22.) ;
#355=CIRCLE('generated circle',#354,22.) ;
#376=CIRCLE('generated circle',#375,2.49999999985) ;
#385=CIRCLE('generated circle',#384,2.49999999985) ;
#400=CIRCLE('generated circle',#399,13.0000000007) ;
#409=CIRCLE('generated circle',#408,13.0000000007) ;
#418=CIRCLE('generated circle',#417,6.49999999951) ;
#427=CIRCLE('generated circle',#426,6.49999999951) ;
#442=CIRCLE('generated circle',#441,19.9999999998) ;
#451=CIRCLE('generated circle',#450,19.9999999998) ;
#473=CIRCLE('generated circle',#472,2.5) ;
#492=CIRCLE('generated circle',#491,2.5) ;
#509=CIRCLE('generated circle',#508,4.) ;
#514=CIRCLE('generated circle',#513,4.) ;
#543=CIRCLE('generated circle',#542,6.) ;
#550=CIRCLE('generated circle',#549,6.) ;
#557=CIRCLE('generated circle',#556,19.) ;
#620=CIRCLE('generated circle',#619,19.) ;
#627=CIRCLE('generated circle',#626,19.) ;
#641=CIRCLE('generated circle',#640,19.) ;
#669=CIRCLE('generated circle',#668,19.) ;
#686=CIRCLE('generated circle',#685,6.) ;
#691=CIRCLE('generated circle',#690,6.) ;
#803=CIRCLE('generated circle',#802,7.00000000043) ;
#1206=CIRCLE('generated circle',#1205,0.5) ;
#1223=CIRCLE('generated circle',#1222,7.5) ;
#1230=CIRCLE('generated circle',#1229,0.5) ;
#1254=CIRCLE('generated circle',#1253,0.5) ;
#1445=CIRCLE('generated circle',#1444,6.99999999927) ;
#1678=CIRCLE('generated circle',#1677,7.5) ;
#1702=CIRCLE('generated circle',#1701,21.0000014358) ;
#1950=CIRCLE('generated circle',#1949,0.5) ;
#1967=CIRCLE('generated circle',#1966,0.5) ;
#1984=CIRCLE('generated circle',#1983,0.5) ;
#2133=CIRCLE('generated circle',#2132,1.) ;
#2149=CIRCLE('generated circle',#2148,1.) ;
#2168=CIRCLE('generated circle',#2167,0.999999999285) ;
#2178=CIRCLE('generated circle',#2177,1.) ;
#2195=CIRCLE('generated circle',#2194,5.5) ;
#2202=CIRCLE('generated circle',#2201,6.5) ;
#2209=CIRCLE('generated circle',#2208,5.5) ;
#2226=CIRCLE('generated circle',#2225,6.5) ;
#2243=CIRCLE('generated circle',#2242,13.0000000007) ;
#2252=CIRCLE('generated circle',#2251,13.0000000007) ;
#2271=CIRCLE('generated circle',#2270,4.5) ;
#2278=CIRCLE('generated circle',#2277,4.5) ;
#2285=CIRCLE('generated circle',#2284,17.5) ;
#2302=CIRCLE('generated circle',#2301,17.5) ;
#2326=CIRCLE('generated circle',#2325,17.5) ;
#2345=CIRCLE('generated circle',#2344,17.5) ;
#2362=CIRCLE('generated circle',#2361,20.4999999995) ;
#2371=CIRCLE('generated circle',#2370,20.4999999995) ;
#2397=CIRCLE('generated circle',#2396,20.5) ;
#2416=CIRCLE('generated circle',#2415,20.5) ;
#2440=CIRCLE('generated circle',#2439,19.3786796564) ;
#2459=CIRCLE('generated circle',#2458,19.3786796564) ;
#154=PLANE('',#153) ;
#295=PLANE('',#294) ;
#368=PLANE('',#367) ;
#396=PLANE('',#395) ;
#438=PLANE('',#437) ;
#783=PLANE('',#782) ;
#1422=PLANE('',#1421) ;
#1691=PLANE('',#1690) ;
#1715=PLANE('',#1714) ;
#2239=PLANE('',#2238) ;
#2358=PLANE('',#2357) ;
#2472=PLANE('',#2471) ;
#35=CYLINDRICAL_SURFACE('generated cylinder',#34,3.) ;
#164=CYLINDRICAL_SURFACE('generated cylinder',#163,3.) ;
#324=CYLINDRICAL_SURFACE('generated cylinder',#323,22.) ;
#462=CYLINDRICAL_SURFACE('generated cylinder',#461,2.5) ;
#570=CYLINDRICAL_SURFACE('generated cylinder',#569,19.) ;
#885=CYLINDRICAL_SURFACE('generated cylinder',#884,2.) ;
#1195=CYLINDRICAL_SURFACE('generated cylinder',#1194,0.5) ;
#1243=CYLINDRICAL_SURFACE('generated cylinder',#1242,0.5) ;
#1604=CYLINDRICAL_SURFACE('generated cylinder',#1603,2.) ;
#1660=CYLINDRICAL_SURFACE('generated cylinder',#1659,7.5) ;
#1946=CYLINDRICAL_SURFACE('generated cylinder',#1945,0.5) ;
#1980=CYLINDRICAL_SURFACE('generated cylinder',#1979,0.5) ;
#2129=CYLINDRICAL_SURFACE('generated cylinder',#2128,1.) ;
#2315=CYLINDRICAL_SURFACE('generated cylinder',#2314,17.5) ;
#2386=CYLINDRICAL_SURFACE('generated cylinder',#2385,20.5) ;
#92=CONICAL_SURFACE('Cone',#91,0.,0.785398163397) ;
#132=CONICAL_SURFACE('Cone',#131,0.,0.785398163397) ;
#207=CONICAL_SURFACE('Cone',#206,0.,0.785398163397) ;
#273=CONICAL_SURFACE('Cone',#272,0.,0.785398163397) ;
#592=CONICAL_SURFACE('Cone',#591,20.,0.785398163397) ;
#2429=CONICAL_SURFACE('Cone',#2428,19.3786796564,0.785398163397) ;
#505=TOROIDAL_SURFACE('homeo Torus',#504,6.5,4.) ;
#527=TOROIDAL_SURFACE('homeo Torus',#526,6.5,4.) ;
#539=TOROIDAL_SURFACE('homeo Torus',#538,13.,6.) ;
#665=TOROIDAL_SURFACE('homeo Torus',#664,13.,6.) ;
#1219=TOROIDAL_SURFACE('homeo Torus',#1218,7.,0.5) ;
#1746=TOROIDAL_SURFACE('homeo Torus',#1745,21.,2.) ;
#1963=TOROIDAL_SURFACE('homeo Torus',#1962,7.,0.5) ;
#2191=TOROIDAL_SURFACE('homeo Torus',#2190,6.5,5.5) ;
#2222=TOROIDAL_SURFACE('homeo Torus',#2221,6.5,5.5) ;
#2267=TOROIDAL_SURFACE('homeo Torus',#2266,13.,4.5) ;
#2298=TOROIDAL_SURFACE('homeo Torus',#2297,13.,4.5) ;
#318=FACE_BOUND('',#315,.T.) ;
#390=FACE_BOUND('',#387,.T.) ;
#432=FACE_BOUND('',#429,.T.) ;
#832=FACE_BOUND('',#829,.T.) ;
#1471=FACE_BOUND('',#1468,.T.) ;
#2261=FACE_BOUND('',#2258,.T.) ;
#2380=FACE_BOUND('',#2377,.T.) ;
#44=EDGE_CURVE('',#41,#43,#39,.F.) ;
#51=EDGE_CURVE('',#41,#50,#48,.T.) ;
#58=EDGE_CURVE('',#50,#57,#55,.F.) ;
#63=EDGE_CURVE('',#43,#57,#62,.T.) ;
#75=EDGE_CURVE('',#50,#41,#74,.T.) ;
#80=EDGE_CURVE('',#57,#43,#79,.T.) ;
#101=EDGE_CURVE('',#98,#100,#96,.T.) ;
#108=EDGE_CURVE('',#100,#107,#105,.F.) ;
#115=EDGE_CURVE('',#114,#107,#112,.T.) ;
#120=EDGE_CURVE('',#98,#114,#119,.F.) ;
#137=EDGE_CURVE('',#107,#100,#136,.F.) ;
#142=EDGE_CURVE('',#114,#98,#141,.F.) ;
#171=EDGE_CURVE('',#107,#170,#168,.F.) ;
#178=EDGE_CURVE('',#170,#177,#175,.T.) ;
#183=EDGE_CURVE('',#100,#177,#182,.F.) ;
#195=EDGE_CURVE('',#177,#170,#194,.T.) ;
#216=EDGE_CURVE('',#213,#215,#211,.T.) ;
#223=EDGE_CURVE('',#215,#222,#220,.F.) ;
#230=EDGE_CURVE('',#229,#222,#227,.T.) ;
#235=EDGE_CURVE('',#213,#229,#234,.F.) ;
#251=EDGE_CURVE('',#248,#250,#246,.T.) ;
#256=EDGE_CURVE('',#250,#215,#255,.F.) ;
#261=EDGE_CURVE('',#248,#213,#260,.F.) ;
#278=EDGE_CURVE('',#229,#248,#277,.F.) ;
#283=EDGE_CURVE('',#222,#250,#282,.F.) ;
#309=EDGE_CURVE('',#306,#308,#304,.T.) ;
#314=EDGE_CURVE('',#308,#306,#313,.T.) ;
#331=EDGE_CURVE('',#222,#330,#328,.F.) ;
#338=EDGE_CURVE('',#330,#337,#335,.T.) ;
#343=EDGE_CURVE('',#215,#337,#342,.F.) ;
#356=EDGE_CURVE('',#337,#330,#355,.T.) ;
#381=EDGE_CURVE('',#378,#380,#376,.T.) ;
#386=EDGE_CURVE('',#380,#378,#385,.T.) ;
#405=EDGE_CURVE('',#402,#404,#400,.T.) ;
#410=EDGE_CURVE('',#404,#402,#409,.T.) ;
#423=EDGE_CURVE('',#420,#422,#418,.T.) ;
#428=EDGE_CURVE('',#422,#420,#427,.T.) ;
#447=EDGE_CURVE('',#444,#446,#442,.T.) ;
#452=EDGE_CURVE('',#446,#444,#451,.T.) ;
#469=EDGE_CURVE('',#378,#468,#466,.F.) ;
#476=EDGE_CURVE('',#468,#475,#473,.T.) ;
#481=EDGE_CURVE('',#380,#475,#480,.F.) ;
#493=EDGE_CURVE('',#475,#468,#492,.T.) ;
#510=EDGE_CURVE('',#468,#422,#509,.T.) ;
#515=EDGE_CURVE('',#475,#420,#514,.T.) ;
#546=EDGE_CURVE('',#545,#404,#543,.T.) ;
#553=EDGE_CURVE('',#552,#402,#550,.T.) ;
#558=EDGE_CURVE('',#552,#545,#557,.T.) ;
#575=EDGE_CURVE('',#552,#308,#574,.F.) ;
#580=EDGE_CURVE('',#545,#306,#579,.F.) ;
#597=EDGE_CURVE('',#330,#446,#596,.F.) ;
#602=EDGE_CURVE('',#337,#444,#601,.F.) ;
#623=EDGE_CURVE('',#545,#622,#620,.T.) ;
#630=EDGE_CURVE('',#629,#552,#627,.T.) ;
#637=EDGE_CURVE('',#629,#636,#634,.F.) ;
#644=EDGE_CURVE('',#636,#643,#641,.F.) ;
#649=EDGE_CURVE('',#643,#622,#648,.T.) ;
#674=EDGE_CURVE('',#671,#673,#669,.T.) ;
#682=EDGE_CURVE('',#673,#681,#675,.T.) ;
#687=EDGE_CURVE('',#681,#629,#686,.F.) ;
#694=EDGE_CURVE('',#622,#693,#691,.T.) ;
#700=EDGE_CURVE('',#693,#671,#695,.T.) ;
#755=EDGE_CURVE('',#752,#754,#745,.T.) ;
#763=EDGE_CURVE('',#754,#673,#756,.F.) ;
#771=EDGE_CURVE('',#752,#671,#764,.F.) ;
#792=EDGE_CURVE('',#789,#791,#787,.F.) ;
#799=EDGE_CURVE('',#789,#798,#796,.T.) ;
#806=EDGE_CURVE('',#798,#805,#803,.T.) ;
#813=EDGE_CURVE('',#805,#812,#810,.T.) ;
#821=EDGE_CURVE('',#812,#791,#814,.T.) ;
#868=EDGE_CURVE('',#867,#629,#860,.F.) ;
#874=EDGE_CURVE('',#681,#867,#869,.T.) ;
#902=EDGE_CURVE('',#791,#636,#886,.F.) ;
#921=EDGE_CURVE('',#867,#920,#903,.F.) ;
#927=EDGE_CURVE('',#920,#789,#922,.F.) ;
#994=EDGE_CURVE('',#991,#993,#974,.F.) ;
#1000=EDGE_CURVE('',#681,#991,#995,.T.) ;
#1008=EDGE_CURVE('',#754,#993,#1001,.T.) ;
#1034=EDGE_CURVE('',#867,#991,#1028,.F.) ;
#1121=EDGE_CURVE('',#920,#993,#1114,.F.) ;
#1175=EDGE_CURVE('',#993,#1174,#1166,.F.) ;
#1183=EDGE_CURVE('',#789,#1174,#1176,.F.) ;
#1202=EDGE_CURVE('',#1174,#1201,#1199,.T.) ;
#1207=EDGE_CURVE('',#798,#1201,#1206,.T.) ;
#1226=EDGE_CURVE('',#1201,#1225,#1223,.T.) ;
#1231=EDGE_CURVE('',#805,#1225,#1230,.F.) ;
#1250=EDGE_CURVE('',#1225,#1249,#1247,.T.) ;
#1255=EDGE_CURVE('',#812,#1249,#1254,.T.) ;
#1309=EDGE_CURVE('',#1249,#1308,#1300,.T.) ;
#1317=EDGE_CURVE('',#791,#1308,#1310,.F.) ;
#1411=EDGE_CURVE('',#1308,#636,#1398,.F.) ;
#1434=EDGE_CURVE('',#1431,#1433,#1423,.F.) ;
#1441=EDGE_CURVE('',#1440,#1431,#1438,.F.) ;
#1448=EDGE_CURVE('',#1447,#1440,#1445,.T.) ;
#1455=EDGE_CURVE('',#1454,#1447,#1452,.F.) ;
#1460=EDGE_CURVE('',#1433,#1454,#1459,.T.) ;
#1506=EDGE_CURVE('',#693,#1505,#1499,.F.) ;
#1513=EDGE_CURVE('',#1505,#622,#1507,.F.) ;
#1564=EDGE_CURVE('',#693,#1563,#1557,.F.) ;
#1583=EDGE_CURVE('',#1563,#1582,#1565,.F.) ;
#1591=EDGE_CURVE('',#1582,#752,#1584,.T.) ;
#1612=EDGE_CURVE('',#1611,#1454,#1605,.F.) ;
#1629=EDGE_CURVE('',#1505,#1611,#1613,.F.) ;
#1646=EDGE_CURVE('',#1433,#643,#1630,.F.) ;
#1667=EDGE_CURVE('',#1225,#1666,#1664,.F.) ;
#1674=EDGE_CURVE('',#1201,#1673,#1671,.F.) ;
#1679=EDGE_CURVE('',#1673,#1666,#1678,.T.) ;
#1698=EDGE_CURVE('',#1666,#1697,#1695,.F.) ;
#1703=EDGE_CURVE('',#1249,#1697,#1702,.F.) ;
#1725=EDGE_CURVE('',#1582,#1724,#1716,.F.) ;
#1730=EDGE_CURVE('',#1724,#1673,#1729,.F.) ;
#1754=EDGE_CURVE('',#1697,#1753,#1747,.F.) ;
#1768=EDGE_CURVE('',#1753,#643,#1755,.F.) ;
#1795=EDGE_CURVE('',#1563,#1505,#1789,.F.) ;
#1882=EDGE_CURVE('',#1582,#1611,#1875,.F.) ;
#1934=EDGE_CURVE('',#1724,#1454,#1927,.F.) ;
#1951=EDGE_CURVE('',#1673,#1447,#1950,.F.) ;
#1968=EDGE_CURVE('',#1666,#1440,#1967,.F.) ;
#1985=EDGE_CURVE('',#1697,#1431,#1984,.F.) ;
#2037=EDGE_CURVE('',#1753,#1433,#2030,.F.) ;
#2138=EDGE_CURVE('',#2135,#2137,#2133,.T.) ;
#2145=EDGE_CURVE('',#2135,#2144,#2142,.F.) ;
#2152=EDGE_CURVE('',#2144,#2151,#2149,.T.) ;
#2157=EDGE_CURVE('',#2137,#2151,#2156,.F.) ;
#2169=EDGE_CURVE('',#2137,#2135,#2168,.T.) ;
#2179=EDGE_CURVE('',#2151,#2144,#2178,.T.) ;
#2198=EDGE_CURVE('',#2144,#2197,#2195,.T.) ;
#2205=EDGE_CURVE('',#2197,#2204,#2202,.T.) ;
#2210=EDGE_CURVE('',#2151,#2204,#2209,.T.) ;
#2227=EDGE_CURVE('',#2204,#2197,#2226,.T.) ;
#2248=EDGE_CURVE('',#2245,#2247,#2243,.T.) ;
#2253=EDGE_CURVE('',#2247,#2245,#2252,.T.) ;
#2274=EDGE_CURVE('',#2273,#2247,#2271,.T.) ;
#2281=EDGE_CURVE('',#2280,#2245,#2278,.T.) ;
#2286=EDGE_CURVE('',#2280,#2273,#2285,.T.) ;
#2303=EDGE_CURVE('',#2273,#2280,#2302,.T.) ;
#2322=EDGE_CURVE('',#2280,#2321,#2319,.F.) ;
#2329=EDGE_CURVE('',#2321,#2328,#2326,.T.) ;
#2334=EDGE_CURVE('',#2273,#2328,#2333,.F.) ;
#2346=EDGE_CURVE('',#2328,#2321,#2345,.T.) ;
#2367=EDGE_CURVE('',#2364,#2366,#2362,.T.) ;
#2372=EDGE_CURVE('',#2366,#2364,#2371,.T.) ;
#2393=EDGE_CURVE('',#2364,#2392,#2390,.F.) ;
#2400=EDGE_CURVE('',#2392,#2399,#2397,.T.) ;
#2405=EDGE_CURVE('',#2366,#2399,#2404,.F.) ;
#2417=EDGE_CURVE('',#2399,#2392,#2416,.T.) ;
#2436=EDGE_CURVE('',#2392,#2435,#2433,.F.) ;
#2443=EDGE_CURVE('',#2435,#2442,#2440,.T.) ;
#2448=EDGE_CURVE('',#2399,#2442,#2447,.F.) ;
#2460=EDGE_CURVE('',#2442,#2435,#2459,.T.) ;
#30=CLOSED_SHELL('Closed Shell',(#70,#87,#127,#149,#159,#190,#202,#242,#268,#290,#319,#351,#363,#391,#433,#457,#488,#500,#522,#534,#565,#587,#609,#616,#660,#713,#778,#833,#880,#936,#1016,#1040,#1128,#1190,#1214,#1238,#1262,#1324,#1417,#1472,#1519,#1599,#1655,#1686,#1710,#1741,#1777,#1801,#1889,#1941,#1958,#1975,#1992,#2044,#2123)) ;
#2478=CLOSED_SHELL('Oriented Closed Shell',(#2164,#2174,#2186,#2217,#2234,#2262,#2293,#2310,#2341,#2353,#2381,#2412,#2424,#2455,#2467,#2477)) ;
#65=ORIENTED_EDGE('',*,*,#44,.F.) ;
#66=ORIENTED_EDGE('',*,*,#51,.T.) ;
#67=ORIENTED_EDGE('',*,*,#58,.T.) ;
#68=ORIENTED_EDGE('',*,*,#63,.F.) ;
#82=ORIENTED_EDGE('',*,*,#58,.F.) ;
#83=ORIENTED_EDGE('',*,*,#75,.T.) ;
#84=ORIENTED_EDGE('',*,*,#44,.T.) ;
#85=ORIENTED_EDGE('',*,*,#80,.F.) ;
#122=ORIENTED_EDGE('',*,*,#101,.T.) ;
#123=ORIENTED_EDGE('',*,*,#108,.T.) ;
#124=ORIENTED_EDGE('',*,*,#115,.F.) ;
#125=ORIENTED_EDGE('',*,*,#120,.F.) ;
#144=ORIENTED_EDGE('',*,*,#115,.T.) ;
#145=ORIENTED_EDGE('',*,*,#137,.T.) ;
#146=ORIENTED_EDGE('',*,*,#101,.F.) ;
#147=ORIENTED_EDGE('',*,*,#142,.F.) ;
#156=ORIENTED_EDGE('',*,*,#142,.T.) ;
#157=ORIENTED_EDGE('',*,*,#120,.T.) ;
#185=ORIENTED_EDGE('',*,*,#171,.T.) ;
#186=ORIENTED_EDGE('',*,*,#178,.T.) ;
#187=ORIENTED_EDGE('',*,*,#183,.F.) ;
#188=ORIENTED_EDGE('',*,*,#137,.F.) ;
#197=ORIENTED_EDGE('',*,*,#183,.T.) ;
#198=ORIENTED_EDGE('',*,*,#195,.T.) ;
#199=ORIENTED_EDGE('',*,*,#171,.F.) ;
#200=ORIENTED_EDGE('',*,*,#108,.F.) ;
#237=ORIENTED_EDGE('',*,*,#216,.T.) ;
#238=ORIENTED_EDGE('',*,*,#223,.T.) ;
#239=ORIENTED_EDGE('',*,*,#230,.F.) ;
#240=ORIENTED_EDGE('',*,*,#235,.F.) ;
#263=ORIENTED_EDGE('',*,*,#251,.T.) ;
#264=ORIENTED_EDGE('',*,*,#256,.T.) ;
#265=ORIENTED_EDGE('',*,*,#216,.F.) ;
#266=ORIENTED_EDGE('',*,*,#261,.F.) ;
#285=ORIENTED_EDGE('',*,*,#251,.F.) ;
#286=ORIENTED_EDGE('',*,*,#278,.F.) ;
#287=ORIENTED_EDGE('',*,*,#230,.T.) ;
#288=ORIENTED_EDGE('',*,*,#283,.T.) ;
#297=ORIENTED_EDGE('',*,*,#278,.T.) ;
#298=ORIENTED_EDGE('',*,*,#261,.T.) ;
#299=ORIENTED_EDGE('',*,*,#235,.T.) ;
#316=ORIENTED_EDGE('',*,*,#309,.F.) ;
#317=ORIENTED_EDGE('',*,*,#314,.F.) ;
#345=ORIENTED_EDGE('',*,*,#331,.T.) ;
#346=ORIENTED_EDGE('',*,*,#338,.T.) ;
#347=ORIENTED_EDGE('',*,*,#343,.F.) ;
#348=ORIENTED_EDGE('',*,*,#256,.F.) ;
#349=ORIENTED_EDGE('',*,*,#283,.F.) ;
#358=ORIENTED_EDGE('',*,*,#343,.T.) ;
#359=ORIENTED_EDGE('',*,*,#356,.T.) ;
#360=ORIENTED_EDGE('',*,*,#331,.F.) ;
#361=ORIENTED_EDGE('',*,*,#223,.F.) ;
#370=ORIENTED_EDGE('',*,*,#195,.F.) ;
#371=ORIENTED_EDGE('',*,*,#178,.F.) ;
#388=ORIENTED_EDGE('',*,*,#381,.T.) ;
#389=ORIENTED_EDGE('',*,*,#386,.T.) ;
#412=ORIENTED_EDGE('',*,*,#405,.T.) ;
#413=ORIENTED_EDGE('',*,*,#410,.T.) ;
#430=ORIENTED_EDGE('',*,*,#423,.F.) ;
#431=ORIENTED_EDGE('',*,*,#428,.F.) ;
#454=ORIENTED_EDGE('',*,*,#447,.F.) ;
#455=ORIENTED_EDGE('',*,*,#452,.F.) ;
#483=ORIENTED_EDGE('',*,*,#381,.F.) ;
#484=ORIENTED_EDGE('',*,*,#469,.T.) ;
#485=ORIENTED_EDGE('',*,*,#476,.T.) ;
#486=ORIENTED_EDGE('',*,*,#481,.F.) ;
#495=ORIENTED_EDGE('',*,*,#386,.F.) ;
#496=ORIENTED_EDGE('',*,*,#481,.T.) ;
#497=ORIENTED_EDGE('',*,*,#493,.T.) ;
#498=ORIENTED_EDGE('',*,*,#469,.F.) ;
#517=ORIENTED_EDGE('',*,*,#476,.F.) ;
#518=ORIENTED_EDGE('',*,*,#510,.T.) ;
#519=ORIENTED_EDGE('',*,*,#428,.T.) ;
#520=ORIENTED_EDGE('',*,*,#515,.F.) ;
#529=ORIENTED_EDGE('',*,*,#493,.F.) ;
#530=ORIENTED_EDGE('',*,*,#515,.T.) ;
#531=ORIENTED_EDGE('',*,*,#423,.T.) ;
#532=ORIENTED_EDGE('',*,*,#510,.F.) ;
#560=ORIENTED_EDGE('',*,*,#546,.T.) ;
#561=ORIENTED_EDGE('',*,*,#405,.F.) ;
#562=ORIENTED_EDGE('',*,*,#553,.F.) ;
#563=ORIENTED_EDGE('',*,*,#558,.T.) ;
#582=ORIENTED_EDGE('',*,*,#558,.F.) ;
#583=ORIENTED_EDGE('',*,*,#575,.T.) ;
#584=ORIENTED_EDGE('',*,*,#314,.T.) ;
#585=ORIENTED_EDGE('',*,*,#580,.F.) ;
#604=ORIENTED_EDGE('',*,*,#338,.F.) ;
#605=ORIENTED_EDGE('',*,*,#597,.T.) ;
#606=ORIENTED_EDGE('',*,*,#452,.T.) ;
#607=ORIENTED_EDGE('',*,*,#602,.F.) ;
#611=ORIENTED_EDGE('',*,*,#356,.F.) ;
#612=ORIENTED_EDGE('',*,*,#602,.T.) ;
#613=ORIENTED_EDGE('',*,*,#447,.T.) ;
#614=ORIENTED_EDGE('',*,*,#597,.F.) ;
#651=ORIENTED_EDGE('',*,*,#623,.F.) ;
#652=ORIENTED_EDGE('',*,*,#580,.T.) ;
#653=ORIENTED_EDGE('',*,*,#309,.T.) ;
#654=ORIENTED_EDGE('',*,*,#575,.F.) ;
#655=ORIENTED_EDGE('',*,*,#630,.F.) ;
#656=ORIENTED_EDGE('',*,*,#637,.T.) ;
#657=ORIENTED_EDGE('',*,*,#644,.T.) ;
#658=ORIENTED_EDGE('',*,*,#649,.T.) ;
#702=ORIENTED_EDGE('',*,*,#674,.T.) ;
#703=ORIENTED_EDGE('',*,*,#682,.T.) ;
#704=ORIENTED_EDGE('',*,*,#687,.T.) ;
#705=ORIENTED_EDGE('',*,*,#630,.T.) ;
#706=ORIENTED_EDGE('',*,*,#553,.T.) ;
#707=ORIENTED_EDGE('',*,*,#410,.F.) ;
#708=ORIENTED_EDGE('',*,*,#546,.F.) ;
#709=ORIENTED_EDGE('',*,*,#623,.T.) ;
#710=ORIENTED_EDGE('',*,*,#694,.T.) ;
#711=ORIENTED_EDGE('',*,*,#700,.T.) ;
#773=ORIENTED_EDGE('',*,*,#755,.T.) ;
#774=ORIENTED_EDGE('',*,*,#763,.T.) ;
#775=ORIENTED_EDGE('',*,*,#674,.F.) ;
#776=ORIENTED_EDGE('',*,*,#771,.F.) ;
#823=ORIENTED_EDGE('',*,*,#792,.F.) ;
#824=ORIENTED_EDGE('',*,*,#799,.T.) ;
#825=ORIENTED_EDGE('',*,*,#806,.T.) ;
#826=ORIENTED_EDGE('',*,*,#813,.T.) ;
#827=ORIENTED_EDGE('',*,*,#821,.T.) ;
#830=ORIENTED_EDGE('',*,*,#51,.F.) ;
#831=ORIENTED_EDGE('',*,*,#75,.F.) ;
#876=ORIENTED_EDGE('',*,*,#868,.T.) ;
#877=ORIENTED_EDGE('',*,*,#687,.F.) ;
#878=ORIENTED_EDGE('',*,*,#874,.T.) ;
#929=ORIENTED_EDGE('',*,*,#902,.T.) ;
#930=ORIENTED_EDGE('',*,*,#637,.F.) ;
#931=ORIENTED_EDGE('',*,*,#868,.F.) ;
#932=ORIENTED_EDGE('',*,*,#921,.T.) ;
#933=ORIENTED_EDGE('',*,*,#927,.T.) ;
#934=ORIENTED_EDGE('',*,*,#792,.T.) ;
#1010=ORIENTED_EDGE('',*,*,#994,.F.) ;
#1011=ORIENTED_EDGE('',*,*,#1000,.F.) ;
#1012=ORIENTED_EDGE('',*,*,#682,.F.) ;
#1013=ORIENTED_EDGE('',*,*,#763,.F.) ;
#1014=ORIENTED_EDGE('',*,*,#1008,.T.) ;
#1036=ORIENTED_EDGE('',*,*,#1000,.T.) ;
#1037=ORIENTED_EDGE('',*,*,#1034,.F.) ;
#1038=ORIENTED_EDGE('',*,*,#874,.F.) ;
#1123=ORIENTED_EDGE('',*,*,#1034,.T.) ;
#1124=ORIENTED_EDGE('',*,*,#994,.T.) ;
#1125=ORIENTED_EDGE('',*,*,#1121,.F.) ;
#1126=ORIENTED_EDGE('',*,*,#921,.F.) ;
#1185=ORIENTED_EDGE('',*,*,#1121,.T.) ;
#1186=ORIENTED_EDGE('',*,*,#1175,.T.) ;
#1187=ORIENTED_EDGE('',*,*,#1183,.F.) ;
#1188=ORIENTED_EDGE('',*,*,#927,.F.) ;
#1209=ORIENTED_EDGE('',*,*,#1183,.T.) ;
#1210=ORIENTED_EDGE('',*,*,#1202,.T.) ;
#1211=ORIENTED_EDGE('',*,*,#1207,.F.) ;
#1212=ORIENTED_EDGE('',*,*,#799,.F.) ;
#1233=ORIENTED_EDGE('',*,*,#1207,.T.) ;
#1234=ORIENTED_EDGE('',*,*,#1226,.T.) ;
#1235=ORIENTED_EDGE('',*,*,#1231,.F.) ;
#1236=ORIENTED_EDGE('',*,*,#806,.F.) ;
#1257=ORIENTED_EDGE('',*,*,#1231,.T.) ;
#1258=ORIENTED_EDGE('',*,*,#1250,.T.) ;
#1259=ORIENTED_EDGE('',*,*,#1255,.F.) ;
#1260=ORIENTED_EDGE('',*,*,#813,.F.) ;
#1319=ORIENTED_EDGE('',*,*,#1255,.T.) ;
#1320=ORIENTED_EDGE('',*,*,#1309,.T.) ;
#1321=ORIENTED_EDGE('',*,*,#1317,.F.) ;
#1322=ORIENTED_EDGE('',*,*,#821,.F.) ;
#1413=ORIENTED_EDGE('',*,*,#1317,.T.) ;
#1414=ORIENTED_EDGE('',*,*,#1411,.T.) ;
#1415=ORIENTED_EDGE('',*,*,#902,.F.) ;
#1462=ORIENTED_EDGE('',*,*,#1434,.F.) ;
#1463=ORIENTED_EDGE('',*,*,#1441,.F.) ;
#1464=ORIENTED_EDGE('',*,*,#1448,.F.) ;
#1465=ORIENTED_EDGE('',*,*,#1455,.F.) ;
#1466=ORIENTED_EDGE('',*,*,#1460,.F.) ;
#1469=ORIENTED_EDGE('',*,*,#80,.T.) ;
#1470=ORIENTED_EDGE('',*,*,#63,.T.) ;
#1515=ORIENTED_EDGE('',*,*,#1506,.F.) ;
#1516=ORIENTED_EDGE('',*,*,#694,.F.) ;
#1517=ORIENTED_EDGE('',*,*,#1513,.F.) ;
#1593=ORIENTED_EDGE('',*,*,#1564,.T.) ;
#1594=ORIENTED_EDGE('',*,*,#1583,.T.) ;
#1595=ORIENTED_EDGE('',*,*,#1591,.T.) ;
#1596=ORIENTED_EDGE('',*,*,#771,.T.) ;
#1597=ORIENTED_EDGE('',*,*,#700,.F.) ;
#1648=ORIENTED_EDGE('',*,*,#1460,.T.) ;
#1649=ORIENTED_EDGE('',*,*,#1612,.F.) ;
#1650=ORIENTED_EDGE('',*,*,#1629,.F.) ;
#1651=ORIENTED_EDGE('',*,*,#1513,.T.) ;
#1652=ORIENTED_EDGE('',*,*,#649,.F.) ;
#1653=ORIENTED_EDGE('',*,*,#1646,.F.) ;
#1681=ORIENTED_EDGE('',*,*,#1667,.F.) ;
#1682=ORIENTED_EDGE('',*,*,#1226,.F.) ;
#1683=ORIENTED_EDGE('',*,*,#1674,.T.) ;
#1684=ORIENTED_EDGE('',*,*,#1679,.T.) ;
#1705=ORIENTED_EDGE('',*,*,#1698,.T.) ;
#1706=ORIENTED_EDGE('',*,*,#1703,.F.) ;
#1707=ORIENTED_EDGE('',*,*,#1250,.F.) ;
#1708=ORIENTED_EDGE('',*,*,#1667,.T.) ;
#1732=ORIENTED_EDGE('',*,*,#1725,.T.) ;
#1733=ORIENTED_EDGE('',*,*,#1730,.T.) ;
#1734=ORIENTED_EDGE('',*,*,#1674,.F.) ;
#1735=ORIENTED_EDGE('',*,*,#1202,.F.) ;
#1736=ORIENTED_EDGE('',*,*,#1175,.F.) ;
#1737=ORIENTED_EDGE('',*,*,#1008,.F.) ;
#1738=ORIENTED_EDGE('',*,*,#755,.F.) ;
#1739=ORIENTED_EDGE('',*,*,#1591,.F.) ;
#1770=ORIENTED_EDGE('',*,*,#1754,.T.) ;
#1771=ORIENTED_EDGE('',*,*,#1768,.T.) ;
#1772=ORIENTED_EDGE('',*,*,#644,.F.) ;
#1773=ORIENTED_EDGE('',*,*,#1411,.F.) ;
#1774=ORIENTED_EDGE('',*,*,#1309,.F.) ;
#1775=ORIENTED_EDGE('',*,*,#1703,.T.) ;
#1797=ORIENTED_EDGE('',*,*,#1506,.T.) ;
#1798=ORIENTED_EDGE('',*,*,#1795,.F.) ;
#1799=ORIENTED_EDGE('',*,*,#1564,.F.) ;
#1884=ORIENTED_EDGE('',*,*,#1795,.T.) ;
#1885=ORIENTED_EDGE('',*,*,#1629,.T.) ;
#1886=ORIENTED_EDGE('',*,*,#1882,.F.) ;
#1887=ORIENTED_EDGE('',*,*,#1583,.F.) ;
#1936=ORIENTED_EDGE('',*,*,#1882,.T.) ;
#1937=ORIENTED_EDGE('',*,*,#1612,.T.) ;
#1938=ORIENTED_EDGE('',*,*,#1934,.F.) ;
#1939=ORIENTED_EDGE('',*,*,#1725,.F.) ;
#1953=ORIENTED_EDGE('',*,*,#1934,.T.) ;
#1954=ORIENTED_EDGE('',*,*,#1455,.T.) ;
#1955=ORIENTED_EDGE('',*,*,#1951,.F.) ;
#1956=ORIENTED_EDGE('',*,*,#1730,.F.) ;
#1970=ORIENTED_EDGE('',*,*,#1951,.T.) ;
#1971=ORIENTED_EDGE('',*,*,#1448,.T.) ;
#1972=ORIENTED_EDGE('',*,*,#1968,.F.) ;
#1973=ORIENTED_EDGE('',*,*,#1679,.F.) ;
#1987=ORIENTED_EDGE('',*,*,#1968,.T.) ;
#1988=ORIENTED_EDGE('',*,*,#1441,.T.) ;
#1989=ORIENTED_EDGE('',*,*,#1985,.F.) ;
#1990=ORIENTED_EDGE('',*,*,#1698,.F.) ;
#2039=ORIENTED_EDGE('',*,*,#1985,.T.) ;
#2040=ORIENTED_EDGE('',*,*,#1434,.T.) ;
#2041=ORIENTED_EDGE('',*,*,#2037,.F.) ;
#2042=ORIENTED_EDGE('',*,*,#1754,.F.) ;
#2119=ORIENTED_EDGE('',*,*,#2037,.T.) ;
#2120=ORIENTED_EDGE('',*,*,#1646,.T.) ;
#2121=ORIENTED_EDGE('',*,*,#1768,.F.) ;
#2159=ORIENTED_EDGE('',*,*,#2138,.F.) ;
#2160=ORIENTED_EDGE('',*,*,#2145,.T.) ;
#2161=ORIENTED_EDGE('',*,*,#2152,.T.) ;
#2162=ORIENTED_EDGE('',*,*,#2157,.F.) ;
#2171=ORIENTED_EDGE('',*,*,#2138,.T.) ;
#2172=ORIENTED_EDGE('',*,*,#2169,.T.) ;
#2181=ORIENTED_EDGE('',*,*,#2169,.F.) ;
#2182=ORIENTED_EDGE('',*,*,#2157,.T.) ;
#2183=ORIENTED_EDGE('',*,*,#2179,.T.) ;
#2184=ORIENTED_EDGE('',*,*,#2145,.F.) ;
#2212=ORIENTED_EDGE('',*,*,#2152,.F.) ;
#2213=ORIENTED_EDGE('',*,*,#2198,.T.) ;
#2214=ORIENTED_EDGE('',*,*,#2205,.T.) ;
#2215=ORIENTED_EDGE('',*,*,#2210,.F.) ;
#2229=ORIENTED_EDGE('',*,*,#2179,.F.) ;
#2230=ORIENTED_EDGE('',*,*,#2210,.T.) ;
#2231=ORIENTED_EDGE('',*,*,#2227,.T.) ;
#2232=ORIENTED_EDGE('',*,*,#2198,.F.) ;
#2255=ORIENTED_EDGE('',*,*,#2248,.T.) ;
#2256=ORIENTED_EDGE('',*,*,#2253,.T.) ;
#2259=ORIENTED_EDGE('',*,*,#2205,.F.) ;
#2260=ORIENTED_EDGE('',*,*,#2227,.F.) ;
#2288=ORIENTED_EDGE('',*,*,#2274,.T.) ;
#2289=ORIENTED_EDGE('',*,*,#2248,.F.) ;
#2290=ORIENTED_EDGE('',*,*,#2281,.F.) ;
#2291=ORIENTED_EDGE('',*,*,#2286,.T.) ;
#2305=ORIENTED_EDGE('',*,*,#2281,.T.) ;
#2306=ORIENTED_EDGE('',*,*,#2253,.F.) ;
#2307=ORIENTED_EDGE('',*,*,#2274,.F.) ;
#2308=ORIENTED_EDGE('',*,*,#2303,.T.) ;
#2336=ORIENTED_EDGE('',*,*,#2286,.F.) ;
#2337=ORIENTED_EDGE('',*,*,#2322,.T.) ;
#2338=ORIENTED_EDGE('',*,*,#2329,.T.) ;
#2339=ORIENTED_EDGE('',*,*,#2334,.F.) ;
#2348=ORIENTED_EDGE('',*,*,#2303,.F.) ;
#2349=ORIENTED_EDGE('',*,*,#2334,.T.) ;
#2350=ORIENTED_EDGE('',*,*,#2346,.T.) ;
#2351=ORIENTED_EDGE('',*,*,#2322,.F.) ;
#2374=ORIENTED_EDGE('',*,*,#2367,.T.) ;
#2375=ORIENTED_EDGE('',*,*,#2372,.T.) ;
#2378=ORIENTED_EDGE('',*,*,#2346,.F.) ;
#2379=ORIENTED_EDGE('',*,*,#2329,.F.) ;
#2407=ORIENTED_EDGE('',*,*,#2367,.F.) ;
#2408=ORIENTED_EDGE('',*,*,#2393,.T.) ;
#2409=ORIENTED_EDGE('',*,*,#2400,.T.) ;
#2410=ORIENTED_EDGE('',*,*,#2405,.F.) ;
#2419=ORIENTED_EDGE('',*,*,#2372,.F.) ;
#2420=ORIENTED_EDGE('',*,*,#2405,.T.) ;
#2421=ORIENTED_EDGE('',*,*,#2417,.T.) ;
#2422=ORIENTED_EDGE('',*,*,#2393,.F.) ;
#2450=ORIENTED_EDGE('',*,*,#2400,.F.) ;
#2451=ORIENTED_EDGE('',*,*,#2436,.T.) ;
#2452=ORIENTED_EDGE('',*,*,#2443,.T.) ;
#2453=ORIENTED_EDGE('',*,*,#2448,.F.) ;
#2462=ORIENTED_EDGE('',*,*,#2417,.F.) ;
#2463=ORIENTED_EDGE('',*,*,#2448,.T.) ;
#2464=ORIENTED_EDGE('',*,*,#2460,.T.) ;
#2465=ORIENTED_EDGE('',*,*,#2436,.F.) ;
#2474=ORIENTED_EDGE('',*,*,#2460,.F.) ;
#2475=ORIENTED_EDGE('',*,*,#2443,.F.) ;
#64=EDGE_LOOP('',(#65,#66,#67,#68)) ;
#81=EDGE_LOOP('',(#82,#83,#84,#85)) ;
#121=EDGE_LOOP('',(#122,#123,#124,#125)) ;
#143=EDGE_LOOP('',(#144,#145,#146,#147)) ;
#155=EDGE_LOOP('',(#156,#157)) ;
#184=EDGE_LOOP('',(#185,#186,#187,#188)) ;
#196=EDGE_LOOP('',(#197,#198,#199,#200)) ;
#236=EDGE_LOOP('',(#237,#238,#239,#240)) ;
#262=EDGE_LOOP('',(#263,#264,#265,#266)) ;
#284=EDGE_LOOP('',(#285,#286,#287,#288)) ;
#296=EDGE_LOOP('',(#297,#298,#299)) ;
#315=EDGE_LOOP('',(#316,#317)) ;
#344=EDGE_LOOP('',(#345,#346,#347,#348,#349)) ;
#357=EDGE_LOOP('',(#358,#359,#360,#361)) ;
#369=EDGE_LOOP('',(#370,#371)) ;
#387=EDGE_LOOP('',(#388,#389)) ;
#411=EDGE_LOOP('',(#412,#413)) ;
#429=EDGE_LOOP('',(#430,#431)) ;
#453=EDGE_LOOP('',(#454,#455)) ;
#482=EDGE_LOOP('',(#483,#484,#485,#486)) ;
#494=EDGE_LOOP('',(#495,#496,#497,#498)) ;
#516=EDGE_LOOP('',(#517,#518,#519,#520)) ;
#528=EDGE_LOOP('',(#529,#530,#531,#532)) ;
#559=EDGE_LOOP('',(#560,#561,#562,#563)) ;
#581=EDGE_LOOP('',(#582,#583,#584,#585)) ;
#603=EDGE_LOOP('',(#604,#605,#606,#607)) ;
#610=EDGE_LOOP('',(#611,#612,#613,#614)) ;
#650=EDGE_LOOP('',(#651,#652,#653,#654,#655,#656,#657,#658)) ;
#701=EDGE_LOOP('',(#702,#703,#704,#705,#706,#707,#708,#709,#710,#711)) ;
#772=EDGE_LOOP('',(#773,#774,#775,#776)) ;
#822=EDGE_LOOP('',(#823,#824,#825,#826,#827)) ;
#829=EDGE_LOOP('',(#830,#831)) ;
#875=EDGE_LOOP('',(#876,#877,#878)) ;
#928=EDGE_LOOP('',(#929,#930,#931,#932,#933,#934)) ;
#1009=EDGE_LOOP('',(#1010,#1011,#1012,#1013,#1014)) ;
#1035=EDGE_LOOP('',(#1036,#1037,#1038)) ;
#1122=EDGE_LOOP('',(#1123,#1124,#1125,#1126)) ;
#1184=EDGE_LOOP('',(#1185,#1186,#1187,#1188)) ;
#1208=EDGE_LOOP('',(#1209,#1210,#1211,#1212)) ;
#1232=EDGE_LOOP('',(#1233,#1234,#1235,#1236)) ;
#1256=EDGE_LOOP('',(#1257,#1258,#1259,#1260)) ;
#1318=EDGE_LOOP('',(#1319,#1320,#1321,#1322)) ;
#1412=EDGE_LOOP('',(#1413,#1414,#1415)) ;
#1461=EDGE_LOOP('',(#1462,#1463,#1464,#1465,#1466)) ;
#1468=EDGE_LOOP('',(#1469,#1470)) ;
#1514=EDGE_LOOP('',(#1515,#1516,#1517)) ;
#1592=EDGE_LOOP('',(#1593,#1594,#1595,#1596,#1597)) ;
#1647=EDGE_LOOP('',(#1648,#1649,#1650,#1651,#1652,#1653)) ;
#1680=EDGE_LOOP('',(#1681,#1682,#1683,#1684)) ;
#1704=EDGE_LOOP('',(#1705,#1706,#1707,#1708)) ;
#1731=EDGE_LOOP('',(#1732,#1733,#1734,#1735,#1736,#1737,#1738,#1739)) ;
#1769=EDGE_LOOP('',(#1770,#1771,#1772,#1773,#1774,#1775)) ;
#1796=EDGE_LOOP('',(#1797,#1798,#1799)) ;
#1883=EDGE_LOOP('',(#1884,#1885,#1886,#1887)) ;
#1935=EDGE_LOOP('',(#1936,#1937,#1938,#1939)) ;
#1952=EDGE_LOOP('',(#1953,#1954,#1955,#1956)) ;
#1969=EDGE_LOOP('',(#1970,#1971,#1972,#1973)) ;
#1986=EDGE_LOOP('',(#1987,#1988,#1989,#1990)) ;
#2038=EDGE_LOOP('',(#2039,#2040,#2041,#2042)) ;
#2118=EDGE_LOOP('',(#2119,#2120,#2121)) ;
#2158=EDGE_LOOP('',(#2159,#2160,#2161,#2162)) ;
#2170=EDGE_LOOP('',(#2171,#2172)) ;
#2180=EDGE_LOOP('',(#2181,#2182,#2183,#2184)) ;
#2211=EDGE_LOOP('',(#2212,#2213,#2214,#2215)) ;
#2228=EDGE_LOOP('',(#2229,#2230,#2231,#2232)) ;
#2254=EDGE_LOOP('',(#2255,#2256)) ;
#2258=EDGE_LOOP('',(#2259,#2260)) ;
#2287=EDGE_LOOP('',(#2288,#2289,#2290,#2291)) ;
#2304=EDGE_LOOP('',(#2305,#2306,#2307,#2308)) ;
#2335=EDGE_LOOP('',(#2336,#2337,#2338,#2339)) ;
#2347=EDGE_LOOP('',(#2348,#2349,#2350,#2351)) ;
#2373=EDGE_LOOP('',(#2374,#2375)) ;
#2377=EDGE_LOOP('',(#2378,#2379)) ;
#2406=EDGE_LOOP('',(#2407,#2408,#2409,#2410)) ;
#2418=EDGE_LOOP('',(#2419,#2420,#2421,#2422)) ;
#2449=EDGE_LOOP('',(#2450,#2451,#2452,#2453)) ;
#2461=EDGE_LOOP('',(#2462,#2463,#2464,#2465)) ;
#2473=EDGE_LOOP('',(#2474,#2475)) ;
#41=VERTEX_POINT('',#40) ;
#43=VERTEX_POINT('',#42) ;
#50=VERTEX_POINT('',#49) ;
#57=VERTEX_POINT('',#56) ;
#98=VERTEX_POINT('',#97) ;
#100=VERTEX_POINT('',#99) ;
#107=VERTEX_POINT('',#106) ;
#114=VERTEX_POINT('',#113) ;
#170=VERTEX_POINT('',#169) ;
#177=VERTEX_POINT('',#176) ;
#213=VERTEX_POINT('',#212) ;
#215=VERTEX_POINT('',#214) ;
#222=VERTEX_POINT('',#221) ;
#229=VERTEX_POINT('',#228) ;
#248=VERTEX_POINT('',#247) ;
#250=VERTEX_POINT('',#249) ;
#306=VERTEX_POINT('',#305) ;
#308=VERTEX_POINT('',#307) ;
#330=VERTEX_POINT('',#329) ;
#337=VERTEX_POINT('',#336) ;
#378=VERTEX_POINT('',#377) ;
#380=VERTEX_POINT('',#379) ;
#402=VERTEX_POINT('',#401) ;
#404=VERTEX_POINT('',#403) ;
#420=VERTEX_POINT('',#419) ;
#422=VERTEX_POINT('',#421) ;
#444=VERTEX_POINT('',#443) ;
#446=VERTEX_POINT('',#445) ;
#468=VERTEX_POINT('',#467) ;
#475=VERTEX_POINT('',#474) ;
#545=VERTEX_POINT('',#544) ;
#552=VERTEX_POINT('',#551) ;
#622=VERTEX_POINT('',#621) ;
#629=VERTEX_POINT('',#628) ;
#636=VERTEX_POINT('',#635) ;
#643=VERTEX_POINT('',#642) ;
#671=VERTEX_POINT('',#670) ;
#673=VERTEX_POINT('',#672) ;
#681=VERTEX_POINT('',#680) ;
#693=VERTEX_POINT('',#692) ;
#752=VERTEX_POINT('',#751) ;
#754=VERTEX_POINT('',#753) ;
#789=VERTEX_POINT('',#788) ;
#791=VERTEX_POINT('',#790) ;
#798=VERTEX_POINT('',#797) ;
#805=VERTEX_POINT('',#804) ;
#812=VERTEX_POINT('',#811) ;
#867=VERTEX_POINT('',#866) ;
#920=VERTEX_POINT('',#919) ;
#991=VERTEX_POINT('',#990) ;
#993=VERTEX_POINT('',#992) ;
#1174=VERTEX_POINT('',#1173) ;
#1201=VERTEX_POINT('',#1200) ;
#1225=VERTEX_POINT('',#1224) ;
#1249=VERTEX_POINT('',#1248) ;
#1308=VERTEX_POINT('',#1307) ;
#1431=VERTEX_POINT('',#1430) ;
#1433=VERTEX_POINT('',#1432) ;
#1440=VERTEX_POINT('',#1439) ;
#1447=VERTEX_POINT('',#1446) ;
#1454=VERTEX_POINT('',#1453) ;
#1505=VERTEX_POINT('',#1504) ;
#1563=VERTEX_POINT('',#1562) ;
#1582=VERTEX_POINT('',#1581) ;
#1611=VERTEX_POINT('',#1610) ;
#1666=VERTEX_POINT('',#1665) ;
#1673=VERTEX_POINT('',#1672) ;
#1697=VERTEX_POINT('',#1696) ;
#1724=VERTEX_POINT('',#1723) ;
#1753=VERTEX_POINT('',#1752) ;
#2135=VERTEX_POINT('',#2134) ;
#2137=VERTEX_POINT('',#2136) ;
#2144=VERTEX_POINT('',#2143) ;
#2151=VERTEX_POINT('',#2150) ;
#2197=VERTEX_POINT('',#2196) ;
#2204=VERTEX_POINT('',#2203) ;
#2245=VERTEX_POINT('',#2244) ;
#2247=VERTEX_POINT('',#2246) ;
#2273=VERTEX_POINT('',#2272) ;
#2280=VERTEX_POINT('',#2279) ;
#2321=VERTEX_POINT('',#2320) ;
#2328=VERTEX_POINT('',#2327) ;
#2364=VERTEX_POINT('',#2363) ;
#2366=VERTEX_POINT('',#2365) ;
#2392=VERTEX_POINT('',#2391) ;
#2399=VERTEX_POINT('',#2398) ;
#2435=VERTEX_POINT('',#2434) ;
#2442=VERTEX_POINT('',#2441) ;
#70=ADVANCED_FACE('Brep With Voids',(#69),#35,.F.) ;
#87=ADVANCED_FACE('Brep With Voids',(#86),#35,.F.) ;
#127=ADVANCED_FACE('Brep With Voids',(#126),#92,.T.) ;
#149=ADVANCED_FACE('Brep With Voids',(#148),#132,.T.) ;
#159=ADVANCED_FACE('Brep With Voids',(#158),#154,.T.) ;
#190=ADVANCED_FACE('Brep With Voids',(#189),#164,.T.) ;
#202=ADVANCED_FACE('Brep With Voids',(#201),#164,.T.) ;
#242=ADVANCED_FACE('Brep With Voids',(#241),#207,.T.) ;
#268=ADVANCED_FACE('Brep With Voids',(#267),#207,.T.) ;
#290=ADVANCED_FACE('Brep With Voids',(#289),#273,.T.) ;
#319=ADVANCED_FACE('Brep With Voids',(#300,#318),#295,.T.) ;
#351=ADVANCED_FACE('Brep With Voids',(#350),#324,.T.) ;
#363=ADVANCED_FACE('Brep With Voids',(#362),#324,.T.) ;
#391=ADVANCED_FACE('Brep With Voids',(#372,#390),#368,.F.) ;
#433=ADVANCED_FACE('Brep With Voids',(#414,#432),#396,.T.) ;
#457=ADVANCED_FACE('Brep With Voids',(#456),#438,.F.) ;
#488=ADVANCED_FACE('Brep With Voids',(#487),#462,.T.) ;
#500=ADVANCED_FACE('Brep With Voids',(#499),#462,.T.) ;
#522=ADVANCED_FACE('Brep With Voids',(#521),#505,.F.) ;
#534=ADVANCED_FACE('Brep With Voids',(#533),#527,.F.) ;
#565=ADVANCED_FACE('Brep With Voids',(#564),#539,.T.) ;
#587=ADVANCED_FACE('Brep With Voids',(#586),#570,.T.) ;
#609=ADVANCED_FACE('Brep With Voids',(#608),#592,.T.) ;
#616=ADVANCED_FACE('Brep With Voids',(#615),#592,.T.) ;
#660=ADVANCED_FACE('Brep With Voids',(#659),#570,.T.) ;
#713=ADVANCED_FACE('Brep With Voids',(#712),#665,.T.) ;
#778=ADVANCED_FACE('Brep With Voids',(#777),#714,.F.) ;
#833=ADVANCED_FACE('Brep With Voids',(#828,#832),#783,.T.) ;
#880=ADVANCED_FACE('Brep With Voids',(#879),#834,.T.) ;
#936=ADVANCED_FACE('Brep With Voids',(#935),#885,.F.) ;
#1016=ADVANCED_FACE('Brep With Voids',(#1015),#937,.F.) ;
#1040=ADVANCED_FACE('Brep With Voids',(#1039),#1017,.T.) ;
#1128=ADVANCED_FACE('Brep With Voids',(#1127),#1041,.F.) ;
#1190=ADVANCED_FACE('Brep With Voids',(#1189),#1129,.F.) ;
#1214=ADVANCED_FACE('Brep With Voids',(#1213),#1195,.T.) ;
#1238=ADVANCED_FACE('Brep With Voids',(#1237),#1219,.T.) ;
#1262=ADVANCED_FACE('Brep With Voids',(#1261),#1243,.T.) ;
#1324=ADVANCED_FACE('Brep With Voids',(#1323),#1263,.T.) ;
#1417=ADVANCED_FACE('Brep With Voids',(#1416),#1325,.F.) ;
#1472=ADVANCED_FACE('Brep With Voids',(#1467,#1471),#1422,.F.) ;
#1519=ADVANCED_FACE('Brep With Voids',(#1518),#1473,.F.) ;
#1599=ADVANCED_FACE('Brep With Voids',(#1598),#1520,.F.) ;
#1655=ADVANCED_FACE('Brep With Voids',(#1654),#1604,.F.) ;
#1686=ADVANCED_FACE('Brep With Voids',(#1685),#1660,.T.) ;
#1710=ADVANCED_FACE('Brep With Voids',(#1709),#1691,.F.) ;
#1741=ADVANCED_FACE('Brep With Voids',(#1740),#1715,.F.) ;
#1777=ADVANCED_FACE('Brep With Voids',(#1776),#1746,.F.) ;
#1801=ADVANCED_FACE('Brep With Voids',(#1800),#1778,.F.) ;
#1889=ADVANCED_FACE('Brep With Voids',(#1888),#1802,.F.) ;
#1941=ADVANCED_FACE('Brep With Voids',(#1940),#1890,.F.) ;
#1958=ADVANCED_FACE('Brep With Voids',(#1957),#1946,.T.) ;
#1975=ADVANCED_FACE('Brep With Voids',(#1974),#1963,.T.) ;
#1992=ADVANCED_FACE('Brep With Voids',(#1991),#1980,.T.) ;
#2044=ADVANCED_FACE('Brep With Voids',(#2043),#1993,.F.) ;
#2123=ADVANCED_FACE('Brep With Voids',(#2122),#2045,.F.) ;
#2164=ADVANCED_FACE('Brep With Voids',(#2163),#2129,.T.) ;
#2174=ADVANCED_FACE('Brep With Voids',(#2173),#368,.T.) ;
#2186=ADVANCED_FACE('Brep With Voids',(#2185),#2129,.T.) ;
#2217=ADVANCED_FACE('Brep With Voids',(#2216),#2191,.F.) ;
#2234=ADVANCED_FACE('Brep With Voids',(#2233),#2222,.F.) ;
#2262=ADVANCED_FACE('Brep With Voids',(#2257,#2261),#2239,.T.) ;
#2293=ADVANCED_FACE('Brep With Voids',(#2292),#2267,.T.) ;
#2310=ADVANCED_FACE('Brep With Voids',(#2309),#2298,.T.) ;
#2341=ADVANCED_FACE('Brep With Voids',(#2340),#2315,.T.) ;
#2353=ADVANCED_FACE('Brep With Voids',(#2352),#2315,.T.) ;
#2381=ADVANCED_FACE('Brep With Voids',(#2376,#2380),#2358,.T.) ;
#2412=ADVANCED_FACE('Brep With Voids',(#2411),#2386,.T.) ;
#2424=ADVANCED_FACE('Brep With Voids',(#2423),#2386,.T.) ;
#2455=ADVANCED_FACE('Brep With Voids',(#2454),#2429,.T.) ;
#2467=ADVANCED_FACE('Brep With Voids',(#2466),#2429,.T.) ;
#2477=ADVANCED_FACE('Brep With Voids',(#2476),#2472,.F.) ;
#4=APPLICATION_PROTOCOL_DEFINITION('international standard','ap242_managed_model_based_3d_engineering',2014,#1) ;
#21=BREP_WITH_VOIDS('Brep With Voids',#30,(#2124)) ;
#2124=ORIENTED_CLOSED_SHELL('Oriented Closed Shell',*,#2478,.F.) ;
#675=B_SPLINE_CURVE_WITH_KNOTS('',3,(#676,#677,#678,#679),.UNSPECIFIED.,.F.,.U.,(4,4),(0.,3.01416551187),.UNSPECIFIED.) ;
#695=B_SPLINE_CURVE_WITH_KNOTS('',3,(#696,#697,#698,#699),.UNSPECIFIED.,.F.,.U.,(4,4),(0.,3.01408776769),.UNSPECIFIED.) ;
#745=B_SPLINE_CURVE_WITH_KNOTS('',4,(#746,#747,#748,#749,#750),.UNSPECIFIED.,.F.,.U.,(5,5),(27.2958699519,27.8025173693),.UNSPECIFIED.) ;
#756=B_SPLINE_CURVE_WITH_KNOTS('',5,(#757,#758,#759,#760,#761,#762),.UNSPECIFIED.,.F.,.U.,(6,6),(0.,1.95730884366),.UNSPECIFIED.) ;
#764=B_SPLINE_CURVE_WITH_KNOTS('',5,(#765,#766,#767,#768,#769,#770),.UNSPECIFIED.,.F.,.U.,(6,6),(0.,1.95730884366),.UNSPECIFIED.) ;
#814=B_SPLINE_CURVE_WITH_KNOTS('',5,(#815,#816,#817,#818,#819,#820),.UNSPECIFIED.,.F.,.U.,(6,6),(0.,0.296514217072),.UNSPECIFIED.) ;
#860=B_SPLINE_CURVE_WITH_KNOTS('',4,(#861,#862,#863,#864,#865),.UNSPECIFIED.,.F.,.U.,(5,5),(0.,0.0859856647534),.UNSPECIFIED.) ;
#869=B_SPLINE_CURVE_WITH_KNOTS('',3,(#870,#871,#872,#873),.UNSPECIFIED.,.F.,.U.,(4,4),(0.,0.200953897881),.UNSPECIFIED.) ;
#886=B_SPLINE_CURVE_WITH_KNOTS('',5,(#887,#888,#889,#890,#891,#892,#893,#894,#895,#896,#897,#898,#899,#900,#901),.UNSPECIFIED.,.F.,.U.,(6,3,3,3,6),(0.,1.46321777054,2.92643554108,4.86449964469,5.5222631313),.UNSPECIFIED.) ;
#903=B_SPLINE_CURVE_WITH_KNOTS('',5,(#904,#905,#906,#907,#908,#909,#910,#911,#912,#913,#914,#915,#916,#917,#918),.UNSPECIFIED.,.F.,.U.,(6,3,3,3,6),(0.,1.76473529468,2.87082237704,3.24851716792,3.80307593639),.UNSPECIFIED.) ;
#922=B_SPLINE_CURVE_WITH_KNOTS('',3,(#923,#924,#925,#926),.UNSPECIFIED.,.F.,.U.,(4,4),(0.,1.9120564504),.UNSPECIFIED.) ;
#974=B_SPLINE_CURVE_WITH_KNOTS('',5,(#975,#976,#977,#978,#979,#980,#981,#982,#983,#984,#985,#986,#987,#988,#989),.UNSPECIFIED.,.F.,.U.,(6,3,3,3,6),(0.,1.72503999002,2.45381296298,3.21247531237,3.81752120853),.UNSPECIFIED.) ;
#995=B_SPLINE_CURVE_WITH_KNOTS('',3,(#996,#997,#998,#999),.UNSPECIFIED.,.F.,.U.,(4,4),(0.,0.205079991186),.UNSPECIFIED.) ;
#1001=B_SPLINE_CURVE_WITH_KNOTS('',5,(#1002,#1003,#1004,#1005,#1006,#1007),.UNSPECIFIED.,.F.,.U.,(6,6),(39.8407301156,40.3712593461),.UNSPECIFIED.) ;
#1028=B_SPLINE_CURVE_WITH_KNOTS('',4,(#1029,#1030,#1031,#1032,#1033),.UNSPECIFIED.,.F.,.U.,(5,5),(0.,0.0190918869947),.UNSPECIFIED.) ;
#1114=B_SPLINE_CURVE_WITH_KNOTS('',5,(#1115,#1116,#1117,#1118,#1119,#1120),.UNSPECIFIED.,.F.,.U.,(6,6),(0.,0.326103184105),.UNSPECIFIED.) ;
#1166=B_SPLINE_CURVE_WITH_KNOTS('',5,(#1167,#1168,#1169,#1170,#1171,#1172),.UNSPECIFIED.,.F.,.U.,(6,6),(3.9937416225,5.42640261942),.UNSPECIFIED.) ;
#1176=B_SPLINE_CURVE_WITH_KNOTS('',5,(#1177,#1178,#1179,#1180,#1181,#1182),.UNSPECIFIED.,.F.,.U.,(6,6),(0.,0.746150628492),.UNSPECIFIED.) ;
#1300=B_SPLINE_CURVE_WITH_KNOTS('',5,(#1301,#1302,#1303,#1304,#1305,#1306),.UNSPECIFIED.,.F.,.U.,(6,6),(7.54458757839,7.72762983154),.UNSPECIFIED.) ;
#1310=B_SPLINE_CURVE_WITH_KNOTS('',5,(#1311,#1312,#1313,#1314,#1315,#1316),.UNSPECIFIED.,.F.,.U.,(6,6),(0.,0.82672099561),.UNSPECIFIED.) ;
#1398=B_SPLINE_CURVE_WITH_KNOTS('',5,(#1399,#1400,#1401,#1402,#1403,#1404,#1405,#1406,#1407,#1408,#1409,#1410),.UNSPECIFIED.,.F.,.U.,(6,3,3,6),(0.,1.87799057703,2.92424779824,3.81082154544),.UNSPECIFIED.) ;
#1423=B_SPLINE_CURVE_WITH_KNOTS('',5,(#1424,#1425,#1426,#1427,#1428,#1429),.UNSPECIFIED.,.F.,.U.,(6,6),(0.,0.296514217177),.UNSPECIFIED.) ;
#1499=B_SPLINE_CURVE_WITH_KNOTS('',3,(#1500,#1501,#1502,#1503),.UNSPECIFIED.,.F.,.U.,(4,4),(0.,0.200777445023),.UNSPECIFIED.) ;
#1507=B_SPLINE_CURVE_WITH_KNOTS('',4,(#1508,#1509,#1510,#1511,#1512),.UNSPECIFIED.,.F.,.U.,(5,5),(0.,0.0859645584508),.UNSPECIFIED.) ;
#1557=B_SPLINE_CURVE_WITH_KNOTS('',3,(#1558,#1559,#1560,#1561),.UNSPECIFIED.,.F.,.U.,(4,4),(0.,0.204842328484),.UNSPECIFIED.) ;
#1565=B_SPLINE_CURVE_WITH_KNOTS('',5,(#1566,#1567,#1568,#1569,#1570,#1571,#1572,#1573,#1574,#1575,#1576,#1577,#1578,#1579,#1580),.UNSPECIFIED.,.F.,.U.,(6,3,3,3,6),(0.,1.72515176712,2.4540449968,3.21283547647,3.81755004962),.UNSPECIFIED.) ;
#1584=B_SPLINE_CURVE_WITH_KNOTS('',5,(#1585,#1586,#1587,#1588,#1589,#1590),.UNSPECIFIED.,.F.,.U.,(6,6),(38.055868926,38.5864793304),.UNSPECIFIED.) ;
#1605=B_SPLINE_CURVE_WITH_KNOTS('',3,(#1606,#1607,#1608,#1609),.UNSPECIFIED.,.F.,.U.,(4,4),(0.,1.91205640422),.UNSPECIFIED.) ;
#1613=B_SPLINE_CURVE_WITH_KNOTS('',5,(#1614,#1615,#1616,#1617,#1618,#1619,#1620,#1621,#1622,#1623,#1624,#1625,#1626,#1627,#1628),.UNSPECIFIED.,.F.,.U.,(6,3,3,3,6),(0.,1.76473953885,2.8708332618,3.24852786693,3.80309218008),.UNSPECIFIED.) ;
#1630=B_SPLINE_CURVE_WITH_KNOTS('',5,(#1631,#1632,#1633,#1634,#1635,#1636,#1637,#1638,#1639,#1640,#1641,#1642,#1643,#1644,#1645),.UNSPECIFIED.,.F.,.U.,(6,3,3,3,6),(0.,1.46321779677,2.92643559355,4.86449970362,5.52226311502),.UNSPECIFIED.) ;
#1716=B_SPLINE_CURVE_WITH_KNOTS('',5,(#1717,#1718,#1719,#1720,#1721,#1722),.UNSPECIFIED.,.F.,.U.,(6,6),(0.,2.20245654739),.UNSPECIFIED.) ;
#1747=B_SPLINE_CURVE_WITH_KNOTS('',3,(#1748,#1749,#1750,#1751),.UNSPECIFIED.,.F.,.U.,(4,4),(0.,0.237301864256),.UNSPECIFIED.) ;
#1755=B_SPLINE_CURVE_WITH_KNOTS('',5,(#1756,#1757,#1758,#1759,#1760,#1761,#1762,#1763,#1764,#1765,#1766,#1767),.UNSPECIFIED.,.F.,.U.,(6,3,3,6),(0.,3.01428831412,4.92856977618,5.5831400893),.UNSPECIFIED.) ;
#1789=B_SPLINE_CURVE_WITH_KNOTS('',4,(#1790,#1791,#1792,#1793,#1794),.UNSPECIFIED.,.F.,.U.,(5,5),(0.,0.0190902427969),.UNSPECIFIED.) ;
#1875=B_SPLINE_CURVE_WITH_KNOTS('',5,(#1876,#1877,#1878,#1879,#1880,#1881),.UNSPECIFIED.,.F.,.U.,(6,6),(0.,0.326102043203),.UNSPECIFIED.) ;
#1927=B_SPLINE_CURVE_WITH_KNOTS('',5,(#1928,#1929,#1930,#1931,#1932,#1933),.UNSPECIFIED.,.F.,.U.,(6,6),(0.,0.746150417944),.UNSPECIFIED.) ;
#2030=B_SPLINE_CURVE_WITH_KNOTS('',5,(#2031,#2032,#2033,#2034,#2035,#2036),.UNSPECIFIED.,.F.,.U.,(6,6),(0.,0.826720974113),.UNSPECIFIED.) ;
#714=B_SPLINE_SURFACE_WITH_KNOTS('',4,5,((#715,#716,#717,#718,#719,#720),(#721,#722,#723,#724,#725,#726),(#727,#728,#729,#730,#731,#732),(#733,#734,#735,#736,#737,#738),(#739,#740,#741,#742,#743,#744)),.UNSPECIFIED.,.F.,.F.,.U.,(5,5),(6,6),(27.2958699519,27.8025173693),(0.,1.95730884366),.UNSPECIFIED.) ;
#834=B_SPLINE_SURFACE_WITH_KNOTS('',4,4,((#835,#836,#837,#838,#839),(#840,#841,#842,#843,#844),(#845,#846,#847,#848,#849),(#850,#851,#852,#853,#854),(#855,#856,#857,#858,#859)),.UNSPECIFIED.,.F.,.F.,.U.,(5,5),(5,5),(11.9876798273,12.1007966334),(0.,0.0859856647534),.UNSPECIFIED.) ;
#937=B_SPLINE_SURFACE_WITH_KNOTS('',5,5,((#938,#939,#940,#941,#942,#943),(#944,#945,#946,#947,#948,#949),(#950,#951,#952,#953,#954,#955),(#956,#957,#958,#959,#960,#961),(#962,#963,#964,#965,#966,#967),(#968,#969,#970,#971,#972,#973)),.UNSPECIFIED.,.F.,.F.,.U.,(6,6),(6,6),(39.8407301156,42.4478153154),(0.,1.94909797854),.UNSPECIFIED.) ;
#1017=B_SPLINE_SURFACE_WITH_KNOTS('',1,4,((#1018,#1019,#1020,#1021,#1022),(#1023,#1024,#1025,#1026,#1027)),.UNSPECIFIED.,.F.,.F.,.U.,(2,2),(5,5),(4.42266549063E-16,0.141101344248),(0.,0.0190918869947),.UNSPECIFIED.) ;
#1041=B_SPLINE_SURFACE_WITH_KNOTS('',5,5,((#1042,#1043,#1044,#1045,#1046,#1047),(#1048,#1049,#1050,#1051,#1052,#1053),(#1054,#1055,#1056,#1057,#1058,#1059),(#1060,#1061,#1062,#1063,#1064,#1065),(#1066,#1067,#1068,#1069,#1070,#1071),(#1072,#1073,#1074,#1075,#1076,#1077),(#1078,#1079,#1080,#1081,#1082,#1083),(#1084,#1085,#1086,#1087,#1088,#1089),(#1090,#1091,#1092,#1093,#1094,#1095),(#1096,#1097,#1098,#1099,#1100,#1101),(#1102,#1103,#1104,#1105,#1106,#1107),(#1108,#1109,#1110,#1111,#1112,#1113)),.UNSPECIFIED.,.F.,.F.,.U.,(6,3,3,6),(6,6),(0.,1.22512623021,1.79616908234,2.65743125736),(0.,0.326103184105),.UNSPECIFIED.) ;
#1129=B_SPLINE_SURFACE_WITH_KNOTS('',5,5,((#1130,#1131,#1132,#1133,#1134,#1135),(#1136,#1137,#1138,#1139,#1140,#1141),(#1142,#1143,#1144,#1145,#1146,#1147),(#1148,#1149,#1150,#1151,#1152,#1153),(#1154,#1155,#1156,#1157,#1158,#1159),(#1160,#1161,#1162,#1163,#1164,#1165)),.UNSPECIFIED.,.F.,.F.,.U.,(6,6),(6,6),(3.9937416225,5.42640261942),(0.,0.746150628492),.UNSPECIFIED.) ;
#1263=B_SPLINE_SURFACE_WITH_KNOTS('',5,5,((#1264,#1265,#1266,#1267,#1268,#1269),(#1270,#1271,#1272,#1273,#1274,#1275),(#1276,#1277,#1278,#1279,#1280,#1281),(#1282,#1283,#1284,#1285,#1286,#1287),(#1288,#1289,#1290,#1291,#1292,#1293),(#1294,#1295,#1296,#1297,#1298,#1299)),.UNSPECIFIED.,.F.,.F.,.U.,(6,6),(6,6),(7.54458757839,7.72762983154),(0.,0.82672099561),.UNSPECIFIED.) ;
#1325=B_SPLINE_SURFACE_WITH_KNOTS('',5,5,((#1326,#1327,#1328,#1329,#1330,#1331),(#1332,#1333,#1334,#1335,#1336,#1337),(#1338,#1339,#1340,#1341,#1342,#1343),(#1344,#1345,#1346,#1347,#1348,#1349),(#1350,#1351,#1352,#1353,#1354,#1355),(#1356,#1357,#1358,#1359,#1360,#1361),(#1362,#1363,#1364,#1365,#1366,#1367),(#1368,#1369,#1370,#1371,#1372,#1373),(#1374,#1375,#1376,#1377,#1378,#1379),(#1380,#1381,#1382,#1383,#1384,#1385),(#1386,#1387,#1388,#1389,#1390,#1391),(#1392,#1393,#1394,#1395,#1396,#1397)),.UNSPECIFIED.,.F.,.F.,.U.,(6,3,3,6),(6,6),(0.,1.87799057703,2.92424779824,3.81082154544),(0.,0.502222826325),.UNSPECIFIED.) ;
#1473=B_SPLINE_SURFACE_WITH_KNOTS('',4,4,((#1474,#1475,#1476,#1477,#1478),(#1479,#1480,#1481,#1482,#1483),(#1484,#1485,#1486,#1487,#1488),(#1489,#1490,#1491,#1492,#1493),(#1494,#1495,#1496,#1497,#1498)),.UNSPECIFIED.,.F.,.F.,.U.,(5,5),(5,5),(11.9876797946,12.1007956488),(0.,0.0859645584508),.UNSPECIFIED.) ;
#1520=B_SPLINE_SURFACE_WITH_KNOTS('',5,5,((#1521,#1522,#1523,#1524,#1525,#1526),(#1527,#1528,#1529,#1530,#1531,#1532),(#1533,#1534,#1535,#1536,#1537,#1538),(#1539,#1540,#1541,#1542,#1543,#1544),(#1545,#1546,#1547,#1548,#1549,#1550),(#1551,#1552,#1553,#1554,#1555,#1556)),.UNSPECIFIED.,.F.,.F.,.U.,(6,6),(6,6),(35.9793176059,38.5865297246),(0.,1.9490985935),.UNSPECIFIED.) ;
#1778=B_SPLINE_SURFACE_WITH_KNOTS('',1,4,((#1779,#1780,#1781,#1782,#1783),(#1784,#1785,#1786,#1787,#1788)),.UNSPECIFIED.,.F.,.F.,.U.,(2,2),(5,5),(3.24851766228,3.3896019865),(0.,0.0190902427969),.UNSPECIFIED.) ;
#1802=B_SPLINE_SURFACE_WITH_KNOTS('',5,5,((#1803,#1804,#1805,#1806,#1807,#1808),(#1809,#1810,#1811,#1812,#1813,#1814),(#1815,#1816,#1817,#1818,#1819,#1820),(#1821,#1822,#1823,#1824,#1825,#1826),(#1827,#1828,#1829,#1830,#1831,#1832),(#1833,#1834,#1835,#1836,#1837,#1838),(#1839,#1840,#1841,#1842,#1843,#1844),(#1845,#1846,#1847,#1848,#1849,#1850),(#1851,#1852,#1853,#1854,#1855,#1856),(#1857,#1858,#1859,#1860,#1861,#1862),(#1863,#1864,#1865,#1866,#1867,#1868),(#1869,#1870,#1871,#1872,#1873,#1874)),.UNSPECIFIED.,.F.,.F.,.U.,(6,3,3,6),(6,6),(0.,1.22512889671,1.79617073978,2.65745075079),(0.,0.326102043203),.UNSPECIFIED.) ;
#1890=B_SPLINE_SURFACE_WITH_KNOTS('',5,5,((#1891,#1892,#1893,#1894,#1895,#1896),(#1897,#1898,#1899,#1900,#1901,#1902),(#1903,#1904,#1905,#1906,#1907,#1908),(#1909,#1910,#1911,#1912,#1913,#1914),(#1915,#1916,#1917,#1918,#1919,#1920),(#1921,#1922,#1923,#1924,#1925,#1926)),.UNSPECIFIED.,.F.,.F.,.U.,(6,6),(6,6),(3.85747346066,5.29013525212),(0.,0.746150417944),.UNSPECIFIED.) ;
#1993=B_SPLINE_SURFACE_WITH_KNOTS('',5,5,((#1994,#1995,#1996,#1997,#1998,#1999),(#2000,#2001,#2002,#2003,#2004,#2005),(#2006,#2007,#2008,#2009,#2010,#2011),(#2012,#2013,#2014,#2015,#2016,#2017),(#2018,#2019,#2020,#2021,#2022,#2023),(#2024,#2025,#2026,#2027,#2028,#2029)),.UNSPECIFIED.,.F.,.F.,.U.,(6,6),(6,6),(8.68665973155,8.86970196237),(0.,0.826720974113),.UNSPECIFIED.) ;
#2045=B_SPLINE_SURFACE_WITH_KNOTS('',5,5,((#2046,#2047,#2048,#2049,#2050,#2051),(#2052,#2053,#2054,#2055,#2056,#2057),(#2058,#2059,#2060,#2061,#2062,#2063),(#2064,#2065,#2066,#2067,#2068,#2069),(#2070,#2071,#2072,#2073,#2074,#2075),(#2076,#2077,#2078,#2079,#2080,#2081),(#2082,#2083,#2084,#2085,#2086,#2087),(#2088,#2089,#2090,#2091,#2092,#2093),(#2094,#2095,#2096,#2097,#2098,#2099),(#2100,#2101,#2102,#2103,#2104,#2105),(#2106,#2107,#2108,#2109,#2110,#2111),(#2112,#2113,#2114,#2115,#2116,#2117)),.UNSPECIFIED.,.F.,.F.,.U.,(6,3,3,6),(6,6),(0.,1.87799100151,2.92424842433,3.81082155587),(0.,0.502222812334),.UNSPECIFIED.) ;
#22=COLOUR_RGB('Colour',0.882352941176,0.882352941176,0.882352941176) ;
#69=FACE_OUTER_BOUND('',#64,.T.) ;
#86=FACE_OUTER_BOUND('',#81,.T.) ;
#126=FACE_OUTER_BOUND('',#121,.T.) ;
#148=FACE_OUTER_BOUND('',#143,.T.) ;
#158=FACE_OUTER_BOUND('',#155,.T.) ;
#189=FACE_OUTER_BOUND('',#184,.T.) ;
#201=FACE_OUTER_BOUND('',#196,.T.) ;
#241=FACE_OUTER_BOUND('',#236,.T.) ;
#267=FACE_OUTER_BOUND('',#262,.T.) ;
#289=FACE_OUTER_BOUND('',#284,.T.) ;
#300=FACE_OUTER_BOUND('',#296,.T.) ;
#350=FACE_OUTER_BOUND('',#344,.T.) ;
#362=FACE_OUTER_BOUND('',#357,.T.) ;
#372=FACE_OUTER_BOUND('',#369,.T.) ;
#414=FACE_OUTER_BOUND('',#411,.T.) ;
#456=FACE_OUTER_BOUND('',#453,.T.) ;
#487=FACE_OUTER_BOUND('',#482,.T.) ;
#499=FACE_OUTER_BOUND('',#494,.T.) ;
#521=FACE_OUTER_BOUND('',#516,.T.) ;
#533=FACE_OUTER_BOUND('',#528,.T.) ;
#564=FACE_OUTER_BOUND('',#559,.T.) ;
#586=FACE_OUTER_BOUND('',#581,.T.) ;
#608=FACE_OUTER_BOUND('',#603,.T.) ;
#615=FACE_OUTER_BOUND('',#610,.T.) ;
#659=FACE_OUTER_BOUND('',#650,.T.) ;
#712=FACE_OUTER_BOUND('',#701,.T.) ;
#777=FACE_OUTER_BOUND('',#772,.T.) ;
#828=FACE_OUTER_BOUND('',#822,.T.) ;
#879=FACE_OUTER_BOUND('',#875,.T.) ;
#935=FACE_OUTER_BOUND('',#928,.T.) ;
#1015=FACE_OUTER_BOUND('',#1009,.T.) ;
#1039=FACE_OUTER_BOUND('',#1035,.T.) ;
#1127=FACE_OUTER_BOUND('',#1122,.T.) ;
#1189=FACE_OUTER_BOUND('',#1184,.T.) ;
#1213=FACE_OUTER_BOUND('',#1208,.T.) ;
#1237=FACE_OUTER_BOUND('',#1232,.T.) ;
#1261=FACE_OUTER_BOUND('',#1256,.T.) ;
#1323=FACE_OUTER_BOUND('',#1318,.T.) ;
#1416=FACE_OUTER_BOUND('',#1412,.T.) ;
#1467=FACE_OUTER_BOUND('',#1461,.T.) ;
#1518=FACE_OUTER_BOUND('',#1514,.T.) ;
#1598=FACE_OUTER_BOUND('',#1592,.T.) ;
#1654=FACE_OUTER_BOUND('',#1647,.T.) ;
#1685=FACE_OUTER_BOUND('',#1680,.T.) ;
#1709=FACE_OUTER_BOUND('',#1704,.T.) ;
#1740=FACE_OUTER_BOUND('',#1731,.T.) ;
#1776=FACE_OUTER_BOUND('',#1769,.T.) ;
#1800=FACE_OUTER_BOUND('',#1796,.T.) ;
#1888=FACE_OUTER_BOUND('',#1883,.T.) ;
#1940=FACE_OUTER_BOUND('',#1935,.T.) ;
#1957=FACE_OUTER_BOUND('',#1952,.T.) ;
#1974=FACE_OUTER_BOUND('',#1969,.T.) ;
#1991=FACE_OUTER_BOUND('',#1986,.T.) ;
#2043=FACE_OUTER_BOUND('',#2038,.T.) ;
#2122=FACE_OUTER_BOUND('',#2118,.T.) ;
#2163=FACE_OUTER_BOUND('',#2158,.T.) ;
#2173=FACE_OUTER_BOUND('',#2170,.T.) ;
#2185=FACE_OUTER_BOUND('',#2180,.T.) ;
#2216=FACE_OUTER_BOUND('',#2211,.T.) ;
#2233=FACE_OUTER_BOUND('',#2228,.T.) ;
#2257=FACE_OUTER_BOUND('',#2254,.T.) ;
#2292=FACE_OUTER_BOUND('',#2287,.T.) ;
#2309=FACE_OUTER_BOUND('',#2304,.T.) ;
#2340=FACE_OUTER_BOUND('',#2335,.T.) ;
#2352=FACE_OUTER_BOUND('',#2347,.T.) ;
#2376=FACE_OUTER_BOUND('',#2373,.T.) ;
#2411=FACE_OUTER_BOUND('',#2406,.T.) ;
#2423=FACE_OUTER_BOUND('',#2418,.T.) ;
#2454=FACE_OUTER_BOUND('',#2449,.T.) ;
#2466=FACE_OUTER_BOUND('',#2461,.T.) ;
#2476=FACE_OUTER_BOUND('',#2473,.T.) ;
#7=PRODUCT_CATEGORY_RELATIONSHIP(' ',' ',#5,#6) ;
#17=PRODUCT_DEFINITION_FORMATION_WITH_SPECIFIED_SOURCE('A.1',' ',#16,.NOT_KNOWN.) ;
#20=SHAPE_DEFINITION_REPRESENTATION(#19,#13) ;
#8=(LENGTH_UNIT()NAMED_UNIT(*)SI_UNIT(.MILLI.,.METRE.)) ;
#9=(NAMED_UNIT(*)PLANE_ANGLE_UNIT()SI_UNIT($,.RADIAN.)) ;
#10=(NAMED_UNIT(*)SI_UNIT($,.STERADIAN.)SOLID_ANGLE_UNIT()) ;
#12=(GEOMETRIC_REPRESENTATION_CONTEXT(3)GLOBAL_UNCERTAINTY_ASSIGNED_CONTEXT((#11))GLOBAL_UNIT_ASSIGNED_CONTEXT((#8,#9,#10))REPRESENTATION_CONTEXT(' ',' ')) ;
ENDSEC;
END-ISO-10303-21;
