ISO-10303-21;
HEADER;
FILE_DESCRIPTION(('CATIA V5 STEP Exchange'),'2;1');

FILE_NAME('C:\\Users\\Hashaam\\Documents\\CAD_Project\\review\\Brake_Platform_2_positioned.stp','2026-10-06T14:53:27+00:00',('none'),('none'),'CATIA Version 5 Release 21 GA (IN-10)','CATIA V5 STEP AP203','none');

FILE_SCHEMA(('CONFIG_CONTROL_DESIGN'));

ENDSEC;
/* file written by CATIA V5R21 */
DATA;
#5=PRODUCT('Brake_Platform_2','','',(#2)) ;
#1=APPLICATION_CONTEXT('configuration controlled 3D design of mechanical parts and assemblies') ;
#14=PRODUCT_DEFINITION('',' ',#6,#3) ;
#16=SECURITY_CLASSIFICATION(' ',' ',#15) ;
#15=SECURITY_CLASSIFICATION_LEVEL('unclassified') ;
#47=CARTESIAN_POINT(' ',(0.,0.,0.)) ;
#51=CARTESIAN_POINT('ConstructionOrigin',(0.,0.,0.)) ;
#55=CARTESIAN_POINT('CenterPoint',(-440.,-90.5,-8.5)) ;
#57=CARTESIAN_POINT('Axis2P3D Location',(-440.,-90.5,-5.38999999999)) ;
#62=CARTESIAN_POINT('Axis2P3D Location',(-440.,-90.5,-3.5)) ;
#66=CARTESIAN_POINT('Vertex',(-440.,-93.7,-3.5)) ;
#68=CARTESIAN_POINT('Vertex',(-440.,-87.3,-3.5)) ;
#71=CARTESIAN_POINT('Line Origine',(-440.,-87.3,-5.38999999999)) ;
#75=CARTESIAN_POINT('Vertex',(-440.,-87.3,-8.5)) ;
#78=CARTESIAN_POINT('Axis2P3D Location',(-440.,-90.5,-8.5)) ;
#82=CARTESIAN_POINT('Vertex',(-440.,-93.7,-8.5)) ;
#85=CARTESIAN_POINT('Line Origine',(-440.,-93.7,-5.38999999999)) ;
#97=CARTESIAN_POINT('Axis2P3D Location',(-440.,-90.5,-5.38999999999)) ;
#102=CARTESIAN_POINT('Axis2P3D Location',(-440.,-90.5,-3.5)) ;
#107=CARTESIAN_POINT('Axis2P3D Location',(-440.,-90.5,-8.5)) ;
#119=CARTESIAN_POINT('Axis2P3D Location',(-440.,-32.5,-5.38999999999)) ;
#124=CARTESIAN_POINT('Axis2P3D Location',(-440.,-32.5,-3.5)) ;
#128=CARTESIAN_POINT('Vertex',(-440.,-35.7,-3.5)) ;
#130=CARTESIAN_POINT('Vertex',(-440.,-29.3,-3.5)) ;
#133=CARTESIAN_POINT('Line Origine',(-440.,-29.3,-5.38999999999)) ;
#137=CARTESIAN_POINT('Vertex',(-440.,-29.3,-8.5)) ;
#140=CARTESIAN_POINT('Axis2P3D Location',(-440.,-32.5,-8.5)) ;
#144=CARTESIAN_POINT('Vertex',(-440.,-35.7,-8.5)) ;
#147=CARTESIAN_POINT('Line Origine',(-440.,-35.7,-5.38999999999)) ;
#159=CARTESIAN_POINT('Axis2P3D Location',(-440.,-32.5,-5.38999999999)) ;
#164=CARTESIAN_POINT('Axis2P3D Location',(-440.,-32.5,-3.5)) ;
#169=CARTESIAN_POINT('Axis2P3D Location',(-440.,-32.5,-8.5)) ;
#181=CARTESIAN_POINT('Axis2P3D Location',(-545.,-61.5,-5.38999999999)) ;
#186=CARTESIAN_POINT('Axis2P3D Location',(-545.,-61.5,-3.5)) ;
#190=CARTESIAN_POINT('Vertex',(-545.,-64.7,-3.5)) ;
#192=CARTESIAN_POINT('Vertex',(-545.,-58.3,-3.5)) ;
#195=CARTESIAN_POINT('Line Origine',(-545.,-58.3,-5.38999999999)) ;
#199=CARTESIAN_POINT('Vertex',(-545.,-58.3,-8.5)) ;
#202=CARTESIAN_POINT('Axis2P3D Location',(-545.,-61.5,-8.5)) ;
#206=CARTESIAN_POINT('Vertex',(-545.,-64.7,-8.5)) ;
#209=CARTESIAN_POINT('Line Origine',(-545.,-64.7,-5.38999999999)) ;
#221=CARTESIAN_POINT('Axis2P3D Location',(-545.,-61.5,-5.38999999999)) ;
#226=CARTESIAN_POINT('Axis2P3D Location',(-545.,-61.5,-3.5)) ;
#231=CARTESIAN_POINT('Axis2P3D Location',(-545.,-61.5,-8.5)) ;
#243=CARTESIAN_POINT('Axis2P3D Location',(-503.606,-61.5,7.019)) ;
#248=CARTESIAN_POINT('Line Origine',(-500.856,-61.5,7.019)) ;
#252=CARTESIAN_POINT('Vertex',(-500.856,-54.3,7.019)) ;
#254=CARTESIAN_POINT('Vertex',(-500.856,-50.3,7.019)) ;
#257=CARTESIAN_POINT('Axis2P3D Location',(-503.606,-50.3,7.019)) ;
#261=CARTESIAN_POINT('Vertex',(-506.356,-50.3,7.019)) ;
#264=CARTESIAN_POINT('Line Origine',(-506.356,-61.5,7.019)) ;
#268=CARTESIAN_POINT('Vertex',(-506.356,-54.3,7.019)) ;
#271=CARTESIAN_POINT('Axis2P3D Location',(-503.606,-54.3,7.019)) ;
#283=CARTESIAN_POINT('Axis2P3D Location',(-503.606,-50.3,7.019)) ;
#288=CARTESIAN_POINT('Axis2P3D Location',(-503.606,-54.3,7.019)) ;
#300=CARTESIAN_POINT('Axis2P3D Location',(-533.502,-61.5,20.33)) ;
#305=CARTESIAN_POINT('Line Origine',(-530.752,-61.5,20.33)) ;
#309=CARTESIAN_POINT('Vertex',(-530.752,-54.3,20.33)) ;
#311=CARTESIAN_POINT('Vertex',(-530.752,-50.3,20.33)) ;
#314=CARTESIAN_POINT('Axis2P3D Location',(-533.502,-50.3,20.33)) ;
#318=CARTESIAN_POINT('Vertex',(-536.252,-50.3,20.33)) ;
#321=CARTESIAN_POINT('Line Origine',(-536.252,-61.5,20.33)) ;
#325=CARTESIAN_POINT('Vertex',(-536.252,-54.3,20.33)) ;
#328=CARTESIAN_POINT('Axis2P3D Location',(-533.502,-54.3,20.33)) ;
#340=CARTESIAN_POINT('Axis2P3D Location',(-533.502,-50.3,20.33)) ;
#345=CARTESIAN_POINT('Axis2P3D Location',(-533.502,-54.3,20.33)) ;
#357=CARTESIAN_POINT('Line Origine',(-506.356,-61.5,7.019)) ;
#361=CARTESIAN_POINT('Vertex',(-506.356,-72.7,7.019)) ;
#363=CARTESIAN_POINT('Vertex',(-506.356,-68.7,7.019)) ;
#366=CARTESIAN_POINT('Axis2P3D Location',(-503.606,-72.7,7.019)) ;
#370=CARTESIAN_POINT('Vertex',(-500.856,-72.7,7.019)) ;
#373=CARTESIAN_POINT('Line Origine',(-500.856,-61.5,7.019)) ;
#377=CARTESIAN_POINT('Vertex',(-500.856,-68.7,7.019)) ;
#380=CARTESIAN_POINT('Axis2P3D Location',(-503.606,-68.7,7.019)) ;
#392=CARTESIAN_POINT('Axis2P3D Location',(-503.606,-72.7,7.019)) ;
#397=CARTESIAN_POINT('Axis2P3D Location',(-503.606,-68.7,7.019)) ;
#409=CARTESIAN_POINT('Line Origine',(-536.252,-61.5,20.33)) ;
#413=CARTESIAN_POINT('Vertex',(-536.252,-72.7,20.33)) ;
#415=CARTESIAN_POINT('Vertex',(-536.252,-68.7,20.33)) ;
#418=CARTESIAN_POINT('Axis2P3D Location',(-533.502,-72.7,20.33)) ;
#422=CARTESIAN_POINT('Vertex',(-530.752,-72.7,20.33)) ;
#425=CARTESIAN_POINT('Line Origine',(-530.752,-61.5,20.33)) ;
#429=CARTESIAN_POINT('Vertex',(-530.752,-68.7,20.33)) ;
#432=CARTESIAN_POINT('Axis2P3D Location',(-533.502,-68.7,20.33)) ;
#444=CARTESIAN_POINT('Axis2P3D Location',(-533.502,-72.7,20.33)) ;
#449=CARTESIAN_POINT('Axis2P3D Location',(-533.502,-68.7,20.33)) ;
#461=CARTESIAN_POINT('Axis2P3D Location',(-440.,-62.0110000004,10.5)) ;
#466=CARTESIAN_POINT('Line Origine',(-428.789629643,-62.0110000004,13.0646825255)) ;
#470=CARTESIAN_POINT('Vertex',(-428.789629643,-47.5,13.0646825255)) ;
#472=CARTESIAN_POINT('Vertex',(-428.789629643,-51.5,13.0646825255)) ;
#475=CARTESIAN_POINT('Axis2P3D Location',(-440.,-47.5,10.5)) ;
#479=CARTESIAN_POINT('Vertex',(-451.210370357,-47.5,13.0646825255)) ;
#482=CARTESIAN_POINT('Line Origine',(-451.210370357,-62.0110000004,13.0646825255)) ;
#486=CARTESIAN_POINT('Vertex',(-451.210370357,-51.5,13.0646825255)) ;
#489=CARTESIAN_POINT('Axis2P3D Location',(-440.,-51.5,10.5)) ;
#501=CARTESIAN_POINT('Axis2P3D Location',(-440.,-61.5,10.5)) ;
#506=CARTESIAN_POINT('Line Origine',(-444.,-61.5,10.5)) ;
#510=CARTESIAN_POINT('Vertex',(-444.,-51.5,10.5)) ;
#512=CARTESIAN_POINT('Vertex',(-444.,-47.5,10.5)) ;
#515=CARTESIAN_POINT('Axis2P3D Location',(-440.,-47.5,10.5)) ;
#519=CARTESIAN_POINT('Vertex',(-436.,-47.5,10.5)) ;
#522=CARTESIAN_POINT('Line Origine',(-436.,-61.5,10.5)) ;
#526=CARTESIAN_POINT('Vertex',(-436.,-51.5,10.5)) ;
#529=CARTESIAN_POINT('Axis2P3D Location',(-440.,-51.5,10.5)) ;
#541=CARTESIAN_POINT('Axis2P3D Location',(-440.,-47.5,10.5)) ;
#546=CARTESIAN_POINT('Axis2P3D Location',(-440.,-51.5,10.5)) ;
#558=CARTESIAN_POINT('Line Origine',(-451.210370357,-62.0110000004,13.0646825255)) ;
#562=CARTESIAN_POINT('Vertex',(-451.210370357,-71.5,13.0646825255)) ;
#564=CARTESIAN_POINT('Vertex',(-451.210370357,-75.5,13.0646825255)) ;
#567=CARTESIAN_POINT('Axis2P3D Location',(-440.,-75.5,10.5)) ;
#571=CARTESIAN_POINT('Vertex',(-428.789629643,-75.5,13.0646825255)) ;
#574=CARTESIAN_POINT('Line Origine',(-428.789629643,-62.0110000004,13.0646825255)) ;
#578=CARTESIAN_POINT('Vertex',(-428.789629643,-71.5,13.0646825255)) ;
#581=CARTESIAN_POINT('Axis2P3D Location',(-440.,-71.5,10.5)) ;
#593=CARTESIAN_POINT('Line Origine',(-436.,-61.5,10.5)) ;
#597=CARTESIAN_POINT('Vertex',(-436.,-75.5,10.5)) ;
#599=CARTESIAN_POINT('Vertex',(-436.,-71.5,10.5)) ;
#602=CARTESIAN_POINT('Axis2P3D Location',(-440.,-75.5,10.5)) ;
#606=CARTESIAN_POINT('Vertex',(-444.,-75.5,10.5)) ;
#609=CARTESIAN_POINT('Line Origine',(-444.,-61.5,10.5)) ;
#613=CARTESIAN_POINT('Vertex',(-444.,-71.5,10.5)) ;
#616=CARTESIAN_POINT('Axis2P3D Location',(-440.,-71.5,10.5)) ;
#628=CARTESIAN_POINT('Axis2P3D Location',(-440.,-75.5,10.5)) ;
#633=CARTESIAN_POINT('Axis2P3D Location',(-440.,-71.5,10.5)) ;
#645=CARTESIAN_POINT('Axis2P3D Location',(-552.,-50.3,-8.5)) ;
#650=CARTESIAN_POINT('Line Origine',(-552.,-61.5,-3.5)) ;
#654=CARTESIAN_POINT('Vertex',(-552.,-56.8,-3.5)) ;
#656=CARTESIAN_POINT('Vertex',(-552.,-66.2,-3.5)) ;
#659=CARTESIAN_POINT('Axis2P3D Location',(-552.,-56.8,-1.)) ;
#663=CARTESIAN_POINT('Vertex',(-552.,-54.3,-1.)) ;
#666=CARTESIAN_POINT('Line Origine',(-552.,-54.3,6.25)) ;
#670=CARTESIAN_POINT('Vertex',(-552.,-54.3,13.5)) ;
#673=CARTESIAN_POINT('Line Origine',(-552.,-52.3,13.5)) ;
#677=CARTESIAN_POINT('Vertex',(-552.,-50.3,13.5)) ;
#680=CARTESIAN_POINT('Line Origine',(-552.,-50.3,2.5)) ;
#684=CARTESIAN_POINT('Vertex',(-552.,-50.3,-8.5)) ;
#687=CARTESIAN_POINT('Line Origine',(-552.,-61.5,-8.5)) ;
#691=CARTESIAN_POINT('Vertex',(-552.,-72.7,-8.5)) ;
#694=CARTESIAN_POINT('Line Origine',(-552.,-72.7,2.5)) ;
#698=CARTESIAN_POINT('Vertex',(-552.,-72.7,13.5)) ;
#701=CARTESIAN_POINT('Line Origine',(-552.,-70.7,13.5)) ;
#705=CARTESIAN_POINT('Vertex',(-552.,-68.7,13.5)) ;
#708=CARTESIAN_POINT('Line Origine',(-552.,-68.7,6.25)) ;
#712=CARTESIAN_POINT('Vertex',(-552.,-68.7,-1.)) ;
#715=CARTESIAN_POINT('Axis2P3D Location',(-552.,-66.2,-1.)) ;
#733=CARTESIAN_POINT('Axis2P3D Location',(-540.,-56.8,11.6580225957)) ;
#738=CARTESIAN_POINT('Axis2P3D Location',(-540.,-56.8,-1.)) ;
#742=CARTESIAN_POINT('Vertex',(-537.5,-56.8,-1.)) ;
#744=CARTESIAN_POINT('Vertex',(-540.,-54.3,-1.)) ;
#747=CARTESIAN_POINT('Line Origine',(-537.5,-56.8,11.6580225957)) ;
#751=CARTESIAN_POINT('Vertex',(-537.5,-56.8,11.)) ;
#754=CARTESIAN_POINT('Axis2P3D Location',(-540.,-56.8,11.)) ;
#758=CARTESIAN_POINT('Vertex',(-540.,-54.3,11.)) ;
#761=CARTESIAN_POINT('Line Origine',(-540.,-54.3,11.6580225957)) ;
#773=CARTESIAN_POINT('Axis2P3D Location',(-440.,-90.5,-3.5)) ;
#778=CARTESIAN_POINT('Line Origine',(-546.,-66.2,-3.5)) ;
#782=CARTESIAN_POINT('Vertex',(-540.,-66.2,-3.5)) ;
#785=CARTESIAN_POINT('Line Origine',(-540.,-61.5,-3.5)) ;
#789=CARTESIAN_POINT('Vertex',(-540.,-56.8,-3.5)) ;
#792=CARTESIAN_POINT('Line Origine',(-546.,-56.8,-3.5)) ;
#808=CARTESIAN_POINT('Axis2P3D Location',(-537.5,-54.3,-8.5)) ;
#813=CARTESIAN_POINT('Line Origine',(-537.5,-66.2,5.)) ;
#817=CARTESIAN_POINT('Vertex',(-537.5,-66.2,11.)) ;
#819=CARTESIAN_POINT('Vertex',(-537.5,-66.2,-1.)) ;
#822=CARTESIAN_POINT('Line Origine',(-537.5,-61.5,11.)) ;
#827=CARTESIAN_POINT('Line Origine',(-537.5,-61.5,-1.)) ;
#839=CARTESIAN_POINT('Axis2P3D Location',(-540.,-66.2,11.6580225957)) ;
#844=CARTESIAN_POINT('Axis2P3D Location',(-540.,-66.2,-1.)) ;
#848=CARTESIAN_POINT('Vertex',(-540.,-68.7,-1.)) ;
#851=CARTESIAN_POINT('Line Origine',(-540.,-68.7,11.6580225957)) ;
#855=CARTESIAN_POINT('Vertex',(-540.,-68.7,11.)) ;
#858=CARTESIAN_POINT('Axis2P3D Location',(-540.,-66.2,11.)) ;
#870=CARTESIAN_POINT('Axis2P3D Location',(-540.,-66.2,-1.)) ;
#875=CARTESIAN_POINT('Axis2P3D Location',(-540.,-66.2,-1.)) ;
#880=CARTESIAN_POINT('Axis2P3D Location',(-540.,-66.2,-1.)) ;
#891=CARTESIAN_POINT('Axis2P3D Location',(-540.,-61.5,-1.)) ;
#896=CARTESIAN_POINT('Axis2P3D Location',(-540.,-56.8,-1.)) ;
#908=CARTESIAN_POINT('Axis2P3D Location',(-540.,-56.8,-1.)) ;
#913=CARTESIAN_POINT('Axis2P3D Location',(-540.,-56.8,-1.)) ;
#924=CARTESIAN_POINT('Axis2P3D Location',(-508.826169425,-56.8,-1.)) ;
#929=CARTESIAN_POINT('Line Origine',(-508.826169425,-54.3,-1.)) ;
#941=CARTESIAN_POINT('Axis2P3D Location',(-508.826169425,-66.2,-1.)) ;
#946=CARTESIAN_POINT('Line Origine',(-508.826169425,-68.7,-1.)) ;
#958=CARTESIAN_POINT('Axis2P3D Location',(-472.740518295,-61.5000000018,-3.5)) ;
#963=CARTESIAN_POINT('Line Origine',(-473.962026718,-59.3187349619,-3.5)) ;
#967=CARTESIAN_POINT('Vertex',(-460.569169572,-51.8187349601,-3.5)) ;
#969=CARTESIAN_POINT('Vertex',(-464.430830428,-53.9812650399,-3.5)) ;
#972=CARTESIAN_POINT('Axis2P3D Location',(-463.209322006,-56.1625300797,-3.5)) ;
#976=CARTESIAN_POINT('Vertex',(-463.209322006,-56.1625300797,-6.)) ;
#979=CARTESIAN_POINT('Line Origine',(-472.740518295,-61.5000000018,-6.)) ;
#983=CARTESIAN_POINT('Vertex',(-459.347661149,-54.,-6.)) ;
#986=CARTESIAN_POINT('Axis2P3D Location',(-459.347661149,-54.,-3.5)) ;
#998=CARTESIAN_POINT('Axis2P3D Location',(-465.652338851,-51.8,-3.5)) ;
#1003=CARTESIAN_POINT('Axis2P3D Location',(-465.652338851,-51.8,-3.5)) ;
#1007=CARTESIAN_POINT('Vertex',(-465.652338851,-54.3,-3.5)) ;
#1010=CARTESIAN_POINT('Axis2P3D Location',(-465.652338851,-56.8,-3.5)) ;
#1014=CARTESIAN_POINT('Vertex',(-465.652338851,-56.8,-6.)) ;
#1017=CARTESIAN_POINT('Axis2P3D Location',(-465.652338851,-51.8,-6.)) ;
#1029=CARTESIAN_POINT('Axis2P3D Location',(-486.434766115,-56.8,-3.5)) ;
#1034=CARTESIAN_POINT('Line Origine',(-486.434766115,-54.3,-3.5)) ;
#1038=CARTESIAN_POINT('Vertex',(-481.,-54.3,-3.5)) ;
#1041=CARTESIAN_POINT('Line Origine',(-486.434766115,-54.3,-3.5)) ;
#1045=CARTESIAN_POINT('Vertex',(-486.,-54.3,-3.5)) ;
#1048=CARTESIAN_POINT('Line Origine',(-486.434766115,-54.3,-3.5)) ;
#1052=CARTESIAN_POINT('Vertex',(-532.,-54.3,-3.5)) ;
#1055=CARTESIAN_POINT('Axis2P3D Location',(-532.,-56.8,-3.5)) ;
#1059=CARTESIAN_POINT('Vertex',(-532.,-56.8,-6.)) ;
#1062=CARTESIAN_POINT('Line Origine',(-486.434766115,-56.8,-6.)) ;
#1076=CARTESIAN_POINT('Axis2P3D Location',(-532.,-56.8,-3.5)) ;
#1081=CARTESIAN_POINT('Axis2P3D Location',(-532.,-56.8,-3.5)) ;
#1085=CARTESIAN_POINT('Vertex',(-534.5,-56.8,-3.5)) ;
#1088=CARTESIAN_POINT('Axis2P3D Location',(-532.,-56.8,-3.5)) ;
#1099=CARTESIAN_POINT('Axis2P3D Location',(-532.,-56.8,11.6580225957)) ;
#1104=CARTESIAN_POINT('Axis2P3D Location',(-532.,-56.8,11.)) ;
#1108=CARTESIAN_POINT('Vertex',(-534.5,-56.8,11.)) ;
#1110=CARTESIAN_POINT('Vertex',(-532.,-54.3,11.)) ;
#1113=CARTESIAN_POINT('Line Origine',(-534.5,-56.8,11.6580225957)) ;
#1118=CARTESIAN_POINT('Line Origine',(-532.,-54.3,11.6580225957)) ;
#1130=CARTESIAN_POINT('Axis2P3D Location',(-459.347661149,-54.,-3.5)) ;
#1136=CARTESIAN_POINT('Control Point',(-459.347661149,-51.5,-3.5)) ;
#1137=CARTESIAN_POINT('Control Point',(-459.773063688,-51.5,-3.5)) ;
#1138=CARTESIAN_POINT('Control Point',(-460.198003298,-51.6108818467,-3.5)) ;
#1139=CARTESIAN_POINT('Control Point',(-460.569169572,-51.8187349601,-3.5)) ;
#1140=CARTESIAN_POINT('Vertex',(-459.347661149,-51.5,-3.5)) ;
#1144=CARTESIAN_POINT('Control Point',(-459.347661149,-51.5,-3.5)) ;
#1145=CARTESIAN_POINT('Control Point',(-459.347661149,-51.5,-3.54796852357)) ;
#1146=CARTESIAN_POINT('Control Point',(-459.347661149,-51.5011504896,-3.59593704715)) ;
#1147=CARTESIAN_POINT('Control Point',(-459.348408674,-51.5034392951,-3.64397488671)) ;
#1148=CARTESIAN_POINT('Control Point',(-459.346913624,-51.5104518621,-3.74135611664)) ;
#1149=CARTESIAN_POINT('Control Point',(-459.348408674,-51.5225537638,-3.84064754493)) ;
#1150=CARTESIAN_POINT('Control Point',(-459.349486903,-51.529879379,-3.8907327077)) ;
#1151=CARTESIAN_POINT('Control Point',(-459.346734964,-51.543581555,-3.96950936822)) ;
#1152=CARTESIAN_POINT('Control Point',(-459.348130993,-51.5609609437,-4.04976431253)) ;
#1153=CARTESIAN_POINT('Control Point',(-459.348314217,-51.5672802972,-4.07717750971)) ;
#1154=CARTESIAN_POINT('Control Point',(-459.347026849,-51.5809816512,-4.13280255309)) ;
#1155=CARTESIAN_POINT('Control Point',(-459.348277221,-51.5965571378,-4.18899006064)) ;
#1156=CARTESIAN_POINT('Control Point',(-459.348476612,-51.6047975071,-4.21722234941)) ;
#1157=CARTESIAN_POINT('Control Point',(-459.346833623,-51.623054373,-4.27624166899)) ;
#1158=CARTESIAN_POINT('Control Point',(-459.348500918,-51.6434488268,-4.33556658861)) ;
#1159=CARTESIAN_POINT('Control Point',(-459.348746114,-51.6544863062,-4.36621750171)) ;
#1160=CARTESIAN_POINT('Control Point',(-459.346576185,-51.6789718761,-4.43049339921)) ;
#1161=CARTESIAN_POINT('Control Point',(-459.348746114,-51.7059634843,-4.49459386368)) ;
#1162=CARTESIAN_POINT('Control Point',(-459.349030487,-51.7205015491,-4.52767797454)) ;
#1163=CARTESIAN_POINT('Control Point',(-459.346976481,-51.7449285375,-4.58023329909)) ;
#1164=CARTESIAN_POINT('Control Point',(-459.348003484,-51.7709647961,-4.63223948678)) ;
#1165=CARTESIAN_POINT('Control Point',(-459.348042524,-51.7800367026,-4.64995619032)) ;
#1166=CARTESIAN_POINT('Control Point',(-459.347279774,-51.7992108649,-4.68641832216)) ;
#1167=CARTESIAN_POINT('Control Point',(-459.348042524,-51.8191435622,-4.72249844788)) ;
#1168=CARTESIAN_POINT('Control Point',(-459.348083499,-51.8295789305,-4.7409672918)) ;
#1169=CARTESIAN_POINT('Control Point',(-459.3472388,-51.8516878181,-4.77904838657)) ;
#1170=CARTESIAN_POINT('Control Point',(-459.348083499,-51.8745956102,-4.81657920236)) ;
#1171=CARTESIAN_POINT('Control Point',(-459.348125799,-51.8866096298,-4.83582119263)) ;
#1172=CARTESIAN_POINT('Control Point',(-459.347196499,-51.9121221161,-4.87555603668)) ;
#1173=CARTESIAN_POINT('Control Point',(-459.348125799,-51.9384686649,-4.91453796826)) ;
#1174=CARTESIAN_POINT('Control Point',(-459.34816845,-51.9523105132,-4.93455102207)) ;
#1175=CARTESIAN_POINT('Control Point',(-459.347146453,-51.9819806251,-4.97621938267)) ;
#1176=CARTESIAN_POINT('Control Point',(-459.348183349,-52.0125245359,-5.01687942183)) ;
#1177=CARTESIAN_POINT('Control Point',(-459.348226702,-52.028725658,-5.0379336419)) ;
#1178=CARTESIAN_POINT('Control Point',(-459.347111849,-52.0627985855,-5.08085816935)) ;
#1179=CARTESIAN_POINT('Control Point',(-459.348194664,-52.0977486455,-5.12250213413)) ;
#1180=CARTESIAN_POINT('Control Point',(-459.348231282,-52.1158882673,-5.14359325044)) ;
#1181=CARTESIAN_POINT('Control Point',(-459.347082582,-52.154841826,-5.18745998349)) ;
#1182=CARTESIAN_POINT('Control Point',(-459.348248276,-52.1946604638,-5.22974811594)) ;
#1183=CARTESIAN_POINT('Control Point',(-459.348280454,-52.215825806,-5.25164413896)) ;
#1184=CARTESIAN_POINT('Control Point',(-459.347041845,-52.2609982991,-5.29677238118)) ;
#1185=CARTESIAN_POINT('Control Point',(-459.348280454,-52.3070308252,-5.3399299843)) ;
#1186=CARTESIAN_POINT('Control Point',(-459.348302752,-52.3313378712,-5.3620840723)) ;
#1187=CARTESIAN_POINT('Control Point',(-459.347019546,-52.3831660198,-5.40755852938)) ;
#1188=CARTESIAN_POINT('Control Point',(-459.348302752,-52.4358147314,-5.45065434266)) ;
#1189=CARTESIAN_POINT('Control Point',(-459.348310569,-52.4636162852,-5.4727151537)) ;
#1190=CARTESIAN_POINT('Control Point',(-459.347011729,-52.522753125,-5.51770741995)) ;
#1191=CARTESIAN_POINT('Control Point',(-459.348310569,-52.5826477515,-5.55988225562)) ;
#1192=CARTESIAN_POINT('Control Point',(-459.348298706,-52.6142479004,-5.58136710197)) ;
#1193=CARTESIAN_POINT('Control Point',(-459.347023592,-52.6811874292,-5.62477133068)) ;
#1194=CARTESIAN_POINT('Control Point',(-459.348298706,-52.7487993737,-5.66490263567)) ;
#1195=CARTESIAN_POINT('Control Point',(-459.348261953,-52.784398,-5.68518734589)) ;
#1196=CARTESIAN_POINT('Control Point',(-459.347060345,-52.8593506751,-5.72562074032)) ;
#1197=CARTESIAN_POINT('Control Point',(-459.348261953,-52.9348715419,-5.76232897545)) ;
#1198=CARTESIAN_POINT('Control Point',(-459.348196081,-52.9744946741,-5.78065807027)) ;
#1199=CARTESIAN_POINT('Control Point',(-459.347126217,-53.0572474645,-5.81651362621)) ;
#1200=CARTESIAN_POINT('Control Point',(-459.348196081,-53.140452053,-5.84821997674)) ;
#1201=CARTESIAN_POINT('Control Point',(-459.348099159,-53.183877878,-5.86374850204)) ;
#1202=CARTESIAN_POINT('Control Point',(-459.347223139,-53.2736684418,-5.89331725538)) ;
#1203=CARTESIAN_POINT('Control Point',(-459.348099159,-53.3637905193,-5.9183685088)) ;
#1204=CARTESIAN_POINT('Control Point',(-459.347972897,-53.4104904843,-5.93024263063)) ;
#1205=CARTESIAN_POINT('Control Point',(-459.347037654,-53.5536639696,-5.96273810663)) ;
#1206=CARTESIAN_POINT('Control Point',(-459.34890814,-53.6973203858,-5.98442612515)) ;
#1207=CARTESIAN_POINT('Control Point',(-459.347661149,-53.7990706232,-5.99495342319)) ;
#1208=CARTESIAN_POINT('Control Point',(-459.347661149,-53.8995353116,-6.)) ;
#1209=CARTESIAN_POINT('Control Point',(-459.347661149,-54.,-6.)) ;
#1217=CARTESIAN_POINT('Axis2P3D Location',(-440.,-90.5,11.)) ;
#1222=CARTESIAN_POINT('Line Origine',(-536.,-68.7,11.)) ;
#1226=CARTESIAN_POINT('Vertex',(-532.,-68.7,11.)) ;
#1229=CARTESIAN_POINT('Axis2P3D Location',(-532.,-66.2,11.)) ;
#1233=CARTESIAN_POINT('Vertex',(-534.5,-66.2,11.)) ;
#1236=CARTESIAN_POINT('Line Origine',(-534.5,-61.5,11.)) ;
#1241=CARTESIAN_POINT('Line Origine',(-536.,-54.3,11.)) ;
#1257=CARTESIAN_POINT('Axis2P3D Location',(-534.5,-54.3,-8.5)) ;
#1262=CARTESIAN_POINT('Line Origine',(-534.5,-66.2,3.75)) ;
#1266=CARTESIAN_POINT('Vertex',(-534.5,-66.2,-3.5)) ;
#1269=CARTESIAN_POINT('Line Origine',(-534.5,-61.5,-3.5)) ;
#1281=CARTESIAN_POINT('Axis2P3D Location',(-532.,-61.4998706422,-3.5)) ;
#1286=CARTESIAN_POINT('Axis2P3D Location',(-532.,-66.2,-3.5)) ;
#1290=CARTESIAN_POINT('Vertex',(-532.,-66.2,-6.)) ;
#1293=CARTESIAN_POINT('Line Origine',(-532.,-61.4998706422,-6.)) ;
#1305=CARTESIAN_POINT('Axis2P3D Location',(-440.,-90.5,-6.)) ;
#1310=CARTESIAN_POINT('Line Origine',(-442.173830575,-69.,-6.)) ;
#1314=CARTESIAN_POINT('Vertex',(-425.,-69.,-6.)) ;
#1316=CARTESIAN_POINT('Vertex',(-459.347661149,-69.,-6.)) ;
#1319=CARTESIAN_POINT('Line Origine',(-425.,-61.5,-6.)) ;
#1323=CARTESIAN_POINT('Vertex',(-425.,-54.,-6.)) ;
#1326=CARTESIAN_POINT('Line Origine',(-442.173830575,-54.,-6.)) ;
#1331=CARTESIAN_POINT('Line Origine',(-498.826169425,-66.2,-6.)) ;
#1335=CARTESIAN_POINT('Vertex',(-465.652338851,-66.2,-6.)) ;
#1338=CARTESIAN_POINT('Axis2P3D Location',(-465.652338851,-71.2,-6.)) ;
#1342=CARTESIAN_POINT('Vertex',(-463.209322006,-66.8374699203,-6.)) ;
#1345=CARTESIAN_POINT('Line Origine',(-461.278491578,-67.9187349601,-6.)) ;
#1363=CARTESIAN_POINT('Axis2P3D Location',(-472.740287293,-61.5001293596,-3.5)) ;
#1368=CARTESIAN_POINT('Axis2P3D Location',(-463.209322006,-66.8374699203,-3.5)) ;
#1372=CARTESIAN_POINT('Vertex',(-464.430830428,-69.0187349601,-3.5)) ;
#1375=CARTESIAN_POINT('Line Origine',(-473.961795715,-63.6813943995,-3.5)) ;
#1379=CARTESIAN_POINT('Vertex',(-460.569169572,-71.1812650399,-3.5)) ;
#1382=CARTESIAN_POINT('Axis2P3D Location',(-459.347661149,-69.,-3.5)) ;
#1394=CARTESIAN_POINT('Axis2P3D Location',(-465.652338851,-71.2,-3.5)) ;
#1399=CARTESIAN_POINT('Axis2P3D Location',(-465.652338851,-66.2,-3.5)) ;
#1403=CARTESIAN_POINT('Vertex',(-465.652338851,-68.7,-3.5)) ;
#1406=CARTESIAN_POINT('Axis2P3D Location',(-465.652338851,-71.2,-3.5)) ;
#1418=CARTESIAN_POINT('Axis2P3D Location',(-486.434766115,-66.2,-3.5)) ;
#1423=CARTESIAN_POINT('Axis2P3D Location',(-532.,-66.2,-3.5)) ;
#1427=CARTESIAN_POINT('Vertex',(-532.,-68.7,-3.5)) ;
#1430=CARTESIAN_POINT('Line Origine',(-486.434766115,-68.7,-3.5)) ;
#1434=CARTESIAN_POINT('Vertex',(-486.,-68.7,-3.5)) ;
#1437=CARTESIAN_POINT('Line Origine',(-486.434766115,-68.7,-3.5)) ;
#1441=CARTESIAN_POINT('Vertex',(-481.,-68.7,-3.5)) ;
#1444=CARTESIAN_POINT('Line Origine',(-486.434766115,-68.7,-3.5)) ;
#1458=CARTESIAN_POINT('Axis2P3D Location',(-532.,-66.2,-3.5)) ;
#1463=CARTESIAN_POINT('Axis2P3D Location',(-532.,-66.2,-3.5)) ;
#1474=CARTESIAN_POINT('Axis2P3D Location',(-532.,-66.2,11.6580225957)) ;
#1479=CARTESIAN_POINT('Line Origine',(-532.,-68.7,11.6580225957)) ;
#1491=CARTESIAN_POINT('Axis2P3D Location',(-459.347661149,-69.,-3.5)) ;
#1497=CARTESIAN_POINT('Control Point',(-459.347661149,-71.5,-3.5)) ;
#1498=CARTESIAN_POINT('Control Point',(-459.773063688,-71.5,-3.5)) ;
#1499=CARTESIAN_POINT('Control Point',(-460.198003298,-71.3891181533,-3.5)) ;
#1500=CARTESIAN_POINT('Control Point',(-460.569169572,-71.1812650399,-3.5)) ;
#1501=CARTESIAN_POINT('Vertex',(-459.347661149,-71.5,-3.5)) ;
#1505=CARTESIAN_POINT('Control Point',(-459.347661149,-71.5,-3.5)) ;
#1506=CARTESIAN_POINT('Control Point',(-459.347661149,-71.5,-3.54796852357)) ;
#1507=CARTESIAN_POINT('Control Point',(-459.347661149,-71.4988495104,-3.59593704715)) ;
#1508=CARTESIAN_POINT('Control Point',(-459.347157681,-71.4965398014,-3.64418996776)) ;
#1509=CARTESIAN_POINT('Control Point',(-459.348164618,-71.4895690414,-3.7411410356)) ;
#1510=CARTESIAN_POINT('Control Point',(-459.347157681,-71.4774253326,-3.84086262598)) ;
#1511=CARTESIAN_POINT('Control Point',(-459.346846019,-71.4699350591,-3.89164957817)) ;
#1512=CARTESIAN_POINT('Control Point',(-459.34847628,-71.4521249655,-3.99434343843)) ;
#1513=CARTESIAN_POINT('Control Point',(-459.346846019,-71.4270984322,-4.10330748378)) ;
#1514=CARTESIAN_POINT('Control Point',(-459.346701454,-71.4125604995,-4.15925803882)) ;
#1515=CARTESIAN_POINT('Control Point',(-459.348620845,-71.379465021,-4.27329819848)) ;
#1516=CARTESIAN_POINT('Control Point',(-459.346701454,-71.3347218726,-4.39767992656)) ;
#1517=CARTESIAN_POINT('Control Point',(-459.346721385,-71.3091440908,-4.46188006474)) ;
#1518=CARTESIAN_POINT('Control Point',(-459.348600914,-71.2512832734,-4.593964006)) ;
#1519=CARTESIAN_POINT('Control Point',(-459.346721385,-71.1731449697,-4.74022264238)) ;
#1520=CARTESIAN_POINT('Control Point',(-459.346914247,-71.1286032618,-4.8157560929)) ;
#1521=CARTESIAN_POINT('Control Point',(-459.348408052,-71.0269783222,-4.97210296104)) ;
#1522=CARTESIAN_POINT('Control Point',(-459.346914247,-70.8895152167,-5.14271561562)) ;
#1523=CARTESIAN_POINT('Control Point',(-459.347254977,-70.811212253,-5.22970865266)) ;
#1524=CARTESIAN_POINT('Control Point',(-459.348067321,-70.6309991464,-5.40707854348)) ;
#1525=CARTESIAN_POINT('Control Point',(-459.347254977,-70.3933048119,-5.5839897341)) ;
#1526=CARTESIAN_POINT('Control Point',(-459.347578123,-70.2595091123,-5.66914494846)) ;
#1527=CARTESIAN_POINT('Control Point',(-459.347744176,-69.9576848173,-5.82668388831)) ;
#1528=CARTESIAN_POINT('Control Point',(-459.347578123,-69.5956795968,-5.93939257436)) ;
#1529=CARTESIAN_POINT('Control Point',(-459.347661149,-69.4018587536,-5.97981369277)) ;
#1530=CARTESIAN_POINT('Control Point',(-459.347661149,-69.2009293768,-6.)) ;
#1531=CARTESIAN_POINT('Control Point',(-459.347661149,-69.,-6.)) ;
#1539=CARTESIAN_POINT('Axis2P3D Location',(-425.,-47.5,-3.5)) ;
#1545=CARTESIAN_POINT('Control Point',(-426.143888401,-75.5,1.5)) ;
#1546=CARTESIAN_POINT('Control Point',(-426.035761998,-75.5,1.0273734622)) ;
#1547=CARTESIAN_POINT('Control Point',(-425.927635679,-75.5558439611,0.554747290192)) ;
#1548=CARTESIAN_POINT('Control Point',(-425.821405508,-75.6675453472,0.0904092870127)) ;
#1549=CARTESIAN_POINT('Control Point',(-425.617312935,-75.9982308781,-0.801690732439)) ;
#1550=CARTESIAN_POINT('Control Point',(-425.435680251,-76.5305539389,-1.59561732354)) ;
#1551=CARTESIAN_POINT('Control Point',(-425.352517146,-76.8425555328,-1.95912789343)) ;
#1552=CARTESIAN_POINT('Control Point',(-425.205102409,-77.5456312347,-2.6034859293)) ;
#1553=CARTESIAN_POINT('Control Point',(-425.098856221,-78.3846749966,-3.0678939429)) ;
#1554=CARTESIAN_POINT('Control Point',(-425.057511017,-78.8287183462,-3.24861613851)) ;
#1555=CARTESIAN_POINT('Control Point',(-425.019628241,-79.434652652,-3.41420386387)) ;
#1556=CARTESIAN_POINT('Control Point',(-425.003768177,-80.0557062475,-3.48352908938)) ;
#1557=CARTESIAN_POINT('Control Point',(-425.001256058,-80.2036137702,-3.49450969866)) ;
#1558=CARTESIAN_POINT('Control Point',(-425.,-80.3518068646,-3.5)) ;
#1559=CARTESIAN_POINT('Control Point',(-425.,-80.5,-3.5)) ;
#1560=CARTESIAN_POINT('Vertex',(-426.143888401,-75.5,1.5)) ;
#1562=CARTESIAN_POINT('Vertex',(-425.,-80.5,-3.5)) ;
#1565=CARTESIAN_POINT('Line Origine',(-425.,-78.,-3.5)) ;
#1569=CARTESIAN_POINT('Vertex',(-425.,-75.5,-3.5)) ;
#1572=CARTESIAN_POINT('Line Origine',(-425.,-73.5,-3.5)) ;
#1576=CARTESIAN_POINT('Vertex',(-425.,-71.5,-3.5)) ;
#1579=CARTESIAN_POINT('Line Origine',(-426.894814821,-71.5,4.78234126274)) ;
#1584=CARTESIAN_POINT('Line Origine',(-427.466759022,-75.5,7.28234126274)) ;
#1598=CARTESIAN_POINT('Axis2P3D Location',(-425.,-75.5,-3.5)) ;
#1603=CARTESIAN_POINT('Line Origine',(-440.,-75.5,1.5)) ;
#1607=CARTESIAN_POINT('Vertex',(-453.856111599,-75.5,1.5)) ;
#1610=CARTESIAN_POINT('Line Origine',(-452.533240978,-75.5,7.28234126274)) ;
#1626=CARTESIAN_POINT('Axis2P3D Location',(-479.75,-69.,-3.5)) ;
#1631=CARTESIAN_POINT('Line Origine',(-479.75,-71.5,-3.5)) ;
#1635=CARTESIAN_POINT('Vertex',(-458.985290936,-71.5,-3.5)) ;
#1638=CARTESIAN_POINT('Line Origine',(-479.75,-71.5,-3.5)) ;
#1642=CARTESIAN_POINT('Vertex',(-455.,-71.5,-3.5)) ;
#1645=CARTESIAN_POINT('Line Origine',(-479.75,-71.5,-3.5)) ;
#1650=CARTESIAN_POINT('Axis2P3D Location',(-425.,-69.,-3.5)) ;
#1664=CARTESIAN_POINT('Axis2P3D Location',(-481.,-83.6,1.5)) ;
#1669=CARTESIAN_POINT('Line Origine',(-481.,-83.6,-3.5)) ;
#1673=CARTESIAN_POINT('Vertex',(-481.,-72.7,-3.5)) ;
#1676=CARTESIAN_POINT('Axis2P3D Location',(-481.,-68.7,1.5)) ;
#1680=CARTESIAN_POINT('Vertex',(-486.,-68.7,1.5)) ;
#1683=CARTESIAN_POINT('Line Origine',(-486.,-83.6,1.5)) ;
#1687=CARTESIAN_POINT('Vertex',(-486.,-72.7,1.5)) ;
#1690=CARTESIAN_POINT('Axis2P3D Location',(-481.,-72.7,1.5)) ;
#1702=CARTESIAN_POINT('Axis2P3D Location',(-486.,-50.3,-3.5)) ;
#1707=CARTESIAN_POINT('Line Origine',(-486.,-70.7,4.25296203401)) ;
#1711=CARTESIAN_POINT('Vertex',(-486.,-68.7,4.25296203401)) ;
#1713=CARTESIAN_POINT('Vertex',(-486.,-72.7,4.25296203401)) ;
#1716=CARTESIAN_POINT('Line Origine',(-486.,-72.7,2.87648101701)) ;
#1721=CARTESIAN_POINT('Line Origine',(-486.,-68.7,2.87648101701)) ;
#1733=CARTESIAN_POINT('Axis2P3D Location',(-491.,-70.7,4.25296203401)) ;
#1738=CARTESIAN_POINT('Axis2P3D Location',(-491.,-72.7,4.25296203401)) ;
#1742=CARTESIAN_POINT('Vertex',(-488.966316785,-72.7,8.82068932223)) ;
#1745=CARTESIAN_POINT('Axis2P3D Location',(-491.,-68.7,4.25296203401)) ;
#1749=CARTESIAN_POINT('Vertex',(-488.966316785,-68.7,8.82068932223)) ;
#1752=CARTESIAN_POINT('Line Origine',(-488.966316785,-70.7,8.82068932223)) ;
#1764=CARTESIAN_POINT('Axis2P3D Location',(-481.,-39.4,1.5)) ;
#1769=CARTESIAN_POINT('Line Origine',(-481.,-39.4,-3.5)) ;
#1773=CARTESIAN_POINT('Vertex',(-481.,-50.3,-3.5)) ;
#1776=CARTESIAN_POINT('Axis2P3D Location',(-481.,-50.3,1.5)) ;
#1780=CARTESIAN_POINT('Vertex',(-486.,-50.3,1.5)) ;
#1783=CARTESIAN_POINT('Line Origine',(-486.,-39.4,1.5)) ;
#1787=CARTESIAN_POINT('Vertex',(-486.,-54.3,1.5)) ;
#1790=CARTESIAN_POINT('Axis2P3D Location',(-481.,-54.3,1.5)) ;
#1802=CARTESIAN_POINT('Line Origine',(-486.,-52.3,4.25296203401)) ;
#1806=CARTESIAN_POINT('Vertex',(-486.,-50.3,4.25296203401)) ;
#1808=CARTESIAN_POINT('Vertex',(-486.,-54.3,4.25296203401)) ;
#1811=CARTESIAN_POINT('Line Origine',(-486.,-54.3,2.87648101701)) ;
#1816=CARTESIAN_POINT('Line Origine',(-486.,-50.3,2.87648101701)) ;
#1828=CARTESIAN_POINT('Axis2P3D Location',(-491.,-52.3,4.25296203401)) ;
#1833=CARTESIAN_POINT('Axis2P3D Location',(-491.,-54.3,4.25296203401)) ;
#1837=CARTESIAN_POINT('Vertex',(-488.966316785,-54.3,8.82068932223)) ;
#1840=CARTESIAN_POINT('Axis2P3D Location',(-491.,-50.3,4.25296203401)) ;
#1844=CARTESIAN_POINT('Vertex',(-488.966316785,-50.3,8.82068932223)) ;
#1847=CARTESIAN_POINT('Line Origine',(-488.966316785,-52.3,8.82068932223)) ;
#1859=CARTESIAN_POINT('Axis2P3D Location',(-552.,-47.5,13.5)) ;
#1864=CARTESIAN_POINT('Line Origine',(-537.419563739,-52.3,27.0647030757)) ;
#1868=CARTESIAN_POINT('Vertex',(-537.419563739,-50.3,27.0647030757)) ;
#1870=CARTESIAN_POINT('Vertex',(-537.419563739,-54.3,27.0647030757)) ;
#1873=CARTESIAN_POINT('Line Origine',(-544.709781869,-50.3,20.2823515379)) ;
#1878=CARTESIAN_POINT('Line Origine',(-544.709781869,-54.3,20.2823515379)) ;
#1890=CARTESIAN_POINT('Axis2P3D Location',(-486.,-47.5,7.5)) ;
#1895=CARTESIAN_POINT('Line Origine',(-510.47323741,-54.3,18.3961873172)) ;
#1899=CARTESIAN_POINT('Vertex',(-531.980158035,-54.3,27.9716853122)) ;
#1902=CARTESIAN_POINT('Line Origine',(-510.47323741,-50.3,18.3961873172)) ;
#1906=CARTESIAN_POINT('Vertex',(-531.980158035,-50.3,27.9716853122)) ;
#1909=CARTESIAN_POINT('Line Origine',(-531.980158035,-52.3,27.9716853122)) ;
#1921=CARTESIAN_POINT('Axis2P3D Location',(-471.,-50.3,-8.5)) ;
#1926=CARTESIAN_POINT('Line Origine',(-476.,-50.3,-3.5)) ;
#1930=CARTESIAN_POINT('Vertex',(-471.,-50.3,-3.5)) ;
#1933=CARTESIAN_POINT('Line Origine',(-471.,-50.3,-6.)) ;
#1937=CARTESIAN_POINT('Vertex',(-471.,-50.3,-8.5)) ;
#1940=CARTESIAN_POINT('Line Origine',(-511.5,-50.3,-8.5)) ;
#1945=CARTESIAN_POINT('Axis2P3D Location',(-534.01384125,-50.3,23.403958024)) ;
#1971=CARTESIAN_POINT('Axis2P3D Location',(-465.,-54.3,-8.5)) ;
#1976=CARTESIAN_POINT('Axis2P3D Location',(-534.01384125,-54.3,23.403958024)) ;
#2005=CARTESIAN_POINT('Axis2P3D Location',(-534.01384125,-52.3,23.403958024)) ;
#2017=CARTESIAN_POINT('Line Origine',(-537.419563739,-70.7,27.0647030757)) ;
#2021=CARTESIAN_POINT('Vertex',(-537.419563739,-68.7,27.0647030757)) ;
#2023=CARTESIAN_POINT('Vertex',(-537.419563739,-72.7,27.0647030757)) ;
#2026=CARTESIAN_POINT('Line Origine',(-544.709781869,-68.7,20.2823515379)) ;
#2031=CARTESIAN_POINT('Line Origine',(-544.709781869,-72.7,20.2823515379)) ;
#2043=CARTESIAN_POINT('Line Origine',(-510.47323741,-72.7,18.3961873172)) ;
#2047=CARTESIAN_POINT('Vertex',(-531.980158035,-72.7,27.9716853122)) ;
#2050=CARTESIAN_POINT('Line Origine',(-510.47323741,-68.7,18.3961873172)) ;
#2054=CARTESIAN_POINT('Vertex',(-531.980158035,-68.7,27.9716853122)) ;
#2057=CARTESIAN_POINT('Line Origine',(-531.980158035,-70.7,27.9716853122)) ;
#2069=CARTESIAN_POINT('Axis2P3D Location',(-534.5,-68.7,-8.5)) ;
#2074=CARTESIAN_POINT('Axis2P3D Location',(-534.01384125,-68.7,23.403958024)) ;
#2103=CARTESIAN_POINT('Axis2P3D Location',(-552.,-72.7,-8.5)) ;
#2108=CARTESIAN_POINT('Line Origine',(-511.5,-72.7,-8.5)) ;
#2112=CARTESIAN_POINT('Vertex',(-471.,-72.7,-8.5)) ;
#2115=CARTESIAN_POINT('Line Origine',(-471.,-72.7,-6.)) ;
#2119=CARTESIAN_POINT('Vertex',(-471.,-72.7,-3.5)) ;
#2122=CARTESIAN_POINT('Line Origine',(-476.,-72.7,-3.5)) ;
#2127=CARTESIAN_POINT('Axis2P3D Location',(-534.01384125,-72.7,23.403958024)) ;
#2153=CARTESIAN_POINT('Axis2P3D Location',(-534.01384125,-70.7,23.403958024)) ;
#2165=CARTESIAN_POINT('Line Origine',(-425.,-45.,-3.5)) ;
#2169=CARTESIAN_POINT('Vertex',(-425.,-42.5,-3.5)) ;
#2171=CARTESIAN_POINT('Vertex',(-425.,-47.5,-3.5)) ;
#2175=CARTESIAN_POINT('Control Point',(-426.143888401,-47.5,1.5)) ;
#2176=CARTESIAN_POINT('Control Point',(-426.035761998,-47.5,1.02737346221)) ;
#2177=CARTESIAN_POINT('Control Point',(-425.927635679,-47.4441560389,0.554747290209)) ;
#2178=CARTESIAN_POINT('Control Point',(-425.821405508,-47.3324546528,0.0904092869993)) ;
#2179=CARTESIAN_POINT('Control Point',(-425.617312935,-47.0017691219,-0.801690732443)) ;
#2180=CARTESIAN_POINT('Control Point',(-425.435680251,-46.4694460611,-1.59561732353)) ;
#2181=CARTESIAN_POINT('Control Point',(-425.352517146,-46.1574444672,-1.95912789344)) ;
#2182=CARTESIAN_POINT('Control Point',(-425.205102409,-45.4543687653,-2.6034859293)) ;
#2183=CARTESIAN_POINT('Control Point',(-425.098856221,-44.6153250034,-3.06789394289)) ;
#2184=CARTESIAN_POINT('Control Point',(-425.057511017,-44.1712816538,-3.24861613852)) ;
#2185=CARTESIAN_POINT('Control Point',(-425.019628241,-43.565347348,-3.41420386387)) ;
#2186=CARTESIAN_POINT('Control Point',(-425.003768177,-42.9442937525,-3.48352908938)) ;
#2187=CARTESIAN_POINT('Control Point',(-425.001256058,-42.7963862298,-3.49450969866)) ;
#2188=CARTESIAN_POINT('Control Point',(-425.,-42.6481931353,-3.5)) ;
#2189=CARTESIAN_POINT('Control Point',(-425.,-42.5,-3.5)) ;
#2190=CARTESIAN_POINT('Vertex',(-426.143888401,-47.5,1.5)) ;
#2193=CARTESIAN_POINT('Line Origine',(-427.466759022,-47.5,7.28234126274)) ;
#2198=CARTESIAN_POINT('Line Origine',(-426.894814821,-51.5,4.78234126274)) ;
#2202=CARTESIAN_POINT('Vertex',(-425.,-51.5,-3.5)) ;
#2205=CARTESIAN_POINT('Line Origine',(-425.,-49.5,-3.5)) ;
#2219=CARTESIAN_POINT('Axis2P3D Location',(-425.,-47.5,-3.5)) ;
#2224=CARTESIAN_POINT('Line Origine',(-452.533240978,-47.5,7.28234126274)) ;
#2228=CARTESIAN_POINT('Vertex',(-453.856111599,-47.5,1.5)) ;
#2231=CARTESIAN_POINT('Line Origine',(-440.,-47.5,1.5)) ;
#2247=CARTESIAN_POINT('Axis2P3D Location',(-479.75,-54.,-3.5)) ;
#2252=CARTESIAN_POINT('Axis2P3D Location',(-425.,-54.,-3.5)) ;
#2257=CARTESIAN_POINT('Line Origine',(-479.75,-51.5,-3.5)) ;
#2261=CARTESIAN_POINT('Vertex',(-455.,-51.5,-3.5)) ;
#2264=CARTESIAN_POINT('Line Origine',(-479.75,-51.5,-3.5)) ;
#2268=CARTESIAN_POINT('Vertex',(-458.985290936,-51.5,-3.5)) ;
#2271=CARTESIAN_POINT('Line Origine',(-479.75,-51.5,-3.5)) ;
#2285=CARTESIAN_POINT('Axis2P3D Location',(-460.,-71.5,-8.5)) ;
#2290=CARTESIAN_POINT('Line Origine',(-452.660793612,-71.5,6.72480158329)) ;
#2294=CARTESIAN_POINT('Vertex',(-454.111216868,-71.5,0.384920641099)) ;
#2297=CARTESIAN_POINT('Axis2P3D Location',(-458.985290936,-71.5,1.5)) ;
#2315=CARTESIAN_POINT('Axis2P3D Location',(-455.,-47.5,-3.5)) ;
#2320=CARTESIAN_POINT('Line Origine',(-454.111216868,-73.5629639944,0.384920641099)) ;
#2324=CARTESIAN_POINT('Vertex',(-454.111216868,-75.6259279888,0.384920641099)) ;
#2328=CARTESIAN_POINT('Control Point',(-453.856111599,-75.5,1.5)) ;
#2329=CARTESIAN_POINT('Control Point',(-453.907542559,-75.5,1.27519240495)) ;
#2330=CARTESIAN_POINT('Control Point',(-453.9589735,-75.5126346137,1.05038489266)) ;
#2331=CARTESIAN_POINT('Control Point',(-454.010200374,-75.53790529,0.826469367003)) ;
#2332=CARTESIAN_POINT('Control Point',(-454.061016408,-75.5757274203,0.604349649335)) ;
#2333=CARTESIAN_POINT('Control Point',(-454.111216868,-75.6259279888,0.384920641099)) ;
#2343=CARTESIAN_POINT('Axis2P3D Location',(-471.,-88.7,-3.5)) ;
#2347=CARTESIAN_POINT('Vertex',(-458.985290936,-78.1336966679,-3.5)) ;
#2350=CARTESIAN_POINT('Line Origine',(-458.985290936,-74.816848334,-3.5)) ;
#2367=CARTESIAN_POINT('Axis2P3D Location',(-458.985290936,-83.6,1.5)) ;
#2373=CARTESIAN_POINT('Control Point',(-458.985290936,-78.1336966679,-3.5)) ;
#2374=CARTESIAN_POINT('Control Point',(-458.613254473,-78.5567310743,-3.5)) ;
#2375=CARTESIAN_POINT('Control Point',(-458.263913858,-78.999234727,-3.45870271429)) ;
#2376=CARTESIAN_POINT('Control Point',(-457.940871401,-79.4555808035,-3.38970222353)) ;
#2377=CARTESIAN_POINT('Vertex',(-457.940873131,-79.4555851769,-3.38970096925)) ;
#2381=CARTESIAN_POINT('Control Point',(-454.111216868,-75.6259279888,0.384920641099)) ;
#2382=CARTESIAN_POINT('Control Point',(-454.23882063,-75.7535317329,-0.172842520905)) ;
#2383=CARTESIAN_POINT('Control Point',(-454.442428471,-75.9571392009,-0.695829168466)) ;
#2384=CARTESIAN_POINT('Control Point',(-454.707708056,-76.2224167172,-1.16374241747)) ;
#2385=CARTESIAN_POINT('Control Point',(-455.422112246,-76.9368218596,-2.1262275824)) ;
#2386=CARTESIAN_POINT('Control Point',(-456.298775077,-77.8134833919,-2.78386310326)) ;
#2387=CARTESIAN_POINT('Control Point',(-456.831414892,-78.3461335518,-3.06915009459)) ;
#2388=CARTESIAN_POINT('Control Point',(-457.381703966,-78.8964151137,-3.27026644494)) ;
#2389=CARTESIAN_POINT('Control Point',(-457.940871401,-79.4555808035,-3.38970222353)) ;
#2399=CARTESIAN_POINT('Axis2P3D Location',(-471.,-88.7,-5.38999999999)) ;
#2404=CARTESIAN_POINT('Axis2P3D Location',(-471.,-88.7,-3.5)) ;
#2408=CARTESIAN_POINT('Vertex',(-455.,-88.7,-3.5)) ;
#2410=CARTESIAN_POINT('Vertex',(-457.261004404,-80.5,-3.5)) ;
#2414=CARTESIAN_POINT('Control Point',(-457.261004404,-80.5,-3.5)) ;
#2415=CARTESIAN_POINT('Control Point',(-457.475023848,-80.141413146,-3.5)) ;
#2416=CARTESIAN_POINT('Control Point',(-457.7031259,-79.791438913,-3.46143781957)) ;
#2417=CARTESIAN_POINT('Control Point',(-457.940873131,-79.4555851769,-3.38970096925)) ;
#2419=CARTESIAN_POINT('Axis2P3D Location',(-471.,-88.7,-8.5)) ;
#2423=CARTESIAN_POINT('Vertex',(-455.,-88.7,-8.5)) ;
#2426=CARTESIAN_POINT('Line Origine',(-455.,-88.7,-5.38999999999)) ;
#2441=CARTESIAN_POINT('Axis2P3D Location',(-455.5,-80.5,1.5)) ;
#2446=CARTESIAN_POINT('Line Origine',(-455.5,-80.5,-3.5)) ;
#2460=CARTESIAN_POINT('Axis2P3D Location',(-425.,-51.5,-8.5)) ;
#2465=CARTESIAN_POINT('Axis2P3D Location',(-458.985290936,-51.5,1.5)) ;
#2469=CARTESIAN_POINT('Vertex',(-454.111216868,-51.5,0.384920641099)) ;
#2472=CARTESIAN_POINT('Line Origine',(-452.660793612,-51.5,6.72480158329)) ;
#2490=CARTESIAN_POINT('Line Origine',(-454.111216868,-49.4370360056,0.384920641099)) ;
#2494=CARTESIAN_POINT('Vertex',(-454.111216868,-47.3740720112,0.384920641099)) ;
#2498=CARTESIAN_POINT('Control Point',(-453.856111599,-47.5,1.5)) ;
#2499=CARTESIAN_POINT('Control Point',(-453.907542559,-47.5,1.27519240495)) ;
#2500=CARTESIAN_POINT('Control Point',(-453.9589735,-47.4873653863,1.05038489266)) ;
#2501=CARTESIAN_POINT('Control Point',(-454.010200374,-47.46209471,0.826469367006)) ;
#2502=CARTESIAN_POINT('Control Point',(-454.061016408,-47.4242725797,0.604349649337)) ;
#2503=CARTESIAN_POINT('Control Point',(-454.111216868,-47.3740720112,0.384920641099)) ;
#2513=CARTESIAN_POINT('Axis2P3D Location',(-471.,-34.3,-3.5)) ;
#2517=CARTESIAN_POINT('Vertex',(-458.985290936,-44.8663033321,-3.5)) ;
#2520=CARTESIAN_POINT('Line Origine',(-458.985290936,-48.183151666,-3.5)) ;
#2537=CARTESIAN_POINT('Axis2P3D Location',(-458.985290936,-39.4,1.5)) ;
#2543=CARTESIAN_POINT('Control Point',(-454.111216868,-47.3740720112,0.384920641099)) ;
#2544=CARTESIAN_POINT('Control Point',(-454.23882063,-47.2464682671,-0.172842520901)) ;
#2545=CARTESIAN_POINT('Control Point',(-454.442428471,-47.0428607991,-0.695829168461)) ;
#2546=CARTESIAN_POINT('Control Point',(-454.707708056,-46.7775832828,-1.16374241747)) ;
#2547=CARTESIAN_POINT('Control Point',(-455.422112246,-46.0631781404,-2.12622758241)) ;
#2548=CARTESIAN_POINT('Control Point',(-456.298775077,-45.1865166081,-2.78386310325)) ;
#2549=CARTESIAN_POINT('Control Point',(-456.831414892,-44.6538664482,-3.06915009461)) ;
#2550=CARTESIAN_POINT('Control Point',(-457.381703966,-44.1035848863,-3.27026644495)) ;
#2551=CARTESIAN_POINT('Control Point',(-457.940871401,-43.5444191965,-3.38970222353)) ;
#2552=CARTESIAN_POINT('Vertex',(-457.940873131,-43.5444148231,-3.38970096925)) ;
#2556=CARTESIAN_POINT('Control Point',(-458.985290936,-44.8663033321,-3.5)) ;
#2557=CARTESIAN_POINT('Control Point',(-458.613254473,-44.4432689256,-3.5)) ;
#2558=CARTESIAN_POINT('Control Point',(-458.263913858,-44.000765273,-3.45870271429)) ;
#2559=CARTESIAN_POINT('Control Point',(-457.940871401,-43.5444191965,-3.38970222353)) ;
#2569=CARTESIAN_POINT('Axis2P3D Location',(-471.,-34.3,-5.38999999999)) ;
#2575=CARTESIAN_POINT('Control Point',(-457.261004404,-42.5,-3.5)) ;
#2576=CARTESIAN_POINT('Control Point',(-457.475023848,-42.858586854,-3.5)) ;
#2577=CARTESIAN_POINT('Control Point',(-457.7031259,-43.208561087,-3.46143781957)) ;
#2578=CARTESIAN_POINT('Control Point',(-457.940873131,-43.5444148231,-3.38970096925)) ;
#2579=CARTESIAN_POINT('Vertex',(-457.261004404,-42.5,-3.5)) ;
#2582=CARTESIAN_POINT('Axis2P3D Location',(-471.,-34.3,-3.5)) ;
#2586=CARTESIAN_POINT('Vertex',(-455.,-34.3,-3.5)) ;
#2589=CARTESIAN_POINT('Line Origine',(-455.,-34.3,-5.38999999999)) ;
#2593=CARTESIAN_POINT('Vertex',(-455.,-34.3,-8.5)) ;
#2596=CARTESIAN_POINT('Axis2P3D Location',(-471.,-34.3,-8.5)) ;
#2611=CARTESIAN_POINT('Axis2P3D Location',(-453.,-42.5,1.5)) ;
#2616=CARTESIAN_POINT('Line Origine',(-453.,-42.5,-3.5)) ;
#2630=CARTESIAN_POINT('Axis2P3D Location',(-433.,-32.5,-6.)) ;
#2635=CARTESIAN_POINT('Axis2P3D Location',(-433.,-32.5,-3.5)) ;
#2639=CARTESIAN_POINT('Vertex',(-433.,-24.5,-3.5)) ;
#2641=CARTESIAN_POINT('Vertex',(-425.,-32.5,-3.5)) ;
#2644=CARTESIAN_POINT('Line Origine',(-425.,-32.5,-6.)) ;
#2648=CARTESIAN_POINT('Vertex',(-425.,-32.5,-8.5)) ;
#2651=CARTESIAN_POINT('Axis2P3D Location',(-433.,-32.5,-8.5)) ;
#2655=CARTESIAN_POINT('Vertex',(-433.,-24.5,-8.5)) ;
#2658=CARTESIAN_POINT('Line Origine',(-433.,-24.5,-6.)) ;
#2670=CARTESIAN_POINT('Axis2P3D Location',(-455.,-24.5,-8.5)) ;
#2675=CARTESIAN_POINT('Line Origine',(-455.,-33.4,-8.5)) ;
#2679=CARTESIAN_POINT('Vertex',(-455.,-32.5,-8.5)) ;
#2682=CARTESIAN_POINT('Line Origine',(-455.,-33.4,-3.5)) ;
#2686=CARTESIAN_POINT('Vertex',(-455.,-32.5,-3.5)) ;
#2689=CARTESIAN_POINT('Line Origine',(-455.,-32.5,-6.)) ;
#2701=CARTESIAN_POINT('Axis2P3D Location',(-425.,-24.5,-8.5)) ;
#2706=CARTESIAN_POINT('Line Origine',(-440.,-24.5,-3.5)) ;
#2710=CARTESIAN_POINT('Vertex',(-447.,-24.5,-3.5)) ;
#2713=CARTESIAN_POINT('Line Origine',(-440.,-24.5,-8.5)) ;
#2717=CARTESIAN_POINT('Vertex',(-447.,-24.5,-8.5)) ;
#2720=CARTESIAN_POINT('Line Origine',(-447.,-24.5,-6.)) ;
#2732=CARTESIAN_POINT('Line Origine',(-425.,-37.5,-3.5)) ;
#2737=CARTESIAN_POINT('Axis2P3D Location',(-447.,-32.5,-3.5)) ;
#2756=CARTESIAN_POINT('Axis2P3D Location',(-447.,-32.5,-6.)) ;
#2761=CARTESIAN_POINT('Axis2P3D Location',(-447.,-32.5,-8.5)) ;
#2773=CARTESIAN_POINT('Axis2P3D Location',(-425.,-51.5,-8.5)) ;
#2778=CARTESIAN_POINT('Line Origine',(-425.,-61.5,-8.5)) ;
#2782=CARTESIAN_POINT('Vertex',(-425.,-90.5,-8.5)) ;
#2785=CARTESIAN_POINT('Line Origine',(-425.,-85.5,-3.5)) ;
#2789=CARTESIAN_POINT('Vertex',(-425.,-90.5,-3.5)) ;
#2792=CARTESIAN_POINT('Line Origine',(-425.,-90.5,-6.)) ;
#2812=CARTESIAN_POINT('Axis2P3D Location',(-433.,-90.5,-6.)) ;
#2817=CARTESIAN_POINT('Axis2P3D Location',(-433.,-90.5,-3.5)) ;
#2821=CARTESIAN_POINT('Vertex',(-433.,-98.5,-3.5)) ;
#2824=CARTESIAN_POINT('Line Origine',(-433.,-98.5,-6.)) ;
#2828=CARTESIAN_POINT('Vertex',(-433.,-98.5,-8.5)) ;
#2831=CARTESIAN_POINT('Axis2P3D Location',(-433.,-90.5,-8.5)) ;
#2843=CARTESIAN_POINT('Line Origine',(-455.,-89.6,-3.5)) ;
#2847=CARTESIAN_POINT('Vertex',(-455.,-90.5,-3.5)) ;
#2850=CARTESIAN_POINT('Line Origine',(-455.,-89.6,-8.5)) ;
#2854=CARTESIAN_POINT('Vertex',(-455.,-90.5,-8.5)) ;
#2857=CARTESIAN_POINT('Line Origine',(-455.,-90.5,-6.)) ;
#2869=CARTESIAN_POINT('Axis2P3D Location',(-425.,-98.5,-8.5)) ;
#2874=CARTESIAN_POINT('Line Origine',(-447.,-98.5,-6.)) ;
#2878=CARTESIAN_POINT('Vertex',(-447.,-98.5,-8.5)) ;
#2880=CARTESIAN_POINT('Vertex',(-447.,-98.5,-3.5)) ;
#2883=CARTESIAN_POINT('Line Origine',(-440.,-98.5,-8.5)) ;
#2888=CARTESIAN_POINT('Line Origine',(-440.,-98.5,-3.5)) ;
#2900=CARTESIAN_POINT('Axis2P3D Location',(-447.,-90.5,-3.5)) ;
#2919=CARTESIAN_POINT('Axis2P3D Location',(-440.,-90.5,-8.5)) ;
#2924=CARTESIAN_POINT('Axis2P3D Location',(-447.,-90.5,-8.5)) ;
#2958=CARTESIAN_POINT('Axis2P3D Location',(-447.,-90.5,-6.)) ;
#2974=CARTESIAN_POINT('Axis2P3D Location',(0.,0.,3.11000000001)) ;
#2979=CARTESIAN_POINT('Axis2P3D Location',(0.,0.,5.)) ;
#2983=CARTESIAN_POINT('Vertex',(-3.91874033223E-016,-3.2,5.)) ;
#2985=CARTESIAN_POINT('Vertex',(0.,3.2,5.)) ;
#2988=CARTESIAN_POINT('Line Origine',(7.83748066446E-016,3.2,3.11000000001)) ;
#2992=CARTESIAN_POINT('Vertex',(0.,3.2,0.)) ;
#2995=CARTESIAN_POINT('Axis2P3D Location',(0.,0.,0.)) ;
#2999=CARTESIAN_POINT('Vertex',(-3.91874033223E-016,-3.2,0.)) ;
#3002=CARTESIAN_POINT('Line Origine',(-3.91874033223E-016,-3.2,3.11000000001)) ;
#3014=CARTESIAN_POINT('Axis2P3D Location',(0.,0.,3.11000000001)) ;
#3019=CARTESIAN_POINT('Axis2P3D Location',(0.,0.,5.)) ;
#3024=CARTESIAN_POINT('Axis2P3D Location',(0.,0.,0.)) ;
#3036=CARTESIAN_POINT('Axis2P3D Location',(0.,58.,3.11000000001)) ;
#3041=CARTESIAN_POINT('Axis2P3D Location',(0.,58.,5.)) ;
#3045=CARTESIAN_POINT('Vertex',(-3.91874033223E-016,54.8,5.)) ;
#3047=CARTESIAN_POINT('Vertex',(0.,61.2,5.)) ;
#3050=CARTESIAN_POINT('Line Origine',(7.83748066446E-016,61.2,3.11000000001)) ;
#3054=CARTESIAN_POINT('Vertex',(0.,61.2,0.)) ;
#3057=CARTESIAN_POINT('Axis2P3D Location',(0.,58.,0.)) ;
#3061=CARTESIAN_POINT('Vertex',(-3.91874033223E-016,54.8,0.)) ;
#3064=CARTESIAN_POINT('Line Origine',(-3.91874033223E-016,54.8,3.11000000001)) ;
#3076=CARTESIAN_POINT('Axis2P3D Location',(0.,58.,3.11000000001)) ;
#3081=CARTESIAN_POINT('Axis2P3D Location',(0.,58.,5.)) ;
#3086=CARTESIAN_POINT('Axis2P3D Location',(0.,58.,0.)) ;
#3098=CARTESIAN_POINT('Axis2P3D Location',(-105.,29.,3.11000000001)) ;
#3103=CARTESIAN_POINT('Axis2P3D Location',(-105.,29.,5.)) ;
#3107=CARTESIAN_POINT('Vertex',(-105.,25.8,5.)) ;
#3109=CARTESIAN_POINT('Vertex',(-105.,32.2,5.)) ;
#3112=CARTESIAN_POINT('Line Origine',(-105.,32.2,3.11000000001)) ;
#3116=CARTESIAN_POINT('Vertex',(-105.,32.2,0.)) ;
#3119=CARTESIAN_POINT('Axis2P3D Location',(-105.,29.,0.)) ;
#3123=CARTESIAN_POINT('Vertex',(-105.,25.8,0.)) ;
#3126=CARTESIAN_POINT('Line Origine',(-105.,25.8,3.11000000001)) ;
#3138=CARTESIAN_POINT('Axis2P3D Location',(-105.,29.,3.11000000001)) ;
#3143=CARTESIAN_POINT('Axis2P3D Location',(-105.,29.,5.)) ;
#3148=CARTESIAN_POINT('Axis2P3D Location',(-105.,29.,0.)) ;
#3160=CARTESIAN_POINT('Axis2P3D Location',(-63.606,29.,15.519)) ;
#3165=CARTESIAN_POINT('Line Origine',(-60.856,29.,15.519)) ;
#3169=CARTESIAN_POINT('Vertex',(-60.856,36.2,15.519)) ;
#3171=CARTESIAN_POINT('Vertex',(-60.856,40.2,15.519)) ;
#3174=CARTESIAN_POINT('Axis2P3D Location',(-63.606,40.2,15.519)) ;
#3178=CARTESIAN_POINT('Vertex',(-66.356,40.2,15.519)) ;
#3181=CARTESIAN_POINT('Line Origine',(-66.356,29.,15.519)) ;
#3185=CARTESIAN_POINT('Vertex',(-66.356,36.2,15.519)) ;
#3188=CARTESIAN_POINT('Axis2P3D Location',(-63.606,36.2,15.519)) ;
#3200=CARTESIAN_POINT('Axis2P3D Location',(-63.606,40.2,15.519)) ;
#3205=CARTESIAN_POINT('Axis2P3D Location',(-63.606,36.2,15.519)) ;
#3217=CARTESIAN_POINT('Axis2P3D Location',(-93.502,29.,28.83)) ;
#3222=CARTESIAN_POINT('Line Origine',(-90.752,29.,28.83)) ;
#3226=CARTESIAN_POINT('Vertex',(-90.752,36.2,28.83)) ;
#3228=CARTESIAN_POINT('Vertex',(-90.752,40.2,28.83)) ;
#3231=CARTESIAN_POINT('Axis2P3D Location',(-93.502,40.2,28.83)) ;
#3235=CARTESIAN_POINT('Vertex',(-96.252,40.2,28.83)) ;
#3238=CARTESIAN_POINT('Line Origine',(-96.252,29.,28.83)) ;
#3242=CARTESIAN_POINT('Vertex',(-96.252,36.2,28.83)) ;
#3245=CARTESIAN_POINT('Axis2P3D Location',(-93.502,36.2,28.83)) ;
#3257=CARTESIAN_POINT('Axis2P3D Location',(-93.502,40.2,28.83)) ;
#3262=CARTESIAN_POINT('Axis2P3D Location',(-93.502,36.2,28.83)) ;
#3274=CARTESIAN_POINT('Line Origine',(-66.356,29.,15.519)) ;
#3278=CARTESIAN_POINT('Vertex',(-66.356,17.8,15.519)) ;
#3280=CARTESIAN_POINT('Vertex',(-66.356,21.8,15.519)) ;
#3283=CARTESIAN_POINT('Axis2P3D Location',(-63.606,17.8,15.519)) ;
#3287=CARTESIAN_POINT('Vertex',(-60.856,17.8,15.519)) ;
#3290=CARTESIAN_POINT('Line Origine',(-60.856,29.,15.519)) ;
#3294=CARTESIAN_POINT('Vertex',(-60.856,21.8,15.519)) ;
#3297=CARTESIAN_POINT('Axis2P3D Location',(-63.606,21.8,15.519)) ;
#3309=CARTESIAN_POINT('Axis2P3D Location',(-63.606,17.8,15.519)) ;
#3314=CARTESIAN_POINT('Axis2P3D Location',(-63.606,21.8,15.519)) ;
#3326=CARTESIAN_POINT('Line Origine',(-96.252,29.,28.83)) ;
#3330=CARTESIAN_POINT('Vertex',(-96.252,17.8,28.83)) ;
#3332=CARTESIAN_POINT('Vertex',(-96.252,21.8,28.83)) ;
#3335=CARTESIAN_POINT('Axis2P3D Location',(-93.502,17.8,28.83)) ;
#3339=CARTESIAN_POINT('Vertex',(-90.752,17.8,28.83)) ;
#3342=CARTESIAN_POINT('Line Origine',(-90.752,29.,28.83)) ;
#3346=CARTESIAN_POINT('Vertex',(-90.752,21.8,28.83)) ;
#3349=CARTESIAN_POINT('Axis2P3D Location',(-93.502,21.8,28.83)) ;
#3361=CARTESIAN_POINT('Axis2P3D Location',(-93.502,17.8,28.83)) ;
#3366=CARTESIAN_POINT('Axis2P3D Location',(-93.502,21.8,28.83)) ;
#3378=CARTESIAN_POINT('Axis2P3D Location',(0.,28.4889999996,19.)) ;
#3383=CARTESIAN_POINT('Line Origine',(11.2103703571,28.4889999996,21.5646825255)) ;
#3387=CARTESIAN_POINT('Vertex',(11.2103703571,43.,21.5646825255)) ;
#3389=CARTESIAN_POINT('Vertex',(11.2103703571,39.,21.5646825255)) ;
#3392=CARTESIAN_POINT('Axis2P3D Location',(0.,43.,19.)) ;
#3396=CARTESIAN_POINT('Vertex',(-11.2103703571,43.,21.5646825255)) ;
#3399=CARTESIAN_POINT('Line Origine',(-11.2103703571,28.4889999996,21.5646825255)) ;
#3403=CARTESIAN_POINT('Vertex',(-11.2103703571,39.,21.5646825255)) ;
#3406=CARTESIAN_POINT('Axis2P3D Location',(0.,39.,19.)) ;
#3418=CARTESIAN_POINT('Axis2P3D Location',(0.,29.,19.)) ;
#3423=CARTESIAN_POINT('Line Origine',(-4.,29.,19.)) ;
#3427=CARTESIAN_POINT('Vertex',(-4.,39.,19.)) ;
#3429=CARTESIAN_POINT('Vertex',(-4.,43.,19.)) ;
#3432=CARTESIAN_POINT('Axis2P3D Location',(0.,43.,19.)) ;
#3436=CARTESIAN_POINT('Vertex',(4.,43.,19.)) ;
#3439=CARTESIAN_POINT('Line Origine',(4.,29.,19.)) ;
#3443=CARTESIAN_POINT('Vertex',(4.,39.,19.)) ;
#3446=CARTESIAN_POINT('Axis2P3D Location',(0.,39.,19.)) ;
#3458=CARTESIAN_POINT('Axis2P3D Location',(0.,43.,19.)) ;
#3463=CARTESIAN_POINT('Axis2P3D Location',(0.,39.,19.)) ;
#3475=CARTESIAN_POINT('Line Origine',(-11.2103703571,28.4889999996,21.5646825255)) ;
#3479=CARTESIAN_POINT('Vertex',(-11.2103703571,19.,21.5646825255)) ;
#3481=CARTESIAN_POINT('Vertex',(-11.2103703571,15.,21.5646825255)) ;
#3484=CARTESIAN_POINT('Axis2P3D Location',(0.,15.,19.)) ;
#3488=CARTESIAN_POINT('Vertex',(11.2103703571,15.,21.5646825255)) ;
#3491=CARTESIAN_POINT('Line Origine',(11.2103703571,28.4889999996,21.5646825255)) ;
#3495=CARTESIAN_POINT('Vertex',(11.2103703571,19.,21.5646825255)) ;
#3498=CARTESIAN_POINT('Axis2P3D Location',(0.,19.,19.)) ;
#3510=CARTESIAN_POINT('Line Origine',(4.,29.,19.)) ;
#3514=CARTESIAN_POINT('Vertex',(4.,15.,19.)) ;
#3516=CARTESIAN_POINT('Vertex',(4.,19.,19.)) ;
#3519=CARTESIAN_POINT('Axis2P3D Location',(0.,15.,19.)) ;
#3523=CARTESIAN_POINT('Vertex',(-4.,15.,19.)) ;
#3526=CARTESIAN_POINT('Line Origine',(-4.,29.,19.)) ;
#3530=CARTESIAN_POINT('Vertex',(-4.,19.,19.)) ;
#3533=CARTESIAN_POINT('Axis2P3D Location',(0.,19.,19.)) ;
#3545=CARTESIAN_POINT('Axis2P3D Location',(0.,15.,19.)) ;
#3550=CARTESIAN_POINT('Axis2P3D Location',(0.,19.,19.)) ;
#3562=CARTESIAN_POINT('Axis2P3D Location',(-112.,40.2,0.)) ;
#3567=CARTESIAN_POINT('Line Origine',(-112.,29.,5.)) ;
#3571=CARTESIAN_POINT('Vertex',(-112.,33.7,5.)) ;
#3573=CARTESIAN_POINT('Vertex',(-112.,24.3,5.)) ;
#3576=CARTESIAN_POINT('Axis2P3D Location',(-112.,33.7,7.5)) ;
#3580=CARTESIAN_POINT('Vertex',(-112.,36.2,7.5)) ;
#3583=CARTESIAN_POINT('Line Origine',(-112.,36.2,14.75)) ;
#3587=CARTESIAN_POINT('Vertex',(-112.,36.2,22.)) ;
#3590=CARTESIAN_POINT('Line Origine',(-112.,38.2,22.)) ;
#3594=CARTESIAN_POINT('Vertex',(-112.,40.2,22.)) ;
#3597=CARTESIAN_POINT('Line Origine',(-112.,40.2,11.)) ;
#3601=CARTESIAN_POINT('Vertex',(-112.,40.2,0.)) ;
#3604=CARTESIAN_POINT('Line Origine',(-112.,29.,0.)) ;
#3608=CARTESIAN_POINT('Vertex',(-112.,17.8,0.)) ;
#3611=CARTESIAN_POINT('Line Origine',(-112.,17.8,11.)) ;
#3615=CARTESIAN_POINT('Vertex',(-112.,17.8,22.)) ;
#3618=CARTESIAN_POINT('Line Origine',(-112.,19.8,22.)) ;
#3622=CARTESIAN_POINT('Vertex',(-112.,21.8,22.)) ;
#3625=CARTESIAN_POINT('Line Origine',(-112.,21.8,14.75)) ;
#3629=CARTESIAN_POINT('Vertex',(-112.,21.8,7.5)) ;
#3632=CARTESIAN_POINT('Axis2P3D Location',(-112.,24.3,7.5)) ;
#3650=CARTESIAN_POINT('Axis2P3D Location',(-100.,33.7,20.1580225957)) ;
#3655=CARTESIAN_POINT('Axis2P3D Location',(-100.,33.7,7.5)) ;
#3659=CARTESIAN_POINT('Vertex',(-97.5,33.7,7.5)) ;
#3661=CARTESIAN_POINT('Vertex',(-100.,36.2,7.5)) ;
#3664=CARTESIAN_POINT('Line Origine',(-97.5,33.7,20.1580225957)) ;
#3668=CARTESIAN_POINT('Vertex',(-97.5,33.7,19.5)) ;
#3671=CARTESIAN_POINT('Axis2P3D Location',(-100.,33.7,19.5)) ;
#3675=CARTESIAN_POINT('Vertex',(-100.,36.2,19.5)) ;
#3678=CARTESIAN_POINT('Line Origine',(-100.,36.2,20.1580225957)) ;
#3690=CARTESIAN_POINT('Axis2P3D Location',(0.,0.,5.)) ;
#3695=CARTESIAN_POINT('Line Origine',(-106.,24.3,5.)) ;
#3699=CARTESIAN_POINT('Vertex',(-100.,24.3,5.)) ;
#3702=CARTESIAN_POINT('Line Origine',(-100.,29.,5.)) ;
#3706=CARTESIAN_POINT('Vertex',(-100.,33.7,5.)) ;
#3709=CARTESIAN_POINT('Line Origine',(-106.,33.7,5.)) ;
#3725=CARTESIAN_POINT('Axis2P3D Location',(-97.5,36.2,0.)) ;
#3730=CARTESIAN_POINT('Line Origine',(-97.5,24.3,13.5)) ;
#3734=CARTESIAN_POINT('Vertex',(-97.5,24.3,19.5)) ;
#3736=CARTESIAN_POINT('Vertex',(-97.5,24.3,7.5)) ;
#3739=CARTESIAN_POINT('Line Origine',(-97.5,29.,19.5)) ;
#3744=CARTESIAN_POINT('Line Origine',(-97.5,29.,7.5)) ;
#3756=CARTESIAN_POINT('Axis2P3D Location',(-100.,24.3,20.1580225957)) ;
#3761=CARTESIAN_POINT('Axis2P3D Location',(-100.,24.3,7.5)) ;
#3765=CARTESIAN_POINT('Vertex',(-100.,21.8,7.5)) ;
#3768=CARTESIAN_POINT('Line Origine',(-100.,21.8,20.1580225957)) ;
#3772=CARTESIAN_POINT('Vertex',(-100.,21.8,19.5)) ;
#3775=CARTESIAN_POINT('Axis2P3D Location',(-100.,24.3,19.5)) ;
#3787=CARTESIAN_POINT('Axis2P3D Location',(-100.,24.3,7.5)) ;
#3792=CARTESIAN_POINT('Axis2P3D Location',(-100.,24.3,7.5)) ;
#3797=CARTESIAN_POINT('Axis2P3D Location',(-100.,24.3,7.5)) ;
#3808=CARTESIAN_POINT('Axis2P3D Location',(-100.,29.,7.5)) ;
#3813=CARTESIAN_POINT('Axis2P3D Location',(-100.,33.7,7.5)) ;
#3825=CARTESIAN_POINT('Axis2P3D Location',(-100.,33.7,7.5)) ;
#3830=CARTESIAN_POINT('Axis2P3D Location',(-100.,33.7,7.5)) ;
#3841=CARTESIAN_POINT('Axis2P3D Location',(-68.8261694253,33.7,7.5)) ;
#3846=CARTESIAN_POINT('Line Origine',(-68.8261694253,36.2,7.5)) ;
#3858=CARTESIAN_POINT('Axis2P3D Location',(-68.8261694253,24.3,7.5)) ;
#3863=CARTESIAN_POINT('Line Origine',(-68.8261694253,21.8,7.5)) ;
#3875=CARTESIAN_POINT('Axis2P3D Location',(-32.7405182954,28.9999999982,5.)) ;
#3880=CARTESIAN_POINT('Line Origine',(-33.9620267178,31.1812650381,5.)) ;
#3884=CARTESIAN_POINT('Vertex',(-20.5691695717,38.6812650399,5.)) ;
#3886=CARTESIAN_POINT('Vertex',(-24.4308304283,36.5187349601,5.)) ;
#3889=CARTESIAN_POINT('Axis2P3D Location',(-23.209322006,34.3374699203,5.)) ;
#3893=CARTESIAN_POINT('Vertex',(-23.209322006,34.3374699203,2.5)) ;
#3896=CARTESIAN_POINT('Line Origine',(-32.7405182954,28.9999999982,2.5)) ;
#3900=CARTESIAN_POINT('Vertex',(-19.3476611493,36.5,2.5)) ;
#3903=CARTESIAN_POINT('Axis2P3D Location',(-19.3476611493,36.5,5.)) ;
#3915=CARTESIAN_POINT('Axis2P3D Location',(-25.6523388507,38.7,5.)) ;
#3920=CARTESIAN_POINT('Axis2P3D Location',(-25.6523388507,38.7,5.)) ;
#3924=CARTESIAN_POINT('Vertex',(-25.6523388507,36.2,5.)) ;
#3927=CARTESIAN_POINT('Axis2P3D Location',(-25.6523388507,33.7,5.)) ;
#3931=CARTESIAN_POINT('Vertex',(-25.6523388507,33.7,2.5)) ;
#3934=CARTESIAN_POINT('Axis2P3D Location',(-25.6523388507,38.7,2.5)) ;
#3946=CARTESIAN_POINT('Axis2P3D Location',(-46.4347661149,33.7,5.)) ;
#3951=CARTESIAN_POINT('Line Origine',(-46.4347661149,36.2,5.)) ;
#3955=CARTESIAN_POINT('Vertex',(-41.,36.2,5.)) ;
#3958=CARTESIAN_POINT('Line Origine',(-46.4347661149,36.2,5.)) ;
#3962=CARTESIAN_POINT('Vertex',(-46.,36.2,5.)) ;
#3965=CARTESIAN_POINT('Line Origine',(-46.4347661149,36.2,5.)) ;
#3969=CARTESIAN_POINT('Vertex',(-92.,36.2,5.)) ;
#3972=CARTESIAN_POINT('Axis2P3D Location',(-92.,33.7,5.)) ;
#3976=CARTESIAN_POINT('Vertex',(-92.,33.7,2.5)) ;
#3979=CARTESIAN_POINT('Line Origine',(-46.4347661149,33.7,2.5)) ;
#3993=CARTESIAN_POINT('Axis2P3D Location',(-92.,33.7,5.)) ;
#3998=CARTESIAN_POINT('Axis2P3D Location',(-92.,33.7,5.)) ;
#4002=CARTESIAN_POINT('Vertex',(-94.5,33.7,5.)) ;
#4005=CARTESIAN_POINT('Axis2P3D Location',(-92.,33.7,5.)) ;
#4016=CARTESIAN_POINT('Axis2P3D Location',(-92.,33.7,20.1580225957)) ;
#4021=CARTESIAN_POINT('Axis2P3D Location',(-92.,33.7,19.5)) ;
#4025=CARTESIAN_POINT('Vertex',(-94.5,33.7,19.5)) ;
#4027=CARTESIAN_POINT('Vertex',(-92.,36.2,19.5)) ;
#4030=CARTESIAN_POINT('Line Origine',(-94.5,33.7,20.1580225957)) ;
#4035=CARTESIAN_POINT('Line Origine',(-92.,36.2,20.1580225957)) ;
#4047=CARTESIAN_POINT('Axis2P3D Location',(-19.3476611493,36.5,5.)) ;
#4053=CARTESIAN_POINT('Control Point',(-19.3476611493,39.,5.)) ;
#4054=CARTESIAN_POINT('Control Point',(-19.7730636878,39.,5.)) ;
#4055=CARTESIAN_POINT('Control Point',(-20.1980032976,38.8891181533,5.)) ;
#4056=CARTESIAN_POINT('Control Point',(-20.5691695717,38.6812650399,5.)) ;
#4057=CARTESIAN_POINT('Vertex',(-19.3476611493,39.,5.)) ;
#4061=CARTESIAN_POINT('Control Point',(-19.3476611493,39.,5.)) ;
#4062=CARTESIAN_POINT('Control Point',(-19.3476611493,39.,4.95203147643)) ;
#4063=CARTESIAN_POINT('Control Point',(-19.3476611493,38.9988495104,4.90406295285)) ;
#4064=CARTESIAN_POINT('Control Point',(-19.3484086742,38.9965607049,4.85602511329)) ;
#4065=CARTESIAN_POINT('Control Point',(-19.3469136245,38.9895481379,4.75864388336)) ;
#4066=CARTESIAN_POINT('Control Point',(-19.3484086742,38.9774462362,4.65935245507)) ;
#4067=CARTESIAN_POINT('Control Point',(-19.3494869027,38.970120621,4.6092672923)) ;
#4068=CARTESIAN_POINT('Control Point',(-19.3467349644,38.956418445,4.53049063178)) ;
#4069=CARTESIAN_POINT('Control Point',(-19.3481309929,38.9390390563,4.45023568747)) ;
#4070=CARTESIAN_POINT('Control Point',(-19.3483142171,38.9327197028,4.42282249029)) ;
#4071=CARTESIAN_POINT('Control Point',(-19.3470268492,38.9190183488,4.36719744691)) ;
#4072=CARTESIAN_POINT('Control Point',(-19.3482772211,38.9034428622,4.31100993936)) ;
#4073=CARTESIAN_POINT('Control Point',(-19.3484766121,38.8952024929,4.28277765059)) ;
#4074=CARTESIAN_POINT('Control Point',(-19.3468336226,38.876945627,4.22375833101)) ;
#4075=CARTESIAN_POINT('Control Point',(-19.3485009185,38.8565511732,4.16443341139)) ;
#4076=CARTESIAN_POINT('Control Point',(-19.3487461135,38.8455136938,4.13378249829)) ;
#4077=CARTESIAN_POINT('Control Point',(-19.3465761851,38.8210281239,4.06950660079)) ;
#4078=CARTESIAN_POINT('Control Point',(-19.3487461135,38.7940365157,4.00540613632)) ;
#4079=CARTESIAN_POINT('Control Point',(-19.3490304869,38.7794984509,3.97232202546)) ;
#4080=CARTESIAN_POINT('Control Point',(-19.3469764805,38.7550714625,3.91976670091)) ;
#4081=CARTESIAN_POINT('Control Point',(-19.3480034837,38.7290352039,3.86776051322)) ;
#4082=CARTESIAN_POINT('Control Point',(-19.3480425245,38.7199632974,3.85004380968)) ;
#4083=CARTESIAN_POINT('Control Point',(-19.3472797742,38.7007891351,3.81358167784)) ;
#4084=CARTESIAN_POINT('Control Point',(-19.3480425245,38.6808564378,3.77750155212)) ;
#4085=CARTESIAN_POINT('Control Point',(-19.3480834989,38.6704210695,3.7590327082)) ;
#4086=CARTESIAN_POINT('Control Point',(-19.3472387997,38.6483121819,3.72095161343)) ;
#4087=CARTESIAN_POINT('Control Point',(-19.3480834989,38.6254043898,3.68342079764)) ;
#4088=CARTESIAN_POINT('Control Point',(-19.3481257994,38.6133903702,3.66417880737)) ;
#4089=CARTESIAN_POINT('Control Point',(-19.3471964993,38.5878778839,3.62444396332)) ;
#4090=CARTESIAN_POINT('Control Point',(-19.3481257994,38.5615313351,3.58546203174)) ;
#4091=CARTESIAN_POINT('Control Point',(-19.3481684498,38.5476894868,3.56544897793)) ;
#4092=CARTESIAN_POINT('Control Point',(-19.3471464532,38.5180193749,3.52378061733)) ;
#4093=CARTESIAN_POINT('Control Point',(-19.3481833488,38.4874754641,3.48312057817)) ;
#4094=CARTESIAN_POINT('Control Point',(-19.3482267023,38.471274342,3.4620663581)) ;
#4095=CARTESIAN_POINT('Control Point',(-19.347111849,38.4372014145,3.41914183065)) ;
#4096=CARTESIAN_POINT('Control Point',(-19.348194664,38.4022513545,3.37749786587)) ;
#4097=CARTESIAN_POINT('Control Point',(-19.3482312823,38.3841117327,3.35640674956)) ;
#4098=CARTESIAN_POINT('Control Point',(-19.3470825818,38.345158174,3.31254001651)) ;
#4099=CARTESIAN_POINT('Control Point',(-19.3482482762,38.3053395362,3.27025188406)) ;
#4100=CARTESIAN_POINT('Control Point',(-19.3482804536,38.284174194,3.24835586104)) ;
#4101=CARTESIAN_POINT('Control Point',(-19.3470418451,38.2390017009,3.20322761882)) ;
#4102=CARTESIAN_POINT('Control Point',(-19.3482804536,38.1929691748,3.1600700157)) ;
#4103=CARTESIAN_POINT('Control Point',(-19.3483027523,38.1686621288,3.1379159277)) ;
#4104=CARTESIAN_POINT('Control Point',(-19.3470195463,38.1168339802,3.09244147062)) ;
#4105=CARTESIAN_POINT('Control Point',(-19.3483027523,38.0641852686,3.04934565734)) ;
#4106=CARTESIAN_POINT('Control Point',(-19.3483105694,38.0363837148,3.0272848463)) ;
#4107=CARTESIAN_POINT('Control Point',(-19.3470117292,37.977246875,2.98229258005)) ;
#4108=CARTESIAN_POINT('Control Point',(-19.3483105694,37.9173522485,2.94011774438)) ;
#4109=CARTESIAN_POINT('Control Point',(-19.3482987061,37.8857520996,2.91863289803)) ;
#4110=CARTESIAN_POINT('Control Point',(-19.3470235925,37.8188125708,2.87522866932)) ;
#4111=CARTESIAN_POINT('Control Point',(-19.3482987061,37.7512006263,2.83509736433)) ;
#4112=CARTESIAN_POINT('Control Point',(-19.3482619534,37.715602,2.81481265411)) ;
#4113=CARTESIAN_POINT('Control Point',(-19.3470603453,37.6406493249,2.77437925968)) ;
#4114=CARTESIAN_POINT('Control Point',(-19.3482619534,37.5651284581,2.73767102455)) ;
#4115=CARTESIAN_POINT('Control Point',(-19.3481960811,37.5255053259,2.71934192973)) ;
#4116=CARTESIAN_POINT('Control Point',(-19.3471262175,37.4427525355,2.68348637379)) ;
#4117=CARTESIAN_POINT('Control Point',(-19.3481960811,37.359547947,2.65178002326)) ;
#4118=CARTESIAN_POINT('Control Point',(-19.3480991594,37.316122122,2.63625149796)) ;
#4119=CARTESIAN_POINT('Control Point',(-19.3472231393,37.2263315582,2.60668274462)) ;
#4120=CARTESIAN_POINT('Control Point',(-19.3480991594,37.1362094807,2.5816314912)) ;
#4121=CARTESIAN_POINT('Control Point',(-19.347972897,37.0895095157,2.56975736937)) ;
#4122=CARTESIAN_POINT('Control Point',(-19.3470376539,36.9463360304,2.53726189337)) ;
#4123=CARTESIAN_POINT('Control Point',(-19.3489081401,36.8026796142,2.51557387485)) ;
#4124=CARTESIAN_POINT('Control Point',(-19.3476611493,36.7009293768,2.50504657681)) ;
#4125=CARTESIAN_POINT('Control Point',(-19.3476611493,36.6004646884,2.5)) ;
#4126=CARTESIAN_POINT('Control Point',(-19.3476611493,36.5,2.5)) ;
#4134=CARTESIAN_POINT('Axis2P3D Location',(0.,0.,19.5)) ;
#4139=CARTESIAN_POINT('Line Origine',(-96.,21.8,19.5)) ;
#4143=CARTESIAN_POINT('Vertex',(-92.,21.8,19.5)) ;
#4146=CARTESIAN_POINT('Axis2P3D Location',(-92.,24.3,19.5)) ;
#4150=CARTESIAN_POINT('Vertex',(-94.5,24.3,19.5)) ;
#4153=CARTESIAN_POINT('Line Origine',(-94.5,29.,19.5)) ;
#4158=CARTESIAN_POINT('Line Origine',(-96.,36.2,19.5)) ;
#4174=CARTESIAN_POINT('Axis2P3D Location',(-94.5,36.2,0.)) ;
#4179=CARTESIAN_POINT('Line Origine',(-94.5,24.3,12.25)) ;
#4183=CARTESIAN_POINT('Vertex',(-94.5,24.3,5.)) ;
#4186=CARTESIAN_POINT('Line Origine',(-94.5,29.,5.)) ;
#4198=CARTESIAN_POINT('Axis2P3D Location',(-92.,29.0001293578,5.)) ;
#4203=CARTESIAN_POINT('Axis2P3D Location',(-92.,24.3,5.)) ;
#4207=CARTESIAN_POINT('Vertex',(-92.,24.3,2.5)) ;
#4210=CARTESIAN_POINT('Line Origine',(-92.,29.0001293578,2.5)) ;
#4222=CARTESIAN_POINT('Axis2P3D Location',(0.,0.,2.5)) ;
#4227=CARTESIAN_POINT('Line Origine',(-2.17383057466,21.5,2.5)) ;
#4231=CARTESIAN_POINT('Vertex',(15.,21.5,2.5)) ;
#4233=CARTESIAN_POINT('Vertex',(-19.3476611493,21.5,2.5)) ;
#4236=CARTESIAN_POINT('Line Origine',(15.,29.,2.5)) ;
#4240=CARTESIAN_POINT('Vertex',(15.,36.5,2.5)) ;
#4243=CARTESIAN_POINT('Line Origine',(-2.17383057466,36.5,2.5)) ;
#4248=CARTESIAN_POINT('Line Origine',(-58.8261694253,24.3,2.5)) ;
#4252=CARTESIAN_POINT('Vertex',(-25.6523388507,24.3,2.5)) ;
#4255=CARTESIAN_POINT('Axis2P3D Location',(-25.6523388507,19.3,2.5)) ;
#4259=CARTESIAN_POINT('Vertex',(-23.209322006,23.6625300797,2.5)) ;
#4262=CARTESIAN_POINT('Line Origine',(-21.2784915777,22.5812650399,2.5)) ;
#4280=CARTESIAN_POINT('Axis2P3D Location',(-32.7402872929,28.9998706404,5.)) ;
#4285=CARTESIAN_POINT('Axis2P3D Location',(-23.209322006,23.6625300797,5.)) ;
#4289=CARTESIAN_POINT('Vertex',(-24.4308304283,21.4812650399,5.)) ;
#4292=CARTESIAN_POINT('Line Origine',(-33.9617957152,26.8186056005,5.)) ;
#4296=CARTESIAN_POINT('Vertex',(-20.5691695717,19.3187349601,5.)) ;
#4299=CARTESIAN_POINT('Axis2P3D Location',(-19.3476611493,21.5,5.)) ;
#4311=CARTESIAN_POINT('Axis2P3D Location',(-25.6523388507,19.3,5.)) ;
#4316=CARTESIAN_POINT('Axis2P3D Location',(-25.6523388507,24.3,5.)) ;
#4320=CARTESIAN_POINT('Vertex',(-25.6523388507,21.8,5.)) ;
#4323=CARTESIAN_POINT('Axis2P3D Location',(-25.6523388507,19.3,5.)) ;
#4335=CARTESIAN_POINT('Axis2P3D Location',(-46.4347661149,24.3,5.)) ;
#4340=CARTESIAN_POINT('Axis2P3D Location',(-92.,24.3,5.)) ;
#4344=CARTESIAN_POINT('Vertex',(-92.,21.8,5.)) ;
#4347=CARTESIAN_POINT('Line Origine',(-46.4347661149,21.8,5.)) ;
#4351=CARTESIAN_POINT('Vertex',(-46.,21.8,5.)) ;
#4354=CARTESIAN_POINT('Line Origine',(-46.4347661149,21.8,5.)) ;
#4358=CARTESIAN_POINT('Vertex',(-41.,21.8,5.)) ;
#4361=CARTESIAN_POINT('Line Origine',(-46.4347661149,21.8,5.)) ;
#4375=CARTESIAN_POINT('Axis2P3D Location',(-92.,24.3,5.)) ;
#4380=CARTESIAN_POINT('Axis2P3D Location',(-92.,24.3,5.)) ;
#4391=CARTESIAN_POINT('Axis2P3D Location',(-92.,24.3,20.1580225957)) ;
#4396=CARTESIAN_POINT('Line Origine',(-92.,21.8,20.1580225957)) ;
#4408=CARTESIAN_POINT('Axis2P3D Location',(-19.3476611493,21.5,5.)) ;
#4414=CARTESIAN_POINT('Control Point',(-19.3476611493,19.,5.)) ;
#4415=CARTESIAN_POINT('Control Point',(-19.7730636878,19.,5.)) ;
#4416=CARTESIAN_POINT('Control Point',(-20.1980032977,19.1108818467,5.)) ;
#4417=CARTESIAN_POINT('Control Point',(-20.5691695717,19.3187349601,5.)) ;
#4418=CARTESIAN_POINT('Vertex',(-19.3476611493,19.,5.)) ;
#4422=CARTESIAN_POINT('Control Point',(-19.3476611493,19.,5.)) ;
#4423=CARTESIAN_POINT('Control Point',(-19.3476611493,19.,4.95203147643)) ;
#4424=CARTESIAN_POINT('Control Point',(-19.3476611493,19.0011504896,4.90406295285)) ;
#4425=CARTESIAN_POINT('Control Point',(-19.3471576811,19.0034601986,4.85581003224)) ;
#4426=CARTESIAN_POINT('Control Point',(-19.3481646175,19.0104309586,4.7588589644)) ;
#4427=CARTESIAN_POINT('Control Point',(-19.3471576811,19.0225746674,4.65913737402)) ;
#4428=CARTESIAN_POINT('Control Point',(-19.3468460186,19.0300649409,4.60835042183)) ;
#4429=CARTESIAN_POINT('Control Point',(-19.3484762801,19.0478750345,4.50565656157)) ;
#4430=CARTESIAN_POINT('Control Point',(-19.3468460186,19.0729015678,4.39669251622)) ;
#4431=CARTESIAN_POINT('Control Point',(-19.3467014539,19.0874395005,4.34074196118)) ;
#4432=CARTESIAN_POINT('Control Point',(-19.3486208447,19.120534979,4.22670180152)) ;
#4433=CARTESIAN_POINT('Control Point',(-19.3467014539,19.1652781274,4.10232007344)) ;
#4434=CARTESIAN_POINT('Control Point',(-19.3467213846,19.1908559092,4.03811993526)) ;
#4435=CARTESIAN_POINT('Control Point',(-19.3486009141,19.2487167266,3.906035994)) ;
#4436=CARTESIAN_POINT('Control Point',(-19.3467213846,19.3268550303,3.75977735762)) ;
#4437=CARTESIAN_POINT('Control Point',(-19.346914247,19.3713967382,3.6842439071)) ;
#4438=CARTESIAN_POINT('Control Point',(-19.3484080516,19.4730216778,3.52789703896)) ;
#4439=CARTESIAN_POINT('Control Point',(-19.346914247,19.6104847833,3.35728438438)) ;
#4440=CARTESIAN_POINT('Control Point',(-19.3472549774,19.688787747,3.27029134734)) ;
#4441=CARTESIAN_POINT('Control Point',(-19.3480673213,19.8690008536,3.09292145652)) ;
#4442=CARTESIAN_POINT('Control Point',(-19.3472549774,20.1066951881,2.9160102659)) ;
#4443=CARTESIAN_POINT('Control Point',(-19.3475781231,20.2404908877,2.83085505154)) ;
#4444=CARTESIAN_POINT('Control Point',(-19.3477441755,20.5423151827,2.67331611169)) ;
#4445=CARTESIAN_POINT('Control Point',(-19.3475781231,20.9043204032,2.56060742564)) ;
#4446=CARTESIAN_POINT('Control Point',(-19.3476611493,21.0981412464,2.52018630723)) ;
#4447=CARTESIAN_POINT('Control Point',(-19.3476611493,21.2990706232,2.5)) ;
#4448=CARTESIAN_POINT('Control Point',(-19.3476611493,21.5,2.5)) ;
#4456=CARTESIAN_POINT('Axis2P3D Location',(15.,43.,5.)) ;
#4462=CARTESIAN_POINT('Control Point',(13.8561115986,15.,10.)) ;
#4463=CARTESIAN_POINT('Control Point',(13.9642380015,15.,9.5273734622)) ;
#4464=CARTESIAN_POINT('Control Point',(14.0723643208,14.9441560389,9.05474729019)) ;
#4465=CARTESIAN_POINT('Control Point',(14.178594492,14.8324546528,8.59040928701)) ;
#4466=CARTESIAN_POINT('Control Point',(14.3826870651,14.5017691219,7.69830926756)) ;
#4467=CARTESIAN_POINT('Control Point',(14.5643197489,13.9694460611,6.90438267646)) ;
#4468=CARTESIAN_POINT('Control Point',(14.6474828538,13.6574444672,6.54087210657)) ;
#4469=CARTESIAN_POINT('Control Point',(14.7948975906,12.9543687653,5.8965140707)) ;
#4470=CARTESIAN_POINT('Control Point',(14.9011437786,12.1153250034,5.4321060571)) ;
#4471=CARTESIAN_POINT('Control Point',(14.9424889833,11.6712816538,5.25138386149)) ;
#4472=CARTESIAN_POINT('Control Point',(14.980371759,11.065347348,5.08579613613)) ;
#4473=CARTESIAN_POINT('Control Point',(14.9962318233,10.4442937525,5.01647091062)) ;
#4474=CARTESIAN_POINT('Control Point',(14.9987439416,10.2963862298,5.00549030134)) ;
#4475=CARTESIAN_POINT('Control Point',(15.,10.1481931354,5.)) ;
#4476=CARTESIAN_POINT('Control Point',(15.,10.,5.)) ;
#4477=CARTESIAN_POINT('Vertex',(13.8561115986,15.,10.)) ;
#4479=CARTESIAN_POINT('Vertex',(15.,10.,5.)) ;
#4482=CARTESIAN_POINT('Line Origine',(15.,12.5,5.)) ;
#4486=CARTESIAN_POINT('Vertex',(15.,15.,5.)) ;
#4489=CARTESIAN_POINT('Line Origine',(15.,17.,5.)) ;
#4493=CARTESIAN_POINT('Vertex',(15.,19.,5.)) ;
#4496=CARTESIAN_POINT('Line Origine',(13.1051851786,19.,13.2823412627)) ;
#4501=CARTESIAN_POINT('Line Origine',(12.5332409778,15.,15.7823412627)) ;
#4515=CARTESIAN_POINT('Axis2P3D Location',(15.,15.,5.)) ;
#4520=CARTESIAN_POINT('Line Origine',(-3.5527136788E-015,15.,10.)) ;
#4524=CARTESIAN_POINT('Vertex',(-13.8561115986,15.,10.)) ;
#4527=CARTESIAN_POINT('Line Origine',(-12.5332409778,15.,15.7823412627)) ;
#4543=CARTESIAN_POINT('Axis2P3D Location',(-39.75,21.5,5.)) ;
#4548=CARTESIAN_POINT('Line Origine',(-39.75,19.,5.)) ;
#4552=CARTESIAN_POINT('Vertex',(-18.9852909359,19.,5.)) ;
#4555=CARTESIAN_POINT('Line Origine',(-39.75,19.,5.)) ;
#4559=CARTESIAN_POINT('Vertex',(-15.,19.,5.)) ;
#4562=CARTESIAN_POINT('Line Origine',(-39.75,19.,5.)) ;
#4567=CARTESIAN_POINT('Axis2P3D Location',(15.,21.5,5.)) ;
#4581=CARTESIAN_POINT('Axis2P3D Location',(-41.,6.9,10.)) ;
#4586=CARTESIAN_POINT('Line Origine',(-41.,6.9,5.)) ;
#4590=CARTESIAN_POINT('Vertex',(-41.,17.8,5.)) ;
#4593=CARTESIAN_POINT('Axis2P3D Location',(-41.,21.8,10.)) ;
#4597=CARTESIAN_POINT('Vertex',(-46.,21.8,10.)) ;
#4600=CARTESIAN_POINT('Line Origine',(-46.,6.9,10.)) ;
#4604=CARTESIAN_POINT('Vertex',(-46.,17.8,10.)) ;
#4607=CARTESIAN_POINT('Axis2P3D Location',(-41.,17.8,10.)) ;
#4619=CARTESIAN_POINT('Axis2P3D Location',(-46.,40.2,5.)) ;
#4624=CARTESIAN_POINT('Line Origine',(-46.,19.8,12.752962034)) ;
#4628=CARTESIAN_POINT('Vertex',(-46.,21.8,12.752962034)) ;
#4630=CARTESIAN_POINT('Vertex',(-46.,17.8,12.752962034)) ;
#4633=CARTESIAN_POINT('Line Origine',(-46.,17.8,11.376481017)) ;
#4638=CARTESIAN_POINT('Line Origine',(-46.,21.8,11.376481017)) ;
#4650=CARTESIAN_POINT('Axis2P3D Location',(-51.,19.8,12.752962034)) ;
#4655=CARTESIAN_POINT('Axis2P3D Location',(-51.,17.8,12.752962034)) ;
#4659=CARTESIAN_POINT('Vertex',(-48.9663167846,17.8,17.3206893222)) ;
#4662=CARTESIAN_POINT('Axis2P3D Location',(-51.,21.8,12.752962034)) ;
#4666=CARTESIAN_POINT('Vertex',(-48.9663167846,21.8,17.3206893222)) ;
#4669=CARTESIAN_POINT('Line Origine',(-48.9663167846,19.8,17.3206893222)) ;
#4681=CARTESIAN_POINT('Axis2P3D Location',(-41.,51.1,10.)) ;
#4686=CARTESIAN_POINT('Line Origine',(-41.,51.1,5.)) ;
#4690=CARTESIAN_POINT('Vertex',(-41.,40.2,5.)) ;
#4693=CARTESIAN_POINT('Axis2P3D Location',(-41.,40.2,10.)) ;
#4697=CARTESIAN_POINT('Vertex',(-46.,40.2,10.)) ;
#4700=CARTESIAN_POINT('Line Origine',(-46.,51.1,10.)) ;
#4704=CARTESIAN_POINT('Vertex',(-46.,36.2,10.)) ;
#4707=CARTESIAN_POINT('Axis2P3D Location',(-41.,36.2,10.)) ;
#4719=CARTESIAN_POINT('Line Origine',(-46.,38.2,12.752962034)) ;
#4723=CARTESIAN_POINT('Vertex',(-46.,40.2,12.752962034)) ;
#4725=CARTESIAN_POINT('Vertex',(-46.,36.2,12.752962034)) ;
#4728=CARTESIAN_POINT('Line Origine',(-46.,36.2,11.376481017)) ;
#4733=CARTESIAN_POINT('Line Origine',(-46.,40.2,11.376481017)) ;
#4745=CARTESIAN_POINT('Axis2P3D Location',(-51.,38.2,12.752962034)) ;
#4750=CARTESIAN_POINT('Axis2P3D Location',(-51.,36.2,12.752962034)) ;
#4754=CARTESIAN_POINT('Vertex',(-48.9663167846,36.2,17.3206893222)) ;
#4757=CARTESIAN_POINT('Axis2P3D Location',(-51.,40.2,12.752962034)) ;
#4761=CARTESIAN_POINT('Vertex',(-48.9663167846,40.2,17.3206893222)) ;
#4764=CARTESIAN_POINT('Line Origine',(-48.9663167846,38.2,17.3206893222)) ;
#4776=CARTESIAN_POINT('Axis2P3D Location',(-112.,43.,22.)) ;
#4781=CARTESIAN_POINT('Line Origine',(-97.4195637385,38.2,35.5647030757)) ;
#4785=CARTESIAN_POINT('Vertex',(-97.4195637385,40.2,35.5647030757)) ;
#4787=CARTESIAN_POINT('Vertex',(-97.4195637385,36.2,35.5647030757)) ;
#4790=CARTESIAN_POINT('Line Origine',(-104.709781869,40.2,28.7823515379)) ;
#4795=CARTESIAN_POINT('Line Origine',(-104.709781869,36.2,28.7823515379)) ;
#4807=CARTESIAN_POINT('Axis2P3D Location',(-46.,43.,16.)) ;
#4812=CARTESIAN_POINT('Line Origine',(-70.4732374098,36.2,26.8961873172)) ;
#4816=CARTESIAN_POINT('Vertex',(-91.980158035,36.2,36.4716853122)) ;
#4819=CARTESIAN_POINT('Line Origine',(-70.4732374098,40.2,26.8961873172)) ;
#4823=CARTESIAN_POINT('Vertex',(-91.980158035,40.2,36.4716853122)) ;
#4826=CARTESIAN_POINT('Line Origine',(-91.980158035,38.2,36.4716853122)) ;
#4838=CARTESIAN_POINT('Axis2P3D Location',(-31.,40.2,0.)) ;
#4843=CARTESIAN_POINT('Line Origine',(-36.,40.2,5.)) ;
#4847=CARTESIAN_POINT('Vertex',(-31.,40.2,5.)) ;
#4850=CARTESIAN_POINT('Line Origine',(-31.,40.2,2.5)) ;
#4854=CARTESIAN_POINT('Vertex',(-31.,40.2,0.)) ;
#4857=CARTESIAN_POINT('Line Origine',(-71.5,40.2,0.)) ;
#4862=CARTESIAN_POINT('Axis2P3D Location',(-94.0138412504,40.2,31.903958024)) ;
#4888=CARTESIAN_POINT('Axis2P3D Location',(-25.,36.2,0.)) ;
#4893=CARTESIAN_POINT('Axis2P3D Location',(-94.0138412504,36.2,31.903958024)) ;
#4922=CARTESIAN_POINT('Axis2P3D Location',(-94.0138412504,38.2,31.903958024)) ;
#4934=CARTESIAN_POINT('Line Origine',(-97.4195637385,19.8,35.5647030757)) ;
#4938=CARTESIAN_POINT('Vertex',(-97.4195637385,21.8,35.5647030757)) ;
#4940=CARTESIAN_POINT('Vertex',(-97.4195637385,17.8,35.5647030757)) ;
#4943=CARTESIAN_POINT('Line Origine',(-104.709781869,21.8,28.7823515379)) ;
#4948=CARTESIAN_POINT('Line Origine',(-104.709781869,17.8,28.7823515379)) ;
#4960=CARTESIAN_POINT('Line Origine',(-70.4732374098,17.8,26.8961873172)) ;
#4964=CARTESIAN_POINT('Vertex',(-91.980158035,17.8,36.4716853122)) ;
#4967=CARTESIAN_POINT('Line Origine',(-70.4732374098,21.8,26.8961873172)) ;
#4971=CARTESIAN_POINT('Vertex',(-91.980158035,21.8,36.4716853122)) ;
#4974=CARTESIAN_POINT('Line Origine',(-91.980158035,19.8,36.4716853122)) ;
#4986=CARTESIAN_POINT('Axis2P3D Location',(-94.5,21.8,0.)) ;
#4991=CARTESIAN_POINT('Axis2P3D Location',(-94.0138412504,21.8,31.903958024)) ;
#5020=CARTESIAN_POINT('Axis2P3D Location',(-112.,17.8,0.)) ;
#5025=CARTESIAN_POINT('Line Origine',(-71.5,17.8,0.)) ;
#5029=CARTESIAN_POINT('Vertex',(-31.,17.8,0.)) ;
#5032=CARTESIAN_POINT('Line Origine',(-31.,17.8,2.5)) ;
#5036=CARTESIAN_POINT('Vertex',(-31.,17.8,5.)) ;
#5039=CARTESIAN_POINT('Line Origine',(-36.,17.8,5.)) ;
#5044=CARTESIAN_POINT('Axis2P3D Location',(-94.0138412504,17.8,31.903958024)) ;
#5070=CARTESIAN_POINT('Axis2P3D Location',(-94.0138412504,19.8,31.903958024)) ;
#5082=CARTESIAN_POINT('Line Origine',(15.,45.5,5.)) ;
#5086=CARTESIAN_POINT('Vertex',(15.,48.,5.)) ;
#5088=CARTESIAN_POINT('Vertex',(15.,43.,5.)) ;
#5092=CARTESIAN_POINT('Control Point',(13.8561115986,43.,10.)) ;
#5093=CARTESIAN_POINT('Control Point',(13.9642380015,43.,9.52737346221)) ;
#5094=CARTESIAN_POINT('Control Point',(14.0723643208,43.0558439611,9.05474729021)) ;
#5095=CARTESIAN_POINT('Control Point',(14.178594492,43.1675453472,8.590409287)) ;
#5096=CARTESIAN_POINT('Control Point',(14.3826870651,43.4982308781,7.69830926756)) ;
#5097=CARTESIAN_POINT('Control Point',(14.5643197489,44.0305539389,6.90438267647)) ;
#5098=CARTESIAN_POINT('Control Point',(14.6474828538,44.3425555328,6.54087210656)) ;
#5099=CARTESIAN_POINT('Control Point',(14.7948975906,45.0456312347,5.8965140707)) ;
#5100=CARTESIAN_POINT('Control Point',(14.9011437786,45.8846749966,5.43210605711)) ;
#5101=CARTESIAN_POINT('Control Point',(14.9424889833,46.3287183462,5.25138386148)) ;
#5102=CARTESIAN_POINT('Control Point',(14.980371759,46.934652652,5.08579613613)) ;
#5103=CARTESIAN_POINT('Control Point',(14.9962318233,47.5557062475,5.01647091062)) ;
#5104=CARTESIAN_POINT('Control Point',(14.9987439416,47.7036137702,5.00549030134)) ;
#5105=CARTESIAN_POINT('Control Point',(15.,47.8518068647,5.)) ;
#5106=CARTESIAN_POINT('Control Point',(15.,48.,5.)) ;
#5107=CARTESIAN_POINT('Vertex',(13.8561115986,43.,10.)) ;
#5110=CARTESIAN_POINT('Line Origine',(12.5332409778,43.,15.7823412627)) ;
#5115=CARTESIAN_POINT('Line Origine',(13.1051851786,39.,13.2823412627)) ;
#5119=CARTESIAN_POINT('Vertex',(15.,39.,5.)) ;
#5122=CARTESIAN_POINT('Line Origine',(15.,41.,5.)) ;
#5136=CARTESIAN_POINT('Axis2P3D Location',(15.,43.,5.)) ;
#5141=CARTESIAN_POINT('Line Origine',(-12.5332409778,43.,15.7823412627)) ;
#5145=CARTESIAN_POINT('Vertex',(-13.8561115986,43.,10.)) ;
#5148=CARTESIAN_POINT('Line Origine',(-1.06581410364E-014,43.,10.)) ;
#5164=CARTESIAN_POINT('Axis2P3D Location',(-39.75,36.5,5.)) ;
#5169=CARTESIAN_POINT('Axis2P3D Location',(15.,36.5,5.)) ;
#5174=CARTESIAN_POINT('Line Origine',(-39.75,39.,5.)) ;
#5178=CARTESIAN_POINT('Vertex',(-15.,39.,5.)) ;
#5181=CARTESIAN_POINT('Line Origine',(-39.75,39.,5.)) ;
#5185=CARTESIAN_POINT('Vertex',(-18.9852909359,39.,5.)) ;
#5188=CARTESIAN_POINT('Line Origine',(-39.75,39.,5.)) ;
#5202=CARTESIAN_POINT('Axis2P3D Location',(-20.,19.,0.)) ;
#5207=CARTESIAN_POINT('Line Origine',(-12.6607936124,19.,15.2248015833)) ;
#5211=CARTESIAN_POINT('Vertex',(-14.1112168676,19.,8.8849206411)) ;
#5214=CARTESIAN_POINT('Axis2P3D Location',(-18.9852909359,19.,10.)) ;
#5232=CARTESIAN_POINT('Axis2P3D Location',(-15.,43.,5.)) ;
#5237=CARTESIAN_POINT('Line Origine',(-14.1112168676,16.9370360056,8.8849206411)) ;
#5241=CARTESIAN_POINT('Vertex',(-14.1112168676,14.8740720112,8.8849206411)) ;
#5245=CARTESIAN_POINT('Control Point',(-13.8561115986,15.,10.)) ;
#5246=CARTESIAN_POINT('Control Point',(-13.9075425587,15.,9.77519240495)) ;
#5247=CARTESIAN_POINT('Control Point',(-13.9589734998,14.9873653863,9.55038489266)) ;
#5248=CARTESIAN_POINT('Control Point',(-14.0102003744,14.96209471,9.326469367)) ;
#5249=CARTESIAN_POINT('Control Point',(-14.0610164081,14.9242725797,9.10434964934)) ;
#5250=CARTESIAN_POINT('Control Point',(-14.1112168676,14.8740720112,8.8849206411)) ;
#5260=CARTESIAN_POINT('Axis2P3D Location',(-31.,1.8,5.)) ;
#5264=CARTESIAN_POINT('Vertex',(-18.9852909359,12.3663033321,5.)) ;
#5267=CARTESIAN_POINT('Line Origine',(-18.9852909359,15.683151666,5.)) ;
#5284=CARTESIAN_POINT('Axis2P3D Location',(-18.9852909359,6.9,10.)) ;
#5290=CARTESIAN_POINT('Control Point',(-18.9852909359,12.3663033321,5.)) ;
#5291=CARTESIAN_POINT('Control Point',(-18.6132544734,11.9432689257,5.)) ;
#5292=CARTESIAN_POINT('Control Point',(-18.2639138582,11.500765273,5.04129728571)) ;
#5293=CARTESIAN_POINT('Control Point',(-17.9408714009,11.0444191965,5.11029777647)) ;
#5294=CARTESIAN_POINT('Vertex',(-17.9408731311,11.0444148231,5.11029903075)) ;
#5298=CARTESIAN_POINT('Control Point',(-14.1112168676,14.8740720112,8.8849206411)) ;
#5299=CARTESIAN_POINT('Control Point',(-14.23882063,14.7464682671,8.3271574791)) ;
#5300=CARTESIAN_POINT('Control Point',(-14.4424284708,14.5428607991,7.80417083153)) ;
#5301=CARTESIAN_POINT('Control Point',(-14.7077080559,14.2775832828,7.33625758253)) ;
#5302=CARTESIAN_POINT('Control Point',(-15.4221122461,13.5631781404,6.3737724176)) ;
#5303=CARTESIAN_POINT('Control Point',(-16.2987750774,12.6865166081,5.71613689674)) ;
#5304=CARTESIAN_POINT('Control Point',(-16.8314148921,12.1538664482,5.43084990541)) ;
#5305=CARTESIAN_POINT('Control Point',(-17.3817039662,11.6035848863,5.22973355506)) ;
#5306=CARTESIAN_POINT('Control Point',(-17.9408714009,11.0444191965,5.11029777647)) ;
#5316=CARTESIAN_POINT('Axis2P3D Location',(-31.,1.8,3.11000000001)) ;
#5321=CARTESIAN_POINT('Axis2P3D Location',(-31.,1.8,5.)) ;
#5325=CARTESIAN_POINT('Vertex',(-15.,1.8,5.)) ;
#5327=CARTESIAN_POINT('Vertex',(-17.2610044035,10.,5.)) ;
#5331=CARTESIAN_POINT('Control Point',(-17.2610044035,10.,5.)) ;
#5332=CARTESIAN_POINT('Control Point',(-17.4750238478,10.358586854,5.)) ;
#5333=CARTESIAN_POINT('Control Point',(-17.7031258998,10.708561087,5.03856218043)) ;
#5334=CARTESIAN_POINT('Control Point',(-17.9408731311,11.0444148231,5.11029903075)) ;
#5336=CARTESIAN_POINT('Axis2P3D Location',(-31.,1.8,0.)) ;
#5340=CARTESIAN_POINT('Vertex',(-15.,1.8,0.)) ;
#5343=CARTESIAN_POINT('Line Origine',(-15.,1.8,3.11000000001)) ;
#5358=CARTESIAN_POINT('Axis2P3D Location',(-15.5,10.,10.)) ;
#5363=CARTESIAN_POINT('Line Origine',(-15.5,10.,5.)) ;
#5377=CARTESIAN_POINT('Axis2P3D Location',(15.,39.,0.)) ;
#5382=CARTESIAN_POINT('Axis2P3D Location',(-18.9852909359,39.,10.)) ;
#5386=CARTESIAN_POINT('Vertex',(-14.1112168676,39.,8.8849206411)) ;
#5389=CARTESIAN_POINT('Line Origine',(-12.6607936124,39.,15.2248015833)) ;
#5407=CARTESIAN_POINT('Line Origine',(-14.1112168676,41.0629639944,8.8849206411)) ;
#5411=CARTESIAN_POINT('Vertex',(-14.1112168676,43.1259279888,8.8849206411)) ;
#5415=CARTESIAN_POINT('Control Point',(-13.8561115986,43.,10.)) ;
#5416=CARTESIAN_POINT('Control Point',(-13.9075425587,43.,9.77519240495)) ;
#5417=CARTESIAN_POINT('Control Point',(-13.9589734998,43.0126346137,9.55038489266)) ;
#5418=CARTESIAN_POINT('Control Point',(-14.0102003744,43.03790529,9.32646936701)) ;
#5419=CARTESIAN_POINT('Control Point',(-14.0610164081,43.0757274203,9.10434964934)) ;
#5420=CARTESIAN_POINT('Control Point',(-14.1112168676,43.1259279888,8.8849206411)) ;
#5430=CARTESIAN_POINT('Axis2P3D Location',(-31.,56.2,5.)) ;
#5434=CARTESIAN_POINT('Vertex',(-18.9852909359,45.6336966679,5.)) ;
#5437=CARTESIAN_POINT('Line Origine',(-18.9852909359,42.316848334,5.)) ;
#5454=CARTESIAN_POINT('Axis2P3D Location',(-18.9852909359,51.1,10.)) ;
#5460=CARTESIAN_POINT('Control Point',(-14.1112168676,43.1259279888,8.8849206411)) ;
#5461=CARTESIAN_POINT('Control Point',(-14.23882063,43.2535317329,8.3271574791)) ;
#5462=CARTESIAN_POINT('Control Point',(-14.4424284708,43.4571392009,7.80417083154)) ;
#5463=CARTESIAN_POINT('Control Point',(-14.7077080559,43.7224167172,7.33625758253)) ;
#5464=CARTESIAN_POINT('Control Point',(-15.4221122461,44.4368218596,6.37377241759)) ;
#5465=CARTESIAN_POINT('Control Point',(-16.2987750774,45.3134833919,5.71613689675)) ;
#5466=CARTESIAN_POINT('Control Point',(-16.8314148921,45.8461335518,5.43084990539)) ;
#5467=CARTESIAN_POINT('Control Point',(-17.3817039662,46.3964151137,5.22973355505)) ;
#5468=CARTESIAN_POINT('Control Point',(-17.9408714009,46.9555808035,5.11029777647)) ;
#5469=CARTESIAN_POINT('Vertex',(-17.9408731311,46.9555851769,5.11029903075)) ;
#5473=CARTESIAN_POINT('Control Point',(-18.9852909359,45.6336966679,5.)) ;
#5474=CARTESIAN_POINT('Control Point',(-18.6132544734,46.0567310744,5.)) ;
#5475=CARTESIAN_POINT('Control Point',(-18.2639138582,46.499234727,5.04129728571)) ;
#5476=CARTESIAN_POINT('Control Point',(-17.9408714009,46.9555808035,5.11029777647)) ;
#5486=CARTESIAN_POINT('Axis2P3D Location',(-31.,56.2,3.11000000001)) ;
#5492=CARTESIAN_POINT('Control Point',(-17.2610044035,48.,5.)) ;
#5493=CARTESIAN_POINT('Control Point',(-17.4750238478,47.641413146,5.)) ;
#5494=CARTESIAN_POINT('Control Point',(-17.7031258998,47.291438913,5.03856218043)) ;
#5495=CARTESIAN_POINT('Control Point',(-17.9408731311,46.9555851769,5.11029903075)) ;
#5496=CARTESIAN_POINT('Vertex',(-17.2610044035,48.,5.)) ;
#5499=CARTESIAN_POINT('Axis2P3D Location',(-31.,56.2,5.)) ;
#5503=CARTESIAN_POINT('Vertex',(-15.,56.2,5.)) ;
#5506=CARTESIAN_POINT('Line Origine',(-15.,56.2,3.11000000001)) ;
#5510=CARTESIAN_POINT('Vertex',(-15.,56.2,0.)) ;
#5513=CARTESIAN_POINT('Axis2P3D Location',(-31.,56.2,0.)) ;
#5528=CARTESIAN_POINT('Axis2P3D Location',(-13.,48.,10.)) ;
#5533=CARTESIAN_POINT('Line Origine',(-13.,48.,5.)) ;
#5547=CARTESIAN_POINT('Axis2P3D Location',(7.,58.,2.5)) ;
#5552=CARTESIAN_POINT('Axis2P3D Location',(7.,58.,5.)) ;
#5556=CARTESIAN_POINT('Vertex',(7.,66.,5.)) ;
#5558=CARTESIAN_POINT('Vertex',(15.,58.,5.)) ;
#5561=CARTESIAN_POINT('Line Origine',(15.,58.,2.5)) ;
#5565=CARTESIAN_POINT('Vertex',(15.,58.,0.)) ;
#5568=CARTESIAN_POINT('Axis2P3D Location',(7.,58.,0.)) ;
#5572=CARTESIAN_POINT('Vertex',(7.,66.,0.)) ;
#5575=CARTESIAN_POINT('Line Origine',(7.,66.,2.5)) ;
#5587=CARTESIAN_POINT('Axis2P3D Location',(-15.,66.,0.)) ;
#5592=CARTESIAN_POINT('Line Origine',(-15.,57.1,0.)) ;
#5596=CARTESIAN_POINT('Vertex',(-15.,58.,0.)) ;
#5599=CARTESIAN_POINT('Line Origine',(-15.,57.1,5.)) ;
#5603=CARTESIAN_POINT('Vertex',(-15.,58.,5.)) ;
#5606=CARTESIAN_POINT('Line Origine',(-15.,58.,2.5)) ;
#5618=CARTESIAN_POINT('Axis2P3D Location',(15.,66.,0.)) ;
#5623=CARTESIAN_POINT('Line Origine',(8.881784197E-016,66.,5.)) ;
#5627=CARTESIAN_POINT('Vertex',(-7.,66.,5.)) ;
#5630=CARTESIAN_POINT('Line Origine',(8.881784197E-016,66.,0.)) ;
#5634=CARTESIAN_POINT('Vertex',(-7.,66.,0.)) ;
#5637=CARTESIAN_POINT('Line Origine',(-7.,66.,2.5)) ;
#5649=CARTESIAN_POINT('Line Origine',(15.,53.,5.)) ;
#5654=CARTESIAN_POINT('Axis2P3D Location',(-7.,58.,5.)) ;
#5673=CARTESIAN_POINT('Axis2P3D Location',(-7.,58.,2.5)) ;
#5678=CARTESIAN_POINT('Axis2P3D Location',(-7.,58.,0.)) ;
#5690=CARTESIAN_POINT('Axis2P3D Location',(15.,39.,0.)) ;
#5695=CARTESIAN_POINT('Line Origine',(15.,29.,0.)) ;
#5699=CARTESIAN_POINT('Vertex',(15.,7.1054273576E-015,0.)) ;
#5702=CARTESIAN_POINT('Line Origine',(15.,5.,5.)) ;
#5706=CARTESIAN_POINT('Vertex',(15.,0.,5.)) ;
#5709=CARTESIAN_POINT('Line Origine',(15.,0.,2.5)) ;
#5729=CARTESIAN_POINT('Axis2P3D Location',(7.,-1.7763568394E-015,2.5)) ;
#5734=CARTESIAN_POINT('Axis2P3D Location',(7.,-1.7763568394E-015,5.)) ;
#5738=CARTESIAN_POINT('Vertex',(7.,-8.,5.)) ;
#5741=CARTESIAN_POINT('Line Origine',(7.,-8.,2.5)) ;
#5745=CARTESIAN_POINT('Vertex',(7.,-8.,0.)) ;
#5748=CARTESIAN_POINT('Axis2P3D Location',(7.,-1.7763568394E-015,0.)) ;
#5760=CARTESIAN_POINT('Line Origine',(-15.,0.9,5.)) ;
#5764=CARTESIAN_POINT('Vertex',(-15.,0.,5.)) ;
#5767=CARTESIAN_POINT('Line Origine',(-15.,0.9,0.)) ;
#5771=CARTESIAN_POINT('Vertex',(-15.,-2.13162820728E-014,0.)) ;
#5774=CARTESIAN_POINT('Line Origine',(-15.,0.,2.5)) ;
#5786=CARTESIAN_POINT('Axis2P3D Location',(15.,-8.,0.)) ;
#5791=CARTESIAN_POINT('Line Origine',(-7.,-8.,2.5)) ;
#5795=CARTESIAN_POINT('Vertex',(-7.,-8.,0.)) ;
#5797=CARTESIAN_POINT('Vertex',(-7.,-8.,5.)) ;
#5800=CARTESIAN_POINT('Line Origine',(8.881784197E-016,-8.,0.)) ;
#5805=CARTESIAN_POINT('Line Origine',(8.881784197E-016,-8.,5.)) ;
#5817=CARTESIAN_POINT('Axis2P3D Location',(-7.,-1.7763568394E-015,5.)) ;
#5836=CARTESIAN_POINT('Axis2P3D Location',(0.,0.,0.)) ;
#5841=CARTESIAN_POINT('Axis2P3D Location',(-7.,-1.7763568394E-015,0.)) ;
#5875=CARTESIAN_POINT('Axis2P3D Location',(-7.,-1.7763568394E-015,2.5)) ;
#5888=CARTESIAN_POINT('Axis2P3D Location',(0.,0.,0.)) ;
#5892=CARTESIAN_POINT('Axis2P3D Location',(-440.,-90.5,-8.5)) ;
#58=DIRECTION('Axis2P3D Direction',(0.,-0.,1.)) ;
#59=DIRECTION('Axis2P3D XDirection',(-1.22460635382E-016,-1.,0.)) ;
#63=DIRECTION('Axis2P3D Direction',(0.,-0.,1.)) ;
#72=DIRECTION('Vector Direction',(0.,0.,1.)) ;
#79=DIRECTION('Axis2P3D Direction',(0.,-0.,1.)) ;
#86=DIRECTION('Vector Direction',(0.,0.,1.)) ;
#98=DIRECTION('Axis2P3D Direction',(0.,-0.,1.)) ;
#99=DIRECTION('Axis2P3D XDirection',(0.,1.,0.)) ;
#103=DIRECTION('Axis2P3D Direction',(0.,-0.,1.)) ;
#108=DIRECTION('Axis2P3D Direction',(0.,-0.,1.)) ;
#120=DIRECTION('Axis2P3D Direction',(0.,-0.,1.)) ;
#121=DIRECTION('Axis2P3D XDirection',(-1.22460635382E-016,-1.,0.)) ;
#125=DIRECTION('Axis2P3D Direction',(0.,-0.,1.)) ;
#134=DIRECTION('Vector Direction',(0.,0.,1.)) ;
#141=DIRECTION('Axis2P3D Direction',(0.,-0.,1.)) ;
#148=DIRECTION('Vector Direction',(0.,0.,1.)) ;
#160=DIRECTION('Axis2P3D Direction',(0.,-0.,1.)) ;
#161=DIRECTION('Axis2P3D XDirection',(0.,1.,0.)) ;
#165=DIRECTION('Axis2P3D Direction',(0.,-0.,1.)) ;
#170=DIRECTION('Axis2P3D Direction',(0.,-0.,1.)) ;
#182=DIRECTION('Axis2P3D Direction',(0.,-0.,1.)) ;
#183=DIRECTION('Axis2P3D XDirection',(-1.22460635382E-016,-1.,0.)) ;
#187=DIRECTION('Axis2P3D Direction',(0.,-0.,1.)) ;
#196=DIRECTION('Vector Direction',(0.,0.,1.)) ;
#203=DIRECTION('Axis2P3D Direction',(0.,-0.,1.)) ;
#210=DIRECTION('Vector Direction',(0.,0.,1.)) ;
#222=DIRECTION('Axis2P3D Direction',(0.,-0.,1.)) ;
#223=DIRECTION('Axis2P3D XDirection',(0.,1.,0.)) ;
#227=DIRECTION('Axis2P3D Direction',(0.,-0.,1.)) ;
#232=DIRECTION('Axis2P3D Direction',(0.,-0.,1.)) ;
#244=DIRECTION('Axis2P3D Direction',(-0.,1.,0.)) ;
#245=DIRECTION('Axis2P3D XDirection',(1.,0.,0.)) ;
#249=DIRECTION('Vector Direction',(0.,1.,0.)) ;
#258=DIRECTION('Axis2P3D Direction',(-0.,1.,0.)) ;
#265=DIRECTION('Vector Direction',(0.,1.,0.)) ;
#272=DIRECTION('Axis2P3D Direction',(-0.,1.,0.)) ;
#284=DIRECTION('Axis2P3D Direction',(-0.,1.,0.)) ;
#289=DIRECTION('Axis2P3D Direction',(-0.,1.,0.)) ;
#301=DIRECTION('Axis2P3D Direction',(-0.,1.,0.)) ;
#302=DIRECTION('Axis2P3D XDirection',(1.,0.,0.)) ;
#306=DIRECTION('Vector Direction',(0.,1.,0.)) ;
#315=DIRECTION('Axis2P3D Direction',(-0.,1.,0.)) ;
#322=DIRECTION('Vector Direction',(0.,1.,0.)) ;
#329=DIRECTION('Axis2P3D Direction',(-0.,1.,0.)) ;
#341=DIRECTION('Axis2P3D Direction',(-0.,1.,0.)) ;
#346=DIRECTION('Axis2P3D Direction',(-0.,1.,0.)) ;
#358=DIRECTION('Vector Direction',(0.,1.,0.)) ;
#367=DIRECTION('Axis2P3D Direction',(-0.,1.,0.)) ;
#374=DIRECTION('Vector Direction',(0.,1.,0.)) ;
#381=DIRECTION('Axis2P3D Direction',(-0.,1.,0.)) ;
#393=DIRECTION('Axis2P3D Direction',(-0.,1.,0.)) ;
#398=DIRECTION('Axis2P3D Direction',(-0.,1.,0.)) ;
#410=DIRECTION('Vector Direction',(0.,1.,0.)) ;
#419=DIRECTION('Axis2P3D Direction',(-0.,1.,0.)) ;
#426=DIRECTION('Vector Direction',(0.,1.,0.)) ;
#433=DIRECTION('Axis2P3D Direction',(-0.,1.,0.)) ;
#445=DIRECTION('Axis2P3D Direction',(-0.,1.,0.)) ;
#450=DIRECTION('Axis2P3D Direction',(-0.,1.,0.)) ;
#462=DIRECTION('Axis2P3D Direction',(0.,1.,-0.)) ;
#463=DIRECTION('Axis2P3D XDirection',(-0.974814813662,0.,0.22301587178)) ;
#467=DIRECTION('Vector Direction',(0.,1.,0.)) ;
#476=DIRECTION('Axis2P3D Direction',(0.,1.,-0.)) ;
#483=DIRECTION('Vector Direction',(0.,1.,0.)) ;
#490=DIRECTION('Axis2P3D Direction',(0.,1.,-0.)) ;
#502=DIRECTION('Axis2P3D Direction',(-0.,1.,0.)) ;
#503=DIRECTION('Axis2P3D XDirection',(1.,0.,0.)) ;
#507=DIRECTION('Vector Direction',(0.,1.,0.)) ;
#516=DIRECTION('Axis2P3D Direction',(-0.,1.,0.)) ;
#523=DIRECTION('Vector Direction',(0.,1.,0.)) ;
#530=DIRECTION('Axis2P3D Direction',(-0.,1.,0.)) ;
#542=DIRECTION('Axis2P3D Direction',(-0.,1.,0.)) ;
#547=DIRECTION('Axis2P3D Direction',(-0.,1.,0.)) ;
#559=DIRECTION('Vector Direction',(0.,1.,0.)) ;
#568=DIRECTION('Axis2P3D Direction',(0.,1.,-0.)) ;
#575=DIRECTION('Vector Direction',(0.,1.,0.)) ;
#582=DIRECTION('Axis2P3D Direction',(0.,1.,-0.)) ;
#594=DIRECTION('Vector Direction',(0.,1.,0.)) ;
#603=DIRECTION('Axis2P3D Direction',(-0.,1.,0.)) ;
#610=DIRECTION('Vector Direction',(0.,1.,0.)) ;
#617=DIRECTION('Axis2P3D Direction',(-0.,1.,0.)) ;
#629=DIRECTION('Axis2P3D Direction',(-0.,1.,0.)) ;
#634=DIRECTION('Axis2P3D Direction',(-0.,1.,0.)) ;
#646=DIRECTION('Axis2P3D Direction',(-1.,0.,0.)) ;
#647=DIRECTION('Axis2P3D XDirection',(0.,-1.,0.)) ;
#651=DIRECTION('Vector Direction',(0.,-1.,0.)) ;
#660=DIRECTION('Axis2P3D Direction',(-1.,0.,0.)) ;
#667=DIRECTION('Vector Direction',(0.,0.,1.)) ;
#674=DIRECTION('Vector Direction',(0.,1.,0.)) ;
#681=DIRECTION('Vector Direction',(0.,0.,1.)) ;
#688=DIRECTION('Vector Direction',(0.,-1.,0.)) ;
#695=DIRECTION('Vector Direction',(0.,0.,1.)) ;
#702=DIRECTION('Vector Direction',(0.,1.,0.)) ;
#709=DIRECTION('Vector Direction',(0.,0.,1.)) ;
#716=DIRECTION('Axis2P3D Direction',(-1.,0.,0.)) ;
#734=DIRECTION('Axis2P3D Direction',(0.,0.,1.)) ;
#735=DIRECTION('Axis2P3D XDirection',(1.,0.,0.)) ;
#739=DIRECTION('Axis2P3D Direction',(0.,0.,1.)) ;
#748=DIRECTION('Vector Direction',(0.,0.,1.)) ;
#755=DIRECTION('Axis2P3D Direction',(0.,0.,1.)) ;
#762=DIRECTION('Vector Direction',(0.,0.,1.)) ;
#774=DIRECTION('Axis2P3D Direction',(0.,0.,1.)) ;
#775=DIRECTION('Axis2P3D XDirection',(1.,0.,0.)) ;
#779=DIRECTION('Vector Direction',(1.,0.,0.)) ;
#786=DIRECTION('Vector Direction',(0.,-1.,0.)) ;
#793=DIRECTION('Vector Direction',(-1.,0.,0.)) ;
#809=DIRECTION('Axis2P3D Direction',(-1.,0.,0.)) ;
#810=DIRECTION('Axis2P3D XDirection',(0.,-1.,0.)) ;
#814=DIRECTION('Vector Direction',(0.,0.,1.)) ;
#823=DIRECTION('Vector Direction',(0.,-1.,0.)) ;
#828=DIRECTION('Vector Direction',(0.,-1.,0.)) ;
#840=DIRECTION('Axis2P3D Direction',(-0.,0.,1.)) ;
#841=DIRECTION('Axis2P3D XDirection',(0.,-1.,0.)) ;
#845=DIRECTION('Axis2P3D Direction',(-0.,0.,1.)) ;
#852=DIRECTION('Vector Direction',(0.,0.,1.)) ;
#859=DIRECTION('Axis2P3D Direction',(-0.,0.,1.)) ;
#871=DIRECTION('Axis2P3D Direction',(0.,0.,-1.)) ;
#872=DIRECTION('Axis2P3D XDirection',(0.965925826289,0.258819045103,0.)) ;
#876=DIRECTION('Axis2P3D Direction',(-5.3290705182E-016,1.,0.)) ;
#881=DIRECTION('Axis2P3D Direction',(1.,5.3290705182E-016,0.)) ;
#892=DIRECTION('Axis2P3D Direction',(0.,-1.,0.)) ;
#893=DIRECTION('Axis2P3D XDirection',(0.,0.,-1.)) ;
#897=DIRECTION('Axis2P3D Direction',(0.,-1.,0.)) ;
#909=DIRECTION('Axis2P3D Direction',(0.,0.,-1.)) ;
#910=DIRECTION('Axis2P3D XDirection',(-0.258819045103,0.965925826289,0.)) ;
#914=DIRECTION('Axis2P3D Direction',(-1.,-5.77315972805E-016,-0.)) ;
#925=DIRECTION('Axis2P3D Direction',(-1.,0.,0.)) ;
#926=DIRECTION('Axis2P3D XDirection',(0.,1.,1.83690953073E-016)) ;
#930=DIRECTION('Vector Direction',(-1.,0.,0.)) ;
#942=DIRECTION('Axis2P3D Direction',(1.,-0.,0.)) ;
#943=DIRECTION('Axis2P3D XDirection',(-0.,-1.,1.83690953073E-016)) ;
#947=DIRECTION('Vector Direction',(1.,0.,0.)) ;
#959=DIRECTION('Axis2P3D Direction',(0.87250601595,0.488603368932,0.)) ;
#960=DIRECTION('Axis2P3D XDirection',(0.,0.,-1.)) ;
#964=DIRECTION('Vector Direction',(0.87250601595,0.488603368932,0.)) ;
#973=DIRECTION('Axis2P3D Direction',(0.87250601595,0.488603368932,0.)) ;
#980=DIRECTION('Vector Direction',(0.87250601595,0.488603368932,0.)) ;
#987=DIRECTION('Axis2P3D Direction',(0.87250601595,0.488603368932,0.)) ;
#999=DIRECTION('Axis2P3D Direction',(0.,0.,1.)) ;
#1000=DIRECTION('Axis2P3D XDirection',(0.,-1.,0.)) ;
#1004=DIRECTION('Axis2P3D Direction',(-0.,0.,1.)) ;
#1011=DIRECTION('Axis2P3D Direction',(-1.,-7.1054273576E-016,0.)) ;
#1018=DIRECTION('Axis2P3D Direction',(-0.,0.,1.)) ;
#1030=DIRECTION('Axis2P3D Direction',(1.,-0.,0.)) ;
#1031=DIRECTION('Axis2P3D XDirection',(0.,0.,-1.)) ;
#1035=DIRECTION('Vector Direction',(1.,0.,0.)) ;
#1042=DIRECTION('Vector Direction',(1.,0.,0.)) ;
#1049=DIRECTION('Vector Direction',(1.,0.,0.)) ;
#1056=DIRECTION('Axis2P3D Direction',(1.,-0.,0.)) ;
#1063=DIRECTION('Vector Direction',(1.,0.,0.)) ;
#1077=DIRECTION('Axis2P3D Direction',(0.,1.,0.)) ;
#1078=DIRECTION('Axis2P3D XDirection',(0.258819045103,0.,-0.965925826289)) ;
#1082=DIRECTION('Axis2P3D Direction',(-4.4408920985E-017,0.,-1.)) ;
#1089=DIRECTION('Axis2P3D Direction',(0.,1.,0.)) ;
#1100=DIRECTION('Axis2P3D Direction',(0.,0.,1.)) ;
#1101=DIRECTION('Axis2P3D XDirection',(1.83690953073E-016,1.,-0.)) ;
#1105=DIRECTION('Axis2P3D Direction',(0.,0.,1.)) ;
#1114=DIRECTION('Vector Direction',(0.,0.,1.)) ;
#1119=DIRECTION('Vector Direction',(0.,0.,1.)) ;
#1131=DIRECTION('Axis2P3D Direction',(-0.488603368932,0.87250601595,2.77555756156E-017)) ;
#1132=DIRECTION('Axis2P3D XDirection',(-0.383032821264,-0.214498379908,0.898485560736)) ;
#1218=DIRECTION('Axis2P3D Direction',(0.,0.,1.)) ;
#1219=DIRECTION('Axis2P3D XDirection',(1.,0.,0.)) ;
#1223=DIRECTION('Vector Direction',(1.,0.,0.)) ;
#1230=DIRECTION('Axis2P3D Direction',(0.,0.,1.)) ;
#1237=DIRECTION('Vector Direction',(0.,-1.,0.)) ;
#1242=DIRECTION('Vector Direction',(-1.,0.,0.)) ;
#1258=DIRECTION('Axis2P3D Direction',(-1.,0.,0.)) ;
#1259=DIRECTION('Axis2P3D XDirection',(0.,-1.,0.)) ;
#1263=DIRECTION('Vector Direction',(0.,0.,1.)) ;
#1270=DIRECTION('Vector Direction',(0.,-1.,0.)) ;
#1282=DIRECTION('Axis2P3D Direction',(0.,-1.,0.)) ;
#1283=DIRECTION('Axis2P3D XDirection',(-1.,0.,0.)) ;
#1287=DIRECTION('Axis2P3D Direction',(0.,-1.,0.)) ;
#1294=DIRECTION('Vector Direction',(0.,-1.,0.)) ;
#1306=DIRECTION('Axis2P3D Direction',(0.,0.,1.)) ;
#1307=DIRECTION('Axis2P3D XDirection',(1.,0.,0.)) ;
#1311=DIRECTION('Vector Direction',(1.,0.,0.)) ;
#1320=DIRECTION('Vector Direction',(0.,1.,0.)) ;
#1327=DIRECTION('Vector Direction',(-1.,0.,0.)) ;
#1332=DIRECTION('Vector Direction',(1.,0.,0.)) ;
#1339=DIRECTION('Axis2P3D Direction',(0.,0.,1.)) ;
#1346=DIRECTION('Vector Direction',(0.87250601595,-0.488603368932,0.)) ;
#1364=DIRECTION('Axis2P3D Direction',(0.87250601595,-0.488603368932,0.)) ;
#1365=DIRECTION('Axis2P3D XDirection',(-0.488603368932,-0.87250601595,0.)) ;
#1369=DIRECTION('Axis2P3D Direction',(0.87250601595,-0.488603368932,0.)) ;
#1376=DIRECTION('Vector Direction',(0.87250601595,-0.488603368932,0.)) ;
#1383=DIRECTION('Axis2P3D Direction',(0.87250601595,-0.488603368932,0.)) ;
#1395=DIRECTION('Axis2P3D Direction',(0.,0.,1.)) ;
#1396=DIRECTION('Axis2P3D XDirection',(0.488603368932,0.87250601595,0.)) ;
#1400=DIRECTION('Axis2P3D Direction',(1.,-1.49880108324E-015,0.)) ;
#1407=DIRECTION('Axis2P3D Direction',(0.,-0.,1.)) ;
#1419=DIRECTION('Axis2P3D Direction',(1.,0.,0.)) ;
#1420=DIRECTION('Axis2P3D XDirection',(0.,-1.,0.)) ;
#1424=DIRECTION('Axis2P3D Direction',(1.,0.,0.)) ;
#1431=DIRECTION('Vector Direction',(1.,0.,0.)) ;
#1438=DIRECTION('Vector Direction',(1.,0.,0.)) ;
#1445=DIRECTION('Vector Direction',(1.,0.,0.)) ;
#1459=DIRECTION('Axis2P3D Direction',(0.,-1.,0.)) ;
#1460=DIRECTION('Axis2P3D XDirection',(-0.965925826289,0.,0.258819045103)) ;
#1464=DIRECTION('Axis2P3D Direction',(3.10862446895E-016,0.,1.)) ;
#1475=DIRECTION('Axis2P3D Direction',(-0.,0.,1.)) ;
#1476=DIRECTION('Axis2P3D XDirection',(-1.,1.83690953073E-016,-0.)) ;
#1480=DIRECTION('Vector Direction',(0.,0.,1.)) ;
#1492=DIRECTION('Axis2P3D Direction',(-0.488603368932,-0.87250601595,2.77555756156E-017)) ;
#1493=DIRECTION('Axis2P3D XDirection',(-0.210781650228,0.118037724128,-0.970380436535)) ;
#1540=DIRECTION('Axis2P3D Direction',(0.974814813662,0.,0.22301587178)) ;
#1541=DIRECTION('Axis2P3D XDirection',(-0.22301587178,0.,0.974814813662)) ;
#1566=DIRECTION('Vector Direction',(0.,-1.,0.)) ;
#1573=DIRECTION('Vector Direction',(0.,1.,0.)) ;
#1580=DIRECTION('Vector Direction',(-0.22301587178,0.,0.974814813662)) ;
#1585=DIRECTION('Vector Direction',(-0.22301587178,0.,0.974814813662)) ;
#1599=DIRECTION('Axis2P3D Direction',(0.,1.,-0.)) ;
#1600=DIRECTION('Axis2P3D XDirection',(-1.,0.,0.)) ;
#1604=DIRECTION('Vector Direction',(-1.,0.,0.)) ;
#1611=DIRECTION('Vector Direction',(0.22301587178,0.,0.974814813662)) ;
#1627=DIRECTION('Axis2P3D Direction',(1.,0.,0.)) ;
#1628=DIRECTION('Axis2P3D XDirection',(0.,-1.,0.)) ;
#1632=DIRECTION('Vector Direction',(1.,0.,0.)) ;
#1639=DIRECTION('Vector Direction',(1.,0.,0.)) ;
#1646=DIRECTION('Vector Direction',(1.,0.,0.)) ;
#1651=DIRECTION('Axis2P3D Direction',(1.,0.,0.)) ;
#1665=DIRECTION('Axis2P3D Direction',(0.,-1.,0.)) ;
#1666=DIRECTION('Axis2P3D XDirection',(-1.,-0.,1.83690953073E-016)) ;
#1670=DIRECTION('Vector Direction',(0.,-1.,0.)) ;
#1677=DIRECTION('Axis2P3D Direction',(0.,-1.,0.)) ;
#1684=DIRECTION('Vector Direction',(0.,-1.,0.)) ;
#1691=DIRECTION('Axis2P3D Direction',(0.,-1.,0.)) ;
#1703=DIRECTION('Axis2P3D Direction',(-1.,0.,0.)) ;
#1704=DIRECTION('Axis2P3D XDirection',(-0.,-1.,-0.)) ;
#1708=DIRECTION('Vector Direction',(0.,-1.,0.)) ;
#1717=DIRECTION('Vector Direction',(0.,0.,1.)) ;
#1722=DIRECTION('Vector Direction',(0.,0.,1.)) ;
#1734=DIRECTION('Axis2P3D Direction',(0.,-1.,0.)) ;
#1735=DIRECTION('Axis2P3D XDirection',(1.,0.,-1.11022302463E-016)) ;
#1739=DIRECTION('Axis2P3D Direction',(0.,-1.,0.)) ;
#1746=DIRECTION('Axis2P3D Direction',(0.,-1.,0.)) ;
#1753=DIRECTION('Vector Direction',(0.,-1.,0.)) ;
#1765=DIRECTION('Axis2P3D Direction',(0.,-1.,0.)) ;
#1766=DIRECTION('Axis2P3D XDirection',(-1.,-0.,1.83690953073E-016)) ;
#1770=DIRECTION('Vector Direction',(0.,-1.,0.)) ;
#1777=DIRECTION('Axis2P3D Direction',(0.,-1.,0.)) ;
#1784=DIRECTION('Vector Direction',(0.,-1.,0.)) ;
#1791=DIRECTION('Axis2P3D Direction',(0.,-1.,0.)) ;
#1803=DIRECTION('Vector Direction',(0.,-1.,0.)) ;
#1812=DIRECTION('Vector Direction',(0.,0.,1.)) ;
#1817=DIRECTION('Vector Direction',(0.,0.,1.)) ;
#1829=DIRECTION('Axis2P3D Direction',(0.,-1.,0.)) ;
#1830=DIRECTION('Axis2P3D XDirection',(1.,0.,-1.11022302463E-016)) ;
#1834=DIRECTION('Axis2P3D Direction',(0.,-1.,0.)) ;
#1841=DIRECTION('Axis2P3D Direction',(0.,-1.,0.)) ;
#1848=DIRECTION('Vector Direction',(0.,-1.,0.)) ;
#1860=DIRECTION('Axis2P3D Direction',(0.681144497629,0.,-0.732149010345)) ;
#1861=DIRECTION('Axis2P3D XDirection',(0.732149010345,0.,0.681144497629)) ;
#1865=DIRECTION('Vector Direction',(0.,-1.,0.)) ;
#1874=DIRECTION('Vector Direction',(0.732149010345,0.,0.681144497629)) ;
#1879=DIRECTION('Vector Direction',(0.732149010345,0.,0.681144497629)) ;
#1891=DIRECTION('Axis2P3D Direction',(0.406736643076,0.,0.913545457642)) ;
#1892=DIRECTION('Axis2P3D XDirection',(-0.913545457642,0.,0.406736643076)) ;
#1896=DIRECTION('Vector Direction',(-0.913545457642,0.,0.406736643076)) ;
#1903=DIRECTION('Vector Direction',(-0.913545457642,0.,0.406736643076)) ;
#1910=DIRECTION('Vector Direction',(0.,-1.,0.)) ;
#1922=DIRECTION('Axis2P3D Direction',(0.,1.,-0.)) ;
#1923=DIRECTION('Axis2P3D XDirection',(-1.,0.,0.)) ;
#1927=DIRECTION('Vector Direction',(-1.,0.,0.)) ;
#1934=DIRECTION('Vector Direction',(0.,0.,1.)) ;
#1941=DIRECTION('Vector Direction',(-1.,0.,0.)) ;
#1946=DIRECTION('Axis2P3D Direction',(0.,1.,-0.)) ;
#1972=DIRECTION('Axis2P3D Direction',(0.,1.,-0.)) ;
#1973=DIRECTION('Axis2P3D XDirection',(-1.,0.,0.)) ;
#1977=DIRECTION('Axis2P3D Direction',(0.,1.,-0.)) ;
#2006=DIRECTION('Axis2P3D Direction',(0.,-1.,0.)) ;
#2007=DIRECTION('Axis2P3D XDirection',(0.406736643076,0.,0.913545457642)) ;
#2018=DIRECTION('Vector Direction',(0.,-1.,0.)) ;
#2027=DIRECTION('Vector Direction',(0.732149010345,0.,0.681144497629)) ;
#2032=DIRECTION('Vector Direction',(0.732149010345,0.,0.681144497629)) ;
#2044=DIRECTION('Vector Direction',(-0.913545457642,0.,0.406736643076)) ;
#2051=DIRECTION('Vector Direction',(-0.913545457642,0.,0.406736643076)) ;
#2058=DIRECTION('Vector Direction',(0.,-1.,0.)) ;
#2070=DIRECTION('Axis2P3D Direction',(0.,-1.,0.)) ;
#2071=DIRECTION('Axis2P3D XDirection',(1.,0.,0.)) ;
#2075=DIRECTION('Axis2P3D Direction',(0.,-1.,0.)) ;
#2104=DIRECTION('Axis2P3D Direction',(0.,-1.,0.)) ;
#2105=DIRECTION('Axis2P3D XDirection',(1.,0.,0.)) ;
#2109=DIRECTION('Vector Direction',(1.,0.,0.)) ;
#2116=DIRECTION('Vector Direction',(0.,0.,1.)) ;
#2123=DIRECTION('Vector Direction',(1.,0.,0.)) ;
#2128=DIRECTION('Axis2P3D Direction',(0.,-1.,0.)) ;
#2154=DIRECTION('Axis2P3D Direction',(0.,-1.,0.)) ;
#2155=DIRECTION('Axis2P3D XDirection',(0.406736643076,0.,0.913545457642)) ;
#2166=DIRECTION('Vector Direction',(0.,-1.,0.)) ;
#2194=DIRECTION('Vector Direction',(-0.22301587178,0.,0.974814813662)) ;
#2199=DIRECTION('Vector Direction',(-0.22301587178,0.,0.974814813662)) ;
#2206=DIRECTION('Vector Direction',(0.,1.,0.)) ;
#2220=DIRECTION('Axis2P3D Direction',(0.,1.,-0.)) ;
#2221=DIRECTION('Axis2P3D XDirection',(-1.,0.,0.)) ;
#2225=DIRECTION('Vector Direction',(0.22301587178,0.,0.974814813662)) ;
#2232=DIRECTION('Vector Direction',(-1.,0.,0.)) ;
#2248=DIRECTION('Axis2P3D Direction',(-1.,0.,0.)) ;
#2249=DIRECTION('Axis2P3D XDirection',(0.,1.,0.)) ;
#2253=DIRECTION('Axis2P3D Direction',(-1.,0.,0.)) ;
#2258=DIRECTION('Vector Direction',(-1.,0.,0.)) ;
#2265=DIRECTION('Vector Direction',(-1.,0.,0.)) ;
#2272=DIRECTION('Vector Direction',(-1.,0.,0.)) ;
#2286=DIRECTION('Axis2P3D Direction',(0.,-1.,0.)) ;
#2287=DIRECTION('Axis2P3D XDirection',(1.,0.,0.)) ;
#2291=DIRECTION('Vector Direction',(0.22301587178,0.,0.974814813662)) ;
#2298=DIRECTION('Axis2P3D Direction',(0.,-1.,0.)) ;
#2316=DIRECTION('Axis2P3D Direction',(0.974814813662,0.,-0.22301587178)) ;
#2317=DIRECTION('Axis2P3D XDirection',(0.22301587178,0.,0.974814813662)) ;
#2321=DIRECTION('Vector Direction',(0.,-1.,0.)) ;
#2344=DIRECTION('Axis2P3D Direction',(0.,0.,1.)) ;
#2351=DIRECTION('Vector Direction',(0.,-1.,0.)) ;
#2368=DIRECTION('Axis2P3D Direction',(0.,-1.,0.)) ;
#2369=DIRECTION('Axis2P3D XDirection',(1.38777878078E-016,0.,-1.)) ;
#2400=DIRECTION('Axis2P3D Direction',(0.,-0.,1.)) ;
#2401=DIRECTION('Axis2P3D XDirection',(1.,7.04487466627E-016,0.)) ;
#2405=DIRECTION('Axis2P3D Direction',(0.,-0.,1.)) ;
#2420=DIRECTION('Axis2P3D Direction',(0.,-0.,1.)) ;
#2427=DIRECTION('Vector Direction',(0.,0.,1.)) ;
#2442=DIRECTION('Axis2P3D Direction',(-1.,0.,0.)) ;
#2443=DIRECTION('Axis2P3D XDirection',(0.,1.,1.83690953073E-016)) ;
#2447=DIRECTION('Vector Direction',(-1.,0.,0.)) ;
#2461=DIRECTION('Axis2P3D Direction',(0.,1.,-0.)) ;
#2462=DIRECTION('Axis2P3D XDirection',(-1.,0.,0.)) ;
#2466=DIRECTION('Axis2P3D Direction',(0.,1.,-0.)) ;
#2473=DIRECTION('Vector Direction',(0.22301587178,0.,0.974814813662)) ;
#2491=DIRECTION('Vector Direction',(0.,-1.,0.)) ;
#2514=DIRECTION('Axis2P3D Direction',(0.,0.,1.)) ;
#2521=DIRECTION('Vector Direction',(0.,-1.,0.)) ;
#2538=DIRECTION('Axis2P3D Direction',(0.,-1.,0.)) ;
#2539=DIRECTION('Axis2P3D XDirection',(1.38777878078E-016,0.,-1.)) ;
#2570=DIRECTION('Axis2P3D Direction',(0.,-0.,1.)) ;
#2571=DIRECTION('Axis2P3D XDirection',(-1.22460635382E-016,-1.,0.)) ;
#2583=DIRECTION('Axis2P3D Direction',(0.,-0.,1.)) ;
#2590=DIRECTION('Vector Direction',(0.,0.,1.)) ;
#2597=DIRECTION('Axis2P3D Direction',(0.,-0.,1.)) ;
#2612=DIRECTION('Axis2P3D Direction',(-1.,0.,0.)) ;
#2613=DIRECTION('Axis2P3D XDirection',(0.,0.,-1.)) ;
#2617=DIRECTION('Vector Direction',(-1.,0.,0.)) ;
#2631=DIRECTION('Axis2P3D Direction',(0.,-0.,1.)) ;
#2632=DIRECTION('Axis2P3D XDirection',(1.,-1.83690953073E-016,-0.)) ;
#2636=DIRECTION('Axis2P3D Direction',(0.,-0.,1.)) ;
#2645=DIRECTION('Vector Direction',(0.,0.,1.)) ;
#2652=DIRECTION('Axis2P3D Direction',(0.,-0.,1.)) ;
#2659=DIRECTION('Vector Direction',(0.,0.,1.)) ;
#2671=DIRECTION('Axis2P3D Direction',(-1.,0.,0.)) ;
#2672=DIRECTION('Axis2P3D XDirection',(0.,-1.,0.)) ;
#2676=DIRECTION('Vector Direction',(0.,-1.,0.)) ;
#2683=DIRECTION('Vector Direction',(0.,-1.,0.)) ;
#2690=DIRECTION('Vector Direction',(0.,0.,1.)) ;
#2702=DIRECTION('Axis2P3D Direction',(0.,1.,-0.)) ;
#2703=DIRECTION('Axis2P3D XDirection',(-1.,0.,0.)) ;
#2707=DIRECTION('Vector Direction',(-1.,0.,0.)) ;
#2714=DIRECTION('Vector Direction',(-1.,0.,0.)) ;
#2721=DIRECTION('Vector Direction',(0.,0.,1.)) ;
#2733=DIRECTION('Vector Direction',(0.,1.,0.)) ;
#2738=DIRECTION('Axis2P3D Direction',(0.,0.,1.)) ;
#2757=DIRECTION('Axis2P3D Direction',(0.,0.,1.)) ;
#2758=DIRECTION('Axis2P3D XDirection',(1.83690953073E-016,1.,-0.)) ;
#2762=DIRECTION('Axis2P3D Direction',(0.,0.,1.)) ;
#2774=DIRECTION('Axis2P3D Direction',(1.,0.,0.)) ;
#2775=DIRECTION('Axis2P3D XDirection',(0.,1.,0.)) ;
#2779=DIRECTION('Vector Direction',(0.,1.,0.)) ;
#2786=DIRECTION('Vector Direction',(0.,1.,0.)) ;
#2793=DIRECTION('Vector Direction',(0.,0.,1.)) ;
#2813=DIRECTION('Axis2P3D Direction',(0.,0.,1.)) ;
#2814=DIRECTION('Axis2P3D XDirection',(-1.83690953073E-016,-1.,-0.)) ;
#2818=DIRECTION('Axis2P3D Direction',(0.,0.,1.)) ;
#2825=DIRECTION('Vector Direction',(0.,0.,1.)) ;
#2832=DIRECTION('Axis2P3D Direction',(0.,0.,1.)) ;
#2844=DIRECTION('Vector Direction',(0.,-1.,0.)) ;
#2851=DIRECTION('Vector Direction',(0.,-1.,0.)) ;
#2858=DIRECTION('Vector Direction',(0.,0.,1.)) ;
#2870=DIRECTION('Axis2P3D Direction',(0.,1.,-0.)) ;
#2871=DIRECTION('Axis2P3D XDirection',(-1.,0.,0.)) ;
#2875=DIRECTION('Vector Direction',(0.,0.,1.)) ;
#2884=DIRECTION('Vector Direction',(-1.,0.,0.)) ;
#2889=DIRECTION('Vector Direction',(-1.,0.,0.)) ;
#2901=DIRECTION('Axis2P3D Direction',(0.,0.,1.)) ;
#2920=DIRECTION('Axis2P3D Direction',(0.,-0.,1.)) ;
#2921=DIRECTION('Axis2P3D XDirection',(0.,1.,0.)) ;
#2925=DIRECTION('Axis2P3D Direction',(0.,-0.,1.)) ;
#2959=DIRECTION('Axis2P3D Direction',(-0.,0.,1.)) ;
#2960=DIRECTION('Axis2P3D XDirection',(-1.,1.83690953073E-016,-0.)) ;
#2975=DIRECTION('Axis2P3D Direction',(0.,-0.,1.)) ;
#2976=DIRECTION('Axis2P3D XDirection',(-1.22460635382E-016,-1.,0.)) ;
#2980=DIRECTION('Axis2P3D Direction',(0.,-0.,1.)) ;
#2989=DIRECTION('Vector Direction',(0.,0.,1.)) ;
#2996=DIRECTION('Axis2P3D Direction',(0.,-0.,1.)) ;
#3003=DIRECTION('Vector Direction',(0.,0.,1.)) ;
#3015=DIRECTION('Axis2P3D Direction',(0.,-0.,1.)) ;
#3016=DIRECTION('Axis2P3D XDirection',(0.,1.,0.)) ;
#3020=DIRECTION('Axis2P3D Direction',(0.,-0.,1.)) ;
#3025=DIRECTION('Axis2P3D Direction',(0.,-0.,1.)) ;
#3037=DIRECTION('Axis2P3D Direction',(0.,-0.,1.)) ;
#3038=DIRECTION('Axis2P3D XDirection',(-1.22460635382E-016,-1.,0.)) ;
#3042=DIRECTION('Axis2P3D Direction',(0.,-0.,1.)) ;
#3051=DIRECTION('Vector Direction',(0.,0.,1.)) ;
#3058=DIRECTION('Axis2P3D Direction',(0.,-0.,1.)) ;
#3065=DIRECTION('Vector Direction',(0.,0.,1.)) ;
#3077=DIRECTION('Axis2P3D Direction',(0.,-0.,1.)) ;
#3078=DIRECTION('Axis2P3D XDirection',(0.,1.,0.)) ;
#3082=DIRECTION('Axis2P3D Direction',(0.,-0.,1.)) ;
#3087=DIRECTION('Axis2P3D Direction',(0.,-0.,1.)) ;
#3099=DIRECTION('Axis2P3D Direction',(0.,-0.,1.)) ;
#3100=DIRECTION('Axis2P3D XDirection',(-1.22460635382E-016,-1.,0.)) ;
#3104=DIRECTION('Axis2P3D Direction',(0.,-0.,1.)) ;
#3113=DIRECTION('Vector Direction',(0.,0.,1.)) ;
#3120=DIRECTION('Axis2P3D Direction',(0.,-0.,1.)) ;
#3127=DIRECTION('Vector Direction',(0.,0.,1.)) ;
#3139=DIRECTION('Axis2P3D Direction',(0.,-0.,1.)) ;
#3140=DIRECTION('Axis2P3D XDirection',(0.,1.,0.)) ;
#3144=DIRECTION('Axis2P3D Direction',(0.,-0.,1.)) ;
#3149=DIRECTION('Axis2P3D Direction',(0.,-0.,1.)) ;
#3161=DIRECTION('Axis2P3D Direction',(0.,1.,0.)) ;
#3162=DIRECTION('Axis2P3D XDirection',(1.,0.,0.)) ;
#3166=DIRECTION('Vector Direction',(0.,1.,0.)) ;
#3175=DIRECTION('Axis2P3D Direction',(0.,1.,0.)) ;
#3182=DIRECTION('Vector Direction',(0.,1.,0.)) ;
#3189=DIRECTION('Axis2P3D Direction',(0.,1.,0.)) ;
#3201=DIRECTION('Axis2P3D Direction',(0.,1.,0.)) ;
#3206=DIRECTION('Axis2P3D Direction',(0.,1.,0.)) ;
#3218=DIRECTION('Axis2P3D Direction',(0.,1.,0.)) ;
#3219=DIRECTION('Axis2P3D XDirection',(1.,0.,0.)) ;
#3223=DIRECTION('Vector Direction',(0.,1.,0.)) ;
#3232=DIRECTION('Axis2P3D Direction',(0.,1.,0.)) ;
#3239=DIRECTION('Vector Direction',(0.,1.,0.)) ;
#3246=DIRECTION('Axis2P3D Direction',(0.,1.,0.)) ;
#3258=DIRECTION('Axis2P3D Direction',(0.,1.,0.)) ;
#3263=DIRECTION('Axis2P3D Direction',(0.,1.,0.)) ;
#3275=DIRECTION('Vector Direction',(0.,1.,0.)) ;
#3284=DIRECTION('Axis2P3D Direction',(0.,1.,0.)) ;
#3291=DIRECTION('Vector Direction',(0.,1.,0.)) ;
#3298=DIRECTION('Axis2P3D Direction',(0.,1.,0.)) ;
#3310=DIRECTION('Axis2P3D Direction',(0.,1.,0.)) ;
#3315=DIRECTION('Axis2P3D Direction',(0.,1.,0.)) ;
#3327=DIRECTION('Vector Direction',(0.,1.,0.)) ;
#3336=DIRECTION('Axis2P3D Direction',(0.,1.,0.)) ;
#3343=DIRECTION('Vector Direction',(0.,1.,0.)) ;
#3350=DIRECTION('Axis2P3D Direction',(0.,1.,0.)) ;
#3362=DIRECTION('Axis2P3D Direction',(0.,1.,0.)) ;
#3367=DIRECTION('Axis2P3D Direction',(0.,1.,0.)) ;
#3379=DIRECTION('Axis2P3D Direction',(0.,1.,0.)) ;
#3380=DIRECTION('Axis2P3D XDirection',(-0.974814813662,0.,0.22301587178)) ;
#3384=DIRECTION('Vector Direction',(0.,1.,0.)) ;
#3393=DIRECTION('Axis2P3D Direction',(0.,1.,0.)) ;
#3400=DIRECTION('Vector Direction',(0.,1.,0.)) ;
#3407=DIRECTION('Axis2P3D Direction',(0.,1.,0.)) ;
#3419=DIRECTION('Axis2P3D Direction',(0.,1.,0.)) ;
#3420=DIRECTION('Axis2P3D XDirection',(1.,0.,0.)) ;
#3424=DIRECTION('Vector Direction',(0.,1.,0.)) ;
#3433=DIRECTION('Axis2P3D Direction',(0.,1.,0.)) ;
#3440=DIRECTION('Vector Direction',(0.,1.,0.)) ;
#3447=DIRECTION('Axis2P3D Direction',(0.,1.,0.)) ;
#3459=DIRECTION('Axis2P3D Direction',(0.,1.,0.)) ;
#3464=DIRECTION('Axis2P3D Direction',(0.,1.,0.)) ;
#3476=DIRECTION('Vector Direction',(0.,1.,0.)) ;
#3485=DIRECTION('Axis2P3D Direction',(0.,1.,0.)) ;
#3492=DIRECTION('Vector Direction',(0.,1.,0.)) ;
#3499=DIRECTION('Axis2P3D Direction',(0.,1.,0.)) ;
#3511=DIRECTION('Vector Direction',(0.,1.,0.)) ;
#3520=DIRECTION('Axis2P3D Direction',(0.,1.,0.)) ;
#3527=DIRECTION('Vector Direction',(0.,1.,0.)) ;
#3534=DIRECTION('Axis2P3D Direction',(0.,1.,0.)) ;
#3546=DIRECTION('Axis2P3D Direction',(0.,1.,0.)) ;
#3551=DIRECTION('Axis2P3D Direction',(0.,1.,0.)) ;
#3563=DIRECTION('Axis2P3D Direction',(-1.,0.,0.)) ;
#3564=DIRECTION('Axis2P3D XDirection',(-0.,-1.,0.)) ;
#3568=DIRECTION('Vector Direction',(0.,-1.,0.)) ;
#3577=DIRECTION('Axis2P3D Direction',(-1.,0.,0.)) ;
#3584=DIRECTION('Vector Direction',(0.,0.,1.)) ;
#3591=DIRECTION('Vector Direction',(0.,1.,0.)) ;
#3598=DIRECTION('Vector Direction',(0.,0.,1.)) ;
#3605=DIRECTION('Vector Direction',(0.,-1.,0.)) ;
#3612=DIRECTION('Vector Direction',(0.,0.,1.)) ;
#3619=DIRECTION('Vector Direction',(0.,1.,0.)) ;
#3626=DIRECTION('Vector Direction',(0.,0.,1.)) ;
#3633=DIRECTION('Axis2P3D Direction',(-1.,0.,0.)) ;
#3651=DIRECTION('Axis2P3D Direction',(0.,0.,1.)) ;
#3652=DIRECTION('Axis2P3D XDirection',(1.,0.,0.)) ;
#3656=DIRECTION('Axis2P3D Direction',(0.,0.,1.)) ;
#3665=DIRECTION('Vector Direction',(0.,0.,1.)) ;
#3672=DIRECTION('Axis2P3D Direction',(0.,0.,1.)) ;
#3679=DIRECTION('Vector Direction',(0.,0.,1.)) ;
#3691=DIRECTION('Axis2P3D Direction',(0.,0.,1.)) ;
#3692=DIRECTION('Axis2P3D XDirection',(1.,0.,0.)) ;
#3696=DIRECTION('Vector Direction',(1.,0.,0.)) ;
#3703=DIRECTION('Vector Direction',(0.,-1.,0.)) ;
#3710=DIRECTION('Vector Direction',(-1.,0.,0.)) ;
#3726=DIRECTION('Axis2P3D Direction',(-1.,0.,0.)) ;
#3727=DIRECTION('Axis2P3D XDirection',(0.,-1.,0.)) ;
#3731=DIRECTION('Vector Direction',(0.,0.,1.)) ;
#3740=DIRECTION('Vector Direction',(0.,-1.,0.)) ;
#3745=DIRECTION('Vector Direction',(0.,-1.,0.)) ;
#3757=DIRECTION('Axis2P3D Direction',(0.,0.,1.)) ;
#3758=DIRECTION('Axis2P3D XDirection',(0.,-1.,0.)) ;
#3762=DIRECTION('Axis2P3D Direction',(0.,0.,1.)) ;
#3769=DIRECTION('Vector Direction',(0.,0.,1.)) ;
#3776=DIRECTION('Axis2P3D Direction',(0.,0.,1.)) ;
#3788=DIRECTION('Axis2P3D Direction',(0.,0.,-1.)) ;
#3789=DIRECTION('Axis2P3D XDirection',(0.965925826289,0.258819045103,0.)) ;
#3793=DIRECTION('Axis2P3D Direction',(-5.3290705182E-016,1.,0.)) ;
#3798=DIRECTION('Axis2P3D Direction',(1.,5.3290705182E-016,0.)) ;
#3809=DIRECTION('Axis2P3D Direction',(0.,-1.,0.)) ;
#3810=DIRECTION('Axis2P3D XDirection',(0.,0.,-1.)) ;
#3814=DIRECTION('Axis2P3D Direction',(0.,-1.,0.)) ;
#3826=DIRECTION('Axis2P3D Direction',(0.,0.,-1.)) ;
#3827=DIRECTION('Axis2P3D XDirection',(-0.258819045103,0.965925826289,0.)) ;
#3831=DIRECTION('Axis2P3D Direction',(-1.,-5.77315972805E-016,-0.)) ;
#3842=DIRECTION('Axis2P3D Direction',(-1.,0.,0.)) ;
#3843=DIRECTION('Axis2P3D XDirection',(0.,1.,1.83690953073E-016)) ;
#3847=DIRECTION('Vector Direction',(-1.,0.,0.)) ;
#3859=DIRECTION('Axis2P3D Direction',(1.,0.,0.)) ;
#3860=DIRECTION('Axis2P3D XDirection',(0.,-1.,1.83690953073E-016)) ;
#3864=DIRECTION('Vector Direction',(1.,0.,0.)) ;
#3876=DIRECTION('Axis2P3D Direction',(0.87250601595,0.488603368932,0.)) ;
#3877=DIRECTION('Axis2P3D XDirection',(0.,0.,-1.)) ;
#3881=DIRECTION('Vector Direction',(0.87250601595,0.488603368932,0.)) ;
#3890=DIRECTION('Axis2P3D Direction',(0.87250601595,0.488603368932,0.)) ;
#3897=DIRECTION('Vector Direction',(0.87250601595,0.488603368932,0.)) ;
#3904=DIRECTION('Axis2P3D Direction',(0.87250601595,0.488603368932,0.)) ;
#3916=DIRECTION('Axis2P3D Direction',(0.,-0.,1.)) ;
#3917=DIRECTION('Axis2P3D XDirection',(0.,-1.,0.)) ;
#3921=DIRECTION('Axis2P3D Direction',(0.,-0.,1.)) ;
#3928=DIRECTION('Axis2P3D Direction',(-1.,-7.1054273576E-016,0.)) ;
#3935=DIRECTION('Axis2P3D Direction',(0.,-0.,1.)) ;
#3947=DIRECTION('Axis2P3D Direction',(1.,0.,0.)) ;
#3948=DIRECTION('Axis2P3D XDirection',(0.,0.,-1.)) ;
#3952=DIRECTION('Vector Direction',(1.,0.,0.)) ;
#3959=DIRECTION('Vector Direction',(1.,0.,0.)) ;
#3966=DIRECTION('Vector Direction',(1.,0.,0.)) ;
#3973=DIRECTION('Axis2P3D Direction',(1.,0.,0.)) ;
#3980=DIRECTION('Vector Direction',(1.,0.,0.)) ;
#3994=DIRECTION('Axis2P3D Direction',(0.,1.,0.)) ;
#3995=DIRECTION('Axis2P3D XDirection',(0.258819045103,0.,-0.965925826289)) ;
#3999=DIRECTION('Axis2P3D Direction',(-4.4408920985E-017,0.,-1.)) ;
#4006=DIRECTION('Axis2P3D Direction',(0.,1.,0.)) ;
#4017=DIRECTION('Axis2P3D Direction',(0.,0.,1.)) ;
#4018=DIRECTION('Axis2P3D XDirection',(1.83690953073E-016,1.,-0.)) ;
#4022=DIRECTION('Axis2P3D Direction',(0.,0.,1.)) ;
#4031=DIRECTION('Vector Direction',(0.,0.,1.)) ;
#4036=DIRECTION('Vector Direction',(0.,0.,1.)) ;
#4048=DIRECTION('Axis2P3D Direction',(-0.488603368932,0.87250601595,2.77555756156E-017)) ;
#4049=DIRECTION('Axis2P3D XDirection',(-0.383032821264,-0.214498379908,0.898485560736)) ;
#4135=DIRECTION('Axis2P3D Direction',(0.,0.,1.)) ;
#4136=DIRECTION('Axis2P3D XDirection',(1.,0.,0.)) ;
#4140=DIRECTION('Vector Direction',(1.,0.,0.)) ;
#4147=DIRECTION('Axis2P3D Direction',(0.,0.,1.)) ;
#4154=DIRECTION('Vector Direction',(0.,-1.,0.)) ;
#4159=DIRECTION('Vector Direction',(-1.,0.,0.)) ;
#4175=DIRECTION('Axis2P3D Direction',(-1.,0.,0.)) ;
#4176=DIRECTION('Axis2P3D XDirection',(0.,-1.,0.)) ;
#4180=DIRECTION('Vector Direction',(0.,0.,1.)) ;
#4187=DIRECTION('Vector Direction',(0.,-1.,0.)) ;
#4199=DIRECTION('Axis2P3D Direction',(0.,-1.,0.)) ;
#4200=DIRECTION('Axis2P3D XDirection',(-1.,0.,0.)) ;
#4204=DIRECTION('Axis2P3D Direction',(0.,-1.,0.)) ;
#4211=DIRECTION('Vector Direction',(0.,-1.,0.)) ;
#4223=DIRECTION('Axis2P3D Direction',(0.,0.,1.)) ;
#4224=DIRECTION('Axis2P3D XDirection',(1.,0.,0.)) ;
#4228=DIRECTION('Vector Direction',(1.,0.,0.)) ;
#4237=DIRECTION('Vector Direction',(0.,1.,0.)) ;
#4244=DIRECTION('Vector Direction',(-1.,0.,0.)) ;
#4249=DIRECTION('Vector Direction',(1.,0.,0.)) ;
#4256=DIRECTION('Axis2P3D Direction',(0.,0.,1.)) ;
#4263=DIRECTION('Vector Direction',(0.87250601595,-0.488603368932,0.)) ;
#4281=DIRECTION('Axis2P3D Direction',(0.87250601595,-0.488603368932,0.)) ;
#4282=DIRECTION('Axis2P3D XDirection',(-0.488603368932,-0.87250601595,0.)) ;
#4286=DIRECTION('Axis2P3D Direction',(0.87250601595,-0.488603368932,0.)) ;
#4293=DIRECTION('Vector Direction',(0.87250601595,-0.488603368932,0.)) ;
#4300=DIRECTION('Axis2P3D Direction',(0.87250601595,-0.488603368932,0.)) ;
#4312=DIRECTION('Axis2P3D Direction',(0.,0.,1.)) ;
#4313=DIRECTION('Axis2P3D XDirection',(0.488603368932,0.87250601595,0.)) ;
#4317=DIRECTION('Axis2P3D Direction',(1.,-1.49880108324E-015,0.)) ;
#4324=DIRECTION('Axis2P3D Direction',(0.,0.,1.)) ;
#4336=DIRECTION('Axis2P3D Direction',(1.,0.,0.)) ;
#4337=DIRECTION('Axis2P3D XDirection',(0.,-1.,0.)) ;
#4341=DIRECTION('Axis2P3D Direction',(1.,0.,0.)) ;
#4348=DIRECTION('Vector Direction',(1.,0.,0.)) ;
#4355=DIRECTION('Vector Direction',(1.,0.,0.)) ;
#4362=DIRECTION('Vector Direction',(1.,0.,0.)) ;
#4376=DIRECTION('Axis2P3D Direction',(0.,-1.,0.)) ;
#4377=DIRECTION('Axis2P3D XDirection',(-0.965925826289,0.,0.258819045103)) ;
#4381=DIRECTION('Axis2P3D Direction',(3.10862446895E-016,0.,1.)) ;
#4392=DIRECTION('Axis2P3D Direction',(0.,0.,1.)) ;
#4393=DIRECTION('Axis2P3D XDirection',(-1.,1.83690953073E-016,0.)) ;
#4397=DIRECTION('Vector Direction',(0.,0.,1.)) ;
#4409=DIRECTION('Axis2P3D Direction',(-0.488603368932,-0.87250601595,2.77555756156E-017)) ;
#4410=DIRECTION('Axis2P3D XDirection',(-0.210781650228,0.118037724128,-0.970380436535)) ;
#4457=DIRECTION('Axis2P3D Direction',(0.974814813662,0.,0.22301587178)) ;
#4458=DIRECTION('Axis2P3D XDirection',(-0.22301587178,0.,0.974814813662)) ;
#4483=DIRECTION('Vector Direction',(0.,-1.,0.)) ;
#4490=DIRECTION('Vector Direction',(0.,1.,0.)) ;
#4497=DIRECTION('Vector Direction',(-0.22301587178,0.,0.974814813662)) ;
#4502=DIRECTION('Vector Direction',(-0.22301587178,0.,0.974814813662)) ;
#4516=DIRECTION('Axis2P3D Direction',(0.,1.,-0.)) ;
#4517=DIRECTION('Axis2P3D XDirection',(-1.,0.,0.)) ;
#4521=DIRECTION('Vector Direction',(-1.,0.,0.)) ;
#4528=DIRECTION('Vector Direction',(0.22301587178,0.,0.974814813662)) ;
#4544=DIRECTION('Axis2P3D Direction',(1.,0.,0.)) ;
#4545=DIRECTION('Axis2P3D XDirection',(0.,-1.,0.)) ;
#4549=DIRECTION('Vector Direction',(1.,0.,0.)) ;
#4556=DIRECTION('Vector Direction',(1.,0.,0.)) ;
#4563=DIRECTION('Vector Direction',(1.,0.,0.)) ;
#4568=DIRECTION('Axis2P3D Direction',(1.,0.,0.)) ;
#4582=DIRECTION('Axis2P3D Direction',(0.,-1.,0.)) ;
#4583=DIRECTION('Axis2P3D XDirection',(-1.,-0.,1.83690953073E-016)) ;
#4587=DIRECTION('Vector Direction',(0.,-1.,0.)) ;
#4594=DIRECTION('Axis2P3D Direction',(0.,-1.,0.)) ;
#4601=DIRECTION('Vector Direction',(0.,-1.,0.)) ;
#4608=DIRECTION('Axis2P3D Direction',(0.,-1.,0.)) ;
#4620=DIRECTION('Axis2P3D Direction',(-1.,0.,0.)) ;
#4621=DIRECTION('Axis2P3D XDirection',(-0.,-1.,-0.)) ;
#4625=DIRECTION('Vector Direction',(0.,-1.,0.)) ;
#4634=DIRECTION('Vector Direction',(0.,0.,1.)) ;
#4639=DIRECTION('Vector Direction',(0.,0.,1.)) ;
#4651=DIRECTION('Axis2P3D Direction',(0.,-1.,0.)) ;
#4652=DIRECTION('Axis2P3D XDirection',(1.,0.,-1.11022302463E-016)) ;
#4656=DIRECTION('Axis2P3D Direction',(0.,-1.,0.)) ;
#4663=DIRECTION('Axis2P3D Direction',(0.,-1.,0.)) ;
#4670=DIRECTION('Vector Direction',(0.,-1.,0.)) ;
#4682=DIRECTION('Axis2P3D Direction',(0.,-1.,0.)) ;
#4683=DIRECTION('Axis2P3D XDirection',(-1.,-0.,1.83690953073E-016)) ;
#4687=DIRECTION('Vector Direction',(0.,-1.,0.)) ;
#4694=DIRECTION('Axis2P3D Direction',(0.,-1.,0.)) ;
#4701=DIRECTION('Vector Direction',(0.,-1.,0.)) ;
#4708=DIRECTION('Axis2P3D Direction',(0.,-1.,0.)) ;
#4720=DIRECTION('Vector Direction',(0.,-1.,0.)) ;
#4729=DIRECTION('Vector Direction',(0.,0.,1.)) ;
#4734=DIRECTION('Vector Direction',(0.,0.,1.)) ;
#4746=DIRECTION('Axis2P3D Direction',(0.,-1.,0.)) ;
#4747=DIRECTION('Axis2P3D XDirection',(1.,0.,-1.11022302463E-016)) ;
#4751=DIRECTION('Axis2P3D Direction',(0.,-1.,0.)) ;
#4758=DIRECTION('Axis2P3D Direction',(0.,-1.,0.)) ;
#4765=DIRECTION('Vector Direction',(0.,-1.,0.)) ;
#4777=DIRECTION('Axis2P3D Direction',(0.681144497629,0.,-0.732149010345)) ;
#4778=DIRECTION('Axis2P3D XDirection',(0.732149010345,-0.,0.681144497629)) ;
#4782=DIRECTION('Vector Direction',(0.,-1.,0.)) ;
#4791=DIRECTION('Vector Direction',(0.732149010345,0.,0.681144497629)) ;
#4796=DIRECTION('Vector Direction',(0.732149010345,0.,0.681144497629)) ;
#4808=DIRECTION('Axis2P3D Direction',(0.406736643076,0.,0.913545457642)) ;
#4809=DIRECTION('Axis2P3D XDirection',(-0.913545457642,0.,0.406736643076)) ;
#4813=DIRECTION('Vector Direction',(-0.913545457642,0.,0.406736643076)) ;
#4820=DIRECTION('Vector Direction',(-0.913545457642,0.,0.406736643076)) ;
#4827=DIRECTION('Vector Direction',(0.,-1.,0.)) ;
#4839=DIRECTION('Axis2P3D Direction',(0.,1.,-0.)) ;
#4840=DIRECTION('Axis2P3D XDirection',(-1.,0.,0.)) ;
#4844=DIRECTION('Vector Direction',(-1.,0.,0.)) ;
#4851=DIRECTION('Vector Direction',(0.,0.,1.)) ;
#4858=DIRECTION('Vector Direction',(-1.,0.,0.)) ;
#4863=DIRECTION('Axis2P3D Direction',(0.,1.,-0.)) ;
#4889=DIRECTION('Axis2P3D Direction',(0.,1.,-0.)) ;
#4890=DIRECTION('Axis2P3D XDirection',(-1.,0.,0.)) ;
#4894=DIRECTION('Axis2P3D Direction',(0.,1.,-0.)) ;
#4923=DIRECTION('Axis2P3D Direction',(0.,-1.,0.)) ;
#4924=DIRECTION('Axis2P3D XDirection',(0.406736643076,0.,0.913545457642)) ;
#4935=DIRECTION('Vector Direction',(0.,-1.,0.)) ;
#4944=DIRECTION('Vector Direction',(0.732149010345,0.,0.681144497629)) ;
#4949=DIRECTION('Vector Direction',(0.732149010345,0.,0.681144497629)) ;
#4961=DIRECTION('Vector Direction',(-0.913545457642,0.,0.406736643076)) ;
#4968=DIRECTION('Vector Direction',(-0.913545457642,0.,0.406736643076)) ;
#4975=DIRECTION('Vector Direction',(0.,-1.,0.)) ;
#4987=DIRECTION('Axis2P3D Direction',(0.,-1.,0.)) ;
#4988=DIRECTION('Axis2P3D XDirection',(1.,0.,0.)) ;
#4992=DIRECTION('Axis2P3D Direction',(0.,-1.,0.)) ;
#5021=DIRECTION('Axis2P3D Direction',(0.,-1.,0.)) ;
#5022=DIRECTION('Axis2P3D XDirection',(1.,0.,0.)) ;
#5026=DIRECTION('Vector Direction',(1.,0.,0.)) ;
#5033=DIRECTION('Vector Direction',(0.,0.,1.)) ;
#5040=DIRECTION('Vector Direction',(1.,0.,0.)) ;
#5045=DIRECTION('Axis2P3D Direction',(0.,-1.,0.)) ;
#5071=DIRECTION('Axis2P3D Direction',(0.,-1.,0.)) ;
#5072=DIRECTION('Axis2P3D XDirection',(0.406736643076,0.,0.913545457642)) ;
#5083=DIRECTION('Vector Direction',(0.,-1.,0.)) ;
#5111=DIRECTION('Vector Direction',(-0.22301587178,0.,0.974814813662)) ;
#5116=DIRECTION('Vector Direction',(-0.22301587178,0.,0.974814813662)) ;
#5123=DIRECTION('Vector Direction',(0.,1.,0.)) ;
#5137=DIRECTION('Axis2P3D Direction',(0.,1.,-0.)) ;
#5138=DIRECTION('Axis2P3D XDirection',(-1.,0.,0.)) ;
#5142=DIRECTION('Vector Direction',(0.22301587178,0.,0.974814813662)) ;
#5149=DIRECTION('Vector Direction',(-1.,0.,0.)) ;
#5165=DIRECTION('Axis2P3D Direction',(-1.,0.,0.)) ;
#5166=DIRECTION('Axis2P3D XDirection',(0.,1.,0.)) ;
#5170=DIRECTION('Axis2P3D Direction',(-1.,0.,0.)) ;
#5175=DIRECTION('Vector Direction',(-1.,0.,0.)) ;
#5182=DIRECTION('Vector Direction',(-1.,0.,0.)) ;
#5189=DIRECTION('Vector Direction',(-1.,0.,0.)) ;
#5203=DIRECTION('Axis2P3D Direction',(0.,-1.,0.)) ;
#5204=DIRECTION('Axis2P3D XDirection',(1.,0.,0.)) ;
#5208=DIRECTION('Vector Direction',(0.22301587178,0.,0.974814813662)) ;
#5215=DIRECTION('Axis2P3D Direction',(0.,-1.,0.)) ;
#5233=DIRECTION('Axis2P3D Direction',(0.974814813662,0.,-0.22301587178)) ;
#5234=DIRECTION('Axis2P3D XDirection',(0.22301587178,-0.,0.974814813662)) ;
#5238=DIRECTION('Vector Direction',(0.,-1.,0.)) ;
#5261=DIRECTION('Axis2P3D Direction',(0.,0.,1.)) ;
#5268=DIRECTION('Vector Direction',(0.,-1.,0.)) ;
#5285=DIRECTION('Axis2P3D Direction',(0.,-1.,0.)) ;
#5286=DIRECTION('Axis2P3D XDirection',(2.22044604925E-016,0.,-1.)) ;
#5317=DIRECTION('Axis2P3D Direction',(0.,-0.,1.)) ;
#5318=DIRECTION('Axis2P3D XDirection',(1.,7.04487466627E-016,0.)) ;
#5322=DIRECTION('Axis2P3D Direction',(0.,-0.,1.)) ;
#5337=DIRECTION('Axis2P3D Direction',(0.,-0.,1.)) ;
#5344=DIRECTION('Vector Direction',(0.,0.,1.)) ;
#5359=DIRECTION('Axis2P3D Direction',(-1.,0.,0.)) ;
#5360=DIRECTION('Axis2P3D XDirection',(0.,1.,1.83690953073E-016)) ;
#5364=DIRECTION('Vector Direction',(-1.,0.,0.)) ;
#5378=DIRECTION('Axis2P3D Direction',(0.,1.,-0.)) ;
#5379=DIRECTION('Axis2P3D XDirection',(-1.,0.,0.)) ;
#5383=DIRECTION('Axis2P3D Direction',(0.,1.,-0.)) ;
#5390=DIRECTION('Vector Direction',(0.22301587178,0.,0.974814813662)) ;
#5408=DIRECTION('Vector Direction',(0.,-1.,0.)) ;
#5431=DIRECTION('Axis2P3D Direction',(0.,0.,1.)) ;
#5438=DIRECTION('Vector Direction',(0.,-1.,0.)) ;
#5455=DIRECTION('Axis2P3D Direction',(0.,-1.,0.)) ;
#5456=DIRECTION('Axis2P3D XDirection',(2.22044604925E-016,0.,-1.)) ;
#5487=DIRECTION('Axis2P3D Direction',(0.,-0.,1.)) ;
#5488=DIRECTION('Axis2P3D XDirection',(-1.22460635382E-016,-1.,0.)) ;
#5500=DIRECTION('Axis2P3D Direction',(0.,-0.,1.)) ;
#5507=DIRECTION('Vector Direction',(0.,0.,1.)) ;
#5514=DIRECTION('Axis2P3D Direction',(0.,-0.,1.)) ;
#5529=DIRECTION('Axis2P3D Direction',(-1.,0.,0.)) ;
#5530=DIRECTION('Axis2P3D XDirection',(0.,0.,-1.)) ;
#5534=DIRECTION('Vector Direction',(-1.,0.,0.)) ;
#5548=DIRECTION('Axis2P3D Direction',(0.,-0.,1.)) ;
#5549=DIRECTION('Axis2P3D XDirection',(1.,-1.83690953073E-016,-0.)) ;
#5553=DIRECTION('Axis2P3D Direction',(0.,-0.,1.)) ;
#5562=DIRECTION('Vector Direction',(0.,0.,1.)) ;
#5569=DIRECTION('Axis2P3D Direction',(0.,-0.,1.)) ;
#5576=DIRECTION('Vector Direction',(0.,0.,1.)) ;
#5588=DIRECTION('Axis2P3D Direction',(-1.,0.,0.)) ;
#5589=DIRECTION('Axis2P3D XDirection',(-0.,-1.,0.)) ;
#5593=DIRECTION('Vector Direction',(0.,-1.,0.)) ;
#5600=DIRECTION('Vector Direction',(0.,-1.,0.)) ;
#5607=DIRECTION('Vector Direction',(0.,0.,1.)) ;
#5619=DIRECTION('Axis2P3D Direction',(0.,1.,-0.)) ;
#5620=DIRECTION('Axis2P3D XDirection',(-1.,0.,0.)) ;
#5624=DIRECTION('Vector Direction',(-1.,0.,0.)) ;
#5631=DIRECTION('Vector Direction',(-1.,0.,0.)) ;
#5638=DIRECTION('Vector Direction',(0.,0.,1.)) ;
#5650=DIRECTION('Vector Direction',(0.,1.,0.)) ;
#5655=DIRECTION('Axis2P3D Direction',(0.,0.,1.)) ;
#5674=DIRECTION('Axis2P3D Direction',(0.,0.,1.)) ;
#5675=DIRECTION('Axis2P3D XDirection',(1.83690953073E-016,1.,-0.)) ;
#5679=DIRECTION('Axis2P3D Direction',(0.,0.,1.)) ;
#5691=DIRECTION('Axis2P3D Direction',(1.,0.,0.)) ;
#5692=DIRECTION('Axis2P3D XDirection',(0.,1.,0.)) ;
#5696=DIRECTION('Vector Direction',(0.,1.,0.)) ;
#5703=DIRECTION('Vector Direction',(0.,1.,0.)) ;
#5710=DIRECTION('Vector Direction',(0.,0.,1.)) ;
#5730=DIRECTION('Axis2P3D Direction',(0.,0.,1.)) ;
#5731=DIRECTION('Axis2P3D XDirection',(-1.83690953073E-016,-1.,-0.)) ;
#5735=DIRECTION('Axis2P3D Direction',(0.,0.,1.)) ;
#5742=DIRECTION('Vector Direction',(0.,0.,1.)) ;
#5749=DIRECTION('Axis2P3D Direction',(0.,0.,1.)) ;
#5761=DIRECTION('Vector Direction',(0.,-1.,0.)) ;
#5768=DIRECTION('Vector Direction',(0.,-1.,0.)) ;
#5775=DIRECTION('Vector Direction',(0.,0.,1.)) ;
#5787=DIRECTION('Axis2P3D Direction',(0.,1.,-0.)) ;
#5788=DIRECTION('Axis2P3D XDirection',(-1.,0.,0.)) ;
#5792=DIRECTION('Vector Direction',(0.,0.,1.)) ;
#5801=DIRECTION('Vector Direction',(-1.,0.,0.)) ;
#5806=DIRECTION('Vector Direction',(-1.,0.,0.)) ;
#5818=DIRECTION('Axis2P3D Direction',(0.,0.,1.)) ;
#5837=DIRECTION('Axis2P3D Direction',(0.,-0.,1.)) ;
#5838=DIRECTION('Axis2P3D XDirection',(0.,1.,0.)) ;
#5842=DIRECTION('Axis2P3D Direction',(0.,-0.,1.)) ;
#5876=DIRECTION('Axis2P3D Direction',(0.,0.,1.)) ;
#5877=DIRECTION('Axis2P3D XDirection',(-1.,1.83690953073E-016,0.)) ;
#5889=DIRECTION('Axis2P3D Direction',(0.,0.,1.)) ;
#5890=DIRECTION('Axis2P3D XDirection',(1.,0.,0.)) ;
#5893=DIRECTION('Axis2P3D Direction',(0.,0.,1.)) ;
#5894=DIRECTION('Axis2P3D XDirection',(1.,0.,0.)) ;
#48=AXIS2_PLACEMENT_3D(' ',#47,$,$) ;
#60=AXIS2_PLACEMENT_3D('Cylinder Axis2P3D',#57,#58,#59) ;
#64=AXIS2_PLACEMENT_3D('Circle Axis2P3D',#62,#63,$) ;
#80=AXIS2_PLACEMENT_3D('Circle Axis2P3D',#78,#79,$) ;
#100=AXIS2_PLACEMENT_3D('Cylinder Axis2P3D',#97,#98,#99) ;
#104=AXIS2_PLACEMENT_3D('Circle Axis2P3D',#102,#103,$) ;
#109=AXIS2_PLACEMENT_3D('Circle Axis2P3D',#107,#108,$) ;
#122=AXIS2_PLACEMENT_3D('Cylinder Axis2P3D',#119,#120,#121) ;
#126=AXIS2_PLACEMENT_3D('Circle Axis2P3D',#124,#125,$) ;
#142=AXIS2_PLACEMENT_3D('Circle Axis2P3D',#140,#141,$) ;
#162=AXIS2_PLACEMENT_3D('Cylinder Axis2P3D',#159,#160,#161) ;
#166=AXIS2_PLACEMENT_3D('Circle Axis2P3D',#164,#165,$) ;
#171=AXIS2_PLACEMENT_3D('Circle Axis2P3D',#169,#170,$) ;
#184=AXIS2_PLACEMENT_3D('Cylinder Axis2P3D',#181,#182,#183) ;
#188=AXIS2_PLACEMENT_3D('Circle Axis2P3D',#186,#187,$) ;
#204=AXIS2_PLACEMENT_3D('Circle Axis2P3D',#202,#203,$) ;
#224=AXIS2_PLACEMENT_3D('Cylinder Axis2P3D',#221,#222,#223) ;
#228=AXIS2_PLACEMENT_3D('Circle Axis2P3D',#226,#227,$) ;
#233=AXIS2_PLACEMENT_3D('Circle Axis2P3D',#231,#232,$) ;
#246=AXIS2_PLACEMENT_3D('Cylinder Axis2P3D',#243,#244,#245) ;
#259=AXIS2_PLACEMENT_3D('Circle Axis2P3D',#257,#258,$) ;
#273=AXIS2_PLACEMENT_3D('Circle Axis2P3D',#271,#272,$) ;
#285=AXIS2_PLACEMENT_3D('Circle Axis2P3D',#283,#284,$) ;
#290=AXIS2_PLACEMENT_3D('Circle Axis2P3D',#288,#289,$) ;
#303=AXIS2_PLACEMENT_3D('Cylinder Axis2P3D',#300,#301,#302) ;
#316=AXIS2_PLACEMENT_3D('Circle Axis2P3D',#314,#315,$) ;
#330=AXIS2_PLACEMENT_3D('Circle Axis2P3D',#328,#329,$) ;
#342=AXIS2_PLACEMENT_3D('Circle Axis2P3D',#340,#341,$) ;
#347=AXIS2_PLACEMENT_3D('Circle Axis2P3D',#345,#346,$) ;
#368=AXIS2_PLACEMENT_3D('Circle Axis2P3D',#366,#367,$) ;
#382=AXIS2_PLACEMENT_3D('Circle Axis2P3D',#380,#381,$) ;
#394=AXIS2_PLACEMENT_3D('Circle Axis2P3D',#392,#393,$) ;
#399=AXIS2_PLACEMENT_3D('Circle Axis2P3D',#397,#398,$) ;
#420=AXIS2_PLACEMENT_3D('Circle Axis2P3D',#418,#419,$) ;
#434=AXIS2_PLACEMENT_3D('Circle Axis2P3D',#432,#433,$) ;
#446=AXIS2_PLACEMENT_3D('Circle Axis2P3D',#444,#445,$) ;
#451=AXIS2_PLACEMENT_3D('Circle Axis2P3D',#449,#450,$) ;
#464=AXIS2_PLACEMENT_3D('Cylinder Axis2P3D',#461,#462,#463) ;
#477=AXIS2_PLACEMENT_3D('Circle Axis2P3D',#475,#476,$) ;
#491=AXIS2_PLACEMENT_3D('Circle Axis2P3D',#489,#490,$) ;
#504=AXIS2_PLACEMENT_3D('Cylinder Axis2P3D',#501,#502,#503) ;
#517=AXIS2_PLACEMENT_3D('Circle Axis2P3D',#515,#516,$) ;
#531=AXIS2_PLACEMENT_3D('Circle Axis2P3D',#529,#530,$) ;
#543=AXIS2_PLACEMENT_3D('Circle Axis2P3D',#541,#542,$) ;
#548=AXIS2_PLACEMENT_3D('Circle Axis2P3D',#546,#547,$) ;
#569=AXIS2_PLACEMENT_3D('Circle Axis2P3D',#567,#568,$) ;
#583=AXIS2_PLACEMENT_3D('Circle Axis2P3D',#581,#582,$) ;
#604=AXIS2_PLACEMENT_3D('Circle Axis2P3D',#602,#603,$) ;
#618=AXIS2_PLACEMENT_3D('Circle Axis2P3D',#616,#617,$) ;
#630=AXIS2_PLACEMENT_3D('Circle Axis2P3D',#628,#629,$) ;
#635=AXIS2_PLACEMENT_3D('Circle Axis2P3D',#633,#634,$) ;
#648=AXIS2_PLACEMENT_3D('Plane Axis2P3D',#645,#646,#647) ;
#661=AXIS2_PLACEMENT_3D('Circle Axis2P3D',#659,#660,$) ;
#717=AXIS2_PLACEMENT_3D('Circle Axis2P3D',#715,#716,$) ;
#736=AXIS2_PLACEMENT_3D('Cylinder Axis2P3D',#733,#734,#735) ;
#740=AXIS2_PLACEMENT_3D('Circle Axis2P3D',#738,#739,$) ;
#756=AXIS2_PLACEMENT_3D('Circle Axis2P3D',#754,#755,$) ;
#776=AXIS2_PLACEMENT_3D('Plane Axis2P3D',#773,#774,#775) ;
#811=AXIS2_PLACEMENT_3D('Plane Axis2P3D',#808,#809,#810) ;
#842=AXIS2_PLACEMENT_3D('Cylinder Axis2P3D',#839,#840,#841) ;
#846=AXIS2_PLACEMENT_3D('Circle Axis2P3D',#844,#845,$) ;
#860=AXIS2_PLACEMENT_3D('Circle Axis2P3D',#858,#859,$) ;
#873=AXIS2_PLACEMENT_3D('Sphere Axis2P3D',#870,#871,#872) ;
#877=AXIS2_PLACEMENT_3D('Circle Axis2P3D',#875,#876,$) ;
#882=AXIS2_PLACEMENT_3D('Circle Axis2P3D',#880,#881,$) ;
#894=AXIS2_PLACEMENT_3D('Cylinder Axis2P3D',#891,#892,#893) ;
#898=AXIS2_PLACEMENT_3D('Circle Axis2P3D',#896,#897,$) ;
#911=AXIS2_PLACEMENT_3D('Sphere Axis2P3D',#908,#909,#910) ;
#915=AXIS2_PLACEMENT_3D('Circle Axis2P3D',#913,#914,$) ;
#927=AXIS2_PLACEMENT_3D('Cylinder Axis2P3D',#924,#925,#926) ;
#944=AXIS2_PLACEMENT_3D('Cylinder Axis2P3D',#941,#942,#943) ;
#961=AXIS2_PLACEMENT_3D('Cylinder Axis2P3D',#958,#959,#960) ;
#974=AXIS2_PLACEMENT_3D('Circle Axis2P3D',#972,#973,$) ;
#988=AXIS2_PLACEMENT_3D('Circle Axis2P3D',#986,#987,$) ;
#1001=AXIS2_PLACEMENT_3D('Torus Axis2P3D',#998,#999,#1000) ;
#1005=AXIS2_PLACEMENT_3D('Circle Axis2P3D',#1003,#1004,$) ;
#1012=AXIS2_PLACEMENT_3D('Circle Axis2P3D',#1010,#1011,$) ;
#1019=AXIS2_PLACEMENT_3D('Circle Axis2P3D',#1017,#1018,$) ;
#1032=AXIS2_PLACEMENT_3D('Cylinder Axis2P3D',#1029,#1030,#1031) ;
#1057=AXIS2_PLACEMENT_3D('Circle Axis2P3D',#1055,#1056,$) ;
#1079=AXIS2_PLACEMENT_3D('Sphere Axis2P3D',#1076,#1077,#1078) ;
#1083=AXIS2_PLACEMENT_3D('Circle Axis2P3D',#1081,#1082,$) ;
#1090=AXIS2_PLACEMENT_3D('Circle Axis2P3D',#1088,#1089,$) ;
#1102=AXIS2_PLACEMENT_3D('Cylinder Axis2P3D',#1099,#1100,#1101) ;
#1106=AXIS2_PLACEMENT_3D('Circle Axis2P3D',#1104,#1105,$) ;
#1133=AXIS2_PLACEMENT_3D('Sphere Axis2P3D',#1130,#1131,#1132) ;
#1220=AXIS2_PLACEMENT_3D('Plane Axis2P3D',#1217,#1218,#1219) ;
#1231=AXIS2_PLACEMENT_3D('Circle Axis2P3D',#1229,#1230,$) ;
#1260=AXIS2_PLACEMENT_3D('Plane Axis2P3D',#1257,#1258,#1259) ;
#1284=AXIS2_PLACEMENT_3D('Cylinder Axis2P3D',#1281,#1282,#1283) ;
#1288=AXIS2_PLACEMENT_3D('Circle Axis2P3D',#1286,#1287,$) ;
#1308=AXIS2_PLACEMENT_3D('Plane Axis2P3D',#1305,#1306,#1307) ;
#1340=AXIS2_PLACEMENT_3D('Circle Axis2P3D',#1338,#1339,$) ;
#1366=AXIS2_PLACEMENT_3D('Cylinder Axis2P3D',#1363,#1364,#1365) ;
#1370=AXIS2_PLACEMENT_3D('Circle Axis2P3D',#1368,#1369,$) ;
#1384=AXIS2_PLACEMENT_3D('Circle Axis2P3D',#1382,#1383,$) ;
#1397=AXIS2_PLACEMENT_3D('Torus Axis2P3D',#1394,#1395,#1396) ;
#1401=AXIS2_PLACEMENT_3D('Circle Axis2P3D',#1399,#1400,$) ;
#1408=AXIS2_PLACEMENT_3D('Circle Axis2P3D',#1406,#1407,$) ;
#1421=AXIS2_PLACEMENT_3D('Cylinder Axis2P3D',#1418,#1419,#1420) ;
#1425=AXIS2_PLACEMENT_3D('Circle Axis2P3D',#1423,#1424,$) ;
#1461=AXIS2_PLACEMENT_3D('Sphere Axis2P3D',#1458,#1459,#1460) ;
#1465=AXIS2_PLACEMENT_3D('Circle Axis2P3D',#1463,#1464,$) ;
#1477=AXIS2_PLACEMENT_3D('Cylinder Axis2P3D',#1474,#1475,#1476) ;
#1494=AXIS2_PLACEMENT_3D('Sphere Axis2P3D',#1491,#1492,#1493) ;
#1542=AXIS2_PLACEMENT_3D('Plane Axis2P3D',#1539,#1540,#1541) ;
#1601=AXIS2_PLACEMENT_3D('Plane Axis2P3D',#1598,#1599,#1600) ;
#1629=AXIS2_PLACEMENT_3D('Cylinder Axis2P3D',#1626,#1627,#1628) ;
#1652=AXIS2_PLACEMENT_3D('Circle Axis2P3D',#1650,#1651,$) ;
#1667=AXIS2_PLACEMENT_3D('Cylinder Axis2P3D',#1664,#1665,#1666) ;
#1678=AXIS2_PLACEMENT_3D('Circle Axis2P3D',#1676,#1677,$) ;
#1692=AXIS2_PLACEMENT_3D('Circle Axis2P3D',#1690,#1691,$) ;
#1705=AXIS2_PLACEMENT_3D('Plane Axis2P3D',#1702,#1703,#1704) ;
#1736=AXIS2_PLACEMENT_3D('Cylinder Axis2P3D',#1733,#1734,#1735) ;
#1740=AXIS2_PLACEMENT_3D('Circle Axis2P3D',#1738,#1739,$) ;
#1747=AXIS2_PLACEMENT_3D('Circle Axis2P3D',#1745,#1746,$) ;
#1767=AXIS2_PLACEMENT_3D('Cylinder Axis2P3D',#1764,#1765,#1766) ;
#1778=AXIS2_PLACEMENT_3D('Circle Axis2P3D',#1776,#1777,$) ;
#1792=AXIS2_PLACEMENT_3D('Circle Axis2P3D',#1790,#1791,$) ;
#1831=AXIS2_PLACEMENT_3D('Cylinder Axis2P3D',#1828,#1829,#1830) ;
#1835=AXIS2_PLACEMENT_3D('Circle Axis2P3D',#1833,#1834,$) ;
#1842=AXIS2_PLACEMENT_3D('Circle Axis2P3D',#1840,#1841,$) ;
#1862=AXIS2_PLACEMENT_3D('Plane Axis2P3D',#1859,#1860,#1861) ;
#1893=AXIS2_PLACEMENT_3D('Plane Axis2P3D',#1890,#1891,#1892) ;
#1924=AXIS2_PLACEMENT_3D('Plane Axis2P3D',#1921,#1922,#1923) ;
#1947=AXIS2_PLACEMENT_3D('Circle Axis2P3D',#1945,#1946,$) ;
#1974=AXIS2_PLACEMENT_3D('Plane Axis2P3D',#1971,#1972,#1973) ;
#1978=AXIS2_PLACEMENT_3D('Circle Axis2P3D',#1976,#1977,$) ;
#2008=AXIS2_PLACEMENT_3D('Cylinder Axis2P3D',#2005,#2006,#2007) ;
#2072=AXIS2_PLACEMENT_3D('Plane Axis2P3D',#2069,#2070,#2071) ;
#2076=AXIS2_PLACEMENT_3D('Circle Axis2P3D',#2074,#2075,$) ;
#2106=AXIS2_PLACEMENT_3D('Plane Axis2P3D',#2103,#2104,#2105) ;
#2129=AXIS2_PLACEMENT_3D('Circle Axis2P3D',#2127,#2128,$) ;
#2156=AXIS2_PLACEMENT_3D('Cylinder Axis2P3D',#2153,#2154,#2155) ;
#2222=AXIS2_PLACEMENT_3D('Plane Axis2P3D',#2219,#2220,#2221) ;
#2250=AXIS2_PLACEMENT_3D('Cylinder Axis2P3D',#2247,#2248,#2249) ;
#2254=AXIS2_PLACEMENT_3D('Circle Axis2P3D',#2252,#2253,$) ;
#2288=AXIS2_PLACEMENT_3D('Plane Axis2P3D',#2285,#2286,#2287) ;
#2299=AXIS2_PLACEMENT_3D('Circle Axis2P3D',#2297,#2298,$) ;
#2318=AXIS2_PLACEMENT_3D('Plane Axis2P3D',#2315,#2316,#2317) ;
#2345=AXIS2_PLACEMENT_3D('Circle Axis2P3D',#2343,#2344,$) ;
#2370=AXIS2_PLACEMENT_3D('Cylinder Axis2P3D',#2367,#2368,#2369) ;
#2402=AXIS2_PLACEMENT_3D('Cylinder Axis2P3D',#2399,#2400,#2401) ;
#2406=AXIS2_PLACEMENT_3D('Circle Axis2P3D',#2404,#2405,$) ;
#2421=AXIS2_PLACEMENT_3D('Circle Axis2P3D',#2419,#2420,$) ;
#2444=AXIS2_PLACEMENT_3D('Cylinder Axis2P3D',#2441,#2442,#2443) ;
#2463=AXIS2_PLACEMENT_3D('Plane Axis2P3D',#2460,#2461,#2462) ;
#2467=AXIS2_PLACEMENT_3D('Circle Axis2P3D',#2465,#2466,$) ;
#2515=AXIS2_PLACEMENT_3D('Circle Axis2P3D',#2513,#2514,$) ;
#2540=AXIS2_PLACEMENT_3D('Cylinder Axis2P3D',#2537,#2538,#2539) ;
#2572=AXIS2_PLACEMENT_3D('Cylinder Axis2P3D',#2569,#2570,#2571) ;
#2584=AXIS2_PLACEMENT_3D('Circle Axis2P3D',#2582,#2583,$) ;
#2598=AXIS2_PLACEMENT_3D('Circle Axis2P3D',#2596,#2597,$) ;
#2614=AXIS2_PLACEMENT_3D('Cylinder Axis2P3D',#2611,#2612,#2613) ;
#2633=AXIS2_PLACEMENT_3D('Cylinder Axis2P3D',#2630,#2631,#2632) ;
#2637=AXIS2_PLACEMENT_3D('Circle Axis2P3D',#2635,#2636,$) ;
#2653=AXIS2_PLACEMENT_3D('Circle Axis2P3D',#2651,#2652,$) ;
#2673=AXIS2_PLACEMENT_3D('Plane Axis2P3D',#2670,#2671,#2672) ;
#2704=AXIS2_PLACEMENT_3D('Plane Axis2P3D',#2701,#2702,#2703) ;
#2739=AXIS2_PLACEMENT_3D('Circle Axis2P3D',#2737,#2738,$) ;
#2759=AXIS2_PLACEMENT_3D('Cylinder Axis2P3D',#2756,#2757,#2758) ;
#2763=AXIS2_PLACEMENT_3D('Circle Axis2P3D',#2761,#2762,$) ;
#2776=AXIS2_PLACEMENT_3D('Plane Axis2P3D',#2773,#2774,#2775) ;
#2815=AXIS2_PLACEMENT_3D('Cylinder Axis2P3D',#2812,#2813,#2814) ;
#2819=AXIS2_PLACEMENT_3D('Circle Axis2P3D',#2817,#2818,$) ;
#2833=AXIS2_PLACEMENT_3D('Circle Axis2P3D',#2831,#2832,$) ;
#2872=AXIS2_PLACEMENT_3D('Plane Axis2P3D',#2869,#2870,#2871) ;
#2902=AXIS2_PLACEMENT_3D('Circle Axis2P3D',#2900,#2901,$) ;
#2922=AXIS2_PLACEMENT_3D('Plane Axis2P3D',#2919,#2920,#2921) ;
#2926=AXIS2_PLACEMENT_3D('Circle Axis2P3D',#2924,#2925,$) ;
#2961=AXIS2_PLACEMENT_3D('Cylinder Axis2P3D',#2958,#2959,#2960) ;
#2977=AXIS2_PLACEMENT_3D('Cylinder Axis2P3D',#2974,#2975,#2976) ;
#2981=AXIS2_PLACEMENT_3D('Circle Axis2P3D',#2979,#2980,$) ;
#2997=AXIS2_PLACEMENT_3D('Circle Axis2P3D',#2995,#2996,$) ;
#3017=AXIS2_PLACEMENT_3D('Cylinder Axis2P3D',#3014,#3015,#3016) ;
#3021=AXIS2_PLACEMENT_3D('Circle Axis2P3D',#3019,#3020,$) ;
#3026=AXIS2_PLACEMENT_3D('Circle Axis2P3D',#3024,#3025,$) ;
#3039=AXIS2_PLACEMENT_3D('Cylinder Axis2P3D',#3036,#3037,#3038) ;
#3043=AXIS2_PLACEMENT_3D('Circle Axis2P3D',#3041,#3042,$) ;
#3059=AXIS2_PLACEMENT_3D('Circle Axis2P3D',#3057,#3058,$) ;
#3079=AXIS2_PLACEMENT_3D('Cylinder Axis2P3D',#3076,#3077,#3078) ;
#3083=AXIS2_PLACEMENT_3D('Circle Axis2P3D',#3081,#3082,$) ;
#3088=AXIS2_PLACEMENT_3D('Circle Axis2P3D',#3086,#3087,$) ;
#3101=AXIS2_PLACEMENT_3D('Cylinder Axis2P3D',#3098,#3099,#3100) ;
#3105=AXIS2_PLACEMENT_3D('Circle Axis2P3D',#3103,#3104,$) ;
#3121=AXIS2_PLACEMENT_3D('Circle Axis2P3D',#3119,#3120,$) ;
#3141=AXIS2_PLACEMENT_3D('Cylinder Axis2P3D',#3138,#3139,#3140) ;
#3145=AXIS2_PLACEMENT_3D('Circle Axis2P3D',#3143,#3144,$) ;
#3150=AXIS2_PLACEMENT_3D('Circle Axis2P3D',#3148,#3149,$) ;
#3163=AXIS2_PLACEMENT_3D('Cylinder Axis2P3D',#3160,#3161,#3162) ;
#3176=AXIS2_PLACEMENT_3D('Circle Axis2P3D',#3174,#3175,$) ;
#3190=AXIS2_PLACEMENT_3D('Circle Axis2P3D',#3188,#3189,$) ;
#3202=AXIS2_PLACEMENT_3D('Circle Axis2P3D',#3200,#3201,$) ;
#3207=AXIS2_PLACEMENT_3D('Circle Axis2P3D',#3205,#3206,$) ;
#3220=AXIS2_PLACEMENT_3D('Cylinder Axis2P3D',#3217,#3218,#3219) ;
#3233=AXIS2_PLACEMENT_3D('Circle Axis2P3D',#3231,#3232,$) ;
#3247=AXIS2_PLACEMENT_3D('Circle Axis2P3D',#3245,#3246,$) ;
#3259=AXIS2_PLACEMENT_3D('Circle Axis2P3D',#3257,#3258,$) ;
#3264=AXIS2_PLACEMENT_3D('Circle Axis2P3D',#3262,#3263,$) ;
#3285=AXIS2_PLACEMENT_3D('Circle Axis2P3D',#3283,#3284,$) ;
#3299=AXIS2_PLACEMENT_3D('Circle Axis2P3D',#3297,#3298,$) ;
#3311=AXIS2_PLACEMENT_3D('Circle Axis2P3D',#3309,#3310,$) ;
#3316=AXIS2_PLACEMENT_3D('Circle Axis2P3D',#3314,#3315,$) ;
#3337=AXIS2_PLACEMENT_3D('Circle Axis2P3D',#3335,#3336,$) ;
#3351=AXIS2_PLACEMENT_3D('Circle Axis2P3D',#3349,#3350,$) ;
#3363=AXIS2_PLACEMENT_3D('Circle Axis2P3D',#3361,#3362,$) ;
#3368=AXIS2_PLACEMENT_3D('Circle Axis2P3D',#3366,#3367,$) ;
#3381=AXIS2_PLACEMENT_3D('Cylinder Axis2P3D',#3378,#3379,#3380) ;
#3394=AXIS2_PLACEMENT_3D('Circle Axis2P3D',#3392,#3393,$) ;
#3408=AXIS2_PLACEMENT_3D('Circle Axis2P3D',#3406,#3407,$) ;
#3421=AXIS2_PLACEMENT_3D('Cylinder Axis2P3D',#3418,#3419,#3420) ;
#3434=AXIS2_PLACEMENT_3D('Circle Axis2P3D',#3432,#3433,$) ;
#3448=AXIS2_PLACEMENT_3D('Circle Axis2P3D',#3446,#3447,$) ;
#3460=AXIS2_PLACEMENT_3D('Circle Axis2P3D',#3458,#3459,$) ;
#3465=AXIS2_PLACEMENT_3D('Circle Axis2P3D',#3463,#3464,$) ;
#3486=AXIS2_PLACEMENT_3D('Circle Axis2P3D',#3484,#3485,$) ;
#3500=AXIS2_PLACEMENT_3D('Circle Axis2P3D',#3498,#3499,$) ;
#3521=AXIS2_PLACEMENT_3D('Circle Axis2P3D',#3519,#3520,$) ;
#3535=AXIS2_PLACEMENT_3D('Circle Axis2P3D',#3533,#3534,$) ;
#3547=AXIS2_PLACEMENT_3D('Circle Axis2P3D',#3545,#3546,$) ;
#3552=AXIS2_PLACEMENT_3D('Circle Axis2P3D',#3550,#3551,$) ;
#3565=AXIS2_PLACEMENT_3D('Plane Axis2P3D',#3562,#3563,#3564) ;
#3578=AXIS2_PLACEMENT_3D('Circle Axis2P3D',#3576,#3577,$) ;
#3634=AXIS2_PLACEMENT_3D('Circle Axis2P3D',#3632,#3633,$) ;
#3653=AXIS2_PLACEMENT_3D('Cylinder Axis2P3D',#3650,#3651,#3652) ;
#3657=AXIS2_PLACEMENT_3D('Circle Axis2P3D',#3655,#3656,$) ;
#3673=AXIS2_PLACEMENT_3D('Circle Axis2P3D',#3671,#3672,$) ;
#3693=AXIS2_PLACEMENT_3D('Plane Axis2P3D',#3690,#3691,#3692) ;
#3728=AXIS2_PLACEMENT_3D('Plane Axis2P3D',#3725,#3726,#3727) ;
#3759=AXIS2_PLACEMENT_3D('Cylinder Axis2P3D',#3756,#3757,#3758) ;
#3763=AXIS2_PLACEMENT_3D('Circle Axis2P3D',#3761,#3762,$) ;
#3777=AXIS2_PLACEMENT_3D('Circle Axis2P3D',#3775,#3776,$) ;
#3790=AXIS2_PLACEMENT_3D('Sphere Axis2P3D',#3787,#3788,#3789) ;
#3794=AXIS2_PLACEMENT_3D('Circle Axis2P3D',#3792,#3793,$) ;
#3799=AXIS2_PLACEMENT_3D('Circle Axis2P3D',#3797,#3798,$) ;
#3811=AXIS2_PLACEMENT_3D('Cylinder Axis2P3D',#3808,#3809,#3810) ;
#3815=AXIS2_PLACEMENT_3D('Circle Axis2P3D',#3813,#3814,$) ;
#3828=AXIS2_PLACEMENT_3D('Sphere Axis2P3D',#3825,#3826,#3827) ;
#3832=AXIS2_PLACEMENT_3D('Circle Axis2P3D',#3830,#3831,$) ;
#3844=AXIS2_PLACEMENT_3D('Cylinder Axis2P3D',#3841,#3842,#3843) ;
#3861=AXIS2_PLACEMENT_3D('Cylinder Axis2P3D',#3858,#3859,#3860) ;
#3878=AXIS2_PLACEMENT_3D('Cylinder Axis2P3D',#3875,#3876,#3877) ;
#3891=AXIS2_PLACEMENT_3D('Circle Axis2P3D',#3889,#3890,$) ;
#3905=AXIS2_PLACEMENT_3D('Circle Axis2P3D',#3903,#3904,$) ;
#3918=AXIS2_PLACEMENT_3D('Torus Axis2P3D',#3915,#3916,#3917) ;
#3922=AXIS2_PLACEMENT_3D('Circle Axis2P3D',#3920,#3921,$) ;
#3929=AXIS2_PLACEMENT_3D('Circle Axis2P3D',#3927,#3928,$) ;
#3936=AXIS2_PLACEMENT_3D('Circle Axis2P3D',#3934,#3935,$) ;
#3949=AXIS2_PLACEMENT_3D('Cylinder Axis2P3D',#3946,#3947,#3948) ;
#3974=AXIS2_PLACEMENT_3D('Circle Axis2P3D',#3972,#3973,$) ;
#3996=AXIS2_PLACEMENT_3D('Sphere Axis2P3D',#3993,#3994,#3995) ;
#4000=AXIS2_PLACEMENT_3D('Circle Axis2P3D',#3998,#3999,$) ;
#4007=AXIS2_PLACEMENT_3D('Circle Axis2P3D',#4005,#4006,$) ;
#4019=AXIS2_PLACEMENT_3D('Cylinder Axis2P3D',#4016,#4017,#4018) ;
#4023=AXIS2_PLACEMENT_3D('Circle Axis2P3D',#4021,#4022,$) ;
#4050=AXIS2_PLACEMENT_3D('Sphere Axis2P3D',#4047,#4048,#4049) ;
#4137=AXIS2_PLACEMENT_3D('Plane Axis2P3D',#4134,#4135,#4136) ;
#4148=AXIS2_PLACEMENT_3D('Circle Axis2P3D',#4146,#4147,$) ;
#4177=AXIS2_PLACEMENT_3D('Plane Axis2P3D',#4174,#4175,#4176) ;
#4201=AXIS2_PLACEMENT_3D('Cylinder Axis2P3D',#4198,#4199,#4200) ;
#4205=AXIS2_PLACEMENT_3D('Circle Axis2P3D',#4203,#4204,$) ;
#4225=AXIS2_PLACEMENT_3D('Plane Axis2P3D',#4222,#4223,#4224) ;
#4257=AXIS2_PLACEMENT_3D('Circle Axis2P3D',#4255,#4256,$) ;
#4283=AXIS2_PLACEMENT_3D('Cylinder Axis2P3D',#4280,#4281,#4282) ;
#4287=AXIS2_PLACEMENT_3D('Circle Axis2P3D',#4285,#4286,$) ;
#4301=AXIS2_PLACEMENT_3D('Circle Axis2P3D',#4299,#4300,$) ;
#4314=AXIS2_PLACEMENT_3D('Torus Axis2P3D',#4311,#4312,#4313) ;
#4318=AXIS2_PLACEMENT_3D('Circle Axis2P3D',#4316,#4317,$) ;
#4325=AXIS2_PLACEMENT_3D('Circle Axis2P3D',#4323,#4324,$) ;
#4338=AXIS2_PLACEMENT_3D('Cylinder Axis2P3D',#4335,#4336,#4337) ;
#4342=AXIS2_PLACEMENT_3D('Circle Axis2P3D',#4340,#4341,$) ;
#4378=AXIS2_PLACEMENT_3D('Sphere Axis2P3D',#4375,#4376,#4377) ;
#4382=AXIS2_PLACEMENT_3D('Circle Axis2P3D',#4380,#4381,$) ;
#4394=AXIS2_PLACEMENT_3D('Cylinder Axis2P3D',#4391,#4392,#4393) ;
#4411=AXIS2_PLACEMENT_3D('Sphere Axis2P3D',#4408,#4409,#4410) ;
#4459=AXIS2_PLACEMENT_3D('Plane Axis2P3D',#4456,#4457,#4458) ;
#4518=AXIS2_PLACEMENT_3D('Plane Axis2P3D',#4515,#4516,#4517) ;
#4546=AXIS2_PLACEMENT_3D('Cylinder Axis2P3D',#4543,#4544,#4545) ;
#4569=AXIS2_PLACEMENT_3D('Circle Axis2P3D',#4567,#4568,$) ;
#4584=AXIS2_PLACEMENT_3D('Cylinder Axis2P3D',#4581,#4582,#4583) ;
#4595=AXIS2_PLACEMENT_3D('Circle Axis2P3D',#4593,#4594,$) ;
#4609=AXIS2_PLACEMENT_3D('Circle Axis2P3D',#4607,#4608,$) ;
#4622=AXIS2_PLACEMENT_3D('Plane Axis2P3D',#4619,#4620,#4621) ;
#4653=AXIS2_PLACEMENT_3D('Cylinder Axis2P3D',#4650,#4651,#4652) ;
#4657=AXIS2_PLACEMENT_3D('Circle Axis2P3D',#4655,#4656,$) ;
#4664=AXIS2_PLACEMENT_3D('Circle Axis2P3D',#4662,#4663,$) ;
#4684=AXIS2_PLACEMENT_3D('Cylinder Axis2P3D',#4681,#4682,#4683) ;
#4695=AXIS2_PLACEMENT_3D('Circle Axis2P3D',#4693,#4694,$) ;
#4709=AXIS2_PLACEMENT_3D('Circle Axis2P3D',#4707,#4708,$) ;
#4748=AXIS2_PLACEMENT_3D('Cylinder Axis2P3D',#4745,#4746,#4747) ;
#4752=AXIS2_PLACEMENT_3D('Circle Axis2P3D',#4750,#4751,$) ;
#4759=AXIS2_PLACEMENT_3D('Circle Axis2P3D',#4757,#4758,$) ;
#4779=AXIS2_PLACEMENT_3D('Plane Axis2P3D',#4776,#4777,#4778) ;
#4810=AXIS2_PLACEMENT_3D('Plane Axis2P3D',#4807,#4808,#4809) ;
#4841=AXIS2_PLACEMENT_3D('Plane Axis2P3D',#4838,#4839,#4840) ;
#4864=AXIS2_PLACEMENT_3D('Circle Axis2P3D',#4862,#4863,$) ;
#4891=AXIS2_PLACEMENT_3D('Plane Axis2P3D',#4888,#4889,#4890) ;
#4895=AXIS2_PLACEMENT_3D('Circle Axis2P3D',#4893,#4894,$) ;
#4925=AXIS2_PLACEMENT_3D('Cylinder Axis2P3D',#4922,#4923,#4924) ;
#4989=AXIS2_PLACEMENT_3D('Plane Axis2P3D',#4986,#4987,#4988) ;
#4993=AXIS2_PLACEMENT_3D('Circle Axis2P3D',#4991,#4992,$) ;
#5023=AXIS2_PLACEMENT_3D('Plane Axis2P3D',#5020,#5021,#5022) ;
#5046=AXIS2_PLACEMENT_3D('Circle Axis2P3D',#5044,#5045,$) ;
#5073=AXIS2_PLACEMENT_3D('Cylinder Axis2P3D',#5070,#5071,#5072) ;
#5139=AXIS2_PLACEMENT_3D('Plane Axis2P3D',#5136,#5137,#5138) ;
#5167=AXIS2_PLACEMENT_3D('Cylinder Axis2P3D',#5164,#5165,#5166) ;
#5171=AXIS2_PLACEMENT_3D('Circle Axis2P3D',#5169,#5170,$) ;
#5205=AXIS2_PLACEMENT_3D('Plane Axis2P3D',#5202,#5203,#5204) ;
#5216=AXIS2_PLACEMENT_3D('Circle Axis2P3D',#5214,#5215,$) ;
#5235=AXIS2_PLACEMENT_3D('Plane Axis2P3D',#5232,#5233,#5234) ;
#5262=AXIS2_PLACEMENT_3D('Circle Axis2P3D',#5260,#5261,$) ;
#5287=AXIS2_PLACEMENT_3D('Cylinder Axis2P3D',#5284,#5285,#5286) ;
#5319=AXIS2_PLACEMENT_3D('Cylinder Axis2P3D',#5316,#5317,#5318) ;
#5323=AXIS2_PLACEMENT_3D('Circle Axis2P3D',#5321,#5322,$) ;
#5338=AXIS2_PLACEMENT_3D('Circle Axis2P3D',#5336,#5337,$) ;
#5361=AXIS2_PLACEMENT_3D('Cylinder Axis2P3D',#5358,#5359,#5360) ;
#5380=AXIS2_PLACEMENT_3D('Plane Axis2P3D',#5377,#5378,#5379) ;
#5384=AXIS2_PLACEMENT_3D('Circle Axis2P3D',#5382,#5383,$) ;
#5432=AXIS2_PLACEMENT_3D('Circle Axis2P3D',#5430,#5431,$) ;
#5457=AXIS2_PLACEMENT_3D('Cylinder Axis2P3D',#5454,#5455,#5456) ;
#5489=AXIS2_PLACEMENT_3D('Cylinder Axis2P3D',#5486,#5487,#5488) ;
#5501=AXIS2_PLACEMENT_3D('Circle Axis2P3D',#5499,#5500,$) ;
#5515=AXIS2_PLACEMENT_3D('Circle Axis2P3D',#5513,#5514,$) ;
#5531=AXIS2_PLACEMENT_3D('Cylinder Axis2P3D',#5528,#5529,#5530) ;
#5550=AXIS2_PLACEMENT_3D('Cylinder Axis2P3D',#5547,#5548,#5549) ;
#5554=AXIS2_PLACEMENT_3D('Circle Axis2P3D',#5552,#5553,$) ;
#5570=AXIS2_PLACEMENT_3D('Circle Axis2P3D',#5568,#5569,$) ;
#5590=AXIS2_PLACEMENT_3D('Plane Axis2P3D',#5587,#5588,#5589) ;
#5621=AXIS2_PLACEMENT_3D('Plane Axis2P3D',#5618,#5619,#5620) ;
#5656=AXIS2_PLACEMENT_3D('Circle Axis2P3D',#5654,#5655,$) ;
#5676=AXIS2_PLACEMENT_3D('Cylinder Axis2P3D',#5673,#5674,#5675) ;
#5680=AXIS2_PLACEMENT_3D('Circle Axis2P3D',#5678,#5679,$) ;
#5693=AXIS2_PLACEMENT_3D('Plane Axis2P3D',#5690,#5691,#5692) ;
#5732=AXIS2_PLACEMENT_3D('Cylinder Axis2P3D',#5729,#5730,#5731) ;
#5736=AXIS2_PLACEMENT_3D('Circle Axis2P3D',#5734,#5735,$) ;
#5750=AXIS2_PLACEMENT_3D('Circle Axis2P3D',#5748,#5749,$) ;
#5789=AXIS2_PLACEMENT_3D('Plane Axis2P3D',#5786,#5787,#5788) ;
#5819=AXIS2_PLACEMENT_3D('Circle Axis2P3D',#5817,#5818,$) ;
#5839=AXIS2_PLACEMENT_3D('Plane Axis2P3D',#5836,#5837,#5838) ;
#5843=AXIS2_PLACEMENT_3D('Circle Axis2P3D',#5841,#5842,$) ;
#5878=AXIS2_PLACEMENT_3D('Cylinder Axis2P3D',#5875,#5876,#5877) ;
#5891=AXIS2_PLACEMENT_3D('ConstructionAxis',#5888,#5889,#5890) ;
#5895=AXIS2_PLACEMENT_3D('Assembly_PAS',#5892,#5893,#5894) ;
#40=PRODUCT_DEFINITION_SHAPE(' ',' ',#14) ;
#31=APPROVAL_PERSON_ORGANIZATION(#25,#21,#19) ;
#25=PERSON_AND_ORGANIZATION(#22,#23) ;
#22=PERSON(' ',' ',' ',$,$,$) ;
#23=ORGANIZATION(' ',' ',' ') ;
#21=APPROVAL(#20,' ') ;
#20=APPROVAL_STATUS('not_yet_approved') ;
#19=APPROVAL_ROLE('APPROVER') ;
#13=DATE_AND_TIME(#11,#12) ;
#12=LOCAL_TIME(16,52,33.,#10) ;
#10=COORDINATED_UNIVERSAL_TIME_OFFSET(0,0,.AHEAD.) ;
#91=ORIENTED_EDGE('',*,*,#70,.T.) ;
#92=ORIENTED_EDGE('',*,*,#77,.F.) ;
#93=ORIENTED_EDGE('',*,*,#84,.F.) ;
#94=ORIENTED_EDGE('',*,*,#89,.T.) ;
#113=ORIENTED_EDGE('',*,*,#106,.T.) ;
#114=ORIENTED_EDGE('',*,*,#89,.F.) ;
#115=ORIENTED_EDGE('',*,*,#111,.F.) ;
#116=ORIENTED_EDGE('',*,*,#77,.T.) ;
#153=ORIENTED_EDGE('',*,*,#132,.T.) ;
#154=ORIENTED_EDGE('',*,*,#139,.F.) ;
#155=ORIENTED_EDGE('',*,*,#146,.F.) ;
#156=ORIENTED_EDGE('',*,*,#151,.T.) ;
#175=ORIENTED_EDGE('',*,*,#168,.T.) ;
#176=ORIENTED_EDGE('',*,*,#151,.F.) ;
#177=ORIENTED_EDGE('',*,*,#173,.F.) ;
#178=ORIENTED_EDGE('',*,*,#139,.T.) ;
#215=ORIENTED_EDGE('',*,*,#194,.T.) ;
#216=ORIENTED_EDGE('',*,*,#201,.F.) ;
#217=ORIENTED_EDGE('',*,*,#208,.F.) ;
#218=ORIENTED_EDGE('',*,*,#213,.T.) ;
#237=ORIENTED_EDGE('',*,*,#230,.T.) ;
#238=ORIENTED_EDGE('',*,*,#213,.F.) ;
#239=ORIENTED_EDGE('',*,*,#235,.F.) ;
#240=ORIENTED_EDGE('',*,*,#201,.T.) ;
#277=ORIENTED_EDGE('',*,*,#256,.T.) ;
#278=ORIENTED_EDGE('',*,*,#263,.F.) ;
#279=ORIENTED_EDGE('',*,*,#270,.F.) ;
#280=ORIENTED_EDGE('',*,*,#275,.F.) ;
#294=ORIENTED_EDGE('',*,*,#270,.T.) ;
#295=ORIENTED_EDGE('',*,*,#287,.F.) ;
#296=ORIENTED_EDGE('',*,*,#256,.F.) ;
#297=ORIENTED_EDGE('',*,*,#292,.F.) ;
#334=ORIENTED_EDGE('',*,*,#313,.T.) ;
#335=ORIENTED_EDGE('',*,*,#320,.F.) ;
#336=ORIENTED_EDGE('',*,*,#327,.F.) ;
#337=ORIENTED_EDGE('',*,*,#332,.F.) ;
#351=ORIENTED_EDGE('',*,*,#327,.T.) ;
#352=ORIENTED_EDGE('',*,*,#344,.F.) ;
#353=ORIENTED_EDGE('',*,*,#313,.F.) ;
#354=ORIENTED_EDGE('',*,*,#349,.F.) ;
#386=ORIENTED_EDGE('',*,*,#365,.F.) ;
#387=ORIENTED_EDGE('',*,*,#372,.F.) ;
#388=ORIENTED_EDGE('',*,*,#379,.T.) ;
#389=ORIENTED_EDGE('',*,*,#384,.F.) ;
#403=ORIENTED_EDGE('',*,*,#379,.F.) ;
#404=ORIENTED_EDGE('',*,*,#396,.F.) ;
#405=ORIENTED_EDGE('',*,*,#365,.T.) ;
#406=ORIENTED_EDGE('',*,*,#401,.F.) ;
#438=ORIENTED_EDGE('',*,*,#417,.F.) ;
#439=ORIENTED_EDGE('',*,*,#424,.F.) ;
#440=ORIENTED_EDGE('',*,*,#431,.T.) ;
#441=ORIENTED_EDGE('',*,*,#436,.F.) ;
#455=ORIENTED_EDGE('',*,*,#431,.F.) ;
#456=ORIENTED_EDGE('',*,*,#448,.F.) ;
#457=ORIENTED_EDGE('',*,*,#417,.T.) ;
#458=ORIENTED_EDGE('',*,*,#453,.F.) ;
#495=ORIENTED_EDGE('',*,*,#474,.F.) ;
#496=ORIENTED_EDGE('',*,*,#481,.F.) ;
#497=ORIENTED_EDGE('',*,*,#488,.T.) ;
#498=ORIENTED_EDGE('',*,*,#493,.F.) ;
#535=ORIENTED_EDGE('',*,*,#514,.T.) ;
#536=ORIENTED_EDGE('',*,*,#521,.T.) ;
#537=ORIENTED_EDGE('',*,*,#528,.F.) ;
#538=ORIENTED_EDGE('',*,*,#533,.T.) ;
#552=ORIENTED_EDGE('',*,*,#528,.T.) ;
#553=ORIENTED_EDGE('',*,*,#545,.T.) ;
#554=ORIENTED_EDGE('',*,*,#514,.F.) ;
#555=ORIENTED_EDGE('',*,*,#550,.T.) ;
#587=ORIENTED_EDGE('',*,*,#566,.T.) ;
#588=ORIENTED_EDGE('',*,*,#573,.T.) ;
#589=ORIENTED_EDGE('',*,*,#580,.F.) ;
#590=ORIENTED_EDGE('',*,*,#585,.T.) ;
#622=ORIENTED_EDGE('',*,*,#601,.F.) ;
#623=ORIENTED_EDGE('',*,*,#608,.F.) ;
#624=ORIENTED_EDGE('',*,*,#615,.T.) ;
#625=ORIENTED_EDGE('',*,*,#620,.F.) ;
#639=ORIENTED_EDGE('',*,*,#615,.F.) ;
#640=ORIENTED_EDGE('',*,*,#632,.F.) ;
#641=ORIENTED_EDGE('',*,*,#601,.T.) ;
#642=ORIENTED_EDGE('',*,*,#637,.F.) ;
#721=ORIENTED_EDGE('',*,*,#658,.F.) ;
#722=ORIENTED_EDGE('',*,*,#665,.T.) ;
#723=ORIENTED_EDGE('',*,*,#672,.T.) ;
#724=ORIENTED_EDGE('',*,*,#679,.F.) ;
#725=ORIENTED_EDGE('',*,*,#686,.F.) ;
#726=ORIENTED_EDGE('',*,*,#693,.T.) ;
#727=ORIENTED_EDGE('',*,*,#700,.T.) ;
#728=ORIENTED_EDGE('',*,*,#707,.F.) ;
#729=ORIENTED_EDGE('',*,*,#714,.F.) ;
#730=ORIENTED_EDGE('',*,*,#719,.T.) ;
#767=ORIENTED_EDGE('',*,*,#746,.F.) ;
#768=ORIENTED_EDGE('',*,*,#753,.F.) ;
#769=ORIENTED_EDGE('',*,*,#760,.F.) ;
#770=ORIENTED_EDGE('',*,*,#765,.T.) ;
#798=ORIENTED_EDGE('',*,*,#658,.T.) ;
#799=ORIENTED_EDGE('',*,*,#784,.T.) ;
#800=ORIENTED_EDGE('',*,*,#791,.T.) ;
#801=ORIENTED_EDGE('',*,*,#796,.T.) ;
#804=ORIENTED_EDGE('',*,*,#194,.F.) ;
#805=ORIENTED_EDGE('',*,*,#230,.F.) ;
#833=ORIENTED_EDGE('',*,*,#821,.F.) ;
#834=ORIENTED_EDGE('',*,*,#826,.F.) ;
#835=ORIENTED_EDGE('',*,*,#753,.T.) ;
#836=ORIENTED_EDGE('',*,*,#831,.F.) ;
#864=ORIENTED_EDGE('',*,*,#850,.F.) ;
#865=ORIENTED_EDGE('',*,*,#857,.F.) ;
#866=ORIENTED_EDGE('',*,*,#862,.F.) ;
#867=ORIENTED_EDGE('',*,*,#821,.T.) ;
#886=ORIENTED_EDGE('',*,*,#850,.T.) ;
#887=ORIENTED_EDGE('',*,*,#879,.T.) ;
#888=ORIENTED_EDGE('',*,*,#884,.F.) ;
#902=ORIENTED_EDGE('',*,*,#831,.T.) ;
#903=ORIENTED_EDGE('',*,*,#900,.T.) ;
#904=ORIENTED_EDGE('',*,*,#791,.F.) ;
#905=ORIENTED_EDGE('',*,*,#879,.F.) ;
#919=ORIENTED_EDGE('',*,*,#746,.T.) ;
#920=ORIENTED_EDGE('',*,*,#917,.T.) ;
#921=ORIENTED_EDGE('',*,*,#900,.F.) ;
#935=ORIENTED_EDGE('',*,*,#665,.F.) ;
#936=ORIENTED_EDGE('',*,*,#796,.F.) ;
#937=ORIENTED_EDGE('',*,*,#917,.F.) ;
#938=ORIENTED_EDGE('',*,*,#933,.T.) ;
#952=ORIENTED_EDGE('',*,*,#719,.F.) ;
#953=ORIENTED_EDGE('',*,*,#950,.T.) ;
#954=ORIENTED_EDGE('',*,*,#884,.T.) ;
#955=ORIENTED_EDGE('',*,*,#784,.F.) ;
#992=ORIENTED_EDGE('',*,*,#971,.T.) ;
#993=ORIENTED_EDGE('',*,*,#978,.T.) ;
#994=ORIENTED_EDGE('',*,*,#985,.F.) ;
#995=ORIENTED_EDGE('',*,*,#990,.F.) ;
#1023=ORIENTED_EDGE('',*,*,#1009,.T.) ;
#1024=ORIENTED_EDGE('',*,*,#1016,.T.) ;
#1025=ORIENTED_EDGE('',*,*,#1021,.F.) ;
#1026=ORIENTED_EDGE('',*,*,#978,.F.) ;
#1068=ORIENTED_EDGE('',*,*,#1040,.T.) ;
#1069=ORIENTED_EDGE('',*,*,#1047,.T.) ;
#1070=ORIENTED_EDGE('',*,*,#1054,.T.) ;
#1071=ORIENTED_EDGE('',*,*,#1061,.T.) ;
#1072=ORIENTED_EDGE('',*,*,#1066,.F.) ;
#1073=ORIENTED_EDGE('',*,*,#1016,.F.) ;
#1094=ORIENTED_EDGE('',*,*,#1087,.T.) ;
#1095=ORIENTED_EDGE('',*,*,#1092,.F.) ;
#1096=ORIENTED_EDGE('',*,*,#1061,.F.) ;
#1124=ORIENTED_EDGE('',*,*,#1112,.F.) ;
#1125=ORIENTED_EDGE('',*,*,#1117,.F.) ;
#1126=ORIENTED_EDGE('',*,*,#1087,.F.) ;
#1127=ORIENTED_EDGE('',*,*,#1122,.T.) ;
#1212=ORIENTED_EDGE('',*,*,#1142,.F.) ;
#1213=ORIENTED_EDGE('',*,*,#990,.T.) ;
#1214=ORIENTED_EDGE('',*,*,#1210,.F.) ;
#1247=ORIENTED_EDGE('',*,*,#1228,.F.) ;
#1248=ORIENTED_EDGE('',*,*,#1235,.T.) ;
#1249=ORIENTED_EDGE('',*,*,#1240,.F.) ;
#1250=ORIENTED_EDGE('',*,*,#1112,.T.) ;
#1251=ORIENTED_EDGE('',*,*,#1245,.F.) ;
#1252=ORIENTED_EDGE('',*,*,#760,.T.) ;
#1253=ORIENTED_EDGE('',*,*,#826,.T.) ;
#1254=ORIENTED_EDGE('',*,*,#862,.T.) ;
#1275=ORIENTED_EDGE('',*,*,#1268,.F.) ;
#1276=ORIENTED_EDGE('',*,*,#1273,.T.) ;
#1277=ORIENTED_EDGE('',*,*,#1117,.T.) ;
#1278=ORIENTED_EDGE('',*,*,#1240,.T.) ;
#1299=ORIENTED_EDGE('',*,*,#1292,.F.) ;
#1300=ORIENTED_EDGE('',*,*,#1297,.T.) ;
#1301=ORIENTED_EDGE('',*,*,#1092,.T.) ;
#1302=ORIENTED_EDGE('',*,*,#1273,.F.) ;
#1351=ORIENTED_EDGE('',*,*,#1318,.F.) ;
#1352=ORIENTED_EDGE('',*,*,#1325,.T.) ;
#1353=ORIENTED_EDGE('',*,*,#1330,.F.) ;
#1354=ORIENTED_EDGE('',*,*,#985,.T.) ;
#1355=ORIENTED_EDGE('',*,*,#1021,.T.) ;
#1356=ORIENTED_EDGE('',*,*,#1066,.T.) ;
#1357=ORIENTED_EDGE('',*,*,#1297,.F.) ;
#1358=ORIENTED_EDGE('',*,*,#1337,.F.) ;
#1359=ORIENTED_EDGE('',*,*,#1344,.F.) ;
#1360=ORIENTED_EDGE('',*,*,#1349,.F.) ;
#1388=ORIENTED_EDGE('',*,*,#1349,.T.) ;
#1389=ORIENTED_EDGE('',*,*,#1374,.T.) ;
#1390=ORIENTED_EDGE('',*,*,#1381,.F.) ;
#1391=ORIENTED_EDGE('',*,*,#1386,.F.) ;
#1412=ORIENTED_EDGE('',*,*,#1344,.T.) ;
#1413=ORIENTED_EDGE('',*,*,#1405,.T.) ;
#1414=ORIENTED_EDGE('',*,*,#1410,.F.) ;
#1415=ORIENTED_EDGE('',*,*,#1374,.F.) ;
#1450=ORIENTED_EDGE('',*,*,#1337,.T.) ;
#1451=ORIENTED_EDGE('',*,*,#1429,.T.) ;
#1452=ORIENTED_EDGE('',*,*,#1436,.F.) ;
#1453=ORIENTED_EDGE('',*,*,#1443,.T.) ;
#1454=ORIENTED_EDGE('',*,*,#1448,.F.) ;
#1455=ORIENTED_EDGE('',*,*,#1405,.F.) ;
#1469=ORIENTED_EDGE('',*,*,#1292,.T.) ;
#1470=ORIENTED_EDGE('',*,*,#1467,.T.) ;
#1471=ORIENTED_EDGE('',*,*,#1429,.F.) ;
#1485=ORIENTED_EDGE('',*,*,#1235,.F.) ;
#1486=ORIENTED_EDGE('',*,*,#1483,.F.) ;
#1487=ORIENTED_EDGE('',*,*,#1467,.F.) ;
#1488=ORIENTED_EDGE('',*,*,#1268,.T.) ;
#1534=ORIENTED_EDGE('',*,*,#1503,.F.) ;
#1535=ORIENTED_EDGE('',*,*,#1532,.T.) ;
#1536=ORIENTED_EDGE('',*,*,#1386,.T.) ;
#1590=ORIENTED_EDGE('',*,*,#1564,.T.) ;
#1591=ORIENTED_EDGE('',*,*,#1571,.F.) ;
#1592=ORIENTED_EDGE('',*,*,#1578,.T.) ;
#1593=ORIENTED_EDGE('',*,*,#1583,.T.) ;
#1594=ORIENTED_EDGE('',*,*,#580,.T.) ;
#1595=ORIENTED_EDGE('',*,*,#1588,.F.) ;
#1616=ORIENTED_EDGE('',*,*,#1609,.F.) ;
#1617=ORIENTED_EDGE('',*,*,#1588,.T.) ;
#1618=ORIENTED_EDGE('',*,*,#573,.F.) ;
#1619=ORIENTED_EDGE('',*,*,#1614,.F.) ;
#1622=ORIENTED_EDGE('',*,*,#608,.T.) ;
#1623=ORIENTED_EDGE('',*,*,#632,.T.) ;
#1656=ORIENTED_EDGE('',*,*,#1532,.F.) ;
#1657=ORIENTED_EDGE('',*,*,#1637,.F.) ;
#1658=ORIENTED_EDGE('',*,*,#1644,.T.) ;
#1659=ORIENTED_EDGE('',*,*,#1649,.F.) ;
#1660=ORIENTED_EDGE('',*,*,#1654,.F.) ;
#1661=ORIENTED_EDGE('',*,*,#1318,.T.) ;
#1696=ORIENTED_EDGE('',*,*,#1675,.F.) ;
#1697=ORIENTED_EDGE('',*,*,#1682,.F.) ;
#1698=ORIENTED_EDGE('',*,*,#1689,.T.) ;
#1699=ORIENTED_EDGE('',*,*,#1694,.F.) ;
#1727=ORIENTED_EDGE('',*,*,#1715,.T.) ;
#1728=ORIENTED_EDGE('',*,*,#1720,.F.) ;
#1729=ORIENTED_EDGE('',*,*,#1689,.F.) ;
#1730=ORIENTED_EDGE('',*,*,#1725,.T.) ;
#1758=ORIENTED_EDGE('',*,*,#1744,.T.) ;
#1759=ORIENTED_EDGE('',*,*,#1715,.F.) ;
#1760=ORIENTED_EDGE('',*,*,#1751,.T.) ;
#1761=ORIENTED_EDGE('',*,*,#1756,.T.) ;
#1796=ORIENTED_EDGE('',*,*,#1775,.F.) ;
#1797=ORIENTED_EDGE('',*,*,#1782,.F.) ;
#1798=ORIENTED_EDGE('',*,*,#1789,.T.) ;
#1799=ORIENTED_EDGE('',*,*,#1794,.F.) ;
#1822=ORIENTED_EDGE('',*,*,#1810,.T.) ;
#1823=ORIENTED_EDGE('',*,*,#1815,.F.) ;
#1824=ORIENTED_EDGE('',*,*,#1789,.F.) ;
#1825=ORIENTED_EDGE('',*,*,#1820,.T.) ;
#1853=ORIENTED_EDGE('',*,*,#1839,.T.) ;
#1854=ORIENTED_EDGE('',*,*,#1810,.F.) ;
#1855=ORIENTED_EDGE('',*,*,#1846,.T.) ;
#1856=ORIENTED_EDGE('',*,*,#1851,.T.) ;
#1884=ORIENTED_EDGE('',*,*,#1872,.F.) ;
#1885=ORIENTED_EDGE('',*,*,#1877,.F.) ;
#1886=ORIENTED_EDGE('',*,*,#679,.T.) ;
#1887=ORIENTED_EDGE('',*,*,#1882,.T.) ;
#1915=ORIENTED_EDGE('',*,*,#1901,.F.) ;
#1916=ORIENTED_EDGE('',*,*,#1851,.F.) ;
#1917=ORIENTED_EDGE('',*,*,#1908,.T.) ;
#1918=ORIENTED_EDGE('',*,*,#1913,.T.) ;
#1951=ORIENTED_EDGE('',*,*,#1908,.F.) ;
#1952=ORIENTED_EDGE('',*,*,#1846,.F.) ;
#1953=ORIENTED_EDGE('',*,*,#1820,.F.) ;
#1954=ORIENTED_EDGE('',*,*,#1782,.T.) ;
#1955=ORIENTED_EDGE('',*,*,#1932,.F.) ;
#1956=ORIENTED_EDGE('',*,*,#1939,.F.) ;
#1957=ORIENTED_EDGE('',*,*,#1944,.T.) ;
#1958=ORIENTED_EDGE('',*,*,#686,.T.) ;
#1959=ORIENTED_EDGE('',*,*,#1877,.T.) ;
#1960=ORIENTED_EDGE('',*,*,#1949,.F.) ;
#1963=ORIENTED_EDGE('',*,*,#320,.T.) ;
#1964=ORIENTED_EDGE('',*,*,#344,.T.) ;
#1967=ORIENTED_EDGE('',*,*,#287,.T.) ;
#1968=ORIENTED_EDGE('',*,*,#263,.T.) ;
#1982=ORIENTED_EDGE('',*,*,#1980,.F.) ;
#1983=ORIENTED_EDGE('',*,*,#1882,.F.) ;
#1984=ORIENTED_EDGE('',*,*,#672,.F.) ;
#1985=ORIENTED_EDGE('',*,*,#933,.F.) ;
#1986=ORIENTED_EDGE('',*,*,#765,.F.) ;
#1987=ORIENTED_EDGE('',*,*,#1245,.T.) ;
#1988=ORIENTED_EDGE('',*,*,#1122,.F.) ;
#1989=ORIENTED_EDGE('',*,*,#1054,.F.) ;
#1990=ORIENTED_EDGE('',*,*,#1047,.F.) ;
#1991=ORIENTED_EDGE('',*,*,#1794,.T.) ;
#1992=ORIENTED_EDGE('',*,*,#1815,.T.) ;
#1993=ORIENTED_EDGE('',*,*,#1839,.F.) ;
#1994=ORIENTED_EDGE('',*,*,#1901,.T.) ;
#1997=ORIENTED_EDGE('',*,*,#349,.T.) ;
#1998=ORIENTED_EDGE('',*,*,#332,.T.) ;
#2001=ORIENTED_EDGE('',*,*,#275,.T.) ;
#2002=ORIENTED_EDGE('',*,*,#292,.T.) ;
#2011=ORIENTED_EDGE('',*,*,#1980,.T.) ;
#2012=ORIENTED_EDGE('',*,*,#1913,.F.) ;
#2013=ORIENTED_EDGE('',*,*,#1949,.T.) ;
#2014=ORIENTED_EDGE('',*,*,#1872,.T.) ;
#2037=ORIENTED_EDGE('',*,*,#2025,.F.) ;
#2038=ORIENTED_EDGE('',*,*,#2030,.F.) ;
#2039=ORIENTED_EDGE('',*,*,#707,.T.) ;
#2040=ORIENTED_EDGE('',*,*,#2035,.T.) ;
#2063=ORIENTED_EDGE('',*,*,#2049,.F.) ;
#2064=ORIENTED_EDGE('',*,*,#1756,.F.) ;
#2065=ORIENTED_EDGE('',*,*,#2056,.T.) ;
#2066=ORIENTED_EDGE('',*,*,#2061,.T.) ;
#2080=ORIENTED_EDGE('',*,*,#2078,.F.) ;
#2081=ORIENTED_EDGE('',*,*,#2056,.F.) ;
#2082=ORIENTED_EDGE('',*,*,#1751,.F.) ;
#2083=ORIENTED_EDGE('',*,*,#1725,.F.) ;
#2084=ORIENTED_EDGE('',*,*,#1682,.T.) ;
#2085=ORIENTED_EDGE('',*,*,#1443,.F.) ;
#2086=ORIENTED_EDGE('',*,*,#1436,.T.) ;
#2087=ORIENTED_EDGE('',*,*,#1483,.T.) ;
#2088=ORIENTED_EDGE('',*,*,#1228,.T.) ;
#2089=ORIENTED_EDGE('',*,*,#857,.T.) ;
#2090=ORIENTED_EDGE('',*,*,#950,.F.) ;
#2091=ORIENTED_EDGE('',*,*,#714,.T.) ;
#2092=ORIENTED_EDGE('',*,*,#2030,.T.) ;
#2095=ORIENTED_EDGE('',*,*,#453,.T.) ;
#2096=ORIENTED_EDGE('',*,*,#436,.T.) ;
#2099=ORIENTED_EDGE('',*,*,#401,.T.) ;
#2100=ORIENTED_EDGE('',*,*,#384,.T.) ;
#2133=ORIENTED_EDGE('',*,*,#2035,.F.) ;
#2134=ORIENTED_EDGE('',*,*,#700,.F.) ;
#2135=ORIENTED_EDGE('',*,*,#2114,.T.) ;
#2136=ORIENTED_EDGE('',*,*,#2121,.T.) ;
#2137=ORIENTED_EDGE('',*,*,#2126,.F.) ;
#2138=ORIENTED_EDGE('',*,*,#1694,.T.) ;
#2139=ORIENTED_EDGE('',*,*,#1720,.T.) ;
#2140=ORIENTED_EDGE('',*,*,#1744,.F.) ;
#2141=ORIENTED_EDGE('',*,*,#2049,.T.) ;
#2142=ORIENTED_EDGE('',*,*,#2131,.F.) ;
#2145=ORIENTED_EDGE('',*,*,#424,.T.) ;
#2146=ORIENTED_EDGE('',*,*,#448,.T.) ;
#2149=ORIENTED_EDGE('',*,*,#396,.T.) ;
#2150=ORIENTED_EDGE('',*,*,#372,.T.) ;
#2159=ORIENTED_EDGE('',*,*,#2131,.T.) ;
#2160=ORIENTED_EDGE('',*,*,#2061,.F.) ;
#2161=ORIENTED_EDGE('',*,*,#2078,.T.) ;
#2162=ORIENTED_EDGE('',*,*,#2025,.T.) ;
#2211=ORIENTED_EDGE('',*,*,#2173,.F.) ;
#2212=ORIENTED_EDGE('',*,*,#2192,.T.) ;
#2213=ORIENTED_EDGE('',*,*,#2197,.F.) ;
#2214=ORIENTED_EDGE('',*,*,#474,.T.) ;
#2215=ORIENTED_EDGE('',*,*,#2204,.F.) ;
#2216=ORIENTED_EDGE('',*,*,#2209,.T.) ;
#2237=ORIENTED_EDGE('',*,*,#2230,.T.) ;
#2238=ORIENTED_EDGE('',*,*,#481,.T.) ;
#2239=ORIENTED_EDGE('',*,*,#2197,.T.) ;
#2240=ORIENTED_EDGE('',*,*,#2235,.F.) ;
#2243=ORIENTED_EDGE('',*,*,#545,.F.) ;
#2244=ORIENTED_EDGE('',*,*,#521,.F.) ;
#2277=ORIENTED_EDGE('',*,*,#1210,.T.) ;
#2278=ORIENTED_EDGE('',*,*,#1330,.T.) ;
#2279=ORIENTED_EDGE('',*,*,#2256,.F.) ;
#2280=ORIENTED_EDGE('',*,*,#2263,.F.) ;
#2281=ORIENTED_EDGE('',*,*,#2270,.T.) ;
#2282=ORIENTED_EDGE('',*,*,#2275,.F.) ;
#2303=ORIENTED_EDGE('',*,*,#2296,.T.) ;
#2304=ORIENTED_EDGE('',*,*,#585,.F.) ;
#2305=ORIENTED_EDGE('',*,*,#1583,.F.) ;
#2306=ORIENTED_EDGE('',*,*,#1649,.T.) ;
#2307=ORIENTED_EDGE('',*,*,#1644,.F.) ;
#2308=ORIENTED_EDGE('',*,*,#2301,.T.) ;
#2311=ORIENTED_EDGE('',*,*,#620,.T.) ;
#2312=ORIENTED_EDGE('',*,*,#637,.T.) ;
#2336=ORIENTED_EDGE('',*,*,#2326,.T.) ;
#2337=ORIENTED_EDGE('',*,*,#2334,.T.) ;
#2338=ORIENTED_EDGE('',*,*,#1614,.T.) ;
#2339=ORIENTED_EDGE('',*,*,#566,.F.) ;
#2340=ORIENTED_EDGE('',*,*,#2296,.F.) ;
#2356=ORIENTED_EDGE('',*,*,#1637,.T.) ;
#2357=ORIENTED_EDGE('',*,*,#1503,.T.) ;
#2358=ORIENTED_EDGE('',*,*,#1381,.T.) ;
#2359=ORIENTED_EDGE('',*,*,#1410,.T.) ;
#2360=ORIENTED_EDGE('',*,*,#1448,.T.) ;
#2361=ORIENTED_EDGE('',*,*,#1675,.T.) ;
#2362=ORIENTED_EDGE('',*,*,#2126,.T.) ;
#2363=ORIENTED_EDGE('',*,*,#2349,.F.) ;
#2364=ORIENTED_EDGE('',*,*,#2354,.F.) ;
#2392=ORIENTED_EDGE('',*,*,#2326,.F.) ;
#2393=ORIENTED_EDGE('',*,*,#2301,.F.) ;
#2394=ORIENTED_EDGE('',*,*,#2354,.T.) ;
#2395=ORIENTED_EDGE('',*,*,#2379,.F.) ;
#2396=ORIENTED_EDGE('',*,*,#2390,.F.) ;
#2432=ORIENTED_EDGE('',*,*,#2412,.T.) ;
#2433=ORIENTED_EDGE('',*,*,#2418,.T.) ;
#2434=ORIENTED_EDGE('',*,*,#2379,.T.) ;
#2435=ORIENTED_EDGE('',*,*,#2349,.T.) ;
#2436=ORIENTED_EDGE('',*,*,#2121,.F.) ;
#2437=ORIENTED_EDGE('',*,*,#2425,.F.) ;
#2438=ORIENTED_EDGE('',*,*,#2430,.T.) ;
#2452=ORIENTED_EDGE('',*,*,#2390,.T.) ;
#2453=ORIENTED_EDGE('',*,*,#2418,.F.) ;
#2454=ORIENTED_EDGE('',*,*,#2450,.F.) ;
#2455=ORIENTED_EDGE('',*,*,#1564,.F.) ;
#2456=ORIENTED_EDGE('',*,*,#1609,.T.) ;
#2457=ORIENTED_EDGE('',*,*,#2334,.F.) ;
#2478=ORIENTED_EDGE('',*,*,#2471,.T.) ;
#2479=ORIENTED_EDGE('',*,*,#2270,.F.) ;
#2480=ORIENTED_EDGE('',*,*,#2263,.T.) ;
#2481=ORIENTED_EDGE('',*,*,#2204,.T.) ;
#2482=ORIENTED_EDGE('',*,*,#493,.T.) ;
#2483=ORIENTED_EDGE('',*,*,#2476,.F.) ;
#2486=ORIENTED_EDGE('',*,*,#550,.F.) ;
#2487=ORIENTED_EDGE('',*,*,#533,.F.) ;
#2506=ORIENTED_EDGE('',*,*,#2496,.T.) ;
#2507=ORIENTED_EDGE('',*,*,#2476,.T.) ;
#2508=ORIENTED_EDGE('',*,*,#488,.F.) ;
#2509=ORIENTED_EDGE('',*,*,#2230,.F.) ;
#2510=ORIENTED_EDGE('',*,*,#2504,.T.) ;
#2526=ORIENTED_EDGE('',*,*,#2519,.F.) ;
#2527=ORIENTED_EDGE('',*,*,#1932,.T.) ;
#2528=ORIENTED_EDGE('',*,*,#1775,.T.) ;
#2529=ORIENTED_EDGE('',*,*,#1040,.F.) ;
#2530=ORIENTED_EDGE('',*,*,#1009,.F.) ;
#2531=ORIENTED_EDGE('',*,*,#971,.F.) ;
#2532=ORIENTED_EDGE('',*,*,#1142,.T.) ;
#2533=ORIENTED_EDGE('',*,*,#2275,.T.) ;
#2534=ORIENTED_EDGE('',*,*,#2524,.F.) ;
#2562=ORIENTED_EDGE('',*,*,#2496,.F.) ;
#2563=ORIENTED_EDGE('',*,*,#2554,.F.) ;
#2564=ORIENTED_EDGE('',*,*,#2560,.F.) ;
#2565=ORIENTED_EDGE('',*,*,#2524,.T.) ;
#2566=ORIENTED_EDGE('',*,*,#2471,.F.) ;
#2602=ORIENTED_EDGE('',*,*,#2519,.T.) ;
#2603=ORIENTED_EDGE('',*,*,#2560,.T.) ;
#2604=ORIENTED_EDGE('',*,*,#2581,.T.) ;
#2605=ORIENTED_EDGE('',*,*,#2588,.T.) ;
#2606=ORIENTED_EDGE('',*,*,#2595,.F.) ;
#2607=ORIENTED_EDGE('',*,*,#2600,.F.) ;
#2608=ORIENTED_EDGE('',*,*,#1939,.T.) ;
#2622=ORIENTED_EDGE('',*,*,#2620,.F.) ;
#2623=ORIENTED_EDGE('',*,*,#2581,.F.) ;
#2624=ORIENTED_EDGE('',*,*,#2554,.T.) ;
#2625=ORIENTED_EDGE('',*,*,#2504,.F.) ;
#2626=ORIENTED_EDGE('',*,*,#2235,.T.) ;
#2627=ORIENTED_EDGE('',*,*,#2192,.F.) ;
#2664=ORIENTED_EDGE('',*,*,#2643,.T.) ;
#2665=ORIENTED_EDGE('',*,*,#2650,.F.) ;
#2666=ORIENTED_EDGE('',*,*,#2657,.T.) ;
#2667=ORIENTED_EDGE('',*,*,#2662,.T.) ;
#2695=ORIENTED_EDGE('',*,*,#2681,.T.) ;
#2696=ORIENTED_EDGE('',*,*,#2595,.T.) ;
#2697=ORIENTED_EDGE('',*,*,#2688,.F.) ;
#2698=ORIENTED_EDGE('',*,*,#2693,.F.) ;
#2726=ORIENTED_EDGE('',*,*,#2712,.F.) ;
#2727=ORIENTED_EDGE('',*,*,#2662,.F.) ;
#2728=ORIENTED_EDGE('',*,*,#2719,.T.) ;
#2729=ORIENTED_EDGE('',*,*,#2724,.T.) ;
#2743=ORIENTED_EDGE('',*,*,#2688,.T.) ;
#2744=ORIENTED_EDGE('',*,*,#2588,.F.) ;
#2745=ORIENTED_EDGE('',*,*,#2620,.T.) ;
#2746=ORIENTED_EDGE('',*,*,#2736,.T.) ;
#2747=ORIENTED_EDGE('',*,*,#2643,.F.) ;
#2748=ORIENTED_EDGE('',*,*,#2712,.T.) ;
#2749=ORIENTED_EDGE('',*,*,#2741,.F.) ;
#2752=ORIENTED_EDGE('',*,*,#132,.F.) ;
#2753=ORIENTED_EDGE('',*,*,#168,.F.) ;
#2767=ORIENTED_EDGE('',*,*,#2741,.T.) ;
#2768=ORIENTED_EDGE('',*,*,#2724,.F.) ;
#2769=ORIENTED_EDGE('',*,*,#2765,.T.) ;
#2770=ORIENTED_EDGE('',*,*,#2693,.T.) ;
#2798=ORIENTED_EDGE('',*,*,#2784,.T.) ;
#2799=ORIENTED_EDGE('',*,*,#2650,.T.) ;
#2800=ORIENTED_EDGE('',*,*,#2736,.F.) ;
#2801=ORIENTED_EDGE('',*,*,#2173,.T.) ;
#2802=ORIENTED_EDGE('',*,*,#2209,.F.) ;
#2803=ORIENTED_EDGE('',*,*,#2256,.T.) ;
#2804=ORIENTED_EDGE('',*,*,#1325,.F.) ;
#2805=ORIENTED_EDGE('',*,*,#1654,.T.) ;
#2806=ORIENTED_EDGE('',*,*,#1578,.F.) ;
#2807=ORIENTED_EDGE('',*,*,#1571,.T.) ;
#2808=ORIENTED_EDGE('',*,*,#2791,.F.) ;
#2809=ORIENTED_EDGE('',*,*,#2796,.F.) ;
#2837=ORIENTED_EDGE('',*,*,#2823,.T.) ;
#2838=ORIENTED_EDGE('',*,*,#2830,.F.) ;
#2839=ORIENTED_EDGE('',*,*,#2835,.T.) ;
#2840=ORIENTED_EDGE('',*,*,#2796,.T.) ;
#2863=ORIENTED_EDGE('',*,*,#2849,.F.) ;
#2864=ORIENTED_EDGE('',*,*,#2430,.F.) ;
#2865=ORIENTED_EDGE('',*,*,#2856,.T.) ;
#2866=ORIENTED_EDGE('',*,*,#2861,.T.) ;
#2894=ORIENTED_EDGE('',*,*,#2882,.F.) ;
#2895=ORIENTED_EDGE('',*,*,#2887,.F.) ;
#2896=ORIENTED_EDGE('',*,*,#2830,.T.) ;
#2897=ORIENTED_EDGE('',*,*,#2892,.T.) ;
#2906=ORIENTED_EDGE('',*,*,#2892,.F.) ;
#2907=ORIENTED_EDGE('',*,*,#2823,.F.) ;
#2908=ORIENTED_EDGE('',*,*,#2791,.T.) ;
#2909=ORIENTED_EDGE('',*,*,#2450,.T.) ;
#2910=ORIENTED_EDGE('',*,*,#2412,.F.) ;
#2911=ORIENTED_EDGE('',*,*,#2849,.T.) ;
#2912=ORIENTED_EDGE('',*,*,#2904,.F.) ;
#2915=ORIENTED_EDGE('',*,*,#70,.F.) ;
#2916=ORIENTED_EDGE('',*,*,#106,.F.) ;
#2930=ORIENTED_EDGE('',*,*,#2928,.F.) ;
#2931=ORIENTED_EDGE('',*,*,#2856,.F.) ;
#2932=ORIENTED_EDGE('',*,*,#2425,.T.) ;
#2933=ORIENTED_EDGE('',*,*,#2114,.F.) ;
#2934=ORIENTED_EDGE('',*,*,#693,.F.) ;
#2935=ORIENTED_EDGE('',*,*,#1944,.F.) ;
#2936=ORIENTED_EDGE('',*,*,#2600,.T.) ;
#2937=ORIENTED_EDGE('',*,*,#2681,.F.) ;
#2938=ORIENTED_EDGE('',*,*,#2765,.F.) ;
#2939=ORIENTED_EDGE('',*,*,#2719,.F.) ;
#2940=ORIENTED_EDGE('',*,*,#2657,.F.) ;
#2941=ORIENTED_EDGE('',*,*,#2784,.F.) ;
#2942=ORIENTED_EDGE('',*,*,#2835,.F.) ;
#2943=ORIENTED_EDGE('',*,*,#2887,.T.) ;
#2946=ORIENTED_EDGE('',*,*,#208,.T.) ;
#2947=ORIENTED_EDGE('',*,*,#235,.T.) ;
#2950=ORIENTED_EDGE('',*,*,#111,.T.) ;
#2951=ORIENTED_EDGE('',*,*,#84,.T.) ;
#2954=ORIENTED_EDGE('',*,*,#173,.T.) ;
#2955=ORIENTED_EDGE('',*,*,#146,.T.) ;
#2964=ORIENTED_EDGE('',*,*,#2904,.T.) ;
#2965=ORIENTED_EDGE('',*,*,#2861,.F.) ;
#2966=ORIENTED_EDGE('',*,*,#2928,.T.) ;
#2967=ORIENTED_EDGE('',*,*,#2882,.T.) ;
#3008=ORIENTED_EDGE('',*,*,#2987,.T.) ;
#3009=ORIENTED_EDGE('',*,*,#2994,.F.) ;
#3010=ORIENTED_EDGE('',*,*,#3001,.F.) ;
#3011=ORIENTED_EDGE('',*,*,#3006,.T.) ;
#3030=ORIENTED_EDGE('',*,*,#3023,.T.) ;
#3031=ORIENTED_EDGE('',*,*,#3006,.F.) ;
#3032=ORIENTED_EDGE('',*,*,#3028,.F.) ;
#3033=ORIENTED_EDGE('',*,*,#2994,.T.) ;
#3070=ORIENTED_EDGE('',*,*,#3049,.T.) ;
#3071=ORIENTED_EDGE('',*,*,#3056,.F.) ;
#3072=ORIENTED_EDGE('',*,*,#3063,.F.) ;
#3073=ORIENTED_EDGE('',*,*,#3068,.T.) ;
#3092=ORIENTED_EDGE('',*,*,#3085,.T.) ;
#3093=ORIENTED_EDGE('',*,*,#3068,.F.) ;
#3094=ORIENTED_EDGE('',*,*,#3090,.F.) ;
#3095=ORIENTED_EDGE('',*,*,#3056,.T.) ;
#3132=ORIENTED_EDGE('',*,*,#3111,.T.) ;
#3133=ORIENTED_EDGE('',*,*,#3118,.F.) ;
#3134=ORIENTED_EDGE('',*,*,#3125,.F.) ;
#3135=ORIENTED_EDGE('',*,*,#3130,.T.) ;
#3154=ORIENTED_EDGE('',*,*,#3147,.T.) ;
#3155=ORIENTED_EDGE('',*,*,#3130,.F.) ;
#3156=ORIENTED_EDGE('',*,*,#3152,.F.) ;
#3157=ORIENTED_EDGE('',*,*,#3118,.T.) ;
#3194=ORIENTED_EDGE('',*,*,#3173,.T.) ;
#3195=ORIENTED_EDGE('',*,*,#3180,.F.) ;
#3196=ORIENTED_EDGE('',*,*,#3187,.F.) ;
#3197=ORIENTED_EDGE('',*,*,#3192,.F.) ;
#3211=ORIENTED_EDGE('',*,*,#3187,.T.) ;
#3212=ORIENTED_EDGE('',*,*,#3204,.F.) ;
#3213=ORIENTED_EDGE('',*,*,#3173,.F.) ;
#3214=ORIENTED_EDGE('',*,*,#3209,.F.) ;
#3251=ORIENTED_EDGE('',*,*,#3230,.T.) ;
#3252=ORIENTED_EDGE('',*,*,#3237,.F.) ;
#3253=ORIENTED_EDGE('',*,*,#3244,.F.) ;
#3254=ORIENTED_EDGE('',*,*,#3249,.F.) ;
#3268=ORIENTED_EDGE('',*,*,#3244,.T.) ;
#3269=ORIENTED_EDGE('',*,*,#3261,.F.) ;
#3270=ORIENTED_EDGE('',*,*,#3230,.F.) ;
#3271=ORIENTED_EDGE('',*,*,#3266,.F.) ;
#3303=ORIENTED_EDGE('',*,*,#3282,.F.) ;
#3304=ORIENTED_EDGE('',*,*,#3289,.F.) ;
#3305=ORIENTED_EDGE('',*,*,#3296,.T.) ;
#3306=ORIENTED_EDGE('',*,*,#3301,.F.) ;
#3320=ORIENTED_EDGE('',*,*,#3296,.F.) ;
#3321=ORIENTED_EDGE('',*,*,#3313,.F.) ;
#3322=ORIENTED_EDGE('',*,*,#3282,.T.) ;
#3323=ORIENTED_EDGE('',*,*,#3318,.F.) ;
#3355=ORIENTED_EDGE('',*,*,#3334,.F.) ;
#3356=ORIENTED_EDGE('',*,*,#3341,.F.) ;
#3357=ORIENTED_EDGE('',*,*,#3348,.T.) ;
#3358=ORIENTED_EDGE('',*,*,#3353,.F.) ;
#3372=ORIENTED_EDGE('',*,*,#3348,.F.) ;
#3373=ORIENTED_EDGE('',*,*,#3365,.F.) ;
#3374=ORIENTED_EDGE('',*,*,#3334,.T.) ;
#3375=ORIENTED_EDGE('',*,*,#3370,.F.) ;
#3412=ORIENTED_EDGE('',*,*,#3391,.F.) ;
#3413=ORIENTED_EDGE('',*,*,#3398,.F.) ;
#3414=ORIENTED_EDGE('',*,*,#3405,.T.) ;
#3415=ORIENTED_EDGE('',*,*,#3410,.F.) ;
#3452=ORIENTED_EDGE('',*,*,#3431,.T.) ;
#3453=ORIENTED_EDGE('',*,*,#3438,.T.) ;
#3454=ORIENTED_EDGE('',*,*,#3445,.F.) ;
#3455=ORIENTED_EDGE('',*,*,#3450,.T.) ;
#3469=ORIENTED_EDGE('',*,*,#3445,.T.) ;
#3470=ORIENTED_EDGE('',*,*,#3462,.T.) ;
#3471=ORIENTED_EDGE('',*,*,#3431,.F.) ;
#3472=ORIENTED_EDGE('',*,*,#3467,.T.) ;
#3504=ORIENTED_EDGE('',*,*,#3483,.T.) ;
#3505=ORIENTED_EDGE('',*,*,#3490,.T.) ;
#3506=ORIENTED_EDGE('',*,*,#3497,.F.) ;
#3507=ORIENTED_EDGE('',*,*,#3502,.T.) ;
#3539=ORIENTED_EDGE('',*,*,#3518,.F.) ;
#3540=ORIENTED_EDGE('',*,*,#3525,.F.) ;
#3541=ORIENTED_EDGE('',*,*,#3532,.T.) ;
#3542=ORIENTED_EDGE('',*,*,#3537,.F.) ;
#3556=ORIENTED_EDGE('',*,*,#3532,.F.) ;
#3557=ORIENTED_EDGE('',*,*,#3549,.F.) ;
#3558=ORIENTED_EDGE('',*,*,#3518,.T.) ;
#3559=ORIENTED_EDGE('',*,*,#3554,.F.) ;
#3638=ORIENTED_EDGE('',*,*,#3575,.F.) ;
#3639=ORIENTED_EDGE('',*,*,#3582,.T.) ;
#3640=ORIENTED_EDGE('',*,*,#3589,.T.) ;
#3641=ORIENTED_EDGE('',*,*,#3596,.F.) ;
#3642=ORIENTED_EDGE('',*,*,#3603,.F.) ;
#3643=ORIENTED_EDGE('',*,*,#3610,.T.) ;
#3644=ORIENTED_EDGE('',*,*,#3617,.T.) ;
#3645=ORIENTED_EDGE('',*,*,#3624,.F.) ;
#3646=ORIENTED_EDGE('',*,*,#3631,.F.) ;
#3647=ORIENTED_EDGE('',*,*,#3636,.T.) ;
#3684=ORIENTED_EDGE('',*,*,#3663,.F.) ;
#3685=ORIENTED_EDGE('',*,*,#3670,.F.) ;
#3686=ORIENTED_EDGE('',*,*,#3677,.F.) ;
#3687=ORIENTED_EDGE('',*,*,#3682,.T.) ;
#3715=ORIENTED_EDGE('',*,*,#3575,.T.) ;
#3716=ORIENTED_EDGE('',*,*,#3701,.T.) ;
#3717=ORIENTED_EDGE('',*,*,#3708,.T.) ;
#3718=ORIENTED_EDGE('',*,*,#3713,.T.) ;
#3721=ORIENTED_EDGE('',*,*,#3111,.F.) ;
#3722=ORIENTED_EDGE('',*,*,#3147,.F.) ;
#3750=ORIENTED_EDGE('',*,*,#3738,.F.) ;
#3751=ORIENTED_EDGE('',*,*,#3743,.F.) ;
#3752=ORIENTED_EDGE('',*,*,#3670,.T.) ;
#3753=ORIENTED_EDGE('',*,*,#3748,.F.) ;
#3781=ORIENTED_EDGE('',*,*,#3767,.F.) ;
#3782=ORIENTED_EDGE('',*,*,#3774,.F.) ;
#3783=ORIENTED_EDGE('',*,*,#3779,.F.) ;
#3784=ORIENTED_EDGE('',*,*,#3738,.T.) ;
#3803=ORIENTED_EDGE('',*,*,#3767,.T.) ;
#3804=ORIENTED_EDGE('',*,*,#3796,.T.) ;
#3805=ORIENTED_EDGE('',*,*,#3801,.F.) ;
#3819=ORIENTED_EDGE('',*,*,#3748,.T.) ;
#3820=ORIENTED_EDGE('',*,*,#3817,.T.) ;
#3821=ORIENTED_EDGE('',*,*,#3708,.F.) ;
#3822=ORIENTED_EDGE('',*,*,#3796,.F.) ;
#3836=ORIENTED_EDGE('',*,*,#3663,.T.) ;
#3837=ORIENTED_EDGE('',*,*,#3834,.T.) ;
#3838=ORIENTED_EDGE('',*,*,#3817,.F.) ;
#3852=ORIENTED_EDGE('',*,*,#3582,.F.) ;
#3853=ORIENTED_EDGE('',*,*,#3713,.F.) ;
#3854=ORIENTED_EDGE('',*,*,#3834,.F.) ;
#3855=ORIENTED_EDGE('',*,*,#3850,.T.) ;
#3869=ORIENTED_EDGE('',*,*,#3636,.F.) ;
#3870=ORIENTED_EDGE('',*,*,#3867,.T.) ;
#3871=ORIENTED_EDGE('',*,*,#3801,.T.) ;
#3872=ORIENTED_EDGE('',*,*,#3701,.F.) ;
#3909=ORIENTED_EDGE('',*,*,#3888,.T.) ;
#3910=ORIENTED_EDGE('',*,*,#3895,.T.) ;
#3911=ORIENTED_EDGE('',*,*,#3902,.F.) ;
#3912=ORIENTED_EDGE('',*,*,#3907,.F.) ;
#3940=ORIENTED_EDGE('',*,*,#3926,.T.) ;
#3941=ORIENTED_EDGE('',*,*,#3933,.T.) ;
#3942=ORIENTED_EDGE('',*,*,#3938,.F.) ;
#3943=ORIENTED_EDGE('',*,*,#3895,.F.) ;
#3985=ORIENTED_EDGE('',*,*,#3957,.T.) ;
#3986=ORIENTED_EDGE('',*,*,#3964,.T.) ;
#3987=ORIENTED_EDGE('',*,*,#3971,.T.) ;
#3988=ORIENTED_EDGE('',*,*,#3978,.T.) ;
#3989=ORIENTED_EDGE('',*,*,#3983,.F.) ;
#3990=ORIENTED_EDGE('',*,*,#3933,.F.) ;
#4011=ORIENTED_EDGE('',*,*,#4004,.T.) ;
#4012=ORIENTED_EDGE('',*,*,#4009,.F.) ;
#4013=ORIENTED_EDGE('',*,*,#3978,.F.) ;
#4041=ORIENTED_EDGE('',*,*,#4029,.F.) ;
#4042=ORIENTED_EDGE('',*,*,#4034,.F.) ;
#4043=ORIENTED_EDGE('',*,*,#4004,.F.) ;
#4044=ORIENTED_EDGE('',*,*,#4039,.T.) ;
#4129=ORIENTED_EDGE('',*,*,#4059,.F.) ;
#4130=ORIENTED_EDGE('',*,*,#3907,.T.) ;
#4131=ORIENTED_EDGE('',*,*,#4127,.F.) ;
#4164=ORIENTED_EDGE('',*,*,#4145,.F.) ;
#4165=ORIENTED_EDGE('',*,*,#4152,.T.) ;
#4166=ORIENTED_EDGE('',*,*,#4157,.F.) ;
#4167=ORIENTED_EDGE('',*,*,#4029,.T.) ;
#4168=ORIENTED_EDGE('',*,*,#4162,.F.) ;
#4169=ORIENTED_EDGE('',*,*,#3677,.T.) ;
#4170=ORIENTED_EDGE('',*,*,#3743,.T.) ;
#4171=ORIENTED_EDGE('',*,*,#3779,.T.) ;
#4192=ORIENTED_EDGE('',*,*,#4185,.F.) ;
#4193=ORIENTED_EDGE('',*,*,#4190,.T.) ;
#4194=ORIENTED_EDGE('',*,*,#4034,.T.) ;
#4195=ORIENTED_EDGE('',*,*,#4157,.T.) ;
#4216=ORIENTED_EDGE('',*,*,#4209,.F.) ;
#4217=ORIENTED_EDGE('',*,*,#4214,.T.) ;
#4218=ORIENTED_EDGE('',*,*,#4009,.T.) ;
#4219=ORIENTED_EDGE('',*,*,#4190,.F.) ;
#4268=ORIENTED_EDGE('',*,*,#4235,.F.) ;
#4269=ORIENTED_EDGE('',*,*,#4242,.T.) ;
#4270=ORIENTED_EDGE('',*,*,#4247,.F.) ;
#4271=ORIENTED_EDGE('',*,*,#3902,.T.) ;
#4272=ORIENTED_EDGE('',*,*,#3938,.T.) ;
#4273=ORIENTED_EDGE('',*,*,#3983,.T.) ;
#4274=ORIENTED_EDGE('',*,*,#4214,.F.) ;
#4275=ORIENTED_EDGE('',*,*,#4254,.F.) ;
#4276=ORIENTED_EDGE('',*,*,#4261,.F.) ;
#4277=ORIENTED_EDGE('',*,*,#4266,.F.) ;
#4305=ORIENTED_EDGE('',*,*,#4266,.T.) ;
#4306=ORIENTED_EDGE('',*,*,#4291,.T.) ;
#4307=ORIENTED_EDGE('',*,*,#4298,.F.) ;
#4308=ORIENTED_EDGE('',*,*,#4303,.F.) ;
#4329=ORIENTED_EDGE('',*,*,#4261,.T.) ;
#4330=ORIENTED_EDGE('',*,*,#4322,.T.) ;
#4331=ORIENTED_EDGE('',*,*,#4327,.F.) ;
#4332=ORIENTED_EDGE('',*,*,#4291,.F.) ;
#4367=ORIENTED_EDGE('',*,*,#4254,.T.) ;
#4368=ORIENTED_EDGE('',*,*,#4346,.T.) ;
#4369=ORIENTED_EDGE('',*,*,#4353,.F.) ;
#4370=ORIENTED_EDGE('',*,*,#4360,.T.) ;
#4371=ORIENTED_EDGE('',*,*,#4365,.F.) ;
#4372=ORIENTED_EDGE('',*,*,#4322,.F.) ;
#4386=ORIENTED_EDGE('',*,*,#4209,.T.) ;
#4387=ORIENTED_EDGE('',*,*,#4384,.T.) ;
#4388=ORIENTED_EDGE('',*,*,#4346,.F.) ;
#4402=ORIENTED_EDGE('',*,*,#4152,.F.) ;
#4403=ORIENTED_EDGE('',*,*,#4400,.F.) ;
#4404=ORIENTED_EDGE('',*,*,#4384,.F.) ;
#4405=ORIENTED_EDGE('',*,*,#4185,.T.) ;
#4451=ORIENTED_EDGE('',*,*,#4420,.F.) ;
#4452=ORIENTED_EDGE('',*,*,#4449,.T.) ;
#4453=ORIENTED_EDGE('',*,*,#4303,.T.) ;
#4507=ORIENTED_EDGE('',*,*,#4481,.T.) ;
#4508=ORIENTED_EDGE('',*,*,#4488,.F.) ;
#4509=ORIENTED_EDGE('',*,*,#4495,.T.) ;
#4510=ORIENTED_EDGE('',*,*,#4500,.T.) ;
#4511=ORIENTED_EDGE('',*,*,#3497,.T.) ;
#4512=ORIENTED_EDGE('',*,*,#4505,.F.) ;
#4533=ORIENTED_EDGE('',*,*,#4526,.F.) ;
#4534=ORIENTED_EDGE('',*,*,#4505,.T.) ;
#4535=ORIENTED_EDGE('',*,*,#3490,.F.) ;
#4536=ORIENTED_EDGE('',*,*,#4531,.F.) ;
#4539=ORIENTED_EDGE('',*,*,#3525,.T.) ;
#4540=ORIENTED_EDGE('',*,*,#3549,.T.) ;
#4573=ORIENTED_EDGE('',*,*,#4449,.F.) ;
#4574=ORIENTED_EDGE('',*,*,#4554,.F.) ;
#4575=ORIENTED_EDGE('',*,*,#4561,.T.) ;
#4576=ORIENTED_EDGE('',*,*,#4566,.F.) ;
#4577=ORIENTED_EDGE('',*,*,#4571,.F.) ;
#4578=ORIENTED_EDGE('',*,*,#4235,.T.) ;
#4613=ORIENTED_EDGE('',*,*,#4592,.F.) ;
#4614=ORIENTED_EDGE('',*,*,#4599,.F.) ;
#4615=ORIENTED_EDGE('',*,*,#4606,.T.) ;
#4616=ORIENTED_EDGE('',*,*,#4611,.F.) ;
#4644=ORIENTED_EDGE('',*,*,#4632,.T.) ;
#4645=ORIENTED_EDGE('',*,*,#4637,.F.) ;
#4646=ORIENTED_EDGE('',*,*,#4606,.F.) ;
#4647=ORIENTED_EDGE('',*,*,#4642,.T.) ;
#4675=ORIENTED_EDGE('',*,*,#4661,.T.) ;
#4676=ORIENTED_EDGE('',*,*,#4632,.F.) ;
#4677=ORIENTED_EDGE('',*,*,#4668,.T.) ;
#4678=ORIENTED_EDGE('',*,*,#4673,.T.) ;
#4713=ORIENTED_EDGE('',*,*,#4692,.F.) ;
#4714=ORIENTED_EDGE('',*,*,#4699,.F.) ;
#4715=ORIENTED_EDGE('',*,*,#4706,.T.) ;
#4716=ORIENTED_EDGE('',*,*,#4711,.F.) ;
#4739=ORIENTED_EDGE('',*,*,#4727,.T.) ;
#4740=ORIENTED_EDGE('',*,*,#4732,.F.) ;
#4741=ORIENTED_EDGE('',*,*,#4706,.F.) ;
#4742=ORIENTED_EDGE('',*,*,#4737,.T.) ;
#4770=ORIENTED_EDGE('',*,*,#4756,.T.) ;
#4771=ORIENTED_EDGE('',*,*,#4727,.F.) ;
#4772=ORIENTED_EDGE('',*,*,#4763,.T.) ;
#4773=ORIENTED_EDGE('',*,*,#4768,.T.) ;
#4801=ORIENTED_EDGE('',*,*,#4789,.F.) ;
#4802=ORIENTED_EDGE('',*,*,#4794,.F.) ;
#4803=ORIENTED_EDGE('',*,*,#3596,.T.) ;
#4804=ORIENTED_EDGE('',*,*,#4799,.T.) ;
#4832=ORIENTED_EDGE('',*,*,#4818,.F.) ;
#4833=ORIENTED_EDGE('',*,*,#4768,.F.) ;
#4834=ORIENTED_EDGE('',*,*,#4825,.T.) ;
#4835=ORIENTED_EDGE('',*,*,#4830,.T.) ;
#4868=ORIENTED_EDGE('',*,*,#4825,.F.) ;
#4869=ORIENTED_EDGE('',*,*,#4763,.F.) ;
#4870=ORIENTED_EDGE('',*,*,#4737,.F.) ;
#4871=ORIENTED_EDGE('',*,*,#4699,.T.) ;
#4872=ORIENTED_EDGE('',*,*,#4849,.F.) ;
#4873=ORIENTED_EDGE('',*,*,#4856,.F.) ;
#4874=ORIENTED_EDGE('',*,*,#4861,.T.) ;
#4875=ORIENTED_EDGE('',*,*,#3603,.T.) ;
#4876=ORIENTED_EDGE('',*,*,#4794,.T.) ;
#4877=ORIENTED_EDGE('',*,*,#4866,.F.) ;
#4880=ORIENTED_EDGE('',*,*,#3237,.T.) ;
#4881=ORIENTED_EDGE('',*,*,#3261,.T.) ;
#4884=ORIENTED_EDGE('',*,*,#3204,.T.) ;
#4885=ORIENTED_EDGE('',*,*,#3180,.T.) ;
#4899=ORIENTED_EDGE('',*,*,#4897,.F.) ;
#4900=ORIENTED_EDGE('',*,*,#4799,.F.) ;
#4901=ORIENTED_EDGE('',*,*,#3589,.F.) ;
#4902=ORIENTED_EDGE('',*,*,#3850,.F.) ;
#4903=ORIENTED_EDGE('',*,*,#3682,.F.) ;
#4904=ORIENTED_EDGE('',*,*,#4162,.T.) ;
#4905=ORIENTED_EDGE('',*,*,#4039,.F.) ;
#4906=ORIENTED_EDGE('',*,*,#3971,.F.) ;
#4907=ORIENTED_EDGE('',*,*,#3964,.F.) ;
#4908=ORIENTED_EDGE('',*,*,#4711,.T.) ;
#4909=ORIENTED_EDGE('',*,*,#4732,.T.) ;
#4910=ORIENTED_EDGE('',*,*,#4756,.F.) ;
#4911=ORIENTED_EDGE('',*,*,#4818,.T.) ;
#4914=ORIENTED_EDGE('',*,*,#3266,.T.) ;
#4915=ORIENTED_EDGE('',*,*,#3249,.T.) ;
#4918=ORIENTED_EDGE('',*,*,#3192,.T.) ;
#4919=ORIENTED_EDGE('',*,*,#3209,.T.) ;
#4928=ORIENTED_EDGE('',*,*,#4897,.T.) ;
#4929=ORIENTED_EDGE('',*,*,#4830,.F.) ;
#4930=ORIENTED_EDGE('',*,*,#4866,.T.) ;
#4931=ORIENTED_EDGE('',*,*,#4789,.T.) ;
#4954=ORIENTED_EDGE('',*,*,#4942,.F.) ;
#4955=ORIENTED_EDGE('',*,*,#4947,.F.) ;
#4956=ORIENTED_EDGE('',*,*,#3624,.T.) ;
#4957=ORIENTED_EDGE('',*,*,#4952,.T.) ;
#4980=ORIENTED_EDGE('',*,*,#4966,.F.) ;
#4981=ORIENTED_EDGE('',*,*,#4673,.F.) ;
#4982=ORIENTED_EDGE('',*,*,#4973,.T.) ;
#4983=ORIENTED_EDGE('',*,*,#4978,.T.) ;
#4997=ORIENTED_EDGE('',*,*,#4995,.F.) ;
#4998=ORIENTED_EDGE('',*,*,#4973,.F.) ;
#4999=ORIENTED_EDGE('',*,*,#4668,.F.) ;
#5000=ORIENTED_EDGE('',*,*,#4642,.F.) ;
#5001=ORIENTED_EDGE('',*,*,#4599,.T.) ;
#5002=ORIENTED_EDGE('',*,*,#4360,.F.) ;
#5003=ORIENTED_EDGE('',*,*,#4353,.T.) ;
#5004=ORIENTED_EDGE('',*,*,#4400,.T.) ;
#5005=ORIENTED_EDGE('',*,*,#4145,.T.) ;
#5006=ORIENTED_EDGE('',*,*,#3774,.T.) ;
#5007=ORIENTED_EDGE('',*,*,#3867,.F.) ;
#5008=ORIENTED_EDGE('',*,*,#3631,.T.) ;
#5009=ORIENTED_EDGE('',*,*,#4947,.T.) ;
#5012=ORIENTED_EDGE('',*,*,#3370,.T.) ;
#5013=ORIENTED_EDGE('',*,*,#3353,.T.) ;
#5016=ORIENTED_EDGE('',*,*,#3318,.T.) ;
#5017=ORIENTED_EDGE('',*,*,#3301,.T.) ;
#5050=ORIENTED_EDGE('',*,*,#4952,.F.) ;
#5051=ORIENTED_EDGE('',*,*,#3617,.F.) ;
#5052=ORIENTED_EDGE('',*,*,#5031,.T.) ;
#5053=ORIENTED_EDGE('',*,*,#5038,.T.) ;
#5054=ORIENTED_EDGE('',*,*,#5043,.F.) ;
#5055=ORIENTED_EDGE('',*,*,#4611,.T.) ;
#5056=ORIENTED_EDGE('',*,*,#4637,.T.) ;
#5057=ORIENTED_EDGE('',*,*,#4661,.F.) ;
#5058=ORIENTED_EDGE('',*,*,#4966,.T.) ;
#5059=ORIENTED_EDGE('',*,*,#5048,.F.) ;
#5062=ORIENTED_EDGE('',*,*,#3341,.T.) ;
#5063=ORIENTED_EDGE('',*,*,#3365,.T.) ;
#5066=ORIENTED_EDGE('',*,*,#3313,.T.) ;
#5067=ORIENTED_EDGE('',*,*,#3289,.T.) ;
#5076=ORIENTED_EDGE('',*,*,#5048,.T.) ;
#5077=ORIENTED_EDGE('',*,*,#4978,.F.) ;
#5078=ORIENTED_EDGE('',*,*,#4995,.T.) ;
#5079=ORIENTED_EDGE('',*,*,#4942,.T.) ;
#5128=ORIENTED_EDGE('',*,*,#5090,.F.) ;
#5129=ORIENTED_EDGE('',*,*,#5109,.T.) ;
#5130=ORIENTED_EDGE('',*,*,#5114,.F.) ;
#5131=ORIENTED_EDGE('',*,*,#3391,.T.) ;
#5132=ORIENTED_EDGE('',*,*,#5121,.F.) ;
#5133=ORIENTED_EDGE('',*,*,#5126,.T.) ;
#5154=ORIENTED_EDGE('',*,*,#5147,.T.) ;
#5155=ORIENTED_EDGE('',*,*,#3398,.T.) ;
#5156=ORIENTED_EDGE('',*,*,#5114,.T.) ;
#5157=ORIENTED_EDGE('',*,*,#5152,.F.) ;
#5160=ORIENTED_EDGE('',*,*,#3462,.F.) ;
#5161=ORIENTED_EDGE('',*,*,#3438,.F.) ;
#5194=ORIENTED_EDGE('',*,*,#4127,.T.) ;
#5195=ORIENTED_EDGE('',*,*,#4247,.T.) ;
#5196=ORIENTED_EDGE('',*,*,#5173,.F.) ;
#5197=ORIENTED_EDGE('',*,*,#5180,.F.) ;
#5198=ORIENTED_EDGE('',*,*,#5187,.T.) ;
#5199=ORIENTED_EDGE('',*,*,#5192,.F.) ;
#5220=ORIENTED_EDGE('',*,*,#5213,.T.) ;
#5221=ORIENTED_EDGE('',*,*,#3502,.F.) ;
#5222=ORIENTED_EDGE('',*,*,#4500,.F.) ;
#5223=ORIENTED_EDGE('',*,*,#4566,.T.) ;
#5224=ORIENTED_EDGE('',*,*,#4561,.F.) ;
#5225=ORIENTED_EDGE('',*,*,#5218,.T.) ;
#5228=ORIENTED_EDGE('',*,*,#3537,.T.) ;
#5229=ORIENTED_EDGE('',*,*,#3554,.T.) ;
#5253=ORIENTED_EDGE('',*,*,#5243,.T.) ;
#5254=ORIENTED_EDGE('',*,*,#5251,.T.) ;
#5255=ORIENTED_EDGE('',*,*,#4531,.T.) ;
#5256=ORIENTED_EDGE('',*,*,#3483,.F.) ;
#5257=ORIENTED_EDGE('',*,*,#5213,.F.) ;
#5273=ORIENTED_EDGE('',*,*,#4554,.T.) ;
#5274=ORIENTED_EDGE('',*,*,#4420,.T.) ;
#5275=ORIENTED_EDGE('',*,*,#4298,.T.) ;
#5276=ORIENTED_EDGE('',*,*,#4327,.T.) ;
#5277=ORIENTED_EDGE('',*,*,#4365,.T.) ;
#5278=ORIENTED_EDGE('',*,*,#4592,.T.) ;
#5279=ORIENTED_EDGE('',*,*,#5043,.T.) ;
#5280=ORIENTED_EDGE('',*,*,#5266,.F.) ;
#5281=ORIENTED_EDGE('',*,*,#5271,.F.) ;
#5309=ORIENTED_EDGE('',*,*,#5243,.F.) ;
#5310=ORIENTED_EDGE('',*,*,#5218,.F.) ;
#5311=ORIENTED_EDGE('',*,*,#5271,.T.) ;
#5312=ORIENTED_EDGE('',*,*,#5296,.F.) ;
#5313=ORIENTED_EDGE('',*,*,#5307,.F.) ;
#5349=ORIENTED_EDGE('',*,*,#5329,.T.) ;
#5350=ORIENTED_EDGE('',*,*,#5335,.T.) ;
#5351=ORIENTED_EDGE('',*,*,#5296,.T.) ;
#5352=ORIENTED_EDGE('',*,*,#5266,.T.) ;
#5353=ORIENTED_EDGE('',*,*,#5038,.F.) ;
#5354=ORIENTED_EDGE('',*,*,#5342,.F.) ;
#5355=ORIENTED_EDGE('',*,*,#5347,.T.) ;
#5369=ORIENTED_EDGE('',*,*,#5307,.T.) ;
#5370=ORIENTED_EDGE('',*,*,#5335,.F.) ;
#5371=ORIENTED_EDGE('',*,*,#5367,.F.) ;
#5372=ORIENTED_EDGE('',*,*,#4481,.F.) ;
#5373=ORIENTED_EDGE('',*,*,#4526,.T.) ;
#5374=ORIENTED_EDGE('',*,*,#5251,.F.) ;
#5395=ORIENTED_EDGE('',*,*,#5388,.T.) ;
#5396=ORIENTED_EDGE('',*,*,#5187,.F.) ;
#5397=ORIENTED_EDGE('',*,*,#5180,.T.) ;
#5398=ORIENTED_EDGE('',*,*,#5121,.T.) ;
#5399=ORIENTED_EDGE('',*,*,#3410,.T.) ;
#5400=ORIENTED_EDGE('',*,*,#5393,.F.) ;
#5403=ORIENTED_EDGE('',*,*,#3467,.F.) ;
#5404=ORIENTED_EDGE('',*,*,#3450,.F.) ;
#5423=ORIENTED_EDGE('',*,*,#5413,.T.) ;
#5424=ORIENTED_EDGE('',*,*,#5393,.T.) ;
#5425=ORIENTED_EDGE('',*,*,#3405,.F.) ;
#5426=ORIENTED_EDGE('',*,*,#5147,.F.) ;
#5427=ORIENTED_EDGE('',*,*,#5421,.T.) ;
#5443=ORIENTED_EDGE('',*,*,#5436,.F.) ;
#5444=ORIENTED_EDGE('',*,*,#4849,.T.) ;
#5445=ORIENTED_EDGE('',*,*,#4692,.T.) ;
#5446=ORIENTED_EDGE('',*,*,#3957,.F.) ;
#5447=ORIENTED_EDGE('',*,*,#3926,.F.) ;
#5448=ORIENTED_EDGE('',*,*,#3888,.F.) ;
#5449=ORIENTED_EDGE('',*,*,#4059,.T.) ;
#5450=ORIENTED_EDGE('',*,*,#5192,.T.) ;
#5451=ORIENTED_EDGE('',*,*,#5441,.F.) ;
#5479=ORIENTED_EDGE('',*,*,#5413,.F.) ;
#5480=ORIENTED_EDGE('',*,*,#5471,.F.) ;
#5481=ORIENTED_EDGE('',*,*,#5477,.F.) ;
#5482=ORIENTED_EDGE('',*,*,#5441,.T.) ;
#5483=ORIENTED_EDGE('',*,*,#5388,.F.) ;
#5519=ORIENTED_EDGE('',*,*,#5436,.T.) ;
#5520=ORIENTED_EDGE('',*,*,#5477,.T.) ;
#5521=ORIENTED_EDGE('',*,*,#5498,.T.) ;
#5522=ORIENTED_EDGE('',*,*,#5505,.T.) ;
#5523=ORIENTED_EDGE('',*,*,#5512,.F.) ;
#5524=ORIENTED_EDGE('',*,*,#5517,.F.) ;
#5525=ORIENTED_EDGE('',*,*,#4856,.T.) ;
#5539=ORIENTED_EDGE('',*,*,#5537,.F.) ;
#5540=ORIENTED_EDGE('',*,*,#5498,.F.) ;
#5541=ORIENTED_EDGE('',*,*,#5471,.T.) ;
#5542=ORIENTED_EDGE('',*,*,#5421,.F.) ;
#5543=ORIENTED_EDGE('',*,*,#5152,.T.) ;
#5544=ORIENTED_EDGE('',*,*,#5109,.F.) ;
#5581=ORIENTED_EDGE('',*,*,#5560,.T.) ;
#5582=ORIENTED_EDGE('',*,*,#5567,.F.) ;
#5583=ORIENTED_EDGE('',*,*,#5574,.T.) ;
#5584=ORIENTED_EDGE('',*,*,#5579,.T.) ;
#5612=ORIENTED_EDGE('',*,*,#5598,.T.) ;
#5613=ORIENTED_EDGE('',*,*,#5512,.T.) ;
#5614=ORIENTED_EDGE('',*,*,#5605,.F.) ;
#5615=ORIENTED_EDGE('',*,*,#5610,.F.) ;
#5643=ORIENTED_EDGE('',*,*,#5629,.F.) ;
#5644=ORIENTED_EDGE('',*,*,#5579,.F.) ;
#5645=ORIENTED_EDGE('',*,*,#5636,.T.) ;
#5646=ORIENTED_EDGE('',*,*,#5641,.T.) ;
#5660=ORIENTED_EDGE('',*,*,#5605,.T.) ;
#5661=ORIENTED_EDGE('',*,*,#5505,.F.) ;
#5662=ORIENTED_EDGE('',*,*,#5537,.T.) ;
#5663=ORIENTED_EDGE('',*,*,#5653,.T.) ;
#5664=ORIENTED_EDGE('',*,*,#5560,.F.) ;
#5665=ORIENTED_EDGE('',*,*,#5629,.T.) ;
#5666=ORIENTED_EDGE('',*,*,#5658,.F.) ;
#5669=ORIENTED_EDGE('',*,*,#3049,.F.) ;
#5670=ORIENTED_EDGE('',*,*,#3085,.F.) ;
#5684=ORIENTED_EDGE('',*,*,#5658,.T.) ;
#5685=ORIENTED_EDGE('',*,*,#5641,.F.) ;
#5686=ORIENTED_EDGE('',*,*,#5682,.T.) ;
#5687=ORIENTED_EDGE('',*,*,#5610,.T.) ;
#5715=ORIENTED_EDGE('',*,*,#5701,.T.) ;
#5716=ORIENTED_EDGE('',*,*,#5567,.T.) ;
#5717=ORIENTED_EDGE('',*,*,#5653,.F.) ;
#5718=ORIENTED_EDGE('',*,*,#5090,.T.) ;
#5719=ORIENTED_EDGE('',*,*,#5126,.F.) ;
#5720=ORIENTED_EDGE('',*,*,#5173,.T.) ;
#5721=ORIENTED_EDGE('',*,*,#4242,.F.) ;
#5722=ORIENTED_EDGE('',*,*,#4571,.T.) ;
#5723=ORIENTED_EDGE('',*,*,#4495,.F.) ;
#5724=ORIENTED_EDGE('',*,*,#4488,.T.) ;
#5725=ORIENTED_EDGE('',*,*,#5708,.F.) ;
#5726=ORIENTED_EDGE('',*,*,#5713,.F.) ;
#5754=ORIENTED_EDGE('',*,*,#5740,.T.) ;
#5755=ORIENTED_EDGE('',*,*,#5747,.F.) ;
#5756=ORIENTED_EDGE('',*,*,#5752,.T.) ;
#5757=ORIENTED_EDGE('',*,*,#5713,.T.) ;
#5780=ORIENTED_EDGE('',*,*,#5766,.F.) ;
#5781=ORIENTED_EDGE('',*,*,#5347,.F.) ;
#5782=ORIENTED_EDGE('',*,*,#5773,.T.) ;
#5783=ORIENTED_EDGE('',*,*,#5778,.T.) ;
#5811=ORIENTED_EDGE('',*,*,#5799,.F.) ;
#5812=ORIENTED_EDGE('',*,*,#5804,.F.) ;
#5813=ORIENTED_EDGE('',*,*,#5747,.T.) ;
#5814=ORIENTED_EDGE('',*,*,#5809,.T.) ;
#5823=ORIENTED_EDGE('',*,*,#5809,.F.) ;
#5824=ORIENTED_EDGE('',*,*,#5740,.F.) ;
#5825=ORIENTED_EDGE('',*,*,#5708,.T.) ;
#5826=ORIENTED_EDGE('',*,*,#5367,.T.) ;
#5827=ORIENTED_EDGE('',*,*,#5329,.F.) ;
#5828=ORIENTED_EDGE('',*,*,#5766,.T.) ;
#5829=ORIENTED_EDGE('',*,*,#5821,.F.) ;
#5832=ORIENTED_EDGE('',*,*,#2987,.F.) ;
#5833=ORIENTED_EDGE('',*,*,#3023,.F.) ;
#5847=ORIENTED_EDGE('',*,*,#5845,.F.) ;
#5848=ORIENTED_EDGE('',*,*,#5773,.F.) ;
#5849=ORIENTED_EDGE('',*,*,#5342,.T.) ;
#5850=ORIENTED_EDGE('',*,*,#5031,.F.) ;
#5851=ORIENTED_EDGE('',*,*,#3610,.F.) ;
#5852=ORIENTED_EDGE('',*,*,#4861,.F.) ;
#5853=ORIENTED_EDGE('',*,*,#5517,.T.) ;
#5854=ORIENTED_EDGE('',*,*,#5598,.F.) ;
#5855=ORIENTED_EDGE('',*,*,#5682,.F.) ;
#5856=ORIENTED_EDGE('',*,*,#5636,.F.) ;
#5857=ORIENTED_EDGE('',*,*,#5574,.F.) ;
#5858=ORIENTED_EDGE('',*,*,#5701,.F.) ;
#5859=ORIENTED_EDGE('',*,*,#5752,.F.) ;
#5860=ORIENTED_EDGE('',*,*,#5804,.T.) ;
#5863=ORIENTED_EDGE('',*,*,#3125,.T.) ;
#5864=ORIENTED_EDGE('',*,*,#3152,.T.) ;
#5867=ORIENTED_EDGE('',*,*,#3028,.T.) ;
#5868=ORIENTED_EDGE('',*,*,#3001,.T.) ;
#5871=ORIENTED_EDGE('',*,*,#3090,.T.) ;
#5872=ORIENTED_EDGE('',*,*,#3063,.T.) ;
#5881=ORIENTED_EDGE('',*,*,#5821,.T.) ;
#5882=ORIENTED_EDGE('',*,*,#5778,.F.) ;
#5883=ORIENTED_EDGE('',*,*,#5845,.T.) ;
#5884=ORIENTED_EDGE('',*,*,#5799,.T.) ;
#806=FACE_BOUND('',#803,.T.) ;
#1624=FACE_BOUND('',#1621,.T.) ;
#1965=FACE_BOUND('',#1962,.T.) ;
#1969=FACE_BOUND('',#1966,.T.) ;
#1999=FACE_BOUND('',#1996,.T.) ;
#2003=FACE_BOUND('',#2000,.T.) ;
#2097=FACE_BOUND('',#2094,.T.) ;
#2101=FACE_BOUND('',#2098,.T.) ;
#2147=FACE_BOUND('',#2144,.T.) ;
#2151=FACE_BOUND('',#2148,.T.) ;
#2245=FACE_BOUND('',#2242,.T.) ;
#2313=FACE_BOUND('',#2310,.T.) ;
#2488=FACE_BOUND('',#2485,.T.) ;
#2754=FACE_BOUND('',#2751,.T.) ;
#2917=FACE_BOUND('',#2914,.T.) ;
#2948=FACE_BOUND('',#2945,.T.) ;
#2952=FACE_BOUND('',#2949,.T.) ;
#2956=FACE_BOUND('',#2953,.T.) ;
#3723=FACE_BOUND('',#3720,.T.) ;
#4541=FACE_BOUND('',#4538,.T.) ;
#4882=FACE_BOUND('',#4879,.T.) ;
#4886=FACE_BOUND('',#4883,.T.) ;
#4916=FACE_BOUND('',#4913,.T.) ;
#4920=FACE_BOUND('',#4917,.T.) ;
#5014=FACE_BOUND('',#5011,.T.) ;
#5018=FACE_BOUND('',#5015,.T.) ;
#5064=FACE_BOUND('',#5061,.T.) ;
#5068=FACE_BOUND('',#5065,.T.) ;
#5162=FACE_BOUND('',#5159,.T.) ;
#5230=FACE_BOUND('',#5227,.T.) ;
#5405=FACE_BOUND('',#5402,.T.) ;
#5671=FACE_BOUND('',#5668,.T.) ;
#5834=FACE_BOUND('',#5831,.T.) ;
#5865=FACE_BOUND('',#5862,.T.) ;
#5869=FACE_BOUND('',#5866,.T.) ;
#5873=FACE_BOUND('',#5870,.T.) ;
#56=CLOSED_SHELL('Closed Shell',(#96,#118,#158,#180,#220,#242,#282,#299,#339,#356,#391,#408,#443,#460,#500,#540,#557,#592,#627,#644,#732,#772,#807,#838,#869,#890,#907,#923,#940,#957,#997,#1028,#1075,#1098,#1129,#1216,#1256,#1280,#1304,#1362,#1393,#1417,#1457,#1473,#1490,#1538,#1597,#1625,#1663,#1701,#1732,#1763,#1801,#1827,#1858,#1889,#1920,#1970,#2004,#2016,#2042,#2068,#2102,#2152,#2164,#2218,#2246,#2284,#2314,#2342,#2366,#2398,#2440,#2459,#2489,#2512,#2536,#2568,#2610,#2629,#2669,#2700,#2731,#2755,#2772,#2811,#2842,#2868,#2899,#2918,#2957,#2969)) ;
#2973=CLOSED_SHELL('Closed Shell',(#3013,#3035,#3075,#3097,#3137,#3159,#3199,#3216,#3256,#3273,#3308,#3325,#3360,#3377,#3417,#3457,#3474,#3509,#3544,#3561,#3649,#3689,#3724,#3755,#3786,#3807,#3824,#3840,#3857,#3874,#3914,#3945,#3992,#4015,#4046,#4133,#4173,#4197,#4221,#4279,#4310,#4334,#4374,#4390,#4407,#4455,#4514,#4542,#4580,#4618,#4649,#4680,#4718,#4744,#4775,#4806,#4837,#4887,#4921,#4933,#4959,#4985,#5019,#5069,#5081,#5135,#5163,#5201,#5231,#5259,#5283,#5315,#5357,#5376,#5406,#5429,#5453,#5485,#5527,#5546,#5586,#5617,#5648,#5672,#5689,#5728,#5759,#5785,#5816,#5835,#5874,#5886)) ;
#73=VECTOR('Line Direction',#72,1.) ;
#87=VECTOR('Line Direction',#86,1.) ;
#135=VECTOR('Line Direction',#134,1.) ;
#149=VECTOR('Line Direction',#148,1.) ;
#197=VECTOR('Line Direction',#196,1.) ;
#211=VECTOR('Line Direction',#210,1.) ;
#250=VECTOR('Line Direction',#249,1.) ;
#266=VECTOR('Line Direction',#265,1.) ;
#307=VECTOR('Line Direction',#306,1.) ;
#323=VECTOR('Line Direction',#322,1.) ;
#359=VECTOR('Line Direction',#358,1.) ;
#375=VECTOR('Line Direction',#374,1.) ;
#411=VECTOR('Line Direction',#410,1.) ;
#427=VECTOR('Line Direction',#426,1.) ;
#468=VECTOR('Line Direction',#467,1.) ;
#484=VECTOR('Line Direction',#483,1.) ;
#508=VECTOR('Line Direction',#507,1.) ;
#524=VECTOR('Line Direction',#523,1.) ;
#560=VECTOR('Line Direction',#559,1.) ;
#576=VECTOR('Line Direction',#575,1.) ;
#595=VECTOR('Line Direction',#594,1.) ;
#611=VECTOR('Line Direction',#610,1.) ;
#652=VECTOR('Line Direction',#651,1.) ;
#668=VECTOR('Line Direction',#667,1.) ;
#675=VECTOR('Line Direction',#674,1.) ;
#682=VECTOR('Line Direction',#681,1.) ;
#689=VECTOR('Line Direction',#688,1.) ;
#696=VECTOR('Line Direction',#695,1.) ;
#703=VECTOR('Line Direction',#702,1.) ;
#710=VECTOR('Line Direction',#709,1.) ;
#749=VECTOR('Line Direction',#748,1.) ;
#763=VECTOR('Line Direction',#762,1.) ;
#780=VECTOR('Line Direction',#779,1.) ;
#787=VECTOR('Line Direction',#786,1.) ;
#794=VECTOR('Line Direction',#793,1.) ;
#815=VECTOR('Line Direction',#814,1.) ;
#824=VECTOR('Line Direction',#823,1.) ;
#829=VECTOR('Line Direction',#828,1.) ;
#853=VECTOR('Line Direction',#852,1.) ;
#931=VECTOR('Line Direction',#930,1.) ;
#948=VECTOR('Line Direction',#947,1.) ;
#965=VECTOR('Line Direction',#964,1.) ;
#981=VECTOR('Line Direction',#980,1.) ;
#1036=VECTOR('Line Direction',#1035,1.) ;
#1043=VECTOR('Line Direction',#1042,1.) ;
#1050=VECTOR('Line Direction',#1049,1.) ;
#1064=VECTOR('Line Direction',#1063,1.) ;
#1115=VECTOR('Line Direction',#1114,1.) ;
#1120=VECTOR('Line Direction',#1119,1.) ;
#1224=VECTOR('Line Direction',#1223,1.) ;
#1238=VECTOR('Line Direction',#1237,1.) ;
#1243=VECTOR('Line Direction',#1242,1.) ;
#1264=VECTOR('Line Direction',#1263,1.) ;
#1271=VECTOR('Line Direction',#1270,1.) ;
#1295=VECTOR('Line Direction',#1294,1.) ;
#1312=VECTOR('Line Direction',#1311,1.) ;
#1321=VECTOR('Line Direction',#1320,1.) ;
#1328=VECTOR('Line Direction',#1327,1.) ;
#1333=VECTOR('Line Direction',#1332,1.) ;
#1347=VECTOR('Line Direction',#1346,1.) ;
#1377=VECTOR('Line Direction',#1376,1.) ;
#1432=VECTOR('Line Direction',#1431,1.) ;
#1439=VECTOR('Line Direction',#1438,1.) ;
#1446=VECTOR('Line Direction',#1445,1.) ;
#1481=VECTOR('Line Direction',#1480,1.) ;
#1567=VECTOR('Line Direction',#1566,1.) ;
#1574=VECTOR('Line Direction',#1573,1.) ;
#1581=VECTOR('Line Direction',#1580,1.) ;
#1586=VECTOR('Line Direction',#1585,1.) ;
#1605=VECTOR('Line Direction',#1604,1.) ;
#1612=VECTOR('Line Direction',#1611,1.) ;
#1633=VECTOR('Line Direction',#1632,1.) ;
#1640=VECTOR('Line Direction',#1639,1.) ;
#1647=VECTOR('Line Direction',#1646,1.) ;
#1671=VECTOR('Line Direction',#1670,1.) ;
#1685=VECTOR('Line Direction',#1684,1.) ;
#1709=VECTOR('Line Direction',#1708,1.) ;
#1718=VECTOR('Line Direction',#1717,1.) ;
#1723=VECTOR('Line Direction',#1722,1.) ;
#1754=VECTOR('Line Direction',#1753,1.) ;
#1771=VECTOR('Line Direction',#1770,1.) ;
#1785=VECTOR('Line Direction',#1784,1.) ;
#1804=VECTOR('Line Direction',#1803,1.) ;
#1813=VECTOR('Line Direction',#1812,1.) ;
#1818=VECTOR('Line Direction',#1817,1.) ;
#1849=VECTOR('Line Direction',#1848,1.) ;
#1866=VECTOR('Line Direction',#1865,1.) ;
#1875=VECTOR('Line Direction',#1874,1.) ;
#1880=VECTOR('Line Direction',#1879,1.) ;
#1897=VECTOR('Line Direction',#1896,1.) ;
#1904=VECTOR('Line Direction',#1903,1.) ;
#1911=VECTOR('Line Direction',#1910,1.) ;
#1928=VECTOR('Line Direction',#1927,1.) ;
#1935=VECTOR('Line Direction',#1934,1.) ;
#1942=VECTOR('Line Direction',#1941,1.) ;
#2019=VECTOR('Line Direction',#2018,1.) ;
#2028=VECTOR('Line Direction',#2027,1.) ;
#2033=VECTOR('Line Direction',#2032,1.) ;
#2045=VECTOR('Line Direction',#2044,1.) ;
#2052=VECTOR('Line Direction',#2051,1.) ;
#2059=VECTOR('Line Direction',#2058,1.) ;
#2110=VECTOR('Line Direction',#2109,1.) ;
#2117=VECTOR('Line Direction',#2116,1.) ;
#2124=VECTOR('Line Direction',#2123,1.) ;
#2167=VECTOR('Line Direction',#2166,1.) ;
#2195=VECTOR('Line Direction',#2194,1.) ;
#2200=VECTOR('Line Direction',#2199,1.) ;
#2207=VECTOR('Line Direction',#2206,1.) ;
#2226=VECTOR('Line Direction',#2225,1.) ;
#2233=VECTOR('Line Direction',#2232,1.) ;
#2259=VECTOR('Line Direction',#2258,1.) ;
#2266=VECTOR('Line Direction',#2265,1.) ;
#2273=VECTOR('Line Direction',#2272,1.) ;
#2292=VECTOR('Line Direction',#2291,1.) ;
#2322=VECTOR('Line Direction',#2321,1.) ;
#2352=VECTOR('Line Direction',#2351,1.) ;
#2428=VECTOR('Line Direction',#2427,1.) ;
#2448=VECTOR('Line Direction',#2447,1.) ;
#2474=VECTOR('Line Direction',#2473,1.) ;
#2492=VECTOR('Line Direction',#2491,1.) ;
#2522=VECTOR('Line Direction',#2521,1.) ;
#2591=VECTOR('Line Direction',#2590,1.) ;
#2618=VECTOR('Line Direction',#2617,1.) ;
#2646=VECTOR('Line Direction',#2645,1.) ;
#2660=VECTOR('Line Direction',#2659,1.) ;
#2677=VECTOR('Line Direction',#2676,1.) ;
#2684=VECTOR('Line Direction',#2683,1.) ;
#2691=VECTOR('Line Direction',#2690,1.) ;
#2708=VECTOR('Line Direction',#2707,1.) ;
#2715=VECTOR('Line Direction',#2714,1.) ;
#2722=VECTOR('Line Direction',#2721,1.) ;
#2734=VECTOR('Line Direction',#2733,1.) ;
#2780=VECTOR('Line Direction',#2779,1.) ;
#2787=VECTOR('Line Direction',#2786,1.) ;
#2794=VECTOR('Line Direction',#2793,1.) ;
#2826=VECTOR('Line Direction',#2825,1.) ;
#2845=VECTOR('Line Direction',#2844,1.) ;
#2852=VECTOR('Line Direction',#2851,1.) ;
#2859=VECTOR('Line Direction',#2858,1.) ;
#2876=VECTOR('Line Direction',#2875,1.) ;
#2885=VECTOR('Line Direction',#2884,1.) ;
#2890=VECTOR('Line Direction',#2889,1.) ;
#2990=VECTOR('Line Direction',#2989,1.) ;
#3004=VECTOR('Line Direction',#3003,1.) ;
#3052=VECTOR('Line Direction',#3051,1.) ;
#3066=VECTOR('Line Direction',#3065,1.) ;
#3114=VECTOR('Line Direction',#3113,1.) ;
#3128=VECTOR('Line Direction',#3127,1.) ;
#3167=VECTOR('Line Direction',#3166,1.) ;
#3183=VECTOR('Line Direction',#3182,1.) ;
#3224=VECTOR('Line Direction',#3223,1.) ;
#3240=VECTOR('Line Direction',#3239,1.) ;
#3276=VECTOR('Line Direction',#3275,1.) ;
#3292=VECTOR('Line Direction',#3291,1.) ;
#3328=VECTOR('Line Direction',#3327,1.) ;
#3344=VECTOR('Line Direction',#3343,1.) ;
#3385=VECTOR('Line Direction',#3384,1.) ;
#3401=VECTOR('Line Direction',#3400,1.) ;
#3425=VECTOR('Line Direction',#3424,1.) ;
#3441=VECTOR('Line Direction',#3440,1.) ;
#3477=VECTOR('Line Direction',#3476,1.) ;
#3493=VECTOR('Line Direction',#3492,1.) ;
#3512=VECTOR('Line Direction',#3511,1.) ;
#3528=VECTOR('Line Direction',#3527,1.) ;
#3569=VECTOR('Line Direction',#3568,1.) ;
#3585=VECTOR('Line Direction',#3584,1.) ;
#3592=VECTOR('Line Direction',#3591,1.) ;
#3599=VECTOR('Line Direction',#3598,1.) ;
#3606=VECTOR('Line Direction',#3605,1.) ;
#3613=VECTOR('Line Direction',#3612,1.) ;
#3620=VECTOR('Line Direction',#3619,1.) ;
#3627=VECTOR('Line Direction',#3626,1.) ;
#3666=VECTOR('Line Direction',#3665,1.) ;
#3680=VECTOR('Line Direction',#3679,1.) ;
#3697=VECTOR('Line Direction',#3696,1.) ;
#3704=VECTOR('Line Direction',#3703,1.) ;
#3711=VECTOR('Line Direction',#3710,1.) ;
#3732=VECTOR('Line Direction',#3731,1.) ;
#3741=VECTOR('Line Direction',#3740,1.) ;
#3746=VECTOR('Line Direction',#3745,1.) ;
#3770=VECTOR('Line Direction',#3769,1.) ;
#3848=VECTOR('Line Direction',#3847,1.) ;
#3865=VECTOR('Line Direction',#3864,1.) ;
#3882=VECTOR('Line Direction',#3881,1.) ;
#3898=VECTOR('Line Direction',#3897,1.) ;
#3953=VECTOR('Line Direction',#3952,1.) ;
#3960=VECTOR('Line Direction',#3959,1.) ;
#3967=VECTOR('Line Direction',#3966,1.) ;
#3981=VECTOR('Line Direction',#3980,1.) ;
#4032=VECTOR('Line Direction',#4031,1.) ;
#4037=VECTOR('Line Direction',#4036,1.) ;
#4141=VECTOR('Line Direction',#4140,1.) ;
#4155=VECTOR('Line Direction',#4154,1.) ;
#4160=VECTOR('Line Direction',#4159,1.) ;
#4181=VECTOR('Line Direction',#4180,1.) ;
#4188=VECTOR('Line Direction',#4187,1.) ;
#4212=VECTOR('Line Direction',#4211,1.) ;
#4229=VECTOR('Line Direction',#4228,1.) ;
#4238=VECTOR('Line Direction',#4237,1.) ;
#4245=VECTOR('Line Direction',#4244,1.) ;
#4250=VECTOR('Line Direction',#4249,1.) ;
#4264=VECTOR('Line Direction',#4263,1.) ;
#4294=VECTOR('Line Direction',#4293,1.) ;
#4349=VECTOR('Line Direction',#4348,1.) ;
#4356=VECTOR('Line Direction',#4355,1.) ;
#4363=VECTOR('Line Direction',#4362,1.) ;
#4398=VECTOR('Line Direction',#4397,1.) ;
#4484=VECTOR('Line Direction',#4483,1.) ;
#4491=VECTOR('Line Direction',#4490,1.) ;
#4498=VECTOR('Line Direction',#4497,1.) ;
#4503=VECTOR('Line Direction',#4502,1.) ;
#4522=VECTOR('Line Direction',#4521,1.) ;
#4529=VECTOR('Line Direction',#4528,1.) ;
#4550=VECTOR('Line Direction',#4549,1.) ;
#4557=VECTOR('Line Direction',#4556,1.) ;
#4564=VECTOR('Line Direction',#4563,1.) ;
#4588=VECTOR('Line Direction',#4587,1.) ;
#4602=VECTOR('Line Direction',#4601,1.) ;
#4626=VECTOR('Line Direction',#4625,1.) ;
#4635=VECTOR('Line Direction',#4634,1.) ;
#4640=VECTOR('Line Direction',#4639,1.) ;
#4671=VECTOR('Line Direction',#4670,1.) ;
#4688=VECTOR('Line Direction',#4687,1.) ;
#4702=VECTOR('Line Direction',#4701,1.) ;
#4721=VECTOR('Line Direction',#4720,1.) ;
#4730=VECTOR('Line Direction',#4729,1.) ;
#4735=VECTOR('Line Direction',#4734,1.) ;
#4766=VECTOR('Line Direction',#4765,1.) ;
#4783=VECTOR('Line Direction',#4782,1.) ;
#4792=VECTOR('Line Direction',#4791,1.) ;
#4797=VECTOR('Line Direction',#4796,1.) ;
#4814=VECTOR('Line Direction',#4813,1.) ;
#4821=VECTOR('Line Direction',#4820,1.) ;
#4828=VECTOR('Line Direction',#4827,1.) ;
#4845=VECTOR('Line Direction',#4844,1.) ;
#4852=VECTOR('Line Direction',#4851,1.) ;
#4859=VECTOR('Line Direction',#4858,1.) ;
#4936=VECTOR('Line Direction',#4935,1.) ;
#4945=VECTOR('Line Direction',#4944,1.) ;
#4950=VECTOR('Line Direction',#4949,1.) ;
#4962=VECTOR('Line Direction',#4961,1.) ;
#4969=VECTOR('Line Direction',#4968,1.) ;
#4976=VECTOR('Line Direction',#4975,1.) ;
#5027=VECTOR('Line Direction',#5026,1.) ;
#5034=VECTOR('Line Direction',#5033,1.) ;
#5041=VECTOR('Line Direction',#5040,1.) ;
#5084=VECTOR('Line Direction',#5083,1.) ;
#5112=VECTOR('Line Direction',#5111,1.) ;
#5117=VECTOR('Line Direction',#5116,1.) ;
#5124=VECTOR('Line Direction',#5123,1.) ;
#5143=VECTOR('Line Direction',#5142,1.) ;
#5150=VECTOR('Line Direction',#5149,1.) ;
#5176=VECTOR('Line Direction',#5175,1.) ;
#5183=VECTOR('Line Direction',#5182,1.) ;
#5190=VECTOR('Line Direction',#5189,1.) ;
#5209=VECTOR('Line Direction',#5208,1.) ;
#5239=VECTOR('Line Direction',#5238,1.) ;
#5269=VECTOR('Line Direction',#5268,1.) ;
#5345=VECTOR('Line Direction',#5344,1.) ;
#5365=VECTOR('Line Direction',#5364,1.) ;
#5391=VECTOR('Line Direction',#5390,1.) ;
#5409=VECTOR('Line Direction',#5408,1.) ;
#5439=VECTOR('Line Direction',#5438,1.) ;
#5508=VECTOR('Line Direction',#5507,1.) ;
#5535=VECTOR('Line Direction',#5534,1.) ;
#5563=VECTOR('Line Direction',#5562,1.) ;
#5577=VECTOR('Line Direction',#5576,1.) ;
#5594=VECTOR('Line Direction',#5593,1.) ;
#5601=VECTOR('Line Direction',#5600,1.) ;
#5608=VECTOR('Line Direction',#5607,1.) ;
#5625=VECTOR('Line Direction',#5624,1.) ;
#5632=VECTOR('Line Direction',#5631,1.) ;
#5639=VECTOR('Line Direction',#5638,1.) ;
#5651=VECTOR('Line Direction',#5650,1.) ;
#5697=VECTOR('Line Direction',#5696,1.) ;
#5704=VECTOR('Line Direction',#5703,1.) ;
#5711=VECTOR('Line Direction',#5710,1.) ;
#5743=VECTOR('Line Direction',#5742,1.) ;
#5762=VECTOR('Line Direction',#5761,1.) ;
#5769=VECTOR('Line Direction',#5768,1.) ;
#5776=VECTOR('Line Direction',#5775,1.) ;
#5793=VECTOR('Line Direction',#5792,1.) ;
#5802=VECTOR('Line Direction',#5801,1.) ;
#5807=VECTOR('Line Direction',#5806,1.) ;
#2971=ADVANCED_BREP_SHAPE_REPRESENTATION('NONE',(#2970,#5887),#46) ;
#49=SHAPE_REPRESENTATION(' ',(#48),#46) ;
#96=ADVANCED_FACE('MAIN',(#95),#61,.F.) ;
#118=ADVANCED_FACE('MAIN',(#117),#101,.F.) ;
#158=ADVANCED_FACE('MAIN',(#157),#123,.F.) ;
#180=ADVANCED_FACE('MAIN',(#179),#163,.F.) ;
#220=ADVANCED_FACE('MAIN',(#219),#185,.F.) ;
#242=ADVANCED_FACE('MAIN',(#241),#225,.F.) ;
#282=ADVANCED_FACE('MAIN',(#281),#247,.F.) ;
#299=ADVANCED_FACE('MAIN',(#298),#247,.F.) ;
#339=ADVANCED_FACE('MAIN',(#338),#304,.F.) ;
#356=ADVANCED_FACE('MAIN',(#355),#304,.F.) ;
#391=ADVANCED_FACE('MAIN',(#390),#247,.F.) ;
#408=ADVANCED_FACE('MAIN',(#407),#247,.F.) ;
#443=ADVANCED_FACE('MAIN',(#442),#304,.F.) ;
#460=ADVANCED_FACE('MAIN',(#459),#304,.F.) ;
#500=ADVANCED_FACE('MAIN',(#499),#465,.T.) ;
#540=ADVANCED_FACE('MAIN',(#539),#505,.F.) ;
#557=ADVANCED_FACE('MAIN',(#556),#505,.F.) ;
#592=ADVANCED_FACE('MAIN',(#591),#465,.T.) ;
#627=ADVANCED_FACE('MAIN',(#626),#505,.F.) ;
#644=ADVANCED_FACE('MAIN',(#643),#505,.F.) ;
#732=ADVANCED_FACE('MAIN',(#731),#649,.T.) ;
#772=ADVANCED_FACE('MAIN',(#771),#737,.F.) ;
#807=ADVANCED_FACE('MAIN',(#802,#806),#777,.T.) ;
#838=ADVANCED_FACE('MAIN',(#837),#812,.T.) ;
#869=ADVANCED_FACE('MAIN',(#868),#843,.F.) ;
#890=ADVANCED_FACE('MAIN',(#889),#874,.F.) ;
#907=ADVANCED_FACE('MAIN',(#906),#895,.F.) ;
#923=ADVANCED_FACE('MAIN',(#922),#912,.F.) ;
#940=ADVANCED_FACE('MAIN',(#939),#928,.F.) ;
#957=ADVANCED_FACE('MAIN',(#956),#945,.F.) ;
#997=ADVANCED_FACE('MAIN',(#996),#962,.F.) ;
#1028=ADVANCED_FACE('MAIN',(#1027),#1002,.F.) ;
#1075=ADVANCED_FACE('MAIN',(#1074),#1033,.F.) ;
#1098=ADVANCED_FACE('MAIN',(#1097),#1080,.F.) ;
#1129=ADVANCED_FACE('MAIN',(#1128),#1103,.F.) ;
#1216=ADVANCED_FACE('MAIN',(#1215),#1134,.F.) ;
#1256=ADVANCED_FACE('MAIN',(#1255),#1221,.T.) ;
#1280=ADVANCED_FACE('MAIN',(#1279),#1261,.F.) ;
#1304=ADVANCED_FACE('MAIN',(#1303),#1285,.F.) ;
#1362=ADVANCED_FACE('MAIN',(#1361),#1309,.T.) ;
#1393=ADVANCED_FACE('MAIN',(#1392),#1367,.F.) ;
#1417=ADVANCED_FACE('MAIN',(#1416),#1398,.F.) ;
#1457=ADVANCED_FACE('MAIN',(#1456),#1422,.F.) ;
#1473=ADVANCED_FACE('MAIN',(#1472),#1462,.F.) ;
#1490=ADVANCED_FACE('MAIN',(#1489),#1478,.F.) ;
#1538=ADVANCED_FACE('MAIN',(#1537),#1495,.F.) ;
#1597=ADVANCED_FACE('MAIN',(#1596),#1543,.T.) ;
#1625=ADVANCED_FACE('MAIN',(#1620,#1624),#1602,.F.) ;
#1663=ADVANCED_FACE('MAIN',(#1662),#1630,.F.) ;
#1701=ADVANCED_FACE('MAIN',(#1700),#1668,.F.) ;
#1732=ADVANCED_FACE('MAIN',(#1731),#1706,.F.) ;
#1763=ADVANCED_FACE('MAIN',(#1762),#1737,.T.) ;
#1801=ADVANCED_FACE('MAIN',(#1800),#1768,.F.) ;
#1827=ADVANCED_FACE('MAIN',(#1826),#1706,.F.) ;
#1858=ADVANCED_FACE('MAIN',(#1857),#1832,.T.) ;
#1889=ADVANCED_FACE('MAIN',(#1888),#1863,.F.) ;
#1920=ADVANCED_FACE('MAIN',(#1919),#1894,.T.) ;
#1970=ADVANCED_FACE('MAIN',(#1961,#1965,#1969),#1925,.T.) ;
#2004=ADVANCED_FACE('MAIN',(#1995,#1999,#2003),#1975,.F.) ;
#2016=ADVANCED_FACE('MAIN',(#2015),#2009,.T.) ;
#2042=ADVANCED_FACE('MAIN',(#2041),#1863,.F.) ;
#2068=ADVANCED_FACE('MAIN',(#2067),#1894,.T.) ;
#2102=ADVANCED_FACE('MAIN',(#2093,#2097,#2101),#2073,.F.) ;
#2152=ADVANCED_FACE('MAIN',(#2143,#2147,#2151),#2107,.T.) ;
#2164=ADVANCED_FACE('MAIN',(#2163),#2157,.T.) ;
#2218=ADVANCED_FACE('MAIN',(#2217),#1543,.T.) ;
#2246=ADVANCED_FACE('MAIN',(#2241,#2245),#2223,.T.) ;
#2284=ADVANCED_FACE('MAIN',(#2283),#2251,.F.) ;
#2314=ADVANCED_FACE('MAIN',(#2309,#2313),#2289,.F.) ;
#2342=ADVANCED_FACE('MAIN',(#2341),#2319,.F.) ;
#2366=ADVANCED_FACE('MAIN',(#2365),#777,.T.) ;
#2398=ADVANCED_FACE('MAIN',(#2397),#2371,.F.) ;
#2440=ADVANCED_FACE('MAIN',(#2439),#2403,.F.) ;
#2459=ADVANCED_FACE('MAIN',(#2458),#2445,.F.) ;
#2489=ADVANCED_FACE('MAIN',(#2484,#2488),#2464,.F.) ;
#2512=ADVANCED_FACE('MAIN',(#2511),#2319,.F.) ;
#2536=ADVANCED_FACE('MAIN',(#2535),#777,.T.) ;
#2568=ADVANCED_FACE('MAIN',(#2567),#2541,.F.) ;
#2610=ADVANCED_FACE('MAIN',(#2609),#2573,.F.) ;
#2629=ADVANCED_FACE('MAIN',(#2628),#2615,.F.) ;
#2669=ADVANCED_FACE('MAIN',(#2668),#2634,.T.) ;
#2700=ADVANCED_FACE('MAIN',(#2699),#2674,.T.) ;
#2731=ADVANCED_FACE('MAIN',(#2730),#2705,.T.) ;
#2755=ADVANCED_FACE('MAIN',(#2750,#2754),#777,.T.) ;
#2772=ADVANCED_FACE('MAIN',(#2771),#2760,.T.) ;
#2811=ADVANCED_FACE('MAIN',(#2810),#2777,.T.) ;
#2842=ADVANCED_FACE('MAIN',(#2841),#2816,.T.) ;
#2868=ADVANCED_FACE('MAIN',(#2867),#2674,.T.) ;
#2899=ADVANCED_FACE('MAIN',(#2898),#2873,.F.) ;
#2918=ADVANCED_FACE('MAIN',(#2913,#2917),#777,.T.) ;
#2957=ADVANCED_FACE('MAIN',(#2944,#2948,#2952,#2956),#2923,.F.) ;
#2969=ADVANCED_FACE('MAIN',(#2968),#2962,.T.) ;
#3013=ADVANCED_FACE('INT_Platform',(#3012),#2978,.F.) ;
#3035=ADVANCED_FACE('INT_Platform',(#3034),#3018,.F.) ;
#3075=ADVANCED_FACE('INT_Platform',(#3074),#3040,.F.) ;
#3097=ADVANCED_FACE('INT_Platform',(#3096),#3080,.F.) ;
#3137=ADVANCED_FACE('INT_Platform',(#3136),#3102,.F.) ;
#3159=ADVANCED_FACE('INT_Platform',(#3158),#3142,.F.) ;
#3199=ADVANCED_FACE('INT_Platform',(#3198),#3164,.F.) ;
#3216=ADVANCED_FACE('INT_Platform',(#3215),#3164,.F.) ;
#3256=ADVANCED_FACE('INT_Platform',(#3255),#3221,.F.) ;
#3273=ADVANCED_FACE('INT_Platform',(#3272),#3221,.F.) ;
#3308=ADVANCED_FACE('INT_Platform',(#3307),#3164,.F.) ;
#3325=ADVANCED_FACE('INT_Platform',(#3324),#3164,.F.) ;
#3360=ADVANCED_FACE('INT_Platform',(#3359),#3221,.F.) ;
#3377=ADVANCED_FACE('INT_Platform',(#3376),#3221,.F.) ;
#3417=ADVANCED_FACE('INT_Platform',(#3416),#3382,.T.) ;
#3457=ADVANCED_FACE('INT_Platform',(#3456),#3422,.F.) ;
#3474=ADVANCED_FACE('INT_Platform',(#3473),#3422,.F.) ;
#3509=ADVANCED_FACE('INT_Platform',(#3508),#3382,.T.) ;
#3544=ADVANCED_FACE('INT_Platform',(#3543),#3422,.F.) ;
#3561=ADVANCED_FACE('INT_Platform',(#3560),#3422,.F.) ;
#3649=ADVANCED_FACE('INT_Platform',(#3648),#3566,.T.) ;
#3689=ADVANCED_FACE('INT_Platform',(#3688),#3654,.F.) ;
#3724=ADVANCED_FACE('INT_Platform',(#3719,#3723),#3694,.T.) ;
#3755=ADVANCED_FACE('INT_Platform',(#3754),#3729,.T.) ;
#3786=ADVANCED_FACE('INT_Platform',(#3785),#3760,.F.) ;
#3807=ADVANCED_FACE('INT_Platform',(#3806),#3791,.F.) ;
#3824=ADVANCED_FACE('INT_Platform',(#3823),#3812,.F.) ;
#3840=ADVANCED_FACE('INT_Platform',(#3839),#3829,.F.) ;
#3857=ADVANCED_FACE('INT_Platform',(#3856),#3845,.F.) ;
#3874=ADVANCED_FACE('INT_Platform',(#3873),#3862,.F.) ;
#3914=ADVANCED_FACE('INT_Platform',(#3913),#3879,.F.) ;
#3945=ADVANCED_FACE('INT_Platform',(#3944),#3919,.F.) ;
#3992=ADVANCED_FACE('INT_Platform',(#3991),#3950,.F.) ;
#4015=ADVANCED_FACE('INT_Platform',(#4014),#3997,.F.) ;
#4046=ADVANCED_FACE('INT_Platform',(#4045),#4020,.F.) ;
#4133=ADVANCED_FACE('INT_Platform',(#4132),#4051,.F.) ;
#4173=ADVANCED_FACE('INT_Platform',(#4172),#4138,.T.) ;
#4197=ADVANCED_FACE('INT_Platform',(#4196),#4178,.F.) ;
#4221=ADVANCED_FACE('INT_Platform',(#4220),#4202,.F.) ;
#4279=ADVANCED_FACE('INT_Platform',(#4278),#4226,.T.) ;
#4310=ADVANCED_FACE('INT_Platform',(#4309),#4284,.F.) ;
#4334=ADVANCED_FACE('INT_Platform',(#4333),#4315,.F.) ;
#4374=ADVANCED_FACE('INT_Platform',(#4373),#4339,.F.) ;
#4390=ADVANCED_FACE('INT_Platform',(#4389),#4379,.F.) ;
#4407=ADVANCED_FACE('INT_Platform',(#4406),#4395,.F.) ;
#4455=ADVANCED_FACE('INT_Platform',(#4454),#4412,.F.) ;
#4514=ADVANCED_FACE('INT_Platform',(#4513),#4460,.T.) ;
#4542=ADVANCED_FACE('INT_Platform',(#4537,#4541),#4519,.F.) ;
#4580=ADVANCED_FACE('INT_Platform',(#4579),#4547,.F.) ;
#4618=ADVANCED_FACE('INT_Platform',(#4617),#4585,.F.) ;
#4649=ADVANCED_FACE('INT_Platform',(#4648),#4623,.F.) ;
#4680=ADVANCED_FACE('INT_Platform',(#4679),#4654,.T.) ;
#4718=ADVANCED_FACE('INT_Platform',(#4717),#4685,.F.) ;
#4744=ADVANCED_FACE('INT_Platform',(#4743),#4623,.F.) ;
#4775=ADVANCED_FACE('INT_Platform',(#4774),#4749,.T.) ;
#4806=ADVANCED_FACE('INT_Platform',(#4805),#4780,.F.) ;
#4837=ADVANCED_FACE('INT_Platform',(#4836),#4811,.T.) ;
#4887=ADVANCED_FACE('INT_Platform',(#4878,#4882,#4886),#4842,.T.) ;
#4921=ADVANCED_FACE('INT_Platform',(#4912,#4916,#4920),#4892,.F.) ;
#4933=ADVANCED_FACE('INT_Platform',(#4932),#4926,.T.) ;
#4959=ADVANCED_FACE('INT_Platform',(#4958),#4780,.F.) ;
#4985=ADVANCED_FACE('INT_Platform',(#4984),#4811,.T.) ;
#5019=ADVANCED_FACE('INT_Platform',(#5010,#5014,#5018),#4990,.F.) ;
#5069=ADVANCED_FACE('INT_Platform',(#5060,#5064,#5068),#5024,.T.) ;
#5081=ADVANCED_FACE('INT_Platform',(#5080),#5074,.T.) ;
#5135=ADVANCED_FACE('INT_Platform',(#5134),#4460,.T.) ;
#5163=ADVANCED_FACE('INT_Platform',(#5158,#5162),#5140,.T.) ;
#5201=ADVANCED_FACE('INT_Platform',(#5200),#5168,.F.) ;
#5231=ADVANCED_FACE('INT_Platform',(#5226,#5230),#5206,.F.) ;
#5259=ADVANCED_FACE('INT_Platform',(#5258),#5236,.F.) ;
#5283=ADVANCED_FACE('INT_Platform',(#5282),#3694,.T.) ;
#5315=ADVANCED_FACE('INT_Platform',(#5314),#5288,.F.) ;
#5357=ADVANCED_FACE('INT_Platform',(#5356),#5320,.F.) ;
#5376=ADVANCED_FACE('INT_Platform',(#5375),#5362,.F.) ;
#5406=ADVANCED_FACE('INT_Platform',(#5401,#5405),#5381,.F.) ;
#5429=ADVANCED_FACE('INT_Platform',(#5428),#5236,.F.) ;
#5453=ADVANCED_FACE('INT_Platform',(#5452),#3694,.T.) ;
#5485=ADVANCED_FACE('INT_Platform',(#5484),#5458,.F.) ;
#5527=ADVANCED_FACE('INT_Platform',(#5526),#5490,.F.) ;
#5546=ADVANCED_FACE('INT_Platform',(#5545),#5532,.F.) ;
#5586=ADVANCED_FACE('INT_Platform',(#5585),#5551,.T.) ;
#5617=ADVANCED_FACE('INT_Platform',(#5616),#5591,.T.) ;
#5648=ADVANCED_FACE('INT_Platform',(#5647),#5622,.T.) ;
#5672=ADVANCED_FACE('INT_Platform',(#5667,#5671),#3694,.T.) ;
#5689=ADVANCED_FACE('INT_Platform',(#5688),#5677,.T.) ;
#5728=ADVANCED_FACE('INT_Platform',(#5727),#5694,.T.) ;
#5759=ADVANCED_FACE('INT_Platform',(#5758),#5733,.T.) ;
#5785=ADVANCED_FACE('INT_Platform',(#5784),#5591,.T.) ;
#5816=ADVANCED_FACE('INT_Platform',(#5815),#5790,.F.) ;
#5835=ADVANCED_FACE('INT_Platform',(#5830,#5834),#3694,.T.) ;
#5874=ADVANCED_FACE('INT_Platform',(#5861,#5865,#5869,#5873),#5840,.F.) ;
#5886=ADVANCED_FACE('INT_Platform',(#5885),#5879,.T.) ;
#4=APPLICATION_PROTOCOL_DEFINITION('international standard','config_control_design',1994,#1) ;
#32=APPROVAL_DATE_TIME(#13,#21) ;
#1135=B_SPLINE_CURVE_WITH_KNOTS('',3,(#1136,#1137,#1138,#1139),.UNSPECIFIED.,.F.,.U.,(4,4),(0.,1.80483011808),.UNSPECIFIED.) ;
#1143=B_SPLINE_CURVE_WITH_KNOTS('',5,(#1144,#1145,#1146,#1147,#1148,#1149,#1150,#1151,#1152,#1153,#1154,#1155,#1156,#1157,#1158,#1159,#1160,#1161,#1162,#1163,#1164,#1165,#1166,#1167,#1168,#1169,#1170,#1171,#1172,#1173,#1174,#1175,#1176,#1177,#1178,#1179,#1180,#1181,#1182,#1183,#1184,#1185,#1186,#1187,#1188,#1189,#1190,#1191,#1192,#1193,#1194,#1195,#1196,#1197,#1198,#1199,#1200,#1201,#1202,#1203,#1204,#1205,#1206,#1207,#1208,#1209),.UNSPECIFIED.,.F.,.U.,(6,3,3,3,3,3,3,3,3,3,3,3,3,3,3,3,3,3,3,3,3,6),(5.0632128352,5.55408668732,6.04496053945,6.29397552747,6.53583439157,6.78127131763,7.02670824369,7.14942670672,7.27214516975,7.39486363279,7.51758209582,7.64208958983,7.76301902188,7.88573748491,8.00845594794,8.13117441097,8.253892874,8.37661133703,8.49932980006,8.62204826309,8.74476672613,8.99020365219),.UNSPECIFIED.) ;
#1496=B_SPLINE_CURVE_WITH_KNOTS('',3,(#1497,#1498,#1499,#1500),.UNSPECIFIED.,.F.,.U.,(4,4),(0.,1.80483011803),.UNSPECIFIED.) ;
#1504=B_SPLINE_CURVE_WITH_KNOTS('',5,(#1505,#1506,#1507,#1508,#1509,#1510,#1511,#1512,#1513,#1514,#1515,#1516,#1517,#1518,#1519,#1520,#1521,#1522,#1523,#1524,#1525,#1526,#1527,#1528,#1529,#1530,#1531),.UNSPECIFIED.,.F.,.U.,(6,3,3,3,3,3,3,3,6),(11.1709832169,11.661857069,12.1527309211,12.6436047732,13.1344786253,13.6253524775,14.1162263296,14.6071001817,15.0979740338),.UNSPECIFIED.) ;
#1544=B_SPLINE_CURVE_WITH_KNOTS('',5,(#1545,#1546,#1547,#1548,#1549,#1550,#1551,#1552,#1553,#1554,#1555,#1556,#1557,#1558,#1559),.UNSPECIFIED.,.F.,.U.,(6,3,3,3,6),(0.,3.42831710353,6.83397117006,10.2031205124,11.2510042217),.UNSPECIFIED.) ;
#2174=B_SPLINE_CURVE_WITH_KNOTS('',5,(#2175,#2176,#2177,#2178,#2179,#2180,#2181,#2182,#2183,#2184,#2185,#2186,#2187,#2188,#2189),.UNSPECIFIED.,.F.,.U.,(6,3,3,3,6),(0.,3.42831710347,6.83397116995,10.2031205122,11.2510042215),.UNSPECIFIED.) ;
#2327=B_SPLINE_CURVE_WITH_KNOTS('',5,(#2328,#2329,#2330,#2331,#2332,#2333),.UNSPECIFIED.,.F.,.U.,(6,6),(0.,1.63069921276),.UNSPECIFIED.) ;
#2372=B_SPLINE_CURVE_WITH_KNOTS('',3,(#2373,#2374,#2375,#2376),.UNSPECIFIED.,.F.,.U.,(4,4),(0.,2.39011428443),.UNSPECIFIED.) ;
#2380=B_SPLINE_CURVE_WITH_KNOTS('',5,(#2381,#2382,#2383,#2384,#2385,#2386,#2387,#2388,#2389),.UNSPECIFIED.,.F.,.U.,(6,3,6),(0.,4.14526947608,9.80071567211),.UNSPECIFIED.) ;
#2413=B_SPLINE_CURVE_WITH_KNOTS('',3,(#2414,#2415,#2416,#2417),.UNSPECIFIED.,.F.,.U.,(4,4),(0.,1.77172215073),.UNSPECIFIED.) ;
#2497=B_SPLINE_CURVE_WITH_KNOTS('',5,(#2498,#2499,#2500,#2501,#2502,#2503),.UNSPECIFIED.,.F.,.U.,(6,6),(0.,1.63069921274),.UNSPECIFIED.) ;
#2542=B_SPLINE_CURVE_WITH_KNOTS('',5,(#2543,#2544,#2545,#2546,#2547,#2548,#2549,#2550,#2551),.UNSPECIFIED.,.F.,.U.,(6,3,6),(0.,4.14526947606,9.80071567206),.UNSPECIFIED.) ;
#2555=B_SPLINE_CURVE_WITH_KNOTS('',3,(#2556,#2557,#2558,#2559),.UNSPECIFIED.,.F.,.U.,(4,4),(0.,2.39011428447),.UNSPECIFIED.) ;
#2574=B_SPLINE_CURVE_WITH_KNOTS('',3,(#2575,#2576,#2577,#2578),.UNSPECIFIED.,.F.,.U.,(4,4),(0.,1.77172215072),.UNSPECIFIED.) ;
#4052=B_SPLINE_CURVE_WITH_KNOTS('',3,(#4053,#4054,#4055,#4056),.UNSPECIFIED.,.F.,.U.,(4,4),(0.,1.80483011808),.UNSPECIFIED.) ;
#4060=B_SPLINE_CURVE_WITH_KNOTS('',5,(#4061,#4062,#4063,#4064,#4065,#4066,#4067,#4068,#4069,#4070,#4071,#4072,#4073,#4074,#4075,#4076,#4077,#4078,#4079,#4080,#4081,#4082,#4083,#4084,#4085,#4086,#4087,#4088,#4089,#4090,#4091,#4092,#4093,#4094,#4095,#4096,#4097,#4098,#4099,#4100,#4101,#4102,#4103,#4104,#4105,#4106,#4107,#4108,#4109,#4110,#4111,#4112,#4113,#4114,#4115,#4116,#4117,#4118,#4119,#4120,#4121,#4122,#4123,#4124,#4125,#4126),.UNSPECIFIED.,.F.,.U.,(6,3,3,3,3,3,3,3,3,3,3,3,3,3,3,3,3,3,3,3,3,6),(5.0632128352,5.55408668732,6.04496053945,6.29397552747,6.53583439157,6.78127131763,7.02670824369,7.14942670672,7.27214516975,7.39486363279,7.51758209582,7.64208958983,7.76301902188,7.88573748491,8.00845594794,8.13117441097,8.253892874,8.37661133703,8.49932980006,8.62204826309,8.74476672613,8.99020365219),.UNSPECIFIED.) ;
#4413=B_SPLINE_CURVE_WITH_KNOTS('',3,(#4414,#4415,#4416,#4417),.UNSPECIFIED.,.F.,.U.,(4,4),(0.,1.80483011803),.UNSPECIFIED.) ;
#4421=B_SPLINE_CURVE_WITH_KNOTS('',5,(#4422,#4423,#4424,#4425,#4426,#4427,#4428,#4429,#4430,#4431,#4432,#4433,#4434,#4435,#4436,#4437,#4438,#4439,#4440,#4441,#4442,#4443,#4444,#4445,#4446,#4447,#4448),.UNSPECIFIED.,.F.,.U.,(6,3,3,3,3,3,3,3,6),(11.1709832169,11.661857069,12.1527309211,12.6436047732,13.1344786253,13.6253524775,14.1162263296,14.6071001817,15.0979740338),.UNSPECIFIED.) ;
#4461=B_SPLINE_CURVE_WITH_KNOTS('',5,(#4462,#4463,#4464,#4465,#4466,#4467,#4468,#4469,#4470,#4471,#4472,#4473,#4474,#4475,#4476),.UNSPECIFIED.,.F.,.U.,(6,3,3,3,6),(0.,3.42831710353,6.83397117006,10.2031205124,11.2510042217),.UNSPECIFIED.) ;
#5091=B_SPLINE_CURVE_WITH_KNOTS('',5,(#5092,#5093,#5094,#5095,#5096,#5097,#5098,#5099,#5100,#5101,#5102,#5103,#5104,#5105,#5106),.UNSPECIFIED.,.F.,.U.,(6,3,3,3,6),(0.,3.42831710347,6.83397116995,10.2031205122,11.2510042215),.UNSPECIFIED.) ;
#5244=B_SPLINE_CURVE_WITH_KNOTS('',5,(#5245,#5246,#5247,#5248,#5249,#5250),.UNSPECIFIED.,.F.,.U.,(6,6),(0.,1.63069921276),.UNSPECIFIED.) ;
#5289=B_SPLINE_CURVE_WITH_KNOTS('',3,(#5290,#5291,#5292,#5293),.UNSPECIFIED.,.F.,.U.,(4,4),(0.,2.39011428443),.UNSPECIFIED.) ;
#5297=B_SPLINE_CURVE_WITH_KNOTS('',5,(#5298,#5299,#5300,#5301,#5302,#5303,#5304,#5305,#5306),.UNSPECIFIED.,.F.,.U.,(6,3,6),(0.,4.14526947608,9.80071567211),.UNSPECIFIED.) ;
#5330=B_SPLINE_CURVE_WITH_KNOTS('',3,(#5331,#5332,#5333,#5334),.UNSPECIFIED.,.F.,.U.,(4,4),(0.,1.77172215073),.UNSPECIFIED.) ;
#5414=B_SPLINE_CURVE_WITH_KNOTS('',5,(#5415,#5416,#5417,#5418,#5419,#5420),.UNSPECIFIED.,.F.,.U.,(6,6),(0.,1.63069921274),.UNSPECIFIED.) ;
#5459=B_SPLINE_CURVE_WITH_KNOTS('',5,(#5460,#5461,#5462,#5463,#5464,#5465,#5466,#5467,#5468),.UNSPECIFIED.,.F.,.U.,(6,3,6),(0.,4.14526947606,9.80071567206),.UNSPECIFIED.) ;
#5472=B_SPLINE_CURVE_WITH_KNOTS('',3,(#5473,#5474,#5475,#5476),.UNSPECIFIED.,.F.,.U.,(4,4),(0.,2.39011428447),.UNSPECIFIED.) ;
#5491=B_SPLINE_CURVE_WITH_KNOTS('',3,(#5492,#5493,#5494,#5495),.UNSPECIFIED.,.F.,.U.,(4,4),(0.,1.77172215072),.UNSPECIFIED.) ;
#2970=MANIFOLD_SOLID_BREP('MAIN',#56) ;
#5887=MANIFOLD_SOLID_BREP('INT_Platform',#2973) ;
#11=CALENDAR_DATE(2026,6,10) ;
#30=CC_DESIGN_APPROVAL(#21,(#16,#6,#14)) ;
#18=CC_DESIGN_DATE_AND_TIME_ASSIGNMENT(#13,#17,(#16)) ;
#29=CC_DESIGN_DATE_AND_TIME_ASSIGNMENT(#13,#28,(#14)) ;
#17=DATE_TIME_ROLE('classification_date') ;
#28=DATE_TIME_ROLE('creation_date') ;
#27=CC_DESIGN_PERSON_AND_ORGANIZATION_ASSIGNMENT(#25,#26,(#16)) ;
#33=CC_DESIGN_PERSON_AND_ORGANIZATION_ASSIGNMENT(#25,#34,(#6)) ;
#35=CC_DESIGN_PERSON_AND_ORGANIZATION_ASSIGNMENT(#25,#36,(#6,#14)) ;
#37=CC_DESIGN_PERSON_AND_ORGANIZATION_ASSIGNMENT(#25,#38,(#5)) ;
#26=PERSON_AND_ORGANIZATION_ROLE('classification_officer') ;
#34=PERSON_AND_ORGANIZATION_ROLE('design_supplier') ;
#36=PERSON_AND_ORGANIZATION_ROLE('creator') ;
#38=PERSON_AND_ORGANIZATION_ROLE('design_owner') ;
#39=CC_DESIGN_SECURITY_CLASSIFICATION(#16,(#6)) ;
#65=CIRCLE('generated circle',#64,3.2) ;
#81=CIRCLE('generated circle',#80,3.2) ;
#105=CIRCLE('generated circle',#104,3.2) ;
#110=CIRCLE('generated circle',#109,3.2) ;
#127=CIRCLE('generated circle',#126,3.2) ;
#143=CIRCLE('generated circle',#142,3.2) ;
#167=CIRCLE('generated circle',#166,3.2) ;
#172=CIRCLE('generated circle',#171,3.2) ;
#189=CIRCLE('generated circle',#188,3.2) ;
#205=CIRCLE('generated circle',#204,3.2) ;
#229=CIRCLE('generated circle',#228,3.2) ;
#234=CIRCLE('generated circle',#233,3.2) ;
#260=CIRCLE('generated circle',#259,2.75) ;
#274=CIRCLE('generated circle',#273,2.75) ;
#286=CIRCLE('generated circle',#285,2.75) ;
#291=CIRCLE('generated circle',#290,2.75) ;
#317=CIRCLE('generated circle',#316,2.75) ;
#331=CIRCLE('generated circle',#330,2.75) ;
#343=CIRCLE('generated circle',#342,2.75) ;
#348=CIRCLE('generated circle',#347,2.75) ;
#369=CIRCLE('generated circle',#368,2.75) ;
#383=CIRCLE('generated circle',#382,2.75) ;
#395=CIRCLE('generated circle',#394,2.75) ;
#400=CIRCLE('generated circle',#399,2.75) ;
#421=CIRCLE('generated circle',#420,2.75) ;
#435=CIRCLE('generated circle',#434,2.75) ;
#447=CIRCLE('generated circle',#446,2.75) ;
#452=CIRCLE('generated circle',#451,2.75) ;
#478=CIRCLE('generated circle',#477,11.5) ;
#492=CIRCLE('generated circle',#491,11.5) ;
#518=CIRCLE('generated circle',#517,4.) ;
#532=CIRCLE('generated circle',#531,4.) ;
#544=CIRCLE('generated circle',#543,4.) ;
#549=CIRCLE('generated circle',#548,4.) ;
#570=CIRCLE('generated circle',#569,11.5) ;
#584=CIRCLE('generated circle',#583,11.5) ;
#605=CIRCLE('generated circle',#604,4.) ;
#619=CIRCLE('generated circle',#618,4.) ;
#631=CIRCLE('generated circle',#630,4.) ;
#636=CIRCLE('generated circle',#635,4.) ;
#662=CIRCLE('generated circle',#661,2.5) ;
#718=CIRCLE('generated circle',#717,2.5) ;
#741=CIRCLE('generated circle',#740,2.5) ;
#757=CIRCLE('generated circle',#756,2.5) ;
#847=CIRCLE('generated circle',#846,2.5) ;
#861=CIRCLE('generated circle',#860,2.5) ;
#878=CIRCLE('generated circle',#877,2.5) ;
#883=CIRCLE('generated circle',#882,2.5) ;
#899=CIRCLE('generated circle',#898,2.5) ;
#916=CIRCLE('generated circle',#915,2.5) ;
#975=CIRCLE('generated circle',#974,2.5) ;
#989=CIRCLE('generated circle',#988,2.5) ;
#1006=CIRCLE('generated circle',#1005,2.5) ;
#1013=CIRCLE('generated circle',#1012,2.5) ;
#1020=CIRCLE('generated circle',#1019,5.) ;
#1058=CIRCLE('generated circle',#1057,2.5) ;
#1084=CIRCLE('generated circle',#1083,2.5) ;
#1091=CIRCLE('generated circle',#1090,2.5) ;
#1107=CIRCLE('generated circle',#1106,2.5) ;
#1232=CIRCLE('generated circle',#1231,2.5) ;
#1289=CIRCLE('generated circle',#1288,2.5) ;
#1341=CIRCLE('generated circle',#1340,5.) ;
#1371=CIRCLE('generated circle',#1370,2.5) ;
#1385=CIRCLE('generated circle',#1384,2.5) ;
#1402=CIRCLE('generated circle',#1401,2.5) ;
#1409=CIRCLE('generated circle',#1408,2.5) ;
#1426=CIRCLE('generated circle',#1425,2.5) ;
#1466=CIRCLE('generated circle',#1465,2.5) ;
#1653=CIRCLE('generated circle',#1652,2.5) ;
#1679=CIRCLE('generated circle',#1678,5.) ;
#1693=CIRCLE('generated circle',#1692,5.) ;
#1741=CIRCLE('generated circle',#1740,5.) ;
#1748=CIRCLE('generated circle',#1747,5.) ;
#1779=CIRCLE('generated circle',#1778,5.) ;
#1793=CIRCLE('generated circle',#1792,5.) ;
#1836=CIRCLE('generated circle',#1835,5.) ;
#1843=CIRCLE('generated circle',#1842,5.) ;
#1948=CIRCLE('generated circle',#1947,5.) ;
#1979=CIRCLE('generated circle',#1978,5.) ;
#2077=CIRCLE('generated circle',#2076,5.) ;
#2130=CIRCLE('generated circle',#2129,5.) ;
#2255=CIRCLE('generated circle',#2254,2.5) ;
#2300=CIRCLE('generated circle',#2299,5.) ;
#2346=CIRCLE('generated circle',#2345,16.) ;
#2407=CIRCLE('generated circle',#2406,16.) ;
#2422=CIRCLE('generated circle',#2421,16.) ;
#2468=CIRCLE('generated circle',#2467,5.) ;
#2516=CIRCLE('generated circle',#2515,16.) ;
#2585=CIRCLE('generated circle',#2584,16.) ;
#2599=CIRCLE('generated circle',#2598,16.) ;
#2638=CIRCLE('generated circle',#2637,8.) ;
#2654=CIRCLE('generated circle',#2653,8.) ;
#2740=CIRCLE('generated circle',#2739,8.) ;
#2764=CIRCLE('generated circle',#2763,8.) ;
#2820=CIRCLE('generated circle',#2819,8.) ;
#2834=CIRCLE('generated circle',#2833,8.) ;
#2903=CIRCLE('generated circle',#2902,8.) ;
#2927=CIRCLE('generated circle',#2926,8.) ;
#2982=CIRCLE('generated circle',#2981,3.2) ;
#2998=CIRCLE('generated circle',#2997,3.2) ;
#3022=CIRCLE('generated circle',#3021,3.2) ;
#3027=CIRCLE('generated circle',#3026,3.2) ;
#3044=CIRCLE('generated circle',#3043,3.2) ;
#3060=CIRCLE('generated circle',#3059,3.2) ;
#3084=CIRCLE('generated circle',#3083,3.2) ;
#3089=CIRCLE('generated circle',#3088,3.2) ;
#3106=CIRCLE('generated circle',#3105,3.2) ;
#3122=CIRCLE('generated circle',#3121,3.2) ;
#3146=CIRCLE('generated circle',#3145,3.2) ;
#3151=CIRCLE('generated circle',#3150,3.2) ;
#3177=CIRCLE('generated circle',#3176,2.75) ;
#3191=CIRCLE('generated circle',#3190,2.75) ;
#3203=CIRCLE('generated circle',#3202,2.75) ;
#3208=CIRCLE('generated circle',#3207,2.75) ;
#3234=CIRCLE('generated circle',#3233,2.75) ;
#3248=CIRCLE('generated circle',#3247,2.75) ;
#3260=CIRCLE('generated circle',#3259,2.75) ;
#3265=CIRCLE('generated circle',#3264,2.75) ;
#3286=CIRCLE('generated circle',#3285,2.75) ;
#3300=CIRCLE('generated circle',#3299,2.75) ;
#3312=CIRCLE('generated circle',#3311,2.75) ;
#3317=CIRCLE('generated circle',#3316,2.75) ;
#3338=CIRCLE('generated circle',#3337,2.75) ;
#3352=CIRCLE('generated circle',#3351,2.75) ;
#3364=CIRCLE('generated circle',#3363,2.75) ;
#3369=CIRCLE('generated circle',#3368,2.75) ;
#3395=CIRCLE('generated circle',#3394,11.5) ;
#3409=CIRCLE('generated circle',#3408,11.5) ;
#3435=CIRCLE('generated circle',#3434,4.) ;
#3449=CIRCLE('generated circle',#3448,4.) ;
#3461=CIRCLE('generated circle',#3460,4.) ;
#3466=CIRCLE('generated circle',#3465,4.) ;
#3487=CIRCLE('generated circle',#3486,11.5) ;
#3501=CIRCLE('generated circle',#3500,11.5) ;
#3522=CIRCLE('generated circle',#3521,4.) ;
#3536=CIRCLE('generated circle',#3535,4.) ;
#3548=CIRCLE('generated circle',#3547,4.) ;
#3553=CIRCLE('generated circle',#3552,4.) ;
#3579=CIRCLE('generated circle',#3578,2.5) ;
#3635=CIRCLE('generated circle',#3634,2.5) ;
#3658=CIRCLE('generated circle',#3657,2.5) ;
#3674=CIRCLE('generated circle',#3673,2.5) ;
#3764=CIRCLE('generated circle',#3763,2.5) ;
#3778=CIRCLE('generated circle',#3777,2.5) ;
#3795=CIRCLE('generated circle',#3794,2.5) ;
#3800=CIRCLE('generated circle',#3799,2.5) ;
#3816=CIRCLE('generated circle',#3815,2.5) ;
#3833=CIRCLE('generated circle',#3832,2.5) ;
#3892=CIRCLE('generated circle',#3891,2.5) ;
#3906=CIRCLE('generated circle',#3905,2.5) ;
#3923=CIRCLE('generated circle',#3922,2.5) ;
#3930=CIRCLE('generated circle',#3929,2.5) ;
#3937=CIRCLE('generated circle',#3936,5.) ;
#3975=CIRCLE('generated circle',#3974,2.5) ;
#4001=CIRCLE('generated circle',#4000,2.5) ;
#4008=CIRCLE('generated circle',#4007,2.5) ;
#4024=CIRCLE('generated circle',#4023,2.5) ;
#4149=CIRCLE('generated circle',#4148,2.5) ;
#4206=CIRCLE('generated circle',#4205,2.5) ;
#4258=CIRCLE('generated circle',#4257,5.) ;
#4288=CIRCLE('generated circle',#4287,2.5) ;
#4302=CIRCLE('generated circle',#4301,2.5) ;
#4319=CIRCLE('generated circle',#4318,2.5) ;
#4326=CIRCLE('generated circle',#4325,2.5) ;
#4343=CIRCLE('generated circle',#4342,2.5) ;
#4383=CIRCLE('generated circle',#4382,2.5) ;
#4570=CIRCLE('generated circle',#4569,2.5) ;
#4596=CIRCLE('generated circle',#4595,5.) ;
#4610=CIRCLE('generated circle',#4609,5.) ;
#4658=CIRCLE('generated circle',#4657,5.) ;
#4665=CIRCLE('generated circle',#4664,5.) ;
#4696=CIRCLE('generated circle',#4695,5.) ;
#4710=CIRCLE('generated circle',#4709,5.) ;
#4753=CIRCLE('generated circle',#4752,5.) ;
#4760=CIRCLE('generated circle',#4759,5.) ;
#4865=CIRCLE('generated circle',#4864,5.) ;
#4896=CIRCLE('generated circle',#4895,5.) ;
#4994=CIRCLE('generated circle',#4993,5.) ;
#5047=CIRCLE('generated circle',#5046,5.) ;
#5172=CIRCLE('generated circle',#5171,2.5) ;
#5217=CIRCLE('generated circle',#5216,5.) ;
#5263=CIRCLE('generated circle',#5262,16.) ;
#5324=CIRCLE('generated circle',#5323,16.) ;
#5339=CIRCLE('generated circle',#5338,16.) ;
#5385=CIRCLE('generated circle',#5384,5.) ;
#5433=CIRCLE('generated circle',#5432,16.) ;
#5502=CIRCLE('generated circle',#5501,16.) ;
#5516=CIRCLE('generated circle',#5515,16.) ;
#5555=CIRCLE('generated circle',#5554,8.) ;
#5571=CIRCLE('generated circle',#5570,8.) ;
#5657=CIRCLE('generated circle',#5656,8.) ;
#5681=CIRCLE('generated circle',#5680,8.) ;
#5737=CIRCLE('generated circle',#5736,8.) ;
#5751=CIRCLE('generated circle',#5750,8.) ;
#5820=CIRCLE('generated circle',#5819,8.) ;
#5844=CIRCLE('generated circle',#5843,8.) ;
#54=SHAPE_REPRESENTATION_RELATIONSHIP(' ',' ',#49,#52) ;
#2972=SHAPE_REPRESENTATION_RELATIONSHIP(' ',' ',#49,#2971) ;
#61=CYLINDRICAL_SURFACE('generated cylinder',#60,3.2) ;
#101=CYLINDRICAL_SURFACE('generated cylinder',#100,3.2) ;
#123=CYLINDRICAL_SURFACE('generated cylinder',#122,3.2) ;
#163=CYLINDRICAL_SURFACE('generated cylinder',#162,3.2) ;
#185=CYLINDRICAL_SURFACE('generated cylinder',#184,3.2) ;
#225=CYLINDRICAL_SURFACE('generated cylinder',#224,3.2) ;
#247=CYLINDRICAL_SURFACE('generated cylinder',#246,2.75) ;
#304=CYLINDRICAL_SURFACE('generated cylinder',#303,2.75) ;
#465=CYLINDRICAL_SURFACE('generated cylinder',#464,11.5) ;
#505=CYLINDRICAL_SURFACE('generated cylinder',#504,4.) ;
#737=CYLINDRICAL_SURFACE('generated cylinder',#736,2.5) ;
#843=CYLINDRICAL_SURFACE('generated cylinder',#842,2.5) ;
#895=CYLINDRICAL_SURFACE('generated cylinder',#894,2.5) ;
#928=CYLINDRICAL_SURFACE('generated cylinder',#927,2.5) ;
#945=CYLINDRICAL_SURFACE('generated cylinder',#944,2.5) ;
#962=CYLINDRICAL_SURFACE('generated cylinder',#961,2.5) ;
#1033=CYLINDRICAL_SURFACE('generated cylinder',#1032,2.5) ;
#1103=CYLINDRICAL_SURFACE('generated cylinder',#1102,2.5) ;
#1285=CYLINDRICAL_SURFACE('generated cylinder',#1284,2.5) ;
#1367=CYLINDRICAL_SURFACE('generated cylinder',#1366,2.5) ;
#1422=CYLINDRICAL_SURFACE('generated cylinder',#1421,2.5) ;
#1478=CYLINDRICAL_SURFACE('generated cylinder',#1477,2.5) ;
#1630=CYLINDRICAL_SURFACE('generated cylinder',#1629,2.5) ;
#1668=CYLINDRICAL_SURFACE('generated cylinder',#1667,5.) ;
#1737=CYLINDRICAL_SURFACE('generated cylinder',#1736,5.) ;
#1768=CYLINDRICAL_SURFACE('generated cylinder',#1767,5.) ;
#1832=CYLINDRICAL_SURFACE('generated cylinder',#1831,5.) ;
#2009=CYLINDRICAL_SURFACE('generated cylinder',#2008,5.) ;
#2157=CYLINDRICAL_SURFACE('generated cylinder',#2156,5.) ;
#2251=CYLINDRICAL_SURFACE('generated cylinder',#2250,2.5) ;
#2371=CYLINDRICAL_SURFACE('generated cylinder',#2370,5.) ;
#2403=CYLINDRICAL_SURFACE('generated cylinder',#2402,16.) ;
#2445=CYLINDRICAL_SURFACE('generated cylinder',#2444,5.) ;
#2541=CYLINDRICAL_SURFACE('generated cylinder',#2540,5.) ;
#2573=CYLINDRICAL_SURFACE('generated cylinder',#2572,16.) ;
#2615=CYLINDRICAL_SURFACE('generated cylinder',#2614,5.) ;
#2634=CYLINDRICAL_SURFACE('generated cylinder',#2633,8.) ;
#2760=CYLINDRICAL_SURFACE('generated cylinder',#2759,8.) ;
#2816=CYLINDRICAL_SURFACE('generated cylinder',#2815,8.) ;
#2962=CYLINDRICAL_SURFACE('generated cylinder',#2961,8.) ;
#2978=CYLINDRICAL_SURFACE('generated cylinder',#2977,3.2) ;
#3018=CYLINDRICAL_SURFACE('generated cylinder',#3017,3.2) ;
#3040=CYLINDRICAL_SURFACE('generated cylinder',#3039,3.2) ;
#3080=CYLINDRICAL_SURFACE('generated cylinder',#3079,3.2) ;
#3102=CYLINDRICAL_SURFACE('generated cylinder',#3101,3.2) ;
#3142=CYLINDRICAL_SURFACE('generated cylinder',#3141,3.2) ;
#3164=CYLINDRICAL_SURFACE('generated cylinder',#3163,2.75) ;
#3221=CYLINDRICAL_SURFACE('generated cylinder',#3220,2.75) ;
#3382=CYLINDRICAL_SURFACE('generated cylinder',#3381,11.5) ;
#3422=CYLINDRICAL_SURFACE('generated cylinder',#3421,4.) ;
#3654=CYLINDRICAL_SURFACE('generated cylinder',#3653,2.5) ;
#3760=CYLINDRICAL_SURFACE('generated cylinder',#3759,2.5) ;
#3812=CYLINDRICAL_SURFACE('generated cylinder',#3811,2.5) ;
#3845=CYLINDRICAL_SURFACE('generated cylinder',#3844,2.5) ;
#3862=CYLINDRICAL_SURFACE('generated cylinder',#3861,2.5) ;
#3879=CYLINDRICAL_SURFACE('generated cylinder',#3878,2.5) ;
#3950=CYLINDRICAL_SURFACE('generated cylinder',#3949,2.5) ;
#4020=CYLINDRICAL_SURFACE('generated cylinder',#4019,2.5) ;
#4202=CYLINDRICAL_SURFACE('generated cylinder',#4201,2.5) ;
#4284=CYLINDRICAL_SURFACE('generated cylinder',#4283,2.5) ;
#4339=CYLINDRICAL_SURFACE('generated cylinder',#4338,2.5) ;
#4395=CYLINDRICAL_SURFACE('generated cylinder',#4394,2.5) ;
#4547=CYLINDRICAL_SURFACE('generated cylinder',#4546,2.5) ;
#4585=CYLINDRICAL_SURFACE('generated cylinder',#4584,5.) ;
#4654=CYLINDRICAL_SURFACE('generated cylinder',#4653,5.) ;
#4685=CYLINDRICAL_SURFACE('generated cylinder',#4684,5.) ;
#4749=CYLINDRICAL_SURFACE('generated cylinder',#4748,5.) ;
#4926=CYLINDRICAL_SURFACE('generated cylinder',#4925,5.) ;
#5074=CYLINDRICAL_SURFACE('generated cylinder',#5073,5.) ;
#5168=CYLINDRICAL_SURFACE('generated cylinder',#5167,2.5) ;
#5288=CYLINDRICAL_SURFACE('generated cylinder',#5287,5.) ;
#5320=CYLINDRICAL_SURFACE('generated cylinder',#5319,16.) ;
#5362=CYLINDRICAL_SURFACE('generated cylinder',#5361,5.) ;
#5458=CYLINDRICAL_SURFACE('generated cylinder',#5457,5.) ;
#5490=CYLINDRICAL_SURFACE('generated cylinder',#5489,16.) ;
#5532=CYLINDRICAL_SURFACE('generated cylinder',#5531,5.) ;
#5551=CYLINDRICAL_SURFACE('generated cylinder',#5550,8.) ;
#5677=CYLINDRICAL_SURFACE('generated cylinder',#5676,8.) ;
#5733=CYLINDRICAL_SURFACE('generated cylinder',#5732,8.) ;
#5879=CYLINDRICAL_SURFACE('generated cylinder',#5878,8.) ;
#1002=TOROIDAL_SURFACE('homeo Torus',#1001,5.,2.5) ;
#1398=TOROIDAL_SURFACE('homeo Torus',#1397,5.,2.5) ;
#3919=TOROIDAL_SURFACE('homeo Torus',#3918,5.,2.5) ;
#4315=TOROIDAL_SURFACE('homeo Torus',#4314,5.,2.5) ;
#3=DESIGN_CONTEXT(' ',#1,'design') ;
#70=EDGE_CURVE('',#67,#69,#65,.T.) ;
#77=EDGE_CURVE('',#76,#69,#74,.T.) ;
#84=EDGE_CURVE('',#83,#76,#81,.T.) ;
#89=EDGE_CURVE('',#83,#67,#88,.T.) ;
#106=EDGE_CURVE('',#69,#67,#105,.T.) ;
#111=EDGE_CURVE('',#76,#83,#110,.T.) ;
#132=EDGE_CURVE('',#129,#131,#127,.T.) ;
#139=EDGE_CURVE('',#138,#131,#136,.T.) ;
#146=EDGE_CURVE('',#145,#138,#143,.T.) ;
#151=EDGE_CURVE('',#145,#129,#150,.T.) ;
#168=EDGE_CURVE('',#131,#129,#167,.T.) ;
#173=EDGE_CURVE('',#138,#145,#172,.T.) ;
#194=EDGE_CURVE('',#191,#193,#189,.T.) ;
#201=EDGE_CURVE('',#200,#193,#198,.T.) ;
#208=EDGE_CURVE('',#207,#200,#205,.T.) ;
#213=EDGE_CURVE('',#207,#191,#212,.T.) ;
#230=EDGE_CURVE('',#193,#191,#229,.T.) ;
#235=EDGE_CURVE('',#200,#207,#234,.T.) ;
#256=EDGE_CURVE('',#253,#255,#251,.T.) ;
#263=EDGE_CURVE('',#262,#255,#260,.F.) ;
#270=EDGE_CURVE('',#269,#262,#267,.T.) ;
#275=EDGE_CURVE('',#253,#269,#274,.T.) ;
#287=EDGE_CURVE('',#255,#262,#286,.F.) ;
#292=EDGE_CURVE('',#269,#253,#291,.T.) ;
#313=EDGE_CURVE('',#310,#312,#308,.T.) ;
#320=EDGE_CURVE('',#319,#312,#317,.F.) ;
#327=EDGE_CURVE('',#326,#319,#324,.T.) ;
#332=EDGE_CURVE('',#310,#326,#331,.T.) ;
#344=EDGE_CURVE('',#312,#319,#343,.F.) ;
#349=EDGE_CURVE('',#326,#310,#348,.T.) ;
#365=EDGE_CURVE('',#362,#364,#360,.T.) ;
#372=EDGE_CURVE('',#371,#362,#369,.T.) ;
#379=EDGE_CURVE('',#371,#378,#376,.T.) ;
#384=EDGE_CURVE('',#364,#378,#383,.F.) ;
#396=EDGE_CURVE('',#362,#371,#395,.T.) ;
#401=EDGE_CURVE('',#378,#364,#400,.F.) ;
#417=EDGE_CURVE('',#414,#416,#412,.T.) ;
#424=EDGE_CURVE('',#423,#414,#421,.T.) ;
#431=EDGE_CURVE('',#423,#430,#428,.T.) ;
#436=EDGE_CURVE('',#416,#430,#435,.F.) ;
#448=EDGE_CURVE('',#414,#423,#447,.T.) ;
#453=EDGE_CURVE('',#430,#416,#452,.F.) ;
#474=EDGE_CURVE('',#471,#473,#469,.F.) ;
#481=EDGE_CURVE('',#480,#471,#478,.T.) ;
#488=EDGE_CURVE('',#480,#487,#485,.F.) ;
#493=EDGE_CURVE('',#473,#487,#492,.F.) ;
#514=EDGE_CURVE('',#511,#513,#509,.T.) ;
#521=EDGE_CURVE('',#513,#520,#518,.T.) ;
#528=EDGE_CURVE('',#527,#520,#525,.T.) ;
#533=EDGE_CURVE('',#527,#511,#532,.F.) ;
#545=EDGE_CURVE('',#520,#513,#544,.T.) ;
#550=EDGE_CURVE('',#511,#527,#549,.F.) ;
#566=EDGE_CURVE('',#563,#565,#561,.F.) ;
#573=EDGE_CURVE('',#565,#572,#570,.T.) ;
#580=EDGE_CURVE('',#579,#572,#577,.F.) ;
#585=EDGE_CURVE('',#579,#563,#584,.F.) ;
#601=EDGE_CURVE('',#598,#600,#596,.T.) ;
#608=EDGE_CURVE('',#607,#598,#605,.T.) ;
#615=EDGE_CURVE('',#607,#614,#612,.T.) ;
#620=EDGE_CURVE('',#600,#614,#619,.F.) ;
#632=EDGE_CURVE('',#598,#607,#631,.T.) ;
#637=EDGE_CURVE('',#614,#600,#636,.F.) ;
#658=EDGE_CURVE('',#655,#657,#653,.T.) ;
#665=EDGE_CURVE('',#655,#664,#662,.F.) ;
#672=EDGE_CURVE('',#664,#671,#669,.T.) ;
#679=EDGE_CURVE('',#678,#671,#676,.F.) ;
#686=EDGE_CURVE('',#685,#678,#683,.T.) ;
#693=EDGE_CURVE('',#685,#692,#690,.T.) ;
#700=EDGE_CURVE('',#692,#699,#697,.T.) ;
#707=EDGE_CURVE('',#706,#699,#704,.F.) ;
#714=EDGE_CURVE('',#713,#706,#711,.T.) ;
#719=EDGE_CURVE('',#713,#657,#718,.F.) ;
#746=EDGE_CURVE('',#743,#745,#741,.T.) ;
#753=EDGE_CURVE('',#752,#743,#750,.F.) ;
#760=EDGE_CURVE('',#759,#752,#757,.F.) ;
#765=EDGE_CURVE('',#759,#745,#764,.F.) ;
#784=EDGE_CURVE('',#657,#783,#781,.T.) ;
#791=EDGE_CURVE('',#783,#790,#788,.F.) ;
#796=EDGE_CURVE('',#790,#655,#795,.T.) ;
#821=EDGE_CURVE('',#818,#820,#816,.F.) ;
#826=EDGE_CURVE('',#752,#818,#825,.T.) ;
#831=EDGE_CURVE('',#820,#743,#830,.F.) ;
#850=EDGE_CURVE('',#849,#820,#847,.T.) ;
#857=EDGE_CURVE('',#856,#849,#854,.F.) ;
#862=EDGE_CURVE('',#818,#856,#861,.F.) ;
#879=EDGE_CURVE('',#820,#783,#878,.T.) ;
#884=EDGE_CURVE('',#849,#783,#883,.T.) ;
#900=EDGE_CURVE('',#743,#790,#899,.F.) ;
#917=EDGE_CURVE('',#745,#790,#916,.T.) ;
#933=EDGE_CURVE('',#745,#664,#932,.T.) ;
#950=EDGE_CURVE('',#713,#849,#949,.T.) ;
#971=EDGE_CURVE('',#968,#970,#966,.F.) ;
#978=EDGE_CURVE('',#970,#977,#975,.F.) ;
#985=EDGE_CURVE('',#984,#977,#982,.F.) ;
#990=EDGE_CURVE('',#968,#984,#989,.F.) ;
#1009=EDGE_CURVE('',#970,#1008,#1006,.F.) ;
#1016=EDGE_CURVE('',#1008,#1015,#1013,.T.) ;
#1021=EDGE_CURVE('',#977,#1015,#1020,.F.) ;
#1040=EDGE_CURVE('',#1008,#1039,#1037,.F.) ;
#1047=EDGE_CURVE('',#1039,#1046,#1044,.F.) ;
#1054=EDGE_CURVE('',#1046,#1053,#1051,.F.) ;
#1061=EDGE_CURVE('',#1053,#1060,#1058,.F.) ;
#1066=EDGE_CURVE('',#1015,#1060,#1065,.F.) ;
#1087=EDGE_CURVE('',#1053,#1086,#1084,.F.) ;
#1092=EDGE_CURVE('',#1060,#1086,#1091,.T.) ;
#1112=EDGE_CURVE('',#1109,#1111,#1107,.F.) ;
#1117=EDGE_CURVE('',#1086,#1109,#1116,.T.) ;
#1122=EDGE_CURVE('',#1053,#1111,#1121,.T.) ;
#1142=EDGE_CURVE('',#968,#1141,#1135,.F.) ;
#1210=EDGE_CURVE('',#1141,#984,#1143,.T.) ;
#1228=EDGE_CURVE('',#1227,#856,#1225,.F.) ;
#1235=EDGE_CURVE('',#1227,#1234,#1232,.F.) ;
#1240=EDGE_CURVE('',#1109,#1234,#1239,.T.) ;
#1245=EDGE_CURVE('',#759,#1111,#1244,.F.) ;
#1268=EDGE_CURVE('',#1267,#1234,#1265,.T.) ;
#1273=EDGE_CURVE('',#1267,#1086,#1272,.F.) ;
#1292=EDGE_CURVE('',#1291,#1267,#1289,.F.) ;
#1297=EDGE_CURVE('',#1291,#1060,#1296,.F.) ;
#1318=EDGE_CURVE('',#1315,#1317,#1313,.F.) ;
#1325=EDGE_CURVE('',#1315,#1324,#1322,.T.) ;
#1330=EDGE_CURVE('',#984,#1324,#1329,.F.) ;
#1337=EDGE_CURVE('',#1336,#1291,#1334,.F.) ;
#1344=EDGE_CURVE('',#1343,#1336,#1341,.T.) ;
#1349=EDGE_CURVE('',#1317,#1343,#1348,.F.) ;
#1374=EDGE_CURVE('',#1343,#1373,#1371,.F.) ;
#1381=EDGE_CURVE('',#1380,#1373,#1378,.F.) ;
#1386=EDGE_CURVE('',#1317,#1380,#1385,.F.) ;
#1405=EDGE_CURVE('',#1336,#1404,#1402,.F.) ;
#1410=EDGE_CURVE('',#1373,#1404,#1409,.T.) ;
#1429=EDGE_CURVE('',#1291,#1428,#1426,.F.) ;
#1436=EDGE_CURVE('',#1435,#1428,#1433,.F.) ;
#1443=EDGE_CURVE('',#1435,#1442,#1440,.T.) ;
#1448=EDGE_CURVE('',#1404,#1442,#1447,.F.) ;
#1467=EDGE_CURVE('',#1267,#1428,#1466,.T.) ;
#1483=EDGE_CURVE('',#1428,#1227,#1482,.T.) ;
#1503=EDGE_CURVE('',#1502,#1380,#1496,.T.) ;
#1532=EDGE_CURVE('',#1502,#1317,#1504,.T.) ;
#1564=EDGE_CURVE('',#1561,#1563,#1544,.T.) ;
#1571=EDGE_CURVE('',#1570,#1563,#1568,.T.) ;
#1578=EDGE_CURVE('',#1570,#1577,#1575,.T.) ;
#1583=EDGE_CURVE('',#1577,#579,#1582,.T.) ;
#1588=EDGE_CURVE('',#1561,#572,#1587,.T.) ;
#1609=EDGE_CURVE('',#1561,#1608,#1606,.T.) ;
#1614=EDGE_CURVE('',#1608,#565,#1613,.T.) ;
#1637=EDGE_CURVE('',#1636,#1502,#1634,.F.) ;
#1644=EDGE_CURVE('',#1636,#1643,#1641,.T.) ;
#1649=EDGE_CURVE('',#1577,#1643,#1648,.F.) ;
#1654=EDGE_CURVE('',#1315,#1577,#1653,.F.) ;
#1675=EDGE_CURVE('',#1442,#1674,#1672,.T.) ;
#1682=EDGE_CURVE('',#1681,#1442,#1679,.T.) ;
#1689=EDGE_CURVE('',#1681,#1688,#1686,.T.) ;
#1694=EDGE_CURVE('',#1674,#1688,#1693,.F.) ;
#1715=EDGE_CURVE('',#1712,#1714,#1710,.T.) ;
#1720=EDGE_CURVE('',#1688,#1714,#1719,.T.) ;
#1725=EDGE_CURVE('',#1681,#1712,#1724,.T.) ;
#1744=EDGE_CURVE('',#1743,#1714,#1741,.F.) ;
#1751=EDGE_CURVE('',#1712,#1750,#1748,.T.) ;
#1756=EDGE_CURVE('',#1750,#1743,#1755,.T.) ;
#1775=EDGE_CURVE('',#1774,#1039,#1772,.T.) ;
#1782=EDGE_CURVE('',#1781,#1774,#1779,.T.) ;
#1789=EDGE_CURVE('',#1781,#1788,#1786,.T.) ;
#1794=EDGE_CURVE('',#1039,#1788,#1793,.F.) ;
#1810=EDGE_CURVE('',#1807,#1809,#1805,.T.) ;
#1815=EDGE_CURVE('',#1788,#1809,#1814,.T.) ;
#1820=EDGE_CURVE('',#1781,#1807,#1819,.T.) ;
#1839=EDGE_CURVE('',#1838,#1809,#1836,.F.) ;
#1846=EDGE_CURVE('',#1807,#1845,#1843,.T.) ;
#1851=EDGE_CURVE('',#1845,#1838,#1850,.T.) ;
#1872=EDGE_CURVE('',#1869,#1871,#1867,.T.) ;
#1877=EDGE_CURVE('',#678,#1869,#1876,.T.) ;
#1882=EDGE_CURVE('',#671,#1871,#1881,.T.) ;
#1901=EDGE_CURVE('',#1838,#1900,#1898,.T.) ;
#1908=EDGE_CURVE('',#1845,#1907,#1905,.T.) ;
#1913=EDGE_CURVE('',#1907,#1900,#1912,.T.) ;
#1932=EDGE_CURVE('',#1931,#1774,#1929,.T.) ;
#1939=EDGE_CURVE('',#1938,#1931,#1936,.T.) ;
#1944=EDGE_CURVE('',#1938,#685,#1943,.T.) ;
#1949=EDGE_CURVE('',#1907,#1869,#1948,.F.) ;
#1980=EDGE_CURVE('',#1871,#1900,#1979,.T.) ;
#2025=EDGE_CURVE('',#2022,#2024,#2020,.T.) ;
#2030=EDGE_CURVE('',#706,#2022,#2029,.T.) ;
#2035=EDGE_CURVE('',#699,#2024,#2034,.T.) ;
#2049=EDGE_CURVE('',#1743,#2048,#2046,.T.) ;
#2056=EDGE_CURVE('',#1750,#2055,#2053,.T.) ;
#2061=EDGE_CURVE('',#2055,#2048,#2060,.T.) ;
#2078=EDGE_CURVE('',#2055,#2022,#2077,.T.) ;
#2114=EDGE_CURVE('',#692,#2113,#2111,.T.) ;
#2121=EDGE_CURVE('',#2113,#2120,#2118,.T.) ;
#2126=EDGE_CURVE('',#1674,#2120,#2125,.T.) ;
#2131=EDGE_CURVE('',#2024,#2048,#2130,.F.) ;
#2173=EDGE_CURVE('',#2170,#2172,#2168,.T.) ;
#2192=EDGE_CURVE('',#2170,#2191,#2174,.F.) ;
#2197=EDGE_CURVE('',#471,#2191,#2196,.F.) ;
#2204=EDGE_CURVE('',#2203,#473,#2201,.T.) ;
#2209=EDGE_CURVE('',#2203,#2172,#2208,.T.) ;
#2230=EDGE_CURVE('',#2229,#480,#2227,.T.) ;
#2235=EDGE_CURVE('',#2229,#2191,#2234,.F.) ;
#2256=EDGE_CURVE('',#2203,#1324,#2255,.T.) ;
#2263=EDGE_CURVE('',#2262,#2203,#2260,.F.) ;
#2270=EDGE_CURVE('',#2262,#2269,#2267,.T.) ;
#2275=EDGE_CURVE('',#1141,#2269,#2274,.F.) ;
#2296=EDGE_CURVE('',#2295,#563,#2293,.T.) ;
#2301=EDGE_CURVE('',#1636,#2295,#2300,.T.) ;
#2326=EDGE_CURVE('',#2295,#2325,#2323,.T.) ;
#2334=EDGE_CURVE('',#2325,#1608,#2327,.F.) ;
#2349=EDGE_CURVE('',#2348,#2120,#2346,.T.) ;
#2354=EDGE_CURVE('',#1636,#2348,#2353,.T.) ;
#2379=EDGE_CURVE('',#2378,#2348,#2372,.F.) ;
#2390=EDGE_CURVE('',#2325,#2378,#2380,.T.) ;
#2412=EDGE_CURVE('',#2409,#2411,#2407,.T.) ;
#2418=EDGE_CURVE('',#2411,#2378,#2413,.T.) ;
#2425=EDGE_CURVE('',#2424,#2113,#2422,.T.) ;
#2430=EDGE_CURVE('',#2424,#2409,#2429,.T.) ;
#2450=EDGE_CURVE('',#1563,#2411,#2449,.T.) ;
#2471=EDGE_CURVE('',#2470,#2269,#2468,.T.) ;
#2476=EDGE_CURVE('',#2470,#487,#2475,.T.) ;
#2496=EDGE_CURVE('',#2495,#2470,#2493,.T.) ;
#2504=EDGE_CURVE('',#2229,#2495,#2497,.T.) ;
#2519=EDGE_CURVE('',#1931,#2518,#2516,.T.) ;
#2524=EDGE_CURVE('',#2518,#2269,#2523,.T.) ;
#2554=EDGE_CURVE('',#2553,#2495,#2542,.F.) ;
#2560=EDGE_CURVE('',#2518,#2553,#2555,.T.) ;
#2581=EDGE_CURVE('',#2553,#2580,#2574,.F.) ;
#2588=EDGE_CURVE('',#2580,#2587,#2585,.T.) ;
#2595=EDGE_CURVE('',#2594,#2587,#2592,.T.) ;
#2600=EDGE_CURVE('',#1938,#2594,#2599,.T.) ;
#2620=EDGE_CURVE('',#2580,#2170,#2619,.F.) ;
#2643=EDGE_CURVE('',#2640,#2642,#2638,.F.) ;
#2650=EDGE_CURVE('',#2649,#2642,#2647,.T.) ;
#2657=EDGE_CURVE('',#2649,#2656,#2654,.T.) ;
#2662=EDGE_CURVE('',#2656,#2640,#2661,.T.) ;
#2681=EDGE_CURVE('',#2680,#2594,#2678,.T.) ;
#2688=EDGE_CURVE('',#2687,#2587,#2685,.T.) ;
#2693=EDGE_CURVE('',#2680,#2687,#2692,.T.) ;
#2712=EDGE_CURVE('',#2640,#2711,#2709,.T.) ;
#2719=EDGE_CURVE('',#2656,#2718,#2716,.T.) ;
#2724=EDGE_CURVE('',#2718,#2711,#2723,.T.) ;
#2736=EDGE_CURVE('',#2170,#2642,#2735,.T.) ;
#2741=EDGE_CURVE('',#2687,#2711,#2740,.F.) ;
#2765=EDGE_CURVE('',#2718,#2680,#2764,.T.) ;
#2784=EDGE_CURVE('',#2783,#2649,#2781,.T.) ;
#2791=EDGE_CURVE('',#2790,#1563,#2788,.T.) ;
#2796=EDGE_CURVE('',#2783,#2790,#2795,.T.) ;
#2823=EDGE_CURVE('',#2790,#2822,#2820,.F.) ;
#2830=EDGE_CURVE('',#2829,#2822,#2827,.T.) ;
#2835=EDGE_CURVE('',#2829,#2783,#2834,.T.) ;
#2849=EDGE_CURVE('',#2409,#2848,#2846,.T.) ;
#2856=EDGE_CURVE('',#2424,#2855,#2853,.T.) ;
#2861=EDGE_CURVE('',#2855,#2848,#2860,.T.) ;
#2882=EDGE_CURVE('',#2879,#2881,#2877,.T.) ;
#2887=EDGE_CURVE('',#2829,#2879,#2886,.T.) ;
#2892=EDGE_CURVE('',#2822,#2881,#2891,.T.) ;
#2904=EDGE_CURVE('',#2881,#2848,#2903,.F.) ;
#2928=EDGE_CURVE('',#2855,#2879,#2927,.T.) ;
#2987=EDGE_CURVE('',#2984,#2986,#2982,.T.) ;
#2994=EDGE_CURVE('',#2993,#2986,#2991,.T.) ;
#3001=EDGE_CURVE('',#3000,#2993,#2998,.T.) ;
#3006=EDGE_CURVE('',#3000,#2984,#3005,.T.) ;
#3023=EDGE_CURVE('',#2986,#2984,#3022,.T.) ;
#3028=EDGE_CURVE('',#2993,#3000,#3027,.T.) ;
#3049=EDGE_CURVE('',#3046,#3048,#3044,.T.) ;
#3056=EDGE_CURVE('',#3055,#3048,#3053,.T.) ;
#3063=EDGE_CURVE('',#3062,#3055,#3060,.T.) ;
#3068=EDGE_CURVE('',#3062,#3046,#3067,.T.) ;
#3085=EDGE_CURVE('',#3048,#3046,#3084,.T.) ;
#3090=EDGE_CURVE('',#3055,#3062,#3089,.T.) ;
#3111=EDGE_CURVE('',#3108,#3110,#3106,.T.) ;
#3118=EDGE_CURVE('',#3117,#3110,#3115,.T.) ;
#3125=EDGE_CURVE('',#3124,#3117,#3122,.T.) ;
#3130=EDGE_CURVE('',#3124,#3108,#3129,.T.) ;
#3147=EDGE_CURVE('',#3110,#3108,#3146,.T.) ;
#3152=EDGE_CURVE('',#3117,#3124,#3151,.T.) ;
#3173=EDGE_CURVE('',#3170,#3172,#3168,.T.) ;
#3180=EDGE_CURVE('',#3179,#3172,#3177,.F.) ;
#3187=EDGE_CURVE('',#3186,#3179,#3184,.T.) ;
#3192=EDGE_CURVE('',#3170,#3186,#3191,.T.) ;
#3204=EDGE_CURVE('',#3172,#3179,#3203,.F.) ;
#3209=EDGE_CURVE('',#3186,#3170,#3208,.T.) ;
#3230=EDGE_CURVE('',#3227,#3229,#3225,.T.) ;
#3237=EDGE_CURVE('',#3236,#3229,#3234,.F.) ;
#3244=EDGE_CURVE('',#3243,#3236,#3241,.T.) ;
#3249=EDGE_CURVE('',#3227,#3243,#3248,.T.) ;
#3261=EDGE_CURVE('',#3229,#3236,#3260,.F.) ;
#3266=EDGE_CURVE('',#3243,#3227,#3265,.T.) ;
#3282=EDGE_CURVE('',#3279,#3281,#3277,.T.) ;
#3289=EDGE_CURVE('',#3288,#3279,#3286,.T.) ;
#3296=EDGE_CURVE('',#3288,#3295,#3293,.T.) ;
#3301=EDGE_CURVE('',#3281,#3295,#3300,.F.) ;
#3313=EDGE_CURVE('',#3279,#3288,#3312,.T.) ;
#3318=EDGE_CURVE('',#3295,#3281,#3317,.F.) ;
#3334=EDGE_CURVE('',#3331,#3333,#3329,.T.) ;
#3341=EDGE_CURVE('',#3340,#3331,#3338,.T.) ;
#3348=EDGE_CURVE('',#3340,#3347,#3345,.T.) ;
#3353=EDGE_CURVE('',#3333,#3347,#3352,.F.) ;
#3365=EDGE_CURVE('',#3331,#3340,#3364,.T.) ;
#3370=EDGE_CURVE('',#3347,#3333,#3369,.F.) ;
#3391=EDGE_CURVE('',#3388,#3390,#3386,.F.) ;
#3398=EDGE_CURVE('',#3397,#3388,#3395,.T.) ;
#3405=EDGE_CURVE('',#3397,#3404,#3402,.F.) ;
#3410=EDGE_CURVE('',#3390,#3404,#3409,.F.) ;
#3431=EDGE_CURVE('',#3428,#3430,#3426,.T.) ;
#3438=EDGE_CURVE('',#3430,#3437,#3435,.T.) ;
#3445=EDGE_CURVE('',#3444,#3437,#3442,.T.) ;
#3450=EDGE_CURVE('',#3444,#3428,#3449,.F.) ;
#3462=EDGE_CURVE('',#3437,#3430,#3461,.T.) ;
#3467=EDGE_CURVE('',#3428,#3444,#3466,.F.) ;
#3483=EDGE_CURVE('',#3480,#3482,#3478,.F.) ;
#3490=EDGE_CURVE('',#3482,#3489,#3487,.T.) ;
#3497=EDGE_CURVE('',#3496,#3489,#3494,.F.) ;
#3502=EDGE_CURVE('',#3496,#3480,#3501,.F.) ;
#3518=EDGE_CURVE('',#3515,#3517,#3513,.T.) ;
#3525=EDGE_CURVE('',#3524,#3515,#3522,.T.) ;
#3532=EDGE_CURVE('',#3524,#3531,#3529,.T.) ;
#3537=EDGE_CURVE('',#3517,#3531,#3536,.F.) ;
#3549=EDGE_CURVE('',#3515,#3524,#3548,.T.) ;
#3554=EDGE_CURVE('',#3531,#3517,#3553,.F.) ;
#3575=EDGE_CURVE('',#3572,#3574,#3570,.T.) ;
#3582=EDGE_CURVE('',#3572,#3581,#3579,.F.) ;
#3589=EDGE_CURVE('',#3581,#3588,#3586,.T.) ;
#3596=EDGE_CURVE('',#3595,#3588,#3593,.F.) ;
#3603=EDGE_CURVE('',#3602,#3595,#3600,.T.) ;
#3610=EDGE_CURVE('',#3602,#3609,#3607,.T.) ;
#3617=EDGE_CURVE('',#3609,#3616,#3614,.T.) ;
#3624=EDGE_CURVE('',#3623,#3616,#3621,.F.) ;
#3631=EDGE_CURVE('',#3630,#3623,#3628,.T.) ;
#3636=EDGE_CURVE('',#3630,#3574,#3635,.F.) ;
#3663=EDGE_CURVE('',#3660,#3662,#3658,.T.) ;
#3670=EDGE_CURVE('',#3669,#3660,#3667,.F.) ;
#3677=EDGE_CURVE('',#3676,#3669,#3674,.F.) ;
#3682=EDGE_CURVE('',#3676,#3662,#3681,.F.) ;
#3701=EDGE_CURVE('',#3574,#3700,#3698,.T.) ;
#3708=EDGE_CURVE('',#3700,#3707,#3705,.F.) ;
#3713=EDGE_CURVE('',#3707,#3572,#3712,.T.) ;
#3738=EDGE_CURVE('',#3735,#3737,#3733,.F.) ;
#3743=EDGE_CURVE('',#3669,#3735,#3742,.T.) ;
#3748=EDGE_CURVE('',#3737,#3660,#3747,.F.) ;
#3767=EDGE_CURVE('',#3766,#3737,#3764,.T.) ;
#3774=EDGE_CURVE('',#3773,#3766,#3771,.F.) ;
#3779=EDGE_CURVE('',#3735,#3773,#3778,.F.) ;
#3796=EDGE_CURVE('',#3737,#3700,#3795,.T.) ;
#3801=EDGE_CURVE('',#3766,#3700,#3800,.T.) ;
#3817=EDGE_CURVE('',#3660,#3707,#3816,.F.) ;
#3834=EDGE_CURVE('',#3662,#3707,#3833,.T.) ;
#3850=EDGE_CURVE('',#3662,#3581,#3849,.T.) ;
#3867=EDGE_CURVE('',#3630,#3766,#3866,.T.) ;
#3888=EDGE_CURVE('',#3885,#3887,#3883,.F.) ;
#3895=EDGE_CURVE('',#3887,#3894,#3892,.F.) ;
#3902=EDGE_CURVE('',#3901,#3894,#3899,.F.) ;
#3907=EDGE_CURVE('',#3885,#3901,#3906,.F.) ;
#3926=EDGE_CURVE('',#3887,#3925,#3923,.F.) ;
#3933=EDGE_CURVE('',#3925,#3932,#3930,.T.) ;
#3938=EDGE_CURVE('',#3894,#3932,#3937,.F.) ;
#3957=EDGE_CURVE('',#3925,#3956,#3954,.F.) ;
#3964=EDGE_CURVE('',#3956,#3963,#3961,.F.) ;
#3971=EDGE_CURVE('',#3963,#3970,#3968,.F.) ;
#3978=EDGE_CURVE('',#3970,#3977,#3975,.F.) ;
#3983=EDGE_CURVE('',#3932,#3977,#3982,.F.) ;
#4004=EDGE_CURVE('',#3970,#4003,#4001,.F.) ;
#4009=EDGE_CURVE('',#3977,#4003,#4008,.T.) ;
#4029=EDGE_CURVE('',#4026,#4028,#4024,.F.) ;
#4034=EDGE_CURVE('',#4003,#4026,#4033,.T.) ;
#4039=EDGE_CURVE('',#3970,#4028,#4038,.T.) ;
#4059=EDGE_CURVE('',#3885,#4058,#4052,.F.) ;
#4127=EDGE_CURVE('',#4058,#3901,#4060,.T.) ;
#4145=EDGE_CURVE('',#4144,#3773,#4142,.F.) ;
#4152=EDGE_CURVE('',#4144,#4151,#4149,.F.) ;
#4157=EDGE_CURVE('',#4026,#4151,#4156,.T.) ;
#4162=EDGE_CURVE('',#3676,#4028,#4161,.F.) ;
#4185=EDGE_CURVE('',#4184,#4151,#4182,.T.) ;
#4190=EDGE_CURVE('',#4184,#4003,#4189,.F.) ;
#4209=EDGE_CURVE('',#4208,#4184,#4206,.F.) ;
#4214=EDGE_CURVE('',#4208,#3977,#4213,.F.) ;
#4235=EDGE_CURVE('',#4232,#4234,#4230,.F.) ;
#4242=EDGE_CURVE('',#4232,#4241,#4239,.T.) ;
#4247=EDGE_CURVE('',#3901,#4241,#4246,.F.) ;
#4254=EDGE_CURVE('',#4253,#4208,#4251,.F.) ;
#4261=EDGE_CURVE('',#4260,#4253,#4258,.T.) ;
#4266=EDGE_CURVE('',#4234,#4260,#4265,.F.) ;
#4291=EDGE_CURVE('',#4260,#4290,#4288,.F.) ;
#4298=EDGE_CURVE('',#4297,#4290,#4295,.F.) ;
#4303=EDGE_CURVE('',#4234,#4297,#4302,.F.) ;
#4322=EDGE_CURVE('',#4253,#4321,#4319,.F.) ;
#4327=EDGE_CURVE('',#4290,#4321,#4326,.T.) ;
#4346=EDGE_CURVE('',#4208,#4345,#4343,.F.) ;
#4353=EDGE_CURVE('',#4352,#4345,#4350,.F.) ;
#4360=EDGE_CURVE('',#4352,#4359,#4357,.T.) ;
#4365=EDGE_CURVE('',#4321,#4359,#4364,.F.) ;
#4384=EDGE_CURVE('',#4184,#4345,#4383,.T.) ;
#4400=EDGE_CURVE('',#4345,#4144,#4399,.T.) ;
#4420=EDGE_CURVE('',#4419,#4297,#4413,.T.) ;
#4449=EDGE_CURVE('',#4419,#4234,#4421,.T.) ;
#4481=EDGE_CURVE('',#4478,#4480,#4461,.T.) ;
#4488=EDGE_CURVE('',#4487,#4480,#4485,.T.) ;
#4495=EDGE_CURVE('',#4487,#4494,#4492,.T.) ;
#4500=EDGE_CURVE('',#4494,#3496,#4499,.T.) ;
#4505=EDGE_CURVE('',#4478,#3489,#4504,.T.) ;
#4526=EDGE_CURVE('',#4478,#4525,#4523,.T.) ;
#4531=EDGE_CURVE('',#4525,#3482,#4530,.T.) ;
#4554=EDGE_CURVE('',#4553,#4419,#4551,.F.) ;
#4561=EDGE_CURVE('',#4553,#4560,#4558,.T.) ;
#4566=EDGE_CURVE('',#4494,#4560,#4565,.F.) ;
#4571=EDGE_CURVE('',#4232,#4494,#4570,.F.) ;
#4592=EDGE_CURVE('',#4359,#4591,#4589,.T.) ;
#4599=EDGE_CURVE('',#4598,#4359,#4596,.T.) ;
#4606=EDGE_CURVE('',#4598,#4605,#4603,.T.) ;
#4611=EDGE_CURVE('',#4591,#4605,#4610,.F.) ;
#4632=EDGE_CURVE('',#4629,#4631,#4627,.T.) ;
#4637=EDGE_CURVE('',#4605,#4631,#4636,.T.) ;
#4642=EDGE_CURVE('',#4598,#4629,#4641,.T.) ;
#4661=EDGE_CURVE('',#4660,#4631,#4658,.F.) ;
#4668=EDGE_CURVE('',#4629,#4667,#4665,.T.) ;
#4673=EDGE_CURVE('',#4667,#4660,#4672,.T.) ;
#4692=EDGE_CURVE('',#4691,#3956,#4689,.T.) ;
#4699=EDGE_CURVE('',#4698,#4691,#4696,.T.) ;
#4706=EDGE_CURVE('',#4698,#4705,#4703,.T.) ;
#4711=EDGE_CURVE('',#3956,#4705,#4710,.F.) ;
#4727=EDGE_CURVE('',#4724,#4726,#4722,.T.) ;
#4732=EDGE_CURVE('',#4705,#4726,#4731,.T.) ;
#4737=EDGE_CURVE('',#4698,#4724,#4736,.T.) ;
#4756=EDGE_CURVE('',#4755,#4726,#4753,.F.) ;
#4763=EDGE_CURVE('',#4724,#4762,#4760,.T.) ;
#4768=EDGE_CURVE('',#4762,#4755,#4767,.T.) ;
#4789=EDGE_CURVE('',#4786,#4788,#4784,.T.) ;
#4794=EDGE_CURVE('',#3595,#4786,#4793,.T.) ;
#4799=EDGE_CURVE('',#3588,#4788,#4798,.T.) ;
#4818=EDGE_CURVE('',#4755,#4817,#4815,.T.) ;
#4825=EDGE_CURVE('',#4762,#4824,#4822,.T.) ;
#4830=EDGE_CURVE('',#4824,#4817,#4829,.T.) ;
#4849=EDGE_CURVE('',#4848,#4691,#4846,.T.) ;
#4856=EDGE_CURVE('',#4855,#4848,#4853,.T.) ;
#4861=EDGE_CURVE('',#4855,#3602,#4860,.T.) ;
#4866=EDGE_CURVE('',#4824,#4786,#4865,.F.) ;
#4897=EDGE_CURVE('',#4788,#4817,#4896,.T.) ;
#4942=EDGE_CURVE('',#4939,#4941,#4937,.T.) ;
#4947=EDGE_CURVE('',#3623,#4939,#4946,.T.) ;
#4952=EDGE_CURVE('',#3616,#4941,#4951,.T.) ;
#4966=EDGE_CURVE('',#4660,#4965,#4963,.T.) ;
#4973=EDGE_CURVE('',#4667,#4972,#4970,.T.) ;
#4978=EDGE_CURVE('',#4972,#4965,#4977,.T.) ;
#4995=EDGE_CURVE('',#4972,#4939,#4994,.T.) ;
#5031=EDGE_CURVE('',#3609,#5030,#5028,.T.) ;
#5038=EDGE_CURVE('',#5030,#5037,#5035,.T.) ;
#5043=EDGE_CURVE('',#4591,#5037,#5042,.T.) ;
#5048=EDGE_CURVE('',#4941,#4965,#5047,.F.) ;
#5090=EDGE_CURVE('',#5087,#5089,#5085,.T.) ;
#5109=EDGE_CURVE('',#5087,#5108,#5091,.F.) ;
#5114=EDGE_CURVE('',#3388,#5108,#5113,.F.) ;
#5121=EDGE_CURVE('',#5120,#3390,#5118,.T.) ;
#5126=EDGE_CURVE('',#5120,#5089,#5125,.T.) ;
#5147=EDGE_CURVE('',#5146,#3397,#5144,.T.) ;
#5152=EDGE_CURVE('',#5146,#5108,#5151,.F.) ;
#5173=EDGE_CURVE('',#5120,#4241,#5172,.T.) ;
#5180=EDGE_CURVE('',#5179,#5120,#5177,.F.) ;
#5187=EDGE_CURVE('',#5179,#5186,#5184,.T.) ;
#5192=EDGE_CURVE('',#4058,#5186,#5191,.F.) ;
#5213=EDGE_CURVE('',#5212,#3480,#5210,.T.) ;
#5218=EDGE_CURVE('',#4553,#5212,#5217,.T.) ;
#5243=EDGE_CURVE('',#5212,#5242,#5240,.T.) ;
#5251=EDGE_CURVE('',#5242,#4525,#5244,.F.) ;
#5266=EDGE_CURVE('',#5265,#5037,#5263,.T.) ;
#5271=EDGE_CURVE('',#4553,#5265,#5270,.T.) ;
#5296=EDGE_CURVE('',#5295,#5265,#5289,.F.) ;
#5307=EDGE_CURVE('',#5242,#5295,#5297,.T.) ;
#5329=EDGE_CURVE('',#5326,#5328,#5324,.T.) ;
#5335=EDGE_CURVE('',#5328,#5295,#5330,.T.) ;
#5342=EDGE_CURVE('',#5341,#5030,#5339,.T.) ;
#5347=EDGE_CURVE('',#5341,#5326,#5346,.T.) ;
#5367=EDGE_CURVE('',#4480,#5328,#5366,.T.) ;
#5388=EDGE_CURVE('',#5387,#5186,#5385,.T.) ;
#5393=EDGE_CURVE('',#5387,#3404,#5392,.T.) ;
#5413=EDGE_CURVE('',#5412,#5387,#5410,.T.) ;
#5421=EDGE_CURVE('',#5146,#5412,#5414,.T.) ;
#5436=EDGE_CURVE('',#4848,#5435,#5433,.T.) ;
#5441=EDGE_CURVE('',#5435,#5186,#5440,.T.) ;
#5471=EDGE_CURVE('',#5470,#5412,#5459,.F.) ;
#5477=EDGE_CURVE('',#5435,#5470,#5472,.T.) ;
#5498=EDGE_CURVE('',#5470,#5497,#5491,.F.) ;
#5505=EDGE_CURVE('',#5497,#5504,#5502,.T.) ;
#5512=EDGE_CURVE('',#5511,#5504,#5509,.T.) ;
#5517=EDGE_CURVE('',#4855,#5511,#5516,.T.) ;
#5537=EDGE_CURVE('',#5497,#5087,#5536,.F.) ;
#5560=EDGE_CURVE('',#5557,#5559,#5555,.F.) ;
#5567=EDGE_CURVE('',#5566,#5559,#5564,.T.) ;
#5574=EDGE_CURVE('',#5566,#5573,#5571,.T.) ;
#5579=EDGE_CURVE('',#5573,#5557,#5578,.T.) ;
#5598=EDGE_CURVE('',#5597,#5511,#5595,.T.) ;
#5605=EDGE_CURVE('',#5604,#5504,#5602,.T.) ;
#5610=EDGE_CURVE('',#5597,#5604,#5609,.T.) ;
#5629=EDGE_CURVE('',#5557,#5628,#5626,.T.) ;
#5636=EDGE_CURVE('',#5573,#5635,#5633,.T.) ;
#5641=EDGE_CURVE('',#5635,#5628,#5640,.T.) ;
#5653=EDGE_CURVE('',#5087,#5559,#5652,.T.) ;
#5658=EDGE_CURVE('',#5604,#5628,#5657,.F.) ;
#5682=EDGE_CURVE('',#5635,#5597,#5681,.T.) ;
#5701=EDGE_CURVE('',#5700,#5566,#5698,.T.) ;
#5708=EDGE_CURVE('',#5707,#4480,#5705,.T.) ;
#5713=EDGE_CURVE('',#5700,#5707,#5712,.T.) ;
#5740=EDGE_CURVE('',#5707,#5739,#5737,.F.) ;
#5747=EDGE_CURVE('',#5746,#5739,#5744,.T.) ;
#5752=EDGE_CURVE('',#5746,#5700,#5751,.T.) ;
#5766=EDGE_CURVE('',#5326,#5765,#5763,.T.) ;
#5773=EDGE_CURVE('',#5341,#5772,#5770,.T.) ;
#5778=EDGE_CURVE('',#5772,#5765,#5777,.T.) ;
#5799=EDGE_CURVE('',#5796,#5798,#5794,.T.) ;
#5804=EDGE_CURVE('',#5746,#5796,#5803,.T.) ;
#5809=EDGE_CURVE('',#5739,#5798,#5808,.T.) ;
#5821=EDGE_CURVE('',#5798,#5765,#5820,.F.) ;
#5845=EDGE_CURVE('',#5772,#5796,#5844,.T.) ;
#90=EDGE_LOOP('',(#91,#92,#93,#94)) ;
#112=EDGE_LOOP('',(#113,#114,#115,#116)) ;
#152=EDGE_LOOP('',(#153,#154,#155,#156)) ;
#174=EDGE_LOOP('',(#175,#176,#177,#178)) ;
#214=EDGE_LOOP('',(#215,#216,#217,#218)) ;
#236=EDGE_LOOP('',(#237,#238,#239,#240)) ;
#276=EDGE_LOOP('',(#277,#278,#279,#280)) ;
#293=EDGE_LOOP('',(#294,#295,#296,#297)) ;
#333=EDGE_LOOP('',(#334,#335,#336,#337)) ;
#350=EDGE_LOOP('',(#351,#352,#353,#354)) ;
#385=EDGE_LOOP('',(#386,#387,#388,#389)) ;
#402=EDGE_LOOP('',(#403,#404,#405,#406)) ;
#437=EDGE_LOOP('',(#438,#439,#440,#441)) ;
#454=EDGE_LOOP('',(#455,#456,#457,#458)) ;
#494=EDGE_LOOP('',(#495,#496,#497,#498)) ;
#534=EDGE_LOOP('',(#535,#536,#537,#538)) ;
#551=EDGE_LOOP('',(#552,#553,#554,#555)) ;
#586=EDGE_LOOP('',(#587,#588,#589,#590)) ;
#621=EDGE_LOOP('',(#622,#623,#624,#625)) ;
#638=EDGE_LOOP('',(#639,#640,#641,#642)) ;
#720=EDGE_LOOP('',(#721,#722,#723,#724,#725,#726,#727,#728,#729,#730)) ;
#766=EDGE_LOOP('',(#767,#768,#769,#770)) ;
#797=EDGE_LOOP('',(#798,#799,#800,#801)) ;
#803=EDGE_LOOP('',(#804,#805)) ;
#832=EDGE_LOOP('',(#833,#834,#835,#836)) ;
#863=EDGE_LOOP('',(#864,#865,#866,#867)) ;
#885=EDGE_LOOP('',(#886,#887,#888)) ;
#901=EDGE_LOOP('',(#902,#903,#904,#905)) ;
#918=EDGE_LOOP('',(#919,#920,#921)) ;
#934=EDGE_LOOP('',(#935,#936,#937,#938)) ;
#951=EDGE_LOOP('',(#952,#953,#954,#955)) ;
#991=EDGE_LOOP('',(#992,#993,#994,#995)) ;
#1022=EDGE_LOOP('',(#1023,#1024,#1025,#1026)) ;
#1067=EDGE_LOOP('',(#1068,#1069,#1070,#1071,#1072,#1073)) ;
#1093=EDGE_LOOP('',(#1094,#1095,#1096)) ;
#1123=EDGE_LOOP('',(#1124,#1125,#1126,#1127)) ;
#1211=EDGE_LOOP('',(#1212,#1213,#1214)) ;
#1246=EDGE_LOOP('',(#1247,#1248,#1249,#1250,#1251,#1252,#1253,#1254)) ;
#1274=EDGE_LOOP('',(#1275,#1276,#1277,#1278)) ;
#1298=EDGE_LOOP('',(#1299,#1300,#1301,#1302)) ;
#1350=EDGE_LOOP('',(#1351,#1352,#1353,#1354,#1355,#1356,#1357,#1358,#1359,#1360)) ;
#1387=EDGE_LOOP('',(#1388,#1389,#1390,#1391)) ;
#1411=EDGE_LOOP('',(#1412,#1413,#1414,#1415)) ;
#1449=EDGE_LOOP('',(#1450,#1451,#1452,#1453,#1454,#1455)) ;
#1468=EDGE_LOOP('',(#1469,#1470,#1471)) ;
#1484=EDGE_LOOP('',(#1485,#1486,#1487,#1488)) ;
#1533=EDGE_LOOP('',(#1534,#1535,#1536)) ;
#1589=EDGE_LOOP('',(#1590,#1591,#1592,#1593,#1594,#1595)) ;
#1615=EDGE_LOOP('',(#1616,#1617,#1618,#1619)) ;
#1621=EDGE_LOOP('',(#1622,#1623)) ;
#1655=EDGE_LOOP('',(#1656,#1657,#1658,#1659,#1660,#1661)) ;
#1695=EDGE_LOOP('',(#1696,#1697,#1698,#1699)) ;
#1726=EDGE_LOOP('',(#1727,#1728,#1729,#1730)) ;
#1757=EDGE_LOOP('',(#1758,#1759,#1760,#1761)) ;
#1795=EDGE_LOOP('',(#1796,#1797,#1798,#1799)) ;
#1821=EDGE_LOOP('',(#1822,#1823,#1824,#1825)) ;
#1852=EDGE_LOOP('',(#1853,#1854,#1855,#1856)) ;
#1883=EDGE_LOOP('',(#1884,#1885,#1886,#1887)) ;
#1914=EDGE_LOOP('',(#1915,#1916,#1917,#1918)) ;
#1950=EDGE_LOOP('',(#1951,#1952,#1953,#1954,#1955,#1956,#1957,#1958,#1959,#1960)) ;
#1962=EDGE_LOOP('',(#1963,#1964)) ;
#1966=EDGE_LOOP('',(#1967,#1968)) ;
#1981=EDGE_LOOP('',(#1982,#1983,#1984,#1985,#1986,#1987,#1988,#1989,#1990,#1991,#1992,#1993,#1994)) ;
#1996=EDGE_LOOP('',(#1997,#1998)) ;
#2000=EDGE_LOOP('',(#2001,#2002)) ;
#2010=EDGE_LOOP('',(#2011,#2012,#2013,#2014)) ;
#2036=EDGE_LOOP('',(#2037,#2038,#2039,#2040)) ;
#2062=EDGE_LOOP('',(#2063,#2064,#2065,#2066)) ;
#2079=EDGE_LOOP('',(#2080,#2081,#2082,#2083,#2084,#2085,#2086,#2087,#2088,#2089,#2090,#2091,#2092)) ;
#2094=EDGE_LOOP('',(#2095,#2096)) ;
#2098=EDGE_LOOP('',(#2099,#2100)) ;
#2132=EDGE_LOOP('',(#2133,#2134,#2135,#2136,#2137,#2138,#2139,#2140,#2141,#2142)) ;
#2144=EDGE_LOOP('',(#2145,#2146)) ;
#2148=EDGE_LOOP('',(#2149,#2150)) ;
#2158=EDGE_LOOP('',(#2159,#2160,#2161,#2162)) ;
#2210=EDGE_LOOP('',(#2211,#2212,#2213,#2214,#2215,#2216)) ;
#2236=EDGE_LOOP('',(#2237,#2238,#2239,#2240)) ;
#2242=EDGE_LOOP('',(#2243,#2244)) ;
#2276=EDGE_LOOP('',(#2277,#2278,#2279,#2280,#2281,#2282)) ;
#2302=EDGE_LOOP('',(#2303,#2304,#2305,#2306,#2307,#2308)) ;
#2310=EDGE_LOOP('',(#2311,#2312)) ;
#2335=EDGE_LOOP('',(#2336,#2337,#2338,#2339,#2340)) ;
#2355=EDGE_LOOP('',(#2356,#2357,#2358,#2359,#2360,#2361,#2362,#2363,#2364)) ;
#2391=EDGE_LOOP('',(#2392,#2393,#2394,#2395,#2396)) ;
#2431=EDGE_LOOP('',(#2432,#2433,#2434,#2435,#2436,#2437,#2438)) ;
#2451=EDGE_LOOP('',(#2452,#2453,#2454,#2455,#2456,#2457)) ;
#2477=EDGE_LOOP('',(#2478,#2479,#2480,#2481,#2482,#2483)) ;
#2485=EDGE_LOOP('',(#2486,#2487)) ;
#2505=EDGE_LOOP('',(#2506,#2507,#2508,#2509,#2510)) ;
#2525=EDGE_LOOP('',(#2526,#2527,#2528,#2529,#2530,#2531,#2532,#2533,#2534)) ;
#2561=EDGE_LOOP('',(#2562,#2563,#2564,#2565,#2566)) ;
#2601=EDGE_LOOP('',(#2602,#2603,#2604,#2605,#2606,#2607,#2608)) ;
#2621=EDGE_LOOP('',(#2622,#2623,#2624,#2625,#2626,#2627)) ;
#2663=EDGE_LOOP('',(#2664,#2665,#2666,#2667)) ;
#2694=EDGE_LOOP('',(#2695,#2696,#2697,#2698)) ;
#2725=EDGE_LOOP('',(#2726,#2727,#2728,#2729)) ;
#2742=EDGE_LOOP('',(#2743,#2744,#2745,#2746,#2747,#2748,#2749)) ;
#2751=EDGE_LOOP('',(#2752,#2753)) ;
#2766=EDGE_LOOP('',(#2767,#2768,#2769,#2770)) ;
#2797=EDGE_LOOP('',(#2798,#2799,#2800,#2801,#2802,#2803,#2804,#2805,#2806,#2807,#2808,#2809)) ;
#2836=EDGE_LOOP('',(#2837,#2838,#2839,#2840)) ;
#2862=EDGE_LOOP('',(#2863,#2864,#2865,#2866)) ;
#2893=EDGE_LOOP('',(#2894,#2895,#2896,#2897)) ;
#2905=EDGE_LOOP('',(#2906,#2907,#2908,#2909,#2910,#2911,#2912)) ;
#2914=EDGE_LOOP('',(#2915,#2916)) ;
#2929=EDGE_LOOP('',(#2930,#2931,#2932,#2933,#2934,#2935,#2936,#2937,#2938,#2939,#2940,#2941,#2942,#2943)) ;
#2945=EDGE_LOOP('',(#2946,#2947)) ;
#2949=EDGE_LOOP('',(#2950,#2951)) ;
#2953=EDGE_LOOP('',(#2954,#2955)) ;
#2963=EDGE_LOOP('',(#2964,#2965,#2966,#2967)) ;
#3007=EDGE_LOOP('',(#3008,#3009,#3010,#3011)) ;
#3029=EDGE_LOOP('',(#3030,#3031,#3032,#3033)) ;
#3069=EDGE_LOOP('',(#3070,#3071,#3072,#3073)) ;
#3091=EDGE_LOOP('',(#3092,#3093,#3094,#3095)) ;
#3131=EDGE_LOOP('',(#3132,#3133,#3134,#3135)) ;
#3153=EDGE_LOOP('',(#3154,#3155,#3156,#3157)) ;
#3193=EDGE_LOOP('',(#3194,#3195,#3196,#3197)) ;
#3210=EDGE_LOOP('',(#3211,#3212,#3213,#3214)) ;
#3250=EDGE_LOOP('',(#3251,#3252,#3253,#3254)) ;
#3267=EDGE_LOOP('',(#3268,#3269,#3270,#3271)) ;
#3302=EDGE_LOOP('',(#3303,#3304,#3305,#3306)) ;
#3319=EDGE_LOOP('',(#3320,#3321,#3322,#3323)) ;
#3354=EDGE_LOOP('',(#3355,#3356,#3357,#3358)) ;
#3371=EDGE_LOOP('',(#3372,#3373,#3374,#3375)) ;
#3411=EDGE_LOOP('',(#3412,#3413,#3414,#3415)) ;
#3451=EDGE_LOOP('',(#3452,#3453,#3454,#3455)) ;
#3468=EDGE_LOOP('',(#3469,#3470,#3471,#3472)) ;
#3503=EDGE_LOOP('',(#3504,#3505,#3506,#3507)) ;
#3538=EDGE_LOOP('',(#3539,#3540,#3541,#3542)) ;
#3555=EDGE_LOOP('',(#3556,#3557,#3558,#3559)) ;
#3637=EDGE_LOOP('',(#3638,#3639,#3640,#3641,#3642,#3643,#3644,#3645,#3646,#3647)) ;
#3683=EDGE_LOOP('',(#3684,#3685,#3686,#3687)) ;
#3714=EDGE_LOOP('',(#3715,#3716,#3717,#3718)) ;
#3720=EDGE_LOOP('',(#3721,#3722)) ;
#3749=EDGE_LOOP('',(#3750,#3751,#3752,#3753)) ;
#3780=EDGE_LOOP('',(#3781,#3782,#3783,#3784)) ;
#3802=EDGE_LOOP('',(#3803,#3804,#3805)) ;
#3818=EDGE_LOOP('',(#3819,#3820,#3821,#3822)) ;
#3835=EDGE_LOOP('',(#3836,#3837,#3838)) ;
#3851=EDGE_LOOP('',(#3852,#3853,#3854,#3855)) ;
#3868=EDGE_LOOP('',(#3869,#3870,#3871,#3872)) ;
#3908=EDGE_LOOP('',(#3909,#3910,#3911,#3912)) ;
#3939=EDGE_LOOP('',(#3940,#3941,#3942,#3943)) ;
#3984=EDGE_LOOP('',(#3985,#3986,#3987,#3988,#3989,#3990)) ;
#4010=EDGE_LOOP('',(#4011,#4012,#4013)) ;
#4040=EDGE_LOOP('',(#4041,#4042,#4043,#4044)) ;
#4128=EDGE_LOOP('',(#4129,#4130,#4131)) ;
#4163=EDGE_LOOP('',(#4164,#4165,#4166,#4167,#4168,#4169,#4170,#4171)) ;
#4191=EDGE_LOOP('',(#4192,#4193,#4194,#4195)) ;
#4215=EDGE_LOOP('',(#4216,#4217,#4218,#4219)) ;
#4267=EDGE_LOOP('',(#4268,#4269,#4270,#4271,#4272,#4273,#4274,#4275,#4276,#4277)) ;
#4304=EDGE_LOOP('',(#4305,#4306,#4307,#4308)) ;
#4328=EDGE_LOOP('',(#4329,#4330,#4331,#4332)) ;
#4366=EDGE_LOOP('',(#4367,#4368,#4369,#4370,#4371,#4372)) ;
#4385=EDGE_LOOP('',(#4386,#4387,#4388)) ;
#4401=EDGE_LOOP('',(#4402,#4403,#4404,#4405)) ;
#4450=EDGE_LOOP('',(#4451,#4452,#4453)) ;
#4506=EDGE_LOOP('',(#4507,#4508,#4509,#4510,#4511,#4512)) ;
#4532=EDGE_LOOP('',(#4533,#4534,#4535,#4536)) ;
#4538=EDGE_LOOP('',(#4539,#4540)) ;
#4572=EDGE_LOOP('',(#4573,#4574,#4575,#4576,#4577,#4578)) ;
#4612=EDGE_LOOP('',(#4613,#4614,#4615,#4616)) ;
#4643=EDGE_LOOP('',(#4644,#4645,#4646,#4647)) ;
#4674=EDGE_LOOP('',(#4675,#4676,#4677,#4678)) ;
#4712=EDGE_LOOP('',(#4713,#4714,#4715,#4716)) ;
#4738=EDGE_LOOP('',(#4739,#4740,#4741,#4742)) ;
#4769=EDGE_LOOP('',(#4770,#4771,#4772,#4773)) ;
#4800=EDGE_LOOP('',(#4801,#4802,#4803,#4804)) ;
#4831=EDGE_LOOP('',(#4832,#4833,#4834,#4835)) ;
#4867=EDGE_LOOP('',(#4868,#4869,#4870,#4871,#4872,#4873,#4874,#4875,#4876,#4877)) ;
#4879=EDGE_LOOP('',(#4880,#4881)) ;
#4883=EDGE_LOOP('',(#4884,#4885)) ;
#4898=EDGE_LOOP('',(#4899,#4900,#4901,#4902,#4903,#4904,#4905,#4906,#4907,#4908,#4909,#4910,#4911)) ;
#4913=EDGE_LOOP('',(#4914,#4915)) ;
#4917=EDGE_LOOP('',(#4918,#4919)) ;
#4927=EDGE_LOOP('',(#4928,#4929,#4930,#4931)) ;
#4953=EDGE_LOOP('',(#4954,#4955,#4956,#4957)) ;
#4979=EDGE_LOOP('',(#4980,#4981,#4982,#4983)) ;
#4996=EDGE_LOOP('',(#4997,#4998,#4999,#5000,#5001,#5002,#5003,#5004,#5005,#5006,#5007,#5008,#5009)) ;
#5011=EDGE_LOOP('',(#5012,#5013)) ;
#5015=EDGE_LOOP('',(#5016,#5017)) ;
#5049=EDGE_LOOP('',(#5050,#5051,#5052,#5053,#5054,#5055,#5056,#5057,#5058,#5059)) ;
#5061=EDGE_LOOP('',(#5062,#5063)) ;
#5065=EDGE_LOOP('',(#5066,#5067)) ;
#5075=EDGE_LOOP('',(#5076,#5077,#5078,#5079)) ;
#5127=EDGE_LOOP('',(#5128,#5129,#5130,#5131,#5132,#5133)) ;
#5153=EDGE_LOOP('',(#5154,#5155,#5156,#5157)) ;
#5159=EDGE_LOOP('',(#5160,#5161)) ;
#5193=EDGE_LOOP('',(#5194,#5195,#5196,#5197,#5198,#5199)) ;
#5219=EDGE_LOOP('',(#5220,#5221,#5222,#5223,#5224,#5225)) ;
#5227=EDGE_LOOP('',(#5228,#5229)) ;
#5252=EDGE_LOOP('',(#5253,#5254,#5255,#5256,#5257)) ;
#5272=EDGE_LOOP('',(#5273,#5274,#5275,#5276,#5277,#5278,#5279,#5280,#5281)) ;
#5308=EDGE_LOOP('',(#5309,#5310,#5311,#5312,#5313)) ;
#5348=EDGE_LOOP('',(#5349,#5350,#5351,#5352,#5353,#5354,#5355)) ;
#5368=EDGE_LOOP('',(#5369,#5370,#5371,#5372,#5373,#5374)) ;
#5394=EDGE_LOOP('',(#5395,#5396,#5397,#5398,#5399,#5400)) ;
#5402=EDGE_LOOP('',(#5403,#5404)) ;
#5422=EDGE_LOOP('',(#5423,#5424,#5425,#5426,#5427)) ;
#5442=EDGE_LOOP('',(#5443,#5444,#5445,#5446,#5447,#5448,#5449,#5450,#5451)) ;
#5478=EDGE_LOOP('',(#5479,#5480,#5481,#5482,#5483)) ;
#5518=EDGE_LOOP('',(#5519,#5520,#5521,#5522,#5523,#5524,#5525)) ;
#5538=EDGE_LOOP('',(#5539,#5540,#5541,#5542,#5543,#5544)) ;
#5580=EDGE_LOOP('',(#5581,#5582,#5583,#5584)) ;
#5611=EDGE_LOOP('',(#5612,#5613,#5614,#5615)) ;
#5642=EDGE_LOOP('',(#5643,#5644,#5645,#5646)) ;
#5659=EDGE_LOOP('',(#5660,#5661,#5662,#5663,#5664,#5665,#5666)) ;
#5668=EDGE_LOOP('',(#5669,#5670)) ;
#5683=EDGE_LOOP('',(#5684,#5685,#5686,#5687)) ;
#5714=EDGE_LOOP('',(#5715,#5716,#5717,#5718,#5719,#5720,#5721,#5722,#5723,#5724,#5725,#5726)) ;
#5753=EDGE_LOOP('',(#5754,#5755,#5756,#5757)) ;
#5779=EDGE_LOOP('',(#5780,#5781,#5782,#5783)) ;
#5810=EDGE_LOOP('',(#5811,#5812,#5813,#5814)) ;
#5822=EDGE_LOOP('',(#5823,#5824,#5825,#5826,#5827,#5828,#5829)) ;
#5831=EDGE_LOOP('',(#5832,#5833)) ;
#5846=EDGE_LOOP('',(#5847,#5848,#5849,#5850,#5851,#5852,#5853,#5854,#5855,#5856,#5857,#5858,#5859,#5860)) ;
#5862=EDGE_LOOP('',(#5863,#5864)) ;
#5866=EDGE_LOOP('',(#5867,#5868)) ;
#5870=EDGE_LOOP('',(#5871,#5872)) ;
#5880=EDGE_LOOP('',(#5881,#5882,#5883,#5884)) ;
#95=FACE_OUTER_BOUND('',#90,.T.) ;
#117=FACE_OUTER_BOUND('',#112,.T.) ;
#157=FACE_OUTER_BOUND('',#152,.T.) ;
#179=FACE_OUTER_BOUND('',#174,.T.) ;
#219=FACE_OUTER_BOUND('',#214,.T.) ;
#241=FACE_OUTER_BOUND('',#236,.T.) ;
#281=FACE_OUTER_BOUND('',#276,.T.) ;
#298=FACE_OUTER_BOUND('',#293,.T.) ;
#338=FACE_OUTER_BOUND('',#333,.T.) ;
#355=FACE_OUTER_BOUND('',#350,.T.) ;
#390=FACE_OUTER_BOUND('',#385,.T.) ;
#407=FACE_OUTER_BOUND('',#402,.T.) ;
#442=FACE_OUTER_BOUND('',#437,.T.) ;
#459=FACE_OUTER_BOUND('',#454,.T.) ;
#499=FACE_OUTER_BOUND('',#494,.T.) ;
#539=FACE_OUTER_BOUND('',#534,.T.) ;
#556=FACE_OUTER_BOUND('',#551,.T.) ;
#591=FACE_OUTER_BOUND('',#586,.T.) ;
#626=FACE_OUTER_BOUND('',#621,.T.) ;
#643=FACE_OUTER_BOUND('',#638,.T.) ;
#731=FACE_OUTER_BOUND('',#720,.T.) ;
#771=FACE_OUTER_BOUND('',#766,.T.) ;
#802=FACE_OUTER_BOUND('',#797,.T.) ;
#837=FACE_OUTER_BOUND('',#832,.T.) ;
#868=FACE_OUTER_BOUND('',#863,.T.) ;
#889=FACE_OUTER_BOUND('',#885,.T.) ;
#906=FACE_OUTER_BOUND('',#901,.T.) ;
#922=FACE_OUTER_BOUND('',#918,.T.) ;
#939=FACE_OUTER_BOUND('',#934,.T.) ;
#956=FACE_OUTER_BOUND('',#951,.T.) ;
#996=FACE_OUTER_BOUND('',#991,.T.) ;
#1027=FACE_OUTER_BOUND('',#1022,.T.) ;
#1074=FACE_OUTER_BOUND('',#1067,.T.) ;
#1097=FACE_OUTER_BOUND('',#1093,.T.) ;
#1128=FACE_OUTER_BOUND('',#1123,.T.) ;
#1215=FACE_OUTER_BOUND('',#1211,.T.) ;
#1255=FACE_OUTER_BOUND('',#1246,.T.) ;
#1279=FACE_OUTER_BOUND('',#1274,.T.) ;
#1303=FACE_OUTER_BOUND('',#1298,.T.) ;
#1361=FACE_OUTER_BOUND('',#1350,.T.) ;
#1392=FACE_OUTER_BOUND('',#1387,.T.) ;
#1416=FACE_OUTER_BOUND('',#1411,.T.) ;
#1456=FACE_OUTER_BOUND('',#1449,.T.) ;
#1472=FACE_OUTER_BOUND('',#1468,.T.) ;
#1489=FACE_OUTER_BOUND('',#1484,.T.) ;
#1537=FACE_OUTER_BOUND('',#1533,.T.) ;
#1596=FACE_OUTER_BOUND('',#1589,.T.) ;
#1620=FACE_OUTER_BOUND('',#1615,.T.) ;
#1662=FACE_OUTER_BOUND('',#1655,.T.) ;
#1700=FACE_OUTER_BOUND('',#1695,.T.) ;
#1731=FACE_OUTER_BOUND('',#1726,.T.) ;
#1762=FACE_OUTER_BOUND('',#1757,.T.) ;
#1800=FACE_OUTER_BOUND('',#1795,.T.) ;
#1826=FACE_OUTER_BOUND('',#1821,.T.) ;
#1857=FACE_OUTER_BOUND('',#1852,.T.) ;
#1888=FACE_OUTER_BOUND('',#1883,.T.) ;
#1919=FACE_OUTER_BOUND('',#1914,.T.) ;
#1961=FACE_OUTER_BOUND('',#1950,.T.) ;
#1995=FACE_OUTER_BOUND('',#1981,.T.) ;
#2015=FACE_OUTER_BOUND('',#2010,.T.) ;
#2041=FACE_OUTER_BOUND('',#2036,.T.) ;
#2067=FACE_OUTER_BOUND('',#2062,.T.) ;
#2093=FACE_OUTER_BOUND('',#2079,.T.) ;
#2143=FACE_OUTER_BOUND('',#2132,.T.) ;
#2163=FACE_OUTER_BOUND('',#2158,.T.) ;
#2217=FACE_OUTER_BOUND('',#2210,.T.) ;
#2241=FACE_OUTER_BOUND('',#2236,.T.) ;
#2283=FACE_OUTER_BOUND('',#2276,.T.) ;
#2309=FACE_OUTER_BOUND('',#2302,.T.) ;
#2341=FACE_OUTER_BOUND('',#2335,.T.) ;
#2365=FACE_OUTER_BOUND('',#2355,.T.) ;
#2397=FACE_OUTER_BOUND('',#2391,.T.) ;
#2439=FACE_OUTER_BOUND('',#2431,.T.) ;
#2458=FACE_OUTER_BOUND('',#2451,.T.) ;
#2484=FACE_OUTER_BOUND('',#2477,.T.) ;
#2511=FACE_OUTER_BOUND('',#2505,.T.) ;
#2535=FACE_OUTER_BOUND('',#2525,.T.) ;
#2567=FACE_OUTER_BOUND('',#2561,.T.) ;
#2609=FACE_OUTER_BOUND('',#2601,.T.) ;
#2628=FACE_OUTER_BOUND('',#2621,.T.) ;
#2668=FACE_OUTER_BOUND('',#2663,.T.) ;
#2699=FACE_OUTER_BOUND('',#2694,.T.) ;
#2730=FACE_OUTER_BOUND('',#2725,.T.) ;
#2750=FACE_OUTER_BOUND('',#2742,.T.) ;
#2771=FACE_OUTER_BOUND('',#2766,.T.) ;
#2810=FACE_OUTER_BOUND('',#2797,.T.) ;
#2841=FACE_OUTER_BOUND('',#2836,.T.) ;
#2867=FACE_OUTER_BOUND('',#2862,.T.) ;
#2898=FACE_OUTER_BOUND('',#2893,.T.) ;
#2913=FACE_OUTER_BOUND('',#2905,.T.) ;
#2944=FACE_OUTER_BOUND('',#2929,.T.) ;
#2968=FACE_OUTER_BOUND('',#2963,.T.) ;
#3012=FACE_OUTER_BOUND('',#3007,.T.) ;
#3034=FACE_OUTER_BOUND('',#3029,.T.) ;
#3074=FACE_OUTER_BOUND('',#3069,.T.) ;
#3096=FACE_OUTER_BOUND('',#3091,.T.) ;
#3136=FACE_OUTER_BOUND('',#3131,.T.) ;
#3158=FACE_OUTER_BOUND('',#3153,.T.) ;
#3198=FACE_OUTER_BOUND('',#3193,.T.) ;
#3215=FACE_OUTER_BOUND('',#3210,.T.) ;
#3255=FACE_OUTER_BOUND('',#3250,.T.) ;
#3272=FACE_OUTER_BOUND('',#3267,.T.) ;
#3307=FACE_OUTER_BOUND('',#3302,.T.) ;
#3324=FACE_OUTER_BOUND('',#3319,.T.) ;
#3359=FACE_OUTER_BOUND('',#3354,.T.) ;
#3376=FACE_OUTER_BOUND('',#3371,.T.) ;
#3416=FACE_OUTER_BOUND('',#3411,.T.) ;
#3456=FACE_OUTER_BOUND('',#3451,.T.) ;
#3473=FACE_OUTER_BOUND('',#3468,.T.) ;
#3508=FACE_OUTER_BOUND('',#3503,.T.) ;
#3543=FACE_OUTER_BOUND('',#3538,.T.) ;
#3560=FACE_OUTER_BOUND('',#3555,.T.) ;
#3648=FACE_OUTER_BOUND('',#3637,.T.) ;
#3688=FACE_OUTER_BOUND('',#3683,.T.) ;
#3719=FACE_OUTER_BOUND('',#3714,.T.) ;
#3754=FACE_OUTER_BOUND('',#3749,.T.) ;
#3785=FACE_OUTER_BOUND('',#3780,.T.) ;
#3806=FACE_OUTER_BOUND('',#3802,.T.) ;
#3823=FACE_OUTER_BOUND('',#3818,.T.) ;
#3839=FACE_OUTER_BOUND('',#3835,.T.) ;
#3856=FACE_OUTER_BOUND('',#3851,.T.) ;
#3873=FACE_OUTER_BOUND('',#3868,.T.) ;
#3913=FACE_OUTER_BOUND('',#3908,.T.) ;
#3944=FACE_OUTER_BOUND('',#3939,.T.) ;
#3991=FACE_OUTER_BOUND('',#3984,.T.) ;
#4014=FACE_OUTER_BOUND('',#4010,.T.) ;
#4045=FACE_OUTER_BOUND('',#4040,.T.) ;
#4132=FACE_OUTER_BOUND('',#4128,.T.) ;
#4172=FACE_OUTER_BOUND('',#4163,.T.) ;
#4196=FACE_OUTER_BOUND('',#4191,.T.) ;
#4220=FACE_OUTER_BOUND('',#4215,.T.) ;
#4278=FACE_OUTER_BOUND('',#4267,.T.) ;
#4309=FACE_OUTER_BOUND('',#4304,.T.) ;
#4333=FACE_OUTER_BOUND('',#4328,.T.) ;
#4373=FACE_OUTER_BOUND('',#4366,.T.) ;
#4389=FACE_OUTER_BOUND('',#4385,.T.) ;
#4406=FACE_OUTER_BOUND('',#4401,.T.) ;
#4454=FACE_OUTER_BOUND('',#4450,.T.) ;
#4513=FACE_OUTER_BOUND('',#4506,.T.) ;
#4537=FACE_OUTER_BOUND('',#4532,.T.) ;
#4579=FACE_OUTER_BOUND('',#4572,.T.) ;
#4617=FACE_OUTER_BOUND('',#4612,.T.) ;
#4648=FACE_OUTER_BOUND('',#4643,.T.) ;
#4679=FACE_OUTER_BOUND('',#4674,.T.) ;
#4717=FACE_OUTER_BOUND('',#4712,.T.) ;
#4743=FACE_OUTER_BOUND('',#4738,.T.) ;
#4774=FACE_OUTER_BOUND('',#4769,.T.) ;
#4805=FACE_OUTER_BOUND('',#4800,.T.) ;
#4836=FACE_OUTER_BOUND('',#4831,.T.) ;
#4878=FACE_OUTER_BOUND('',#4867,.T.) ;
#4912=FACE_OUTER_BOUND('',#4898,.T.) ;
#4932=FACE_OUTER_BOUND('',#4927,.T.) ;
#4958=FACE_OUTER_BOUND('',#4953,.T.) ;
#4984=FACE_OUTER_BOUND('',#4979,.T.) ;
#5010=FACE_OUTER_BOUND('',#4996,.T.) ;
#5060=FACE_OUTER_BOUND('',#5049,.T.) ;
#5080=FACE_OUTER_BOUND('',#5075,.T.) ;
#5134=FACE_OUTER_BOUND('',#5127,.T.) ;
#5158=FACE_OUTER_BOUND('',#5153,.T.) ;
#5200=FACE_OUTER_BOUND('',#5193,.T.) ;
#5226=FACE_OUTER_BOUND('',#5219,.T.) ;
#5258=FACE_OUTER_BOUND('',#5252,.T.) ;
#5282=FACE_OUTER_BOUND('',#5272,.T.) ;
#5314=FACE_OUTER_BOUND('',#5308,.T.) ;
#5356=FACE_OUTER_BOUND('',#5348,.T.) ;
#5375=FACE_OUTER_BOUND('',#5368,.T.) ;
#5401=FACE_OUTER_BOUND('',#5394,.T.) ;
#5428=FACE_OUTER_BOUND('',#5422,.T.) ;
#5452=FACE_OUTER_BOUND('',#5442,.T.) ;
#5484=FACE_OUTER_BOUND('',#5478,.T.) ;
#5526=FACE_OUTER_BOUND('',#5518,.T.) ;
#5545=FACE_OUTER_BOUND('',#5538,.T.) ;
#5585=FACE_OUTER_BOUND('',#5580,.T.) ;
#5616=FACE_OUTER_BOUND('',#5611,.T.) ;
#5647=FACE_OUTER_BOUND('',#5642,.T.) ;
#5667=FACE_OUTER_BOUND('',#5659,.T.) ;
#5688=FACE_OUTER_BOUND('',#5683,.T.) ;
#5727=FACE_OUTER_BOUND('',#5714,.T.) ;
#5758=FACE_OUTER_BOUND('',#5753,.T.) ;
#5784=FACE_OUTER_BOUND('',#5779,.T.) ;
#5815=FACE_OUTER_BOUND('',#5810,.T.) ;
#5830=FACE_OUTER_BOUND('',#5822,.T.) ;
#5861=FACE_OUTER_BOUND('',#5846,.T.) ;
#5885=FACE_OUTER_BOUND('',#5880,.T.) ;
#53=GEOMETRIC_SET('NONE',(#51,#55)) ;
#52=GEOMETRICALLY_BOUNDED_SURFACE_SHAPE_REPRESENTATION('NONE',(#53),#46) ;
#45=UNCERTAINTY_MEASURE_WITH_UNIT(LENGTH_MEASURE(0.005),#41,'distance_accuracy_value','CONFUSED CURVE UNCERTAINTY') ;
#74=LINE('Line',#71,#73) ;
#88=LINE('Line',#85,#87) ;
#136=LINE('Line',#133,#135) ;
#150=LINE('Line',#147,#149) ;
#198=LINE('Line',#195,#197) ;
#212=LINE('Line',#209,#211) ;
#251=LINE('Line',#248,#250) ;
#267=LINE('Line',#264,#266) ;
#308=LINE('Line',#305,#307) ;
#324=LINE('Line',#321,#323) ;
#360=LINE('Line',#357,#359) ;
#376=LINE('Line',#373,#375) ;
#412=LINE('Line',#409,#411) ;
#428=LINE('Line',#425,#427) ;
#469=LINE('Line',#466,#468) ;
#485=LINE('Line',#482,#484) ;
#509=LINE('Line',#506,#508) ;
#525=LINE('Line',#522,#524) ;
#561=LINE('Line',#558,#560) ;
#577=LINE('Line',#574,#576) ;
#596=LINE('Line',#593,#595) ;
#612=LINE('Line',#609,#611) ;
#653=LINE('Line',#650,#652) ;
#669=LINE('Line',#666,#668) ;
#676=LINE('Line',#673,#675) ;
#683=LINE('Line',#680,#682) ;
#690=LINE('Line',#687,#689) ;
#697=LINE('Line',#694,#696) ;
#704=LINE('Line',#701,#703) ;
#711=LINE('Line',#708,#710) ;
#750=LINE('Line',#747,#749) ;
#764=LINE('Line',#761,#763) ;
#781=LINE('Line',#778,#780) ;
#788=LINE('Line',#785,#787) ;
#795=LINE('Line',#792,#794) ;
#816=LINE('Line',#813,#815) ;
#825=LINE('Line',#822,#824) ;
#830=LINE('Line',#827,#829) ;
#854=LINE('Line',#851,#853) ;
#932=LINE('Line',#929,#931) ;
#949=LINE('Line',#946,#948) ;
#966=LINE('Line',#963,#965) ;
#982=LINE('Line',#979,#981) ;
#1037=LINE('Line',#1034,#1036) ;
#1044=LINE('Line',#1041,#1043) ;
#1051=LINE('Line',#1048,#1050) ;
#1065=LINE('Line',#1062,#1064) ;
#1116=LINE('Line',#1113,#1115) ;
#1121=LINE('Line',#1118,#1120) ;
#1225=LINE('Line',#1222,#1224) ;
#1239=LINE('Line',#1236,#1238) ;
#1244=LINE('Line',#1241,#1243) ;
#1265=LINE('Line',#1262,#1264) ;
#1272=LINE('Line',#1269,#1271) ;
#1296=LINE('Line',#1293,#1295) ;
#1313=LINE('Line',#1310,#1312) ;
#1322=LINE('Line',#1319,#1321) ;
#1329=LINE('Line',#1326,#1328) ;
#1334=LINE('Line',#1331,#1333) ;
#1348=LINE('Line',#1345,#1347) ;
#1378=LINE('Line',#1375,#1377) ;
#1433=LINE('Line',#1430,#1432) ;
#1440=LINE('Line',#1437,#1439) ;
#1447=LINE('Line',#1444,#1446) ;
#1482=LINE('Line',#1479,#1481) ;
#1568=LINE('Line',#1565,#1567) ;
#1575=LINE('Line',#1572,#1574) ;
#1582=LINE('Line',#1579,#1581) ;
#1587=LINE('Line',#1584,#1586) ;
#1606=LINE('Line',#1603,#1605) ;
#1613=LINE('Line',#1610,#1612) ;
#1634=LINE('Line',#1631,#1633) ;
#1641=LINE('Line',#1638,#1640) ;
#1648=LINE('Line',#1645,#1647) ;
#1672=LINE('Line',#1669,#1671) ;
#1686=LINE('Line',#1683,#1685) ;
#1710=LINE('Line',#1707,#1709) ;
#1719=LINE('Line',#1716,#1718) ;
#1724=LINE('Line',#1721,#1723) ;
#1755=LINE('Line',#1752,#1754) ;
#1772=LINE('Line',#1769,#1771) ;
#1786=LINE('Line',#1783,#1785) ;
#1805=LINE('Line',#1802,#1804) ;
#1814=LINE('Line',#1811,#1813) ;
#1819=LINE('Line',#1816,#1818) ;
#1850=LINE('Line',#1847,#1849) ;
#1867=LINE('Line',#1864,#1866) ;
#1876=LINE('Line',#1873,#1875) ;
#1881=LINE('Line',#1878,#1880) ;
#1898=LINE('Line',#1895,#1897) ;
#1905=LINE('Line',#1902,#1904) ;
#1912=LINE('Line',#1909,#1911) ;
#1929=LINE('Line',#1926,#1928) ;
#1936=LINE('Line',#1933,#1935) ;
#1943=LINE('Line',#1940,#1942) ;
#2020=LINE('Line',#2017,#2019) ;
#2029=LINE('Line',#2026,#2028) ;
#2034=LINE('Line',#2031,#2033) ;
#2046=LINE('Line',#2043,#2045) ;
#2053=LINE('Line',#2050,#2052) ;
#2060=LINE('Line',#2057,#2059) ;
#2111=LINE('Line',#2108,#2110) ;
#2118=LINE('Line',#2115,#2117) ;
#2125=LINE('Line',#2122,#2124) ;
#2168=LINE('Line',#2165,#2167) ;
#2196=LINE('Line',#2193,#2195) ;
#2201=LINE('Line',#2198,#2200) ;
#2208=LINE('Line',#2205,#2207) ;
#2227=LINE('Line',#2224,#2226) ;
#2234=LINE('Line',#2231,#2233) ;
#2260=LINE('Line',#2257,#2259) ;
#2267=LINE('Line',#2264,#2266) ;
#2274=LINE('Line',#2271,#2273) ;
#2293=LINE('Line',#2290,#2292) ;
#2323=LINE('Line',#2320,#2322) ;
#2353=LINE('Line',#2350,#2352) ;
#2429=LINE('Line',#2426,#2428) ;
#2449=LINE('Line',#2446,#2448) ;
#2475=LINE('Line',#2472,#2474) ;
#2493=LINE('Line',#2490,#2492) ;
#2523=LINE('Line',#2520,#2522) ;
#2592=LINE('Line',#2589,#2591) ;
#2619=LINE('Line',#2616,#2618) ;
#2647=LINE('Line',#2644,#2646) ;
#2661=LINE('Line',#2658,#2660) ;
#2678=LINE('Line',#2675,#2677) ;
#2685=LINE('Line',#2682,#2684) ;
#2692=LINE('Line',#2689,#2691) ;
#2709=LINE('Line',#2706,#2708) ;
#2716=LINE('Line',#2713,#2715) ;
#2723=LINE('Line',#2720,#2722) ;
#2735=LINE('Line',#2732,#2734) ;
#2781=LINE('Line',#2778,#2780) ;
#2788=LINE('Line',#2785,#2787) ;
#2795=LINE('Line',#2792,#2794) ;
#2827=LINE('Line',#2824,#2826) ;
#2846=LINE('Line',#2843,#2845) ;
#2853=LINE('Line',#2850,#2852) ;
#2860=LINE('Line',#2857,#2859) ;
#2877=LINE('Line',#2874,#2876) ;
#2886=LINE('Line',#2883,#2885) ;
#2891=LINE('Line',#2888,#2890) ;
#2991=LINE('Line',#2988,#2990) ;
#3005=LINE('Line',#3002,#3004) ;
#3053=LINE('Line',#3050,#3052) ;
#3067=LINE('Line',#3064,#3066) ;
#3115=LINE('Line',#3112,#3114) ;
#3129=LINE('Line',#3126,#3128) ;
#3168=LINE('Line',#3165,#3167) ;
#3184=LINE('Line',#3181,#3183) ;
#3225=LINE('Line',#3222,#3224) ;
#3241=LINE('Line',#3238,#3240) ;
#3277=LINE('Line',#3274,#3276) ;
#3293=LINE('Line',#3290,#3292) ;
#3329=LINE('Line',#3326,#3328) ;
#3345=LINE('Line',#3342,#3344) ;
#3386=LINE('Line',#3383,#3385) ;
#3402=LINE('Line',#3399,#3401) ;
#3426=LINE('Line',#3423,#3425) ;
#3442=LINE('Line',#3439,#3441) ;
#3478=LINE('Line',#3475,#3477) ;
#3494=LINE('Line',#3491,#3493) ;
#3513=LINE('Line',#3510,#3512) ;
#3529=LINE('Line',#3526,#3528) ;
#3570=LINE('Line',#3567,#3569) ;
#3586=LINE('Line',#3583,#3585) ;
#3593=LINE('Line',#3590,#3592) ;
#3600=LINE('Line',#3597,#3599) ;
#3607=LINE('Line',#3604,#3606) ;
#3614=LINE('Line',#3611,#3613) ;
#3621=LINE('Line',#3618,#3620) ;
#3628=LINE('Line',#3625,#3627) ;
#3667=LINE('Line',#3664,#3666) ;
#3681=LINE('Line',#3678,#3680) ;
#3698=LINE('Line',#3695,#3697) ;
#3705=LINE('Line',#3702,#3704) ;
#3712=LINE('Line',#3709,#3711) ;
#3733=LINE('Line',#3730,#3732) ;
#3742=LINE('Line',#3739,#3741) ;
#3747=LINE('Line',#3744,#3746) ;
#3771=LINE('Line',#3768,#3770) ;
#3849=LINE('Line',#3846,#3848) ;
#3866=LINE('Line',#3863,#3865) ;
#3883=LINE('Line',#3880,#3882) ;
#3899=LINE('Line',#3896,#3898) ;
#3954=LINE('Line',#3951,#3953) ;
#3961=LINE('Line',#3958,#3960) ;
#3968=LINE('Line',#3965,#3967) ;
#3982=LINE('Line',#3979,#3981) ;
#4033=LINE('Line',#4030,#4032) ;
#4038=LINE('Line',#4035,#4037) ;
#4142=LINE('Line',#4139,#4141) ;
#4156=LINE('Line',#4153,#4155) ;
#4161=LINE('Line',#4158,#4160) ;
#4182=LINE('Line',#4179,#4181) ;
#4189=LINE('Line',#4186,#4188) ;
#4213=LINE('Line',#4210,#4212) ;
#4230=LINE('Line',#4227,#4229) ;
#4239=LINE('Line',#4236,#4238) ;
#4246=LINE('Line',#4243,#4245) ;
#4251=LINE('Line',#4248,#4250) ;
#4265=LINE('Line',#4262,#4264) ;
#4295=LINE('Line',#4292,#4294) ;
#4350=LINE('Line',#4347,#4349) ;
#4357=LINE('Line',#4354,#4356) ;
#4364=LINE('Line',#4361,#4363) ;
#4399=LINE('Line',#4396,#4398) ;
#4485=LINE('Line',#4482,#4484) ;
#4492=LINE('Line',#4489,#4491) ;
#4499=LINE('Line',#4496,#4498) ;
#4504=LINE('Line',#4501,#4503) ;
#4523=LINE('Line',#4520,#4522) ;
#4530=LINE('Line',#4527,#4529) ;
#4551=LINE('Line',#4548,#4550) ;
#4558=LINE('Line',#4555,#4557) ;
#4565=LINE('Line',#4562,#4564) ;
#4589=LINE('Line',#4586,#4588) ;
#4603=LINE('Line',#4600,#4602) ;
#4627=LINE('Line',#4624,#4626) ;
#4636=LINE('Line',#4633,#4635) ;
#4641=LINE('Line',#4638,#4640) ;
#4672=LINE('Line',#4669,#4671) ;
#4689=LINE('Line',#4686,#4688) ;
#4703=LINE('Line',#4700,#4702) ;
#4722=LINE('Line',#4719,#4721) ;
#4731=LINE('Line',#4728,#4730) ;
#4736=LINE('Line',#4733,#4735) ;
#4767=LINE('Line',#4764,#4766) ;
#4784=LINE('Line',#4781,#4783) ;
#4793=LINE('Line',#4790,#4792) ;
#4798=LINE('Line',#4795,#4797) ;
#4815=LINE('Line',#4812,#4814) ;
#4822=LINE('Line',#4819,#4821) ;
#4829=LINE('Line',#4826,#4828) ;
#4846=LINE('Line',#4843,#4845) ;
#4853=LINE('Line',#4850,#4852) ;
#4860=LINE('Line',#4857,#4859) ;
#4937=LINE('Line',#4934,#4936) ;
#4946=LINE('Line',#4943,#4945) ;
#4951=LINE('Line',#4948,#4950) ;
#4963=LINE('Line',#4960,#4962) ;
#4970=LINE('Line',#4967,#4969) ;
#4977=LINE('Line',#4974,#4976) ;
#5028=LINE('Line',#5025,#5027) ;
#5035=LINE('Line',#5032,#5034) ;
#5042=LINE('Line',#5039,#5041) ;
#5085=LINE('Line',#5082,#5084) ;
#5113=LINE('Line',#5110,#5112) ;
#5118=LINE('Line',#5115,#5117) ;
#5125=LINE('Line',#5122,#5124) ;
#5144=LINE('Line',#5141,#5143) ;
#5151=LINE('Line',#5148,#5150) ;
#5177=LINE('Line',#5174,#5176) ;
#5184=LINE('Line',#5181,#5183) ;
#5191=LINE('Line',#5188,#5190) ;
#5210=LINE('Line',#5207,#5209) ;
#5240=LINE('Line',#5237,#5239) ;
#5270=LINE('Line',#5267,#5269) ;
#5346=LINE('Line',#5343,#5345) ;
#5366=LINE('Line',#5363,#5365) ;
#5392=LINE('Line',#5389,#5391) ;
#5410=LINE('Line',#5407,#5409) ;
#5440=LINE('Line',#5437,#5439) ;
#5509=LINE('Line',#5506,#5508) ;
#5536=LINE('Line',#5533,#5535) ;
#5564=LINE('Line',#5561,#5563) ;
#5578=LINE('Line',#5575,#5577) ;
#5595=LINE('Line',#5592,#5594) ;
#5602=LINE('Line',#5599,#5601) ;
#5609=LINE('Line',#5606,#5608) ;
#5626=LINE('Line',#5623,#5625) ;
#5633=LINE('Line',#5630,#5632) ;
#5640=LINE('Line',#5637,#5639) ;
#5652=LINE('Line',#5649,#5651) ;
#5698=LINE('Line',#5695,#5697) ;
#5705=LINE('Line',#5702,#5704) ;
#5712=LINE('Line',#5709,#5711) ;
#5744=LINE('Line',#5741,#5743) ;
#5763=LINE('Line',#5760,#5762) ;
#5770=LINE('Line',#5767,#5769) ;
#5777=LINE('Line',#5774,#5776) ;
#5794=LINE('Line',#5791,#5793) ;
#5803=LINE('Line',#5800,#5802) ;
#5808=LINE('Line',#5805,#5807) ;
#2=MECHANICAL_CONTEXT(' ',#1,'mechanical') ;
#24=PERSONAL_ADDRESS(' ',' ',' ',' ',' ',' ',' ',' ',' ',' ',' ',' ',(#22),' ') ;
#649=PLANE('',#648) ;
#777=PLANE('',#776) ;
#812=PLANE('',#811) ;
#1221=PLANE('',#1220) ;
#1261=PLANE('',#1260) ;
#1309=PLANE('',#1308) ;
#1543=PLANE('',#1542) ;
#1602=PLANE('',#1601) ;
#1706=PLANE('',#1705) ;
#1863=PLANE('',#1862) ;
#1894=PLANE('',#1893) ;
#1925=PLANE('',#1924) ;
#1975=PLANE('',#1974) ;
#2073=PLANE('',#2072) ;
#2107=PLANE('',#2106) ;
#2223=PLANE('',#2222) ;
#2289=PLANE('',#2288) ;
#2319=PLANE('',#2318) ;
#2464=PLANE('',#2463) ;
#2674=PLANE('',#2673) ;
#2705=PLANE('',#2704) ;
#2777=PLANE('',#2776) ;
#2873=PLANE('',#2872) ;
#2923=PLANE('',#2922) ;
#3566=PLANE('',#3565) ;
#3694=PLANE('',#3693) ;
#3729=PLANE('',#3728) ;
#4138=PLANE('',#4137) ;
#4178=PLANE('',#4177) ;
#4226=PLANE('',#4225) ;
#4460=PLANE('',#4459) ;
#4519=PLANE('',#4518) ;
#4623=PLANE('',#4622) ;
#4780=PLANE('',#4779) ;
#4811=PLANE('',#4810) ;
#4842=PLANE('',#4841) ;
#4892=PLANE('',#4891) ;
#4990=PLANE('',#4989) ;
#5024=PLANE('',#5023) ;
#5140=PLANE('',#5139) ;
#5206=PLANE('',#5205) ;
#5236=PLANE('',#5235) ;
#5381=PLANE('',#5380) ;
#5591=PLANE('',#5590) ;
#5622=PLANE('',#5621) ;
#5694=PLANE('',#5693) ;
#5790=PLANE('',#5789) ;
#5840=PLANE('',#5839) ;
#43=PLANE_ANGLE_MEASURE_WITH_UNIT(PLANE_ANGLE_MEASURE(0.0174532925199),#42) ;
#7=PRODUCT_CATEGORY('part',$) ;
#9=PRODUCT_CATEGORY_RELATIONSHIP(' ',' ',#7,#8) ;
#6=PRODUCT_DEFINITION_FORMATION_WITH_SPECIFIED_SOURCE('',' ',#5,.NOT_KNOWN.) ;
#8=PRODUCT_RELATED_PRODUCT_CATEGORY('detail',$,(#5)) ;
#50=SHAPE_DEFINITION_REPRESENTATION(#40,#49) ;
#874=SPHERICAL_SURFACE('',#873,2.5) ;
#912=SPHERICAL_SURFACE('',#911,2.5) ;
#1080=SPHERICAL_SURFACE('',#1079,2.5) ;
#1134=SPHERICAL_SURFACE('',#1133,2.5) ;
#1462=SPHERICAL_SURFACE('',#1461,2.5) ;
#1495=SPHERICAL_SURFACE('',#1494,2.5) ;
#3791=SPHERICAL_SURFACE('',#3790,2.5) ;
#3829=SPHERICAL_SURFACE('',#3828,2.5) ;
#3997=SPHERICAL_SURFACE('',#3996,2.5) ;
#4051=SPHERICAL_SURFACE('',#4050,2.5) ;
#4379=SPHERICAL_SURFACE('',#4378,2.5) ;
#4412=SPHERICAL_SURFACE('',#4411,2.5) ;
#67=VERTEX_POINT('',#66) ;
#69=VERTEX_POINT('',#68) ;
#76=VERTEX_POINT('',#75) ;
#83=VERTEX_POINT('',#82) ;
#129=VERTEX_POINT('',#128) ;
#131=VERTEX_POINT('',#130) ;
#138=VERTEX_POINT('',#137) ;
#145=VERTEX_POINT('',#144) ;
#191=VERTEX_POINT('',#190) ;
#193=VERTEX_POINT('',#192) ;
#200=VERTEX_POINT('',#199) ;
#207=VERTEX_POINT('',#206) ;
#253=VERTEX_POINT('',#252) ;
#255=VERTEX_POINT('',#254) ;
#262=VERTEX_POINT('',#261) ;
#269=VERTEX_POINT('',#268) ;
#310=VERTEX_POINT('',#309) ;
#312=VERTEX_POINT('',#311) ;
#319=VERTEX_POINT('',#318) ;
#326=VERTEX_POINT('',#325) ;
#362=VERTEX_POINT('',#361) ;
#364=VERTEX_POINT('',#363) ;
#371=VERTEX_POINT('',#370) ;
#378=VERTEX_POINT('',#377) ;
#414=VERTEX_POINT('',#413) ;
#416=VERTEX_POINT('',#415) ;
#423=VERTEX_POINT('',#422) ;
#430=VERTEX_POINT('',#429) ;
#471=VERTEX_POINT('',#470) ;
#473=VERTEX_POINT('',#472) ;
#480=VERTEX_POINT('',#479) ;
#487=VERTEX_POINT('',#486) ;
#511=VERTEX_POINT('',#510) ;
#513=VERTEX_POINT('',#512) ;
#520=VERTEX_POINT('',#519) ;
#527=VERTEX_POINT('',#526) ;
#563=VERTEX_POINT('',#562) ;
#565=VERTEX_POINT('',#564) ;
#572=VERTEX_POINT('',#571) ;
#579=VERTEX_POINT('',#578) ;
#598=VERTEX_POINT('',#597) ;
#600=VERTEX_POINT('',#599) ;
#607=VERTEX_POINT('',#606) ;
#614=VERTEX_POINT('',#613) ;
#655=VERTEX_POINT('',#654) ;
#657=VERTEX_POINT('',#656) ;
#664=VERTEX_POINT('',#663) ;
#671=VERTEX_POINT('',#670) ;
#678=VERTEX_POINT('',#677) ;
#685=VERTEX_POINT('',#684) ;
#692=VERTEX_POINT('',#691) ;
#699=VERTEX_POINT('',#698) ;
#706=VERTEX_POINT('',#705) ;
#713=VERTEX_POINT('',#712) ;
#743=VERTEX_POINT('',#742) ;
#745=VERTEX_POINT('',#744) ;
#752=VERTEX_POINT('',#751) ;
#759=VERTEX_POINT('',#758) ;
#783=VERTEX_POINT('',#782) ;
#790=VERTEX_POINT('',#789) ;
#818=VERTEX_POINT('',#817) ;
#820=VERTEX_POINT('',#819) ;
#849=VERTEX_POINT('',#848) ;
#856=VERTEX_POINT('',#855) ;
#968=VERTEX_POINT('',#967) ;
#970=VERTEX_POINT('',#969) ;
#977=VERTEX_POINT('',#976) ;
#984=VERTEX_POINT('',#983) ;
#1008=VERTEX_POINT('',#1007) ;
#1015=VERTEX_POINT('',#1014) ;
#1039=VERTEX_POINT('',#1038) ;
#1046=VERTEX_POINT('',#1045) ;
#1053=VERTEX_POINT('',#1052) ;
#1060=VERTEX_POINT('',#1059) ;
#1086=VERTEX_POINT('',#1085) ;
#1109=VERTEX_POINT('',#1108) ;
#1111=VERTEX_POINT('',#1110) ;
#1141=VERTEX_POINT('',#1140) ;
#1227=VERTEX_POINT('',#1226) ;
#1234=VERTEX_POINT('',#1233) ;
#1267=VERTEX_POINT('',#1266) ;
#1291=VERTEX_POINT('',#1290) ;
#1315=VERTEX_POINT('',#1314) ;
#1317=VERTEX_POINT('',#1316) ;
#1324=VERTEX_POINT('',#1323) ;
#1336=VERTEX_POINT('',#1335) ;
#1343=VERTEX_POINT('',#1342) ;
#1373=VERTEX_POINT('',#1372) ;
#1380=VERTEX_POINT('',#1379) ;
#1404=VERTEX_POINT('',#1403) ;
#1428=VERTEX_POINT('',#1427) ;
#1435=VERTEX_POINT('',#1434) ;
#1442=VERTEX_POINT('',#1441) ;
#1502=VERTEX_POINT('',#1501) ;
#1561=VERTEX_POINT('',#1560) ;
#1563=VERTEX_POINT('',#1562) ;
#1570=VERTEX_POINT('',#1569) ;
#1577=VERTEX_POINT('',#1576) ;
#1608=VERTEX_POINT('',#1607) ;
#1636=VERTEX_POINT('',#1635) ;
#1643=VERTEX_POINT('',#1642) ;
#1674=VERTEX_POINT('',#1673) ;
#1681=VERTEX_POINT('',#1680) ;
#1688=VERTEX_POINT('',#1687) ;
#1712=VERTEX_POINT('',#1711) ;
#1714=VERTEX_POINT('',#1713) ;
#1743=VERTEX_POINT('',#1742) ;
#1750=VERTEX_POINT('',#1749) ;
#1774=VERTEX_POINT('',#1773) ;
#1781=VERTEX_POINT('',#1780) ;
#1788=VERTEX_POINT('',#1787) ;
#1807=VERTEX_POINT('',#1806) ;
#1809=VERTEX_POINT('',#1808) ;
#1838=VERTEX_POINT('',#1837) ;
#1845=VERTEX_POINT('',#1844) ;
#1869=VERTEX_POINT('',#1868) ;
#1871=VERTEX_POINT('',#1870) ;
#1900=VERTEX_POINT('',#1899) ;
#1907=VERTEX_POINT('',#1906) ;
#1931=VERTEX_POINT('',#1930) ;
#1938=VERTEX_POINT('',#1937) ;
#2022=VERTEX_POINT('',#2021) ;
#2024=VERTEX_POINT('',#2023) ;
#2048=VERTEX_POINT('',#2047) ;
#2055=VERTEX_POINT('',#2054) ;
#2113=VERTEX_POINT('',#2112) ;
#2120=VERTEX_POINT('',#2119) ;
#2170=VERTEX_POINT('',#2169) ;
#2172=VERTEX_POINT('',#2171) ;
#2191=VERTEX_POINT('',#2190) ;
#2203=VERTEX_POINT('',#2202) ;
#2229=VERTEX_POINT('',#2228) ;
#2262=VERTEX_POINT('',#2261) ;
#2269=VERTEX_POINT('',#2268) ;
#2295=VERTEX_POINT('',#2294) ;
#2325=VERTEX_POINT('',#2324) ;
#2348=VERTEX_POINT('',#2347) ;
#2378=VERTEX_POINT('',#2377) ;
#2409=VERTEX_POINT('',#2408) ;
#2411=VERTEX_POINT('',#2410) ;
#2424=VERTEX_POINT('',#2423) ;
#2470=VERTEX_POINT('',#2469) ;
#2495=VERTEX_POINT('',#2494) ;
#2518=VERTEX_POINT('',#2517) ;
#2553=VERTEX_POINT('',#2552) ;
#2580=VERTEX_POINT('',#2579) ;
#2587=VERTEX_POINT('',#2586) ;
#2594=VERTEX_POINT('',#2593) ;
#2640=VERTEX_POINT('',#2639) ;
#2642=VERTEX_POINT('',#2641) ;
#2649=VERTEX_POINT('',#2648) ;
#2656=VERTEX_POINT('',#2655) ;
#2680=VERTEX_POINT('',#2679) ;
#2687=VERTEX_POINT('',#2686) ;
#2711=VERTEX_POINT('',#2710) ;
#2718=VERTEX_POINT('',#2717) ;
#2783=VERTEX_POINT('',#2782) ;
#2790=VERTEX_POINT('',#2789) ;
#2822=VERTEX_POINT('',#2821) ;
#2829=VERTEX_POINT('',#2828) ;
#2848=VERTEX_POINT('',#2847) ;
#2855=VERTEX_POINT('',#2854) ;
#2879=VERTEX_POINT('',#2878) ;
#2881=VERTEX_POINT('',#2880) ;
#2984=VERTEX_POINT('',#2983) ;
#2986=VERTEX_POINT('',#2985) ;
#2993=VERTEX_POINT('',#2992) ;
#3000=VERTEX_POINT('',#2999) ;
#3046=VERTEX_POINT('',#3045) ;
#3048=VERTEX_POINT('',#3047) ;
#3055=VERTEX_POINT('',#3054) ;
#3062=VERTEX_POINT('',#3061) ;
#3108=VERTEX_POINT('',#3107) ;
#3110=VERTEX_POINT('',#3109) ;
#3117=VERTEX_POINT('',#3116) ;
#3124=VERTEX_POINT('',#3123) ;
#3170=VERTEX_POINT('',#3169) ;
#3172=VERTEX_POINT('',#3171) ;
#3179=VERTEX_POINT('',#3178) ;
#3186=VERTEX_POINT('',#3185) ;
#3227=VERTEX_POINT('',#3226) ;
#3229=VERTEX_POINT('',#3228) ;
#3236=VERTEX_POINT('',#3235) ;
#3243=VERTEX_POINT('',#3242) ;
#3279=VERTEX_POINT('',#3278) ;
#3281=VERTEX_POINT('',#3280) ;
#3288=VERTEX_POINT('',#3287) ;
#3295=VERTEX_POINT('',#3294) ;
#3331=VERTEX_POINT('',#3330) ;
#3333=VERTEX_POINT('',#3332) ;
#3340=VERTEX_POINT('',#3339) ;
#3347=VERTEX_POINT('',#3346) ;
#3388=VERTEX_POINT('',#3387) ;
#3390=VERTEX_POINT('',#3389) ;
#3397=VERTEX_POINT('',#3396) ;
#3404=VERTEX_POINT('',#3403) ;
#3428=VERTEX_POINT('',#3427) ;
#3430=VERTEX_POINT('',#3429) ;
#3437=VERTEX_POINT('',#3436) ;
#3444=VERTEX_POINT('',#3443) ;
#3480=VERTEX_POINT('',#3479) ;
#3482=VERTEX_POINT('',#3481) ;
#3489=VERTEX_POINT('',#3488) ;
#3496=VERTEX_POINT('',#3495) ;
#3515=VERTEX_POINT('',#3514) ;
#3517=VERTEX_POINT('',#3516) ;
#3524=VERTEX_POINT('',#3523) ;
#3531=VERTEX_POINT('',#3530) ;
#3572=VERTEX_POINT('',#3571) ;
#3574=VERTEX_POINT('',#3573) ;
#3581=VERTEX_POINT('',#3580) ;
#3588=VERTEX_POINT('',#3587) ;
#3595=VERTEX_POINT('',#3594) ;
#3602=VERTEX_POINT('',#3601) ;
#3609=VERTEX_POINT('',#3608) ;
#3616=VERTEX_POINT('',#3615) ;
#3623=VERTEX_POINT('',#3622) ;
#3630=VERTEX_POINT('',#3629) ;
#3660=VERTEX_POINT('',#3659) ;
#3662=VERTEX_POINT('',#3661) ;
#3669=VERTEX_POINT('',#3668) ;
#3676=VERTEX_POINT('',#3675) ;
#3700=VERTEX_POINT('',#3699) ;
#3707=VERTEX_POINT('',#3706) ;
#3735=VERTEX_POINT('',#3734) ;
#3737=VERTEX_POINT('',#3736) ;
#3766=VERTEX_POINT('',#3765) ;
#3773=VERTEX_POINT('',#3772) ;
#3885=VERTEX_POINT('',#3884) ;
#3887=VERTEX_POINT('',#3886) ;
#3894=VERTEX_POINT('',#3893) ;
#3901=VERTEX_POINT('',#3900) ;
#3925=VERTEX_POINT('',#3924) ;
#3932=VERTEX_POINT('',#3931) ;
#3956=VERTEX_POINT('',#3955) ;
#3963=VERTEX_POINT('',#3962) ;
#3970=VERTEX_POINT('',#3969) ;
#3977=VERTEX_POINT('',#3976) ;
#4003=VERTEX_POINT('',#4002) ;
#4026=VERTEX_POINT('',#4025) ;
#4028=VERTEX_POINT('',#4027) ;
#4058=VERTEX_POINT('',#4057) ;
#4144=VERTEX_POINT('',#4143) ;
#4151=VERTEX_POINT('',#4150) ;
#4184=VERTEX_POINT('',#4183) ;
#4208=VERTEX_POINT('',#4207) ;
#4232=VERTEX_POINT('',#4231) ;
#4234=VERTEX_POINT('',#4233) ;
#4241=VERTEX_POINT('',#4240) ;
#4253=VERTEX_POINT('',#4252) ;
#4260=VERTEX_POINT('',#4259) ;
#4290=VERTEX_POINT('',#4289) ;
#4297=VERTEX_POINT('',#4296) ;
#4321=VERTEX_POINT('',#4320) ;
#4345=VERTEX_POINT('',#4344) ;
#4352=VERTEX_POINT('',#4351) ;
#4359=VERTEX_POINT('',#4358) ;
#4419=VERTEX_POINT('',#4418) ;
#4478=VERTEX_POINT('',#4477) ;
#4480=VERTEX_POINT('',#4479) ;
#4487=VERTEX_POINT('',#4486) ;
#4494=VERTEX_POINT('',#4493) ;
#4525=VERTEX_POINT('',#4524) ;
#4553=VERTEX_POINT('',#4552) ;
#4560=VERTEX_POINT('',#4559) ;
#4591=VERTEX_POINT('',#4590) ;
#4598=VERTEX_POINT('',#4597) ;
#4605=VERTEX_POINT('',#4604) ;
#4629=VERTEX_POINT('',#4628) ;
#4631=VERTEX_POINT('',#4630) ;
#4660=VERTEX_POINT('',#4659) ;
#4667=VERTEX_POINT('',#4666) ;
#4691=VERTEX_POINT('',#4690) ;
#4698=VERTEX_POINT('',#4697) ;
#4705=VERTEX_POINT('',#4704) ;
#4724=VERTEX_POINT('',#4723) ;
#4726=VERTEX_POINT('',#4725) ;
#4755=VERTEX_POINT('',#4754) ;
#4762=VERTEX_POINT('',#4761) ;
#4786=VERTEX_POINT('',#4785) ;
#4788=VERTEX_POINT('',#4787) ;
#4817=VERTEX_POINT('',#4816) ;
#4824=VERTEX_POINT('',#4823) ;
#4848=VERTEX_POINT('',#4847) ;
#4855=VERTEX_POINT('',#4854) ;
#4939=VERTEX_POINT('',#4938) ;
#4941=VERTEX_POINT('',#4940) ;
#4965=VERTEX_POINT('',#4964) ;
#4972=VERTEX_POINT('',#4971) ;
#5030=VERTEX_POINT('',#5029) ;
#5037=VERTEX_POINT('',#5036) ;
#5087=VERTEX_POINT('',#5086) ;
#5089=VERTEX_POINT('',#5088) ;
#5108=VERTEX_POINT('',#5107) ;
#5120=VERTEX_POINT('',#5119) ;
#5146=VERTEX_POINT('',#5145) ;
#5179=VERTEX_POINT('',#5178) ;
#5186=VERTEX_POINT('',#5185) ;
#5212=VERTEX_POINT('',#5211) ;
#5242=VERTEX_POINT('',#5241) ;
#5265=VERTEX_POINT('',#5264) ;
#5295=VERTEX_POINT('',#5294) ;
#5326=VERTEX_POINT('',#5325) ;
#5328=VERTEX_POINT('',#5327) ;
#5341=VERTEX_POINT('',#5340) ;
#5387=VERTEX_POINT('',#5386) ;
#5412=VERTEX_POINT('',#5411) ;
#5435=VERTEX_POINT('',#5434) ;
#5470=VERTEX_POINT('',#5469) ;
#5497=VERTEX_POINT('',#5496) ;
#5504=VERTEX_POINT('',#5503) ;
#5511=VERTEX_POINT('',#5510) ;
#5557=VERTEX_POINT('',#5556) ;
#5559=VERTEX_POINT('',#5558) ;
#5566=VERTEX_POINT('',#5565) ;
#5573=VERTEX_POINT('',#5572) ;
#5597=VERTEX_POINT('',#5596) ;
#5604=VERTEX_POINT('',#5603) ;
#5628=VERTEX_POINT('',#5627) ;
#5635=VERTEX_POINT('',#5634) ;
#5700=VERTEX_POINT('',#5699) ;
#5707=VERTEX_POINT('',#5706) ;
#5739=VERTEX_POINT('',#5738) ;
#5746=VERTEX_POINT('',#5745) ;
#5765=VERTEX_POINT('',#5764) ;
#5772=VERTEX_POINT('',#5771) ;
#5796=VERTEX_POINT('',#5795) ;
#5798=VERTEX_POINT('',#5797) ;
#41=(LENGTH_UNIT()NAMED_UNIT(*)SI_UNIT(.MILLI.,.METRE.)) ;
#42=(NAMED_UNIT(*)PLANE_ANGLE_UNIT()SI_UNIT($,.RADIAN.)) ;
#44=(NAMED_UNIT(*)SI_UNIT($,.STERADIAN.)SOLID_ANGLE_UNIT()) ;
#46=(GEOMETRIC_REPRESENTATION_CONTEXT(3)GLOBAL_UNCERTAINTY_ASSIGNED_CONTEXT((#45))GLOBAL_UNIT_ASSIGNED_CONTEXT((#41,#42,#44))REPRESENTATION_CONTEXT(' ',' ')) ;
ENDSEC;
END-ISO-10303-21;
