ISO-10303-21;
HEADER;
FILE_DESCRIPTION(('CATIA V5 STEP Exchange'),'2;1');

FILE_NAME('C:\\Users\\Hashaam\\Documents\\CAD_Project\\review\\Part 2&3.stp','2026-10-06T14:10:58+00:00',('none'),('none'),'CATIA Version 5 Release 21 GA (IN-10)','CATIA V5 STEP AP203','none');

FILE_SCHEMA(('CONFIG_CONTROL_DESIGN'));

ENDSEC;
/* file written by CATIA V5R21 */
DATA;
#5=PRODUCT('Brake_Platform_2','','',(#2)) ;
#1=APPLICATION_CONTEXT('configuration controlled 3D design of mechanical parts and assemblies') ;
#14=PRODUCT_DEFINITION('',' ',#6,#3) ;
#16=SECURITY_CLASSIFICATION(' ',' ',#15) ;
#15=SECURITY_CLASSIFICATION_LEVEL('unclassified') ;
#47=CARTESIAN_POINT(' ',(0.,0.,0.)) ;
#52=CARTESIAN_POINT('Axis2P3D Location',(0.,0.,3.11000000001)) ;
#57=CARTESIAN_POINT('Axis2P3D Location',(0.,0.,5.)) ;
#61=CARTESIAN_POINT('Vertex',(-3.91874033223E-016,-3.2,5.)) ;
#63=CARTESIAN_POINT('Vertex',(0.,3.2,5.)) ;
#66=CARTESIAN_POINT('Line Origine',(7.83748066446E-016,3.2,3.11000000001)) ;
#70=CARTESIAN_POINT('Vertex',(0.,3.2,0.)) ;
#73=CARTESIAN_POINT('Axis2P3D Location',(0.,0.,0.)) ;
#77=CARTESIAN_POINT('Vertex',(-3.91874033223E-016,-3.2,0.)) ;
#80=CARTESIAN_POINT('Line Origine',(-3.91874033223E-016,-3.2,3.11000000001)) ;
#92=CARTESIAN_POINT('Axis2P3D Location',(0.,0.,3.11000000001)) ;
#97=CARTESIAN_POINT('Axis2P3D Location',(0.,0.,5.)) ;
#102=CARTESIAN_POINT('Axis2P3D Location',(0.,0.,0.)) ;
#114=CARTESIAN_POINT('Axis2P3D Location',(0.,58.,3.11000000001)) ;
#119=CARTESIAN_POINT('Axis2P3D Location',(0.,58.,5.)) ;
#123=CARTESIAN_POINT('Vertex',(-3.91874033223E-016,54.8,5.)) ;
#125=CARTESIAN_POINT('Vertex',(0.,61.2,5.)) ;
#128=CARTESIAN_POINT('Line Origine',(7.83748066446E-016,61.2,3.11000000001)) ;
#132=CARTESIAN_POINT('Vertex',(0.,61.2,0.)) ;
#135=CARTESIAN_POINT('Axis2P3D Location',(0.,58.,0.)) ;
#139=CARTESIAN_POINT('Vertex',(-3.91874033223E-016,54.8,0.)) ;
#142=CARTESIAN_POINT('Line Origine',(-3.91874033223E-016,54.8,3.11000000001)) ;
#154=CARTESIAN_POINT('Axis2P3D Location',(0.,58.,3.11000000001)) ;
#159=CARTESIAN_POINT('Axis2P3D Location',(0.,58.,5.)) ;
#164=CARTESIAN_POINT('Axis2P3D Location',(0.,58.,0.)) ;
#176=CARTESIAN_POINT('Axis2P3D Location',(-105.,29.,3.11000000001)) ;
#181=CARTESIAN_POINT('Axis2P3D Location',(-105.,29.,5.)) ;
#185=CARTESIAN_POINT('Vertex',(-105.,25.8,5.)) ;
#187=CARTESIAN_POINT('Vertex',(-105.,32.2,5.)) ;
#190=CARTESIAN_POINT('Line Origine',(-105.,32.2,3.11000000001)) ;
#194=CARTESIAN_POINT('Vertex',(-105.,32.2,0.)) ;
#197=CARTESIAN_POINT('Axis2P3D Location',(-105.,29.,0.)) ;
#201=CARTESIAN_POINT('Vertex',(-105.,25.8,0.)) ;
#204=CARTESIAN_POINT('Line Origine',(-105.,25.8,3.11000000001)) ;
#216=CARTESIAN_POINT('Axis2P3D Location',(-105.,29.,3.11000000001)) ;
#221=CARTESIAN_POINT('Axis2P3D Location',(-105.,29.,5.)) ;
#226=CARTESIAN_POINT('Axis2P3D Location',(-105.,29.,0.)) ;
#238=CARTESIAN_POINT('Axis2P3D Location',(-63.606,29.,15.519)) ;
#243=CARTESIAN_POINT('Line Origine',(-60.856,29.,15.519)) ;
#247=CARTESIAN_POINT('Vertex',(-60.856,36.2,15.519)) ;
#249=CARTESIAN_POINT('Vertex',(-60.856,40.2,15.519)) ;
#252=CARTESIAN_POINT('Axis2P3D Location',(-63.606,40.2,15.519)) ;
#256=CARTESIAN_POINT('Vertex',(-66.356,40.2,15.519)) ;
#259=CARTESIAN_POINT('Line Origine',(-66.356,29.,15.519)) ;
#263=CARTESIAN_POINT('Vertex',(-66.356,36.2,15.519)) ;
#266=CARTESIAN_POINT('Axis2P3D Location',(-63.606,36.2,15.519)) ;
#278=CARTESIAN_POINT('Axis2P3D Location',(-63.606,40.2,15.519)) ;
#283=CARTESIAN_POINT('Axis2P3D Location',(-63.606,36.2,15.519)) ;
#295=CARTESIAN_POINT('Axis2P3D Location',(-93.502,29.,28.83)) ;
#300=CARTESIAN_POINT('Line Origine',(-90.752,29.,28.83)) ;
#304=CARTESIAN_POINT('Vertex',(-90.752,36.2,28.83)) ;
#306=CARTESIAN_POINT('Vertex',(-90.752,40.2,28.83)) ;
#309=CARTESIAN_POINT('Axis2P3D Location',(-93.502,40.2,28.83)) ;
#313=CARTESIAN_POINT('Vertex',(-96.252,40.2,28.83)) ;
#316=CARTESIAN_POINT('Line Origine',(-96.252,29.,28.83)) ;
#320=CARTESIAN_POINT('Vertex',(-96.252,36.2,28.83)) ;
#323=CARTESIAN_POINT('Axis2P3D Location',(-93.502,36.2,28.83)) ;
#335=CARTESIAN_POINT('Axis2P3D Location',(-93.502,40.2,28.83)) ;
#340=CARTESIAN_POINT('Axis2P3D Location',(-93.502,36.2,28.83)) ;
#352=CARTESIAN_POINT('Line Origine',(-66.356,29.,15.519)) ;
#356=CARTESIAN_POINT('Vertex',(-66.356,17.8,15.519)) ;
#358=CARTESIAN_POINT('Vertex',(-66.356,21.8,15.519)) ;
#361=CARTESIAN_POINT('Axis2P3D Location',(-63.606,17.8,15.519)) ;
#365=CARTESIAN_POINT('Vertex',(-60.856,17.8,15.519)) ;
#368=CARTESIAN_POINT('Line Origine',(-60.856,29.,15.519)) ;
#372=CARTESIAN_POINT('Vertex',(-60.856,21.8,15.519)) ;
#375=CARTESIAN_POINT('Axis2P3D Location',(-63.606,21.8,15.519)) ;
#387=CARTESIAN_POINT('Axis2P3D Location',(-63.606,17.8,15.519)) ;
#392=CARTESIAN_POINT('Axis2P3D Location',(-63.606,21.8,15.519)) ;
#404=CARTESIAN_POINT('Line Origine',(-96.252,29.,28.83)) ;
#408=CARTESIAN_POINT('Vertex',(-96.252,17.8,28.83)) ;
#410=CARTESIAN_POINT('Vertex',(-96.252,21.8,28.83)) ;
#413=CARTESIAN_POINT('Axis2P3D Location',(-93.502,17.8,28.83)) ;
#417=CARTESIAN_POINT('Vertex',(-90.752,17.8,28.83)) ;
#420=CARTESIAN_POINT('Line Origine',(-90.752,29.,28.83)) ;
#424=CARTESIAN_POINT('Vertex',(-90.752,21.8,28.83)) ;
#427=CARTESIAN_POINT('Axis2P3D Location',(-93.502,21.8,28.83)) ;
#439=CARTESIAN_POINT('Axis2P3D Location',(-93.502,17.8,28.83)) ;
#444=CARTESIAN_POINT('Axis2P3D Location',(-93.502,21.8,28.83)) ;
#456=CARTESIAN_POINT('Axis2P3D Location',(0.,28.4889999996,19.)) ;
#461=CARTESIAN_POINT('Line Origine',(11.2103703571,28.4889999996,21.5646825255)) ;
#465=CARTESIAN_POINT('Vertex',(11.2103703571,43.,21.5646825255)) ;
#467=CARTESIAN_POINT('Vertex',(11.2103703571,39.,21.5646825255)) ;
#470=CARTESIAN_POINT('Axis2P3D Location',(0.,43.,19.)) ;
#474=CARTESIAN_POINT('Vertex',(-11.2103703571,43.,21.5646825255)) ;
#477=CARTESIAN_POINT('Line Origine',(-11.2103703571,28.4889999996,21.5646825255)) ;
#481=CARTESIAN_POINT('Vertex',(-11.2103703571,39.,21.5646825255)) ;
#484=CARTESIAN_POINT('Axis2P3D Location',(0.,39.,19.)) ;
#496=CARTESIAN_POINT('Axis2P3D Location',(0.,29.,19.)) ;
#501=CARTESIAN_POINT('Line Origine',(-4.,29.,19.)) ;
#505=CARTESIAN_POINT('Vertex',(-4.,39.,19.)) ;
#507=CARTESIAN_POINT('Vertex',(-4.,43.,19.)) ;
#510=CARTESIAN_POINT('Axis2P3D Location',(0.,43.,19.)) ;
#514=CARTESIAN_POINT('Vertex',(4.,43.,19.)) ;
#517=CARTESIAN_POINT('Line Origine',(4.,29.,19.)) ;
#521=CARTESIAN_POINT('Vertex',(4.,39.,19.)) ;
#524=CARTESIAN_POINT('Axis2P3D Location',(0.,39.,19.)) ;
#536=CARTESIAN_POINT('Axis2P3D Location',(0.,43.,19.)) ;
#541=CARTESIAN_POINT('Axis2P3D Location',(0.,39.,19.)) ;
#553=CARTESIAN_POINT('Line Origine',(-11.2103703571,28.4889999996,21.5646825255)) ;
#557=CARTESIAN_POINT('Vertex',(-11.2103703571,19.,21.5646825255)) ;
#559=CARTESIAN_POINT('Vertex',(-11.2103703571,15.,21.5646825255)) ;
#562=CARTESIAN_POINT('Axis2P3D Location',(0.,15.,19.)) ;
#566=CARTESIAN_POINT('Vertex',(11.2103703571,15.,21.5646825255)) ;
#569=CARTESIAN_POINT('Line Origine',(11.2103703571,28.4889999996,21.5646825255)) ;
#573=CARTESIAN_POINT('Vertex',(11.2103703571,19.,21.5646825255)) ;
#576=CARTESIAN_POINT('Axis2P3D Location',(0.,19.,19.)) ;
#588=CARTESIAN_POINT('Line Origine',(4.,29.,19.)) ;
#592=CARTESIAN_POINT('Vertex',(4.,15.,19.)) ;
#594=CARTESIAN_POINT('Vertex',(4.,19.,19.)) ;
#597=CARTESIAN_POINT('Axis2P3D Location',(0.,15.,19.)) ;
#601=CARTESIAN_POINT('Vertex',(-4.,15.,19.)) ;
#604=CARTESIAN_POINT('Line Origine',(-4.,29.,19.)) ;
#608=CARTESIAN_POINT('Vertex',(-4.,19.,19.)) ;
#611=CARTESIAN_POINT('Axis2P3D Location',(0.,19.,19.)) ;
#623=CARTESIAN_POINT('Axis2P3D Location',(0.,15.,19.)) ;
#628=CARTESIAN_POINT('Axis2P3D Location',(0.,19.,19.)) ;
#640=CARTESIAN_POINT('Axis2P3D Location',(-112.,40.2,0.)) ;
#645=CARTESIAN_POINT('Line Origine',(-112.,29.,5.)) ;
#649=CARTESIAN_POINT('Vertex',(-112.,33.7,5.)) ;
#651=CARTESIAN_POINT('Vertex',(-112.,24.3,5.)) ;
#654=CARTESIAN_POINT('Axis2P3D Location',(-112.,33.7,7.5)) ;
#658=CARTESIAN_POINT('Vertex',(-112.,36.2,7.5)) ;
#661=CARTESIAN_POINT('Line Origine',(-112.,36.2,14.75)) ;
#665=CARTESIAN_POINT('Vertex',(-112.,36.2,22.)) ;
#668=CARTESIAN_POINT('Line Origine',(-112.,38.2,22.)) ;
#672=CARTESIAN_POINT('Vertex',(-112.,40.2,22.)) ;
#675=CARTESIAN_POINT('Line Origine',(-112.,40.2,11.)) ;
#679=CARTESIAN_POINT('Vertex',(-112.,40.2,0.)) ;
#682=CARTESIAN_POINT('Line Origine',(-112.,29.,0.)) ;
#686=CARTESIAN_POINT('Vertex',(-112.,17.8,0.)) ;
#689=CARTESIAN_POINT('Line Origine',(-112.,17.8,11.)) ;
#693=CARTESIAN_POINT('Vertex',(-112.,17.8,22.)) ;
#696=CARTESIAN_POINT('Line Origine',(-112.,19.8,22.)) ;
#700=CARTESIAN_POINT('Vertex',(-112.,21.8,22.)) ;
#703=CARTESIAN_POINT('Line Origine',(-112.,21.8,14.75)) ;
#707=CARTESIAN_POINT('Vertex',(-112.,21.8,7.5)) ;
#710=CARTESIAN_POINT('Axis2P3D Location',(-112.,24.3,7.5)) ;
#728=CARTESIAN_POINT('Axis2P3D Location',(-100.,33.7,20.1580225957)) ;
#733=CARTESIAN_POINT('Axis2P3D Location',(-100.,33.7,7.5)) ;
#737=CARTESIAN_POINT('Vertex',(-97.5,33.7,7.5)) ;
#739=CARTESIAN_POINT('Vertex',(-100.,36.2,7.5)) ;
#742=CARTESIAN_POINT('Line Origine',(-97.5,33.7,20.1580225957)) ;
#746=CARTESIAN_POINT('Vertex',(-97.5,33.7,19.5)) ;
#749=CARTESIAN_POINT('Axis2P3D Location',(-100.,33.7,19.5)) ;
#753=CARTESIAN_POINT('Vertex',(-100.,36.2,19.5)) ;
#756=CARTESIAN_POINT('Line Origine',(-100.,36.2,20.1580225957)) ;
#768=CARTESIAN_POINT('Axis2P3D Location',(0.,0.,5.)) ;
#773=CARTESIAN_POINT('Line Origine',(-106.,24.3,5.)) ;
#777=CARTESIAN_POINT('Vertex',(-100.,24.3,5.)) ;
#780=CARTESIAN_POINT('Line Origine',(-100.,29.,5.)) ;
#784=CARTESIAN_POINT('Vertex',(-100.,33.7,5.)) ;
#787=CARTESIAN_POINT('Line Origine',(-106.,33.7,5.)) ;
#803=CARTESIAN_POINT('Axis2P3D Location',(-97.5,36.2,0.)) ;
#808=CARTESIAN_POINT('Line Origine',(-97.5,24.3,13.5)) ;
#812=CARTESIAN_POINT('Vertex',(-97.5,24.3,19.5)) ;
#814=CARTESIAN_POINT('Vertex',(-97.5,24.3,7.5)) ;
#817=CARTESIAN_POINT('Line Origine',(-97.5,29.,19.5)) ;
#822=CARTESIAN_POINT('Line Origine',(-97.5,29.,7.5)) ;
#834=CARTESIAN_POINT('Axis2P3D Location',(-100.,24.3,20.1580225957)) ;
#839=CARTESIAN_POINT('Axis2P3D Location',(-100.,24.3,7.5)) ;
#843=CARTESIAN_POINT('Vertex',(-100.,21.8,7.5)) ;
#846=CARTESIAN_POINT('Line Origine',(-100.,21.8,20.1580225957)) ;
#850=CARTESIAN_POINT('Vertex',(-100.,21.8,19.5)) ;
#853=CARTESIAN_POINT('Axis2P3D Location',(-100.,24.3,19.5)) ;
#865=CARTESIAN_POINT('Axis2P3D Location',(-100.,24.3,7.5)) ;
#870=CARTESIAN_POINT('Axis2P3D Location',(-100.,24.3,7.5)) ;
#875=CARTESIAN_POINT('Axis2P3D Location',(-100.,24.3,7.5)) ;
#886=CARTESIAN_POINT('Axis2P3D Location',(-100.,29.,7.5)) ;
#891=CARTESIAN_POINT('Axis2P3D Location',(-100.,33.7,7.5)) ;
#903=CARTESIAN_POINT('Axis2P3D Location',(-100.,33.7,7.5)) ;
#908=CARTESIAN_POINT('Axis2P3D Location',(-100.,33.7,7.5)) ;
#919=CARTESIAN_POINT('Axis2P3D Location',(-68.8261694253,33.7,7.5)) ;
#924=CARTESIAN_POINT('Line Origine',(-68.8261694253,36.2,7.5)) ;
#936=CARTESIAN_POINT('Axis2P3D Location',(-68.8261694253,24.3,7.5)) ;
#941=CARTESIAN_POINT('Line Origine',(-68.8261694253,21.8,7.5)) ;
#953=CARTESIAN_POINT('Axis2P3D Location',(-32.7405182954,28.9999999982,5.)) ;
#958=CARTESIAN_POINT('Line Origine',(-33.9620267178,31.1812650381,5.)) ;
#962=CARTESIAN_POINT('Vertex',(-20.5691695717,38.6812650399,5.)) ;
#964=CARTESIAN_POINT('Vertex',(-24.4308304283,36.5187349601,5.)) ;
#967=CARTESIAN_POINT('Axis2P3D Location',(-23.209322006,34.3374699203,5.)) ;
#971=CARTESIAN_POINT('Vertex',(-23.209322006,34.3374699203,2.5)) ;
#974=CARTESIAN_POINT('Line Origine',(-32.7405182954,28.9999999982,2.5)) ;
#978=CARTESIAN_POINT('Vertex',(-19.3476611493,36.5,2.5)) ;
#981=CARTESIAN_POINT('Axis2P3D Location',(-19.3476611493,36.5,5.)) ;
#993=CARTESIAN_POINT('Axis2P3D Location',(-25.6523388507,38.7,5.)) ;
#998=CARTESIAN_POINT('Axis2P3D Location',(-25.6523388507,38.7,5.)) ;
#1002=CARTESIAN_POINT('Vertex',(-25.6523388507,36.2,5.)) ;
#1005=CARTESIAN_POINT('Axis2P3D Location',(-25.6523388507,33.7,5.)) ;
#1009=CARTESIAN_POINT('Vertex',(-25.6523388507,33.7,2.5)) ;
#1012=CARTESIAN_POINT('Axis2P3D Location',(-25.6523388507,38.7,2.5)) ;
#1024=CARTESIAN_POINT('Axis2P3D Location',(-46.4347661149,33.7,5.)) ;
#1029=CARTESIAN_POINT('Line Origine',(-46.4347661149,36.2,5.)) ;
#1033=CARTESIAN_POINT('Vertex',(-41.,36.2,5.)) ;
#1036=CARTESIAN_POINT('Line Origine',(-46.4347661149,36.2,5.)) ;
#1040=CARTESIAN_POINT('Vertex',(-46.,36.2,5.)) ;
#1043=CARTESIAN_POINT('Line Origine',(-46.4347661149,36.2,5.)) ;
#1047=CARTESIAN_POINT('Vertex',(-92.,36.2,5.)) ;
#1050=CARTESIAN_POINT('Axis2P3D Location',(-92.,33.7,5.)) ;
#1054=CARTESIAN_POINT('Vertex',(-92.,33.7,2.5)) ;
#1057=CARTESIAN_POINT('Line Origine',(-46.4347661149,33.7,2.5)) ;
#1071=CARTESIAN_POINT('Axis2P3D Location',(-92.,33.7,5.)) ;
#1076=CARTESIAN_POINT('Axis2P3D Location',(-92.,33.7,5.)) ;
#1080=CARTESIAN_POINT('Vertex',(-94.5,33.7,5.)) ;
#1083=CARTESIAN_POINT('Axis2P3D Location',(-92.,33.7,5.)) ;
#1094=CARTESIAN_POINT('Axis2P3D Location',(-92.,33.7,20.1580225957)) ;
#1099=CARTESIAN_POINT('Axis2P3D Location',(-92.,33.7,19.5)) ;
#1103=CARTESIAN_POINT('Vertex',(-94.5,33.7,19.5)) ;
#1105=CARTESIAN_POINT('Vertex',(-92.,36.2,19.5)) ;
#1108=CARTESIAN_POINT('Line Origine',(-94.5,33.7,20.1580225957)) ;
#1113=CARTESIAN_POINT('Line Origine',(-92.,36.2,20.1580225957)) ;
#1125=CARTESIAN_POINT('Axis2P3D Location',(-19.3476611493,36.5,5.)) ;
#1131=CARTESIAN_POINT('Control Point',(-19.3476611493,39.,5.)) ;
#1132=CARTESIAN_POINT('Control Point',(-19.7730636878,39.,5.)) ;
#1133=CARTESIAN_POINT('Control Point',(-20.1980032977,38.8891181533,5.)) ;
#1134=CARTESIAN_POINT('Control Point',(-20.5691695717,38.6812650399,5.)) ;
#1135=CARTESIAN_POINT('Vertex',(-19.3476611493,39.,5.)) ;
#1139=CARTESIAN_POINT('Control Point',(-19.3476611493,39.,5.)) ;
#1140=CARTESIAN_POINT('Control Point',(-19.3476611493,39.,4.95203147643)) ;
#1141=CARTESIAN_POINT('Control Point',(-19.3476611493,38.9988495104,4.90406295285)) ;
#1142=CARTESIAN_POINT('Control Point',(-19.3484086742,38.9965607049,4.85602511329)) ;
#1143=CARTESIAN_POINT('Control Point',(-19.3469136245,38.9895481379,4.75864388336)) ;
#1144=CARTESIAN_POINT('Control Point',(-19.3484086742,38.9774462362,4.65935245507)) ;
#1145=CARTESIAN_POINT('Control Point',(-19.3494869027,38.970120621,4.6092672923)) ;
#1146=CARTESIAN_POINT('Control Point',(-19.3467349644,38.956418445,4.53049063178)) ;
#1147=CARTESIAN_POINT('Control Point',(-19.3481309929,38.9390390563,4.45023568747)) ;
#1148=CARTESIAN_POINT('Control Point',(-19.3483142171,38.9327197028,4.42282249029)) ;
#1149=CARTESIAN_POINT('Control Point',(-19.3470268492,38.9190183488,4.36719744691)) ;
#1150=CARTESIAN_POINT('Control Point',(-19.3482772211,38.9034428622,4.31100993936)) ;
#1151=CARTESIAN_POINT('Control Point',(-19.3484766121,38.8952024929,4.28277765059)) ;
#1152=CARTESIAN_POINT('Control Point',(-19.3468336226,38.876945627,4.22375833101)) ;
#1153=CARTESIAN_POINT('Control Point',(-19.3485009185,38.8565511732,4.16443341139)) ;
#1154=CARTESIAN_POINT('Control Point',(-19.3487461135,38.8455136938,4.13378249829)) ;
#1155=CARTESIAN_POINT('Control Point',(-19.3465761851,38.8210281239,4.06950660079)) ;
#1156=CARTESIAN_POINT('Control Point',(-19.3487461135,38.7940365157,4.00540613632)) ;
#1157=CARTESIAN_POINT('Control Point',(-19.3490304869,38.7794984509,3.97232202546)) ;
#1158=CARTESIAN_POINT('Control Point',(-19.3469764805,38.7550714625,3.91976670091)) ;
#1159=CARTESIAN_POINT('Control Point',(-19.3480034837,38.7290352039,3.86776051322)) ;
#1160=CARTESIAN_POINT('Control Point',(-19.3480425245,38.7199632974,3.85004380968)) ;
#1161=CARTESIAN_POINT('Control Point',(-19.3472797742,38.7007891351,3.81358167784)) ;
#1162=CARTESIAN_POINT('Control Point',(-19.3480425245,38.6808564378,3.77750155212)) ;
#1163=CARTESIAN_POINT('Control Point',(-19.3480834989,38.6704210695,3.7590327082)) ;
#1164=CARTESIAN_POINT('Control Point',(-19.3472387997,38.6483121819,3.72095161343)) ;
#1165=CARTESIAN_POINT('Control Point',(-19.3480834989,38.6254043898,3.68342079764)) ;
#1166=CARTESIAN_POINT('Control Point',(-19.3481257994,38.6133903702,3.66417880737)) ;
#1167=CARTESIAN_POINT('Control Point',(-19.3471964993,38.5878778839,3.62444396332)) ;
#1168=CARTESIAN_POINT('Control Point',(-19.3481257994,38.5615313351,3.58546203174)) ;
#1169=CARTESIAN_POINT('Control Point',(-19.3481684498,38.5476894868,3.56544897793)) ;
#1170=CARTESIAN_POINT('Control Point',(-19.3471464532,38.5180193749,3.52378061733)) ;
#1171=CARTESIAN_POINT('Control Point',(-19.3481833488,38.4874754641,3.48312057817)) ;
#1172=CARTESIAN_POINT('Control Point',(-19.3482267023,38.471274342,3.4620663581)) ;
#1173=CARTESIAN_POINT('Control Point',(-19.347111849,38.4372014145,3.41914183065)) ;
#1174=CARTESIAN_POINT('Control Point',(-19.348194664,38.4022513545,3.37749786587)) ;
#1175=CARTESIAN_POINT('Control Point',(-19.3482312823,38.3841117327,3.35640674956)) ;
#1176=CARTESIAN_POINT('Control Point',(-19.3470825818,38.345158174,3.31254001651)) ;
#1177=CARTESIAN_POINT('Control Point',(-19.3482482762,38.3053395362,3.27025188406)) ;
#1178=CARTESIAN_POINT('Control Point',(-19.3482804536,38.284174194,3.24835586104)) ;
#1179=CARTESIAN_POINT('Control Point',(-19.3470418451,38.2390017009,3.20322761882)) ;
#1180=CARTESIAN_POINT('Control Point',(-19.3482804536,38.1929691748,3.1600700157)) ;
#1181=CARTESIAN_POINT('Control Point',(-19.3483027523,38.1686621288,3.1379159277)) ;
#1182=CARTESIAN_POINT('Control Point',(-19.3470195463,38.1168339802,3.09244147062)) ;
#1183=CARTESIAN_POINT('Control Point',(-19.3483027523,38.0641852686,3.04934565734)) ;
#1184=CARTESIAN_POINT('Control Point',(-19.3483105694,38.0363837148,3.0272848463)) ;
#1185=CARTESIAN_POINT('Control Point',(-19.3470117292,37.977246875,2.98229258005)) ;
#1186=CARTESIAN_POINT('Control Point',(-19.3483105694,37.9173522485,2.94011774438)) ;
#1187=CARTESIAN_POINT('Control Point',(-19.3482987061,37.8857520996,2.91863289803)) ;
#1188=CARTESIAN_POINT('Control Point',(-19.3470235925,37.8188125708,2.87522866932)) ;
#1189=CARTESIAN_POINT('Control Point',(-19.3482987061,37.7512006263,2.83509736433)) ;
#1190=CARTESIAN_POINT('Control Point',(-19.3482619534,37.715602,2.81481265411)) ;
#1191=CARTESIAN_POINT('Control Point',(-19.3470603453,37.6406493249,2.77437925968)) ;
#1192=CARTESIAN_POINT('Control Point',(-19.3482619534,37.5651284581,2.73767102455)) ;
#1193=CARTESIAN_POINT('Control Point',(-19.3481960811,37.5255053259,2.71934192973)) ;
#1194=CARTESIAN_POINT('Control Point',(-19.3471262175,37.4427525355,2.68348637379)) ;
#1195=CARTESIAN_POINT('Control Point',(-19.3481960811,37.359547947,2.65178002326)) ;
#1196=CARTESIAN_POINT('Control Point',(-19.3480991594,37.316122122,2.63625149796)) ;
#1197=CARTESIAN_POINT('Control Point',(-19.3472231393,37.2263315582,2.60668274462)) ;
#1198=CARTESIAN_POINT('Control Point',(-19.3480991594,37.1362094807,2.5816314912)) ;
#1199=CARTESIAN_POINT('Control Point',(-19.347972897,37.0895095157,2.56975736937)) ;
#1200=CARTESIAN_POINT('Control Point',(-19.3470376539,36.9463360304,2.53726189337)) ;
#1201=CARTESIAN_POINT('Control Point',(-19.3489081401,36.8026796142,2.51557387485)) ;
#1202=CARTESIAN_POINT('Control Point',(-19.3476611493,36.7009293768,2.50504657681)) ;
#1203=CARTESIAN_POINT('Control Point',(-19.3476611493,36.6004646884,2.5)) ;
#1204=CARTESIAN_POINT('Control Point',(-19.3476611493,36.5,2.5)) ;
#1212=CARTESIAN_POINT('Axis2P3D Location',(0.,0.,19.5)) ;
#1217=CARTESIAN_POINT('Line Origine',(-96.,21.8,19.5)) ;
#1221=CARTESIAN_POINT('Vertex',(-92.,21.8,19.5)) ;
#1224=CARTESIAN_POINT('Axis2P3D Location',(-92.,24.3,19.5)) ;
#1228=CARTESIAN_POINT('Vertex',(-94.5,24.3,19.5)) ;
#1231=CARTESIAN_POINT('Line Origine',(-94.5,29.,19.5)) ;
#1236=CARTESIAN_POINT('Line Origine',(-96.,36.2,19.5)) ;
#1252=CARTESIAN_POINT('Axis2P3D Location',(-94.5,36.2,0.)) ;
#1257=CARTESIAN_POINT('Line Origine',(-94.5,24.3,12.25)) ;
#1261=CARTESIAN_POINT('Vertex',(-94.5,24.3,5.)) ;
#1264=CARTESIAN_POINT('Line Origine',(-94.5,29.,5.)) ;
#1276=CARTESIAN_POINT('Axis2P3D Location',(-92.,29.0001293578,5.)) ;
#1281=CARTESIAN_POINT('Axis2P3D Location',(-92.,24.3,5.)) ;
#1285=CARTESIAN_POINT('Vertex',(-92.,24.3,2.5)) ;
#1288=CARTESIAN_POINT('Line Origine',(-92.,29.0001293578,2.5)) ;
#1300=CARTESIAN_POINT('Axis2P3D Location',(0.,0.,2.5)) ;
#1305=CARTESIAN_POINT('Line Origine',(-2.17383057466,21.5,2.5)) ;
#1309=CARTESIAN_POINT('Vertex',(15.,21.5,2.5)) ;
#1311=CARTESIAN_POINT('Vertex',(-19.3476611493,21.5,2.5)) ;
#1314=CARTESIAN_POINT('Line Origine',(15.,29.,2.5)) ;
#1318=CARTESIAN_POINT('Vertex',(15.,36.5,2.5)) ;
#1321=CARTESIAN_POINT('Line Origine',(-2.17383057466,36.5,2.5)) ;
#1326=CARTESIAN_POINT('Line Origine',(-58.8261694253,24.3,2.5)) ;
#1330=CARTESIAN_POINT('Vertex',(-25.6523388507,24.3,2.5)) ;
#1333=CARTESIAN_POINT('Axis2P3D Location',(-25.6523388507,19.3,2.5)) ;
#1337=CARTESIAN_POINT('Vertex',(-23.209322006,23.6625300797,2.5)) ;
#1340=CARTESIAN_POINT('Line Origine',(-21.2784915777,22.5812650399,2.5)) ;
#1358=CARTESIAN_POINT('Axis2P3D Location',(-32.7402872929,28.9998706404,5.)) ;
#1363=CARTESIAN_POINT('Axis2P3D Location',(-23.209322006,23.6625300797,5.)) ;
#1367=CARTESIAN_POINT('Vertex',(-24.4308304283,21.4812650399,5.)) ;
#1370=CARTESIAN_POINT('Line Origine',(-33.9617957152,26.8186056005,5.)) ;
#1374=CARTESIAN_POINT('Vertex',(-20.5691695717,19.3187349601,5.)) ;
#1377=CARTESIAN_POINT('Axis2P3D Location',(-19.3476611493,21.5,5.)) ;
#1389=CARTESIAN_POINT('Axis2P3D Location',(-25.6523388507,19.3,5.)) ;
#1394=CARTESIAN_POINT('Axis2P3D Location',(-25.6523388507,24.3,5.)) ;
#1398=CARTESIAN_POINT('Vertex',(-25.6523388507,21.8,5.)) ;
#1401=CARTESIAN_POINT('Axis2P3D Location',(-25.6523388507,19.3,5.)) ;
#1413=CARTESIAN_POINT('Axis2P3D Location',(-46.4347661149,24.3,5.)) ;
#1418=CARTESIAN_POINT('Axis2P3D Location',(-92.,24.3,5.)) ;
#1422=CARTESIAN_POINT('Vertex',(-92.,21.8,5.)) ;
#1425=CARTESIAN_POINT('Line Origine',(-46.4347661149,21.8,5.)) ;
#1429=CARTESIAN_POINT('Vertex',(-46.,21.8,5.)) ;
#1432=CARTESIAN_POINT('Line Origine',(-46.4347661149,21.8,5.)) ;
#1436=CARTESIAN_POINT('Vertex',(-41.,21.8,5.)) ;
#1439=CARTESIAN_POINT('Line Origine',(-46.4347661149,21.8,5.)) ;
#1453=CARTESIAN_POINT('Axis2P3D Location',(-92.,24.3,5.)) ;
#1458=CARTESIAN_POINT('Axis2P3D Location',(-92.,24.3,5.)) ;
#1469=CARTESIAN_POINT('Axis2P3D Location',(-92.,24.3,20.1580225957)) ;
#1474=CARTESIAN_POINT('Line Origine',(-92.,21.8,20.1580225957)) ;
#1486=CARTESIAN_POINT('Axis2P3D Location',(-19.3476611493,21.5,5.)) ;
#1492=CARTESIAN_POINT('Control Point',(-19.3476611493,19.,5.)) ;
#1493=CARTESIAN_POINT('Control Point',(-19.7730636878,19.,5.)) ;
#1494=CARTESIAN_POINT('Control Point',(-20.1980032977,19.1108818467,5.)) ;
#1495=CARTESIAN_POINT('Control Point',(-20.5691695717,19.3187349601,5.)) ;
#1496=CARTESIAN_POINT('Vertex',(-19.3476611493,19.,5.)) ;
#1500=CARTESIAN_POINT('Control Point',(-19.3476611493,19.,5.)) ;
#1501=CARTESIAN_POINT('Control Point',(-19.3476611493,19.,4.95203147643)) ;
#1502=CARTESIAN_POINT('Control Point',(-19.3476611493,19.0011504896,4.90406295285)) ;
#1503=CARTESIAN_POINT('Control Point',(-19.3471576811,19.0034601986,4.85581003224)) ;
#1504=CARTESIAN_POINT('Control Point',(-19.3481646175,19.0104309586,4.7588589644)) ;
#1505=CARTESIAN_POINT('Control Point',(-19.3471576811,19.0225746674,4.65913737402)) ;
#1506=CARTESIAN_POINT('Control Point',(-19.3468460186,19.0300649409,4.60835042183)) ;
#1507=CARTESIAN_POINT('Control Point',(-19.3484762801,19.0478750345,4.50565656157)) ;
#1508=CARTESIAN_POINT('Control Point',(-19.3468460186,19.0729015678,4.39669251622)) ;
#1509=CARTESIAN_POINT('Control Point',(-19.3467014539,19.0874395005,4.34074196118)) ;
#1510=CARTESIAN_POINT('Control Point',(-19.3486208447,19.120534979,4.22670180152)) ;
#1511=CARTESIAN_POINT('Control Point',(-19.3467014539,19.1652781274,4.10232007344)) ;
#1512=CARTESIAN_POINT('Control Point',(-19.3467213846,19.1908559092,4.03811993526)) ;
#1513=CARTESIAN_POINT('Control Point',(-19.3486009141,19.2487167266,3.906035994)) ;
#1514=CARTESIAN_POINT('Control Point',(-19.3467213846,19.3268550303,3.75977735762)) ;
#1515=CARTESIAN_POINT('Control Point',(-19.346914247,19.3713967382,3.6842439071)) ;
#1516=CARTESIAN_POINT('Control Point',(-19.3484080516,19.4730216778,3.52789703896)) ;
#1517=CARTESIAN_POINT('Control Point',(-19.346914247,19.6104847833,3.35728438438)) ;
#1518=CARTESIAN_POINT('Control Point',(-19.3472549774,19.688787747,3.27029134734)) ;
#1519=CARTESIAN_POINT('Control Point',(-19.3480673213,19.8690008536,3.09292145652)) ;
#1520=CARTESIAN_POINT('Control Point',(-19.3472549774,20.1066951881,2.9160102659)) ;
#1521=CARTESIAN_POINT('Control Point',(-19.3475781231,20.2404908877,2.83085505154)) ;
#1522=CARTESIAN_POINT('Control Point',(-19.3477441755,20.5423151827,2.67331611169)) ;
#1523=CARTESIAN_POINT('Control Point',(-19.3475781231,20.9043204032,2.56060742564)) ;
#1524=CARTESIAN_POINT('Control Point',(-19.3476611493,21.0981412464,2.52018630723)) ;
#1525=CARTESIAN_POINT('Control Point',(-19.3476611493,21.2990706232,2.5)) ;
#1526=CARTESIAN_POINT('Control Point',(-19.3476611493,21.5,2.5)) ;
#1534=CARTESIAN_POINT('Axis2P3D Location',(15.,43.,5.)) ;
#1540=CARTESIAN_POINT('Control Point',(13.8561115986,15.,10.)) ;
#1541=CARTESIAN_POINT('Control Point',(13.9642380015,15.,9.52737346219)) ;
#1542=CARTESIAN_POINT('Control Point',(14.0723643208,14.9441560389,9.05474729017)) ;
#1543=CARTESIAN_POINT('Control Point',(14.178594492,14.8324546528,8.59040928703)) ;
#1544=CARTESIAN_POINT('Control Point',(14.3826870651,14.5017691219,7.69830926758)) ;
#1545=CARTESIAN_POINT('Control Point',(14.5643197489,13.9694460611,6.90438267648)) ;
#1546=CARTESIAN_POINT('Control Point',(14.6474828538,13.6574444672,6.54087210656)) ;
#1547=CARTESIAN_POINT('Control Point',(14.7948975906,12.9543687654,5.89651407071)) ;
#1548=CARTESIAN_POINT('Control Point',(14.9011437786,12.1153250034,5.43210605712)) ;
#1549=CARTESIAN_POINT('Control Point',(14.9424889833,11.6712816538,5.25138386147)) ;
#1550=CARTESIAN_POINT('Control Point',(14.980371759,11.0653473479,5.08579613613)) ;
#1551=CARTESIAN_POINT('Control Point',(14.9962318233,10.4442937525,5.01647091062)) ;
#1552=CARTESIAN_POINT('Control Point',(14.9987439416,10.2963862298,5.00549030134)) ;
#1553=CARTESIAN_POINT('Control Point',(15.,10.1481931353,5.)) ;
#1554=CARTESIAN_POINT('Control Point',(15.,10.,5.)) ;
#1555=CARTESIAN_POINT('Vertex',(13.8561115986,15.,10.)) ;
#1557=CARTESIAN_POINT('Vertex',(15.,10.,5.)) ;
#1560=CARTESIAN_POINT('Line Origine',(15.,12.5,5.)) ;
#1564=CARTESIAN_POINT('Vertex',(15.,15.,5.)) ;
#1567=CARTESIAN_POINT('Line Origine',(15.,17.,5.)) ;
#1571=CARTESIAN_POINT('Vertex',(15.,19.,5.)) ;
#1574=CARTESIAN_POINT('Line Origine',(13.1051851786,19.,13.2823412627)) ;
#1579=CARTESIAN_POINT('Line Origine',(12.5332409778,15.,15.7823412627)) ;
#1593=CARTESIAN_POINT('Axis2P3D Location',(15.,15.,5.)) ;
#1598=CARTESIAN_POINT('Line Origine',(-5.3290705182E-015,15.,10.)) ;
#1602=CARTESIAN_POINT('Vertex',(-13.8561115986,15.,10.)) ;
#1605=CARTESIAN_POINT('Line Origine',(-12.5332409778,15.,15.7823412627)) ;
#1621=CARTESIAN_POINT('Axis2P3D Location',(-39.75,21.5,5.)) ;
#1626=CARTESIAN_POINT('Line Origine',(-39.75,19.,5.)) ;
#1630=CARTESIAN_POINT('Vertex',(-18.9852909359,19.,5.)) ;
#1633=CARTESIAN_POINT('Line Origine',(-39.75,19.,5.)) ;
#1637=CARTESIAN_POINT('Vertex',(-15.,19.,5.)) ;
#1640=CARTESIAN_POINT('Line Origine',(-39.75,19.,5.)) ;
#1645=CARTESIAN_POINT('Axis2P3D Location',(15.,21.5,5.)) ;
#1659=CARTESIAN_POINT('Axis2P3D Location',(-41.,6.9,10.)) ;
#1664=CARTESIAN_POINT('Line Origine',(-41.,6.9,5.)) ;
#1668=CARTESIAN_POINT('Vertex',(-41.,17.8,5.)) ;
#1671=CARTESIAN_POINT('Axis2P3D Location',(-41.,21.8,10.)) ;
#1675=CARTESIAN_POINT('Vertex',(-46.,21.8,10.)) ;
#1678=CARTESIAN_POINT('Line Origine',(-46.,6.9,10.)) ;
#1682=CARTESIAN_POINT('Vertex',(-46.,17.8,10.)) ;
#1685=CARTESIAN_POINT('Axis2P3D Location',(-41.,17.8,10.)) ;
#1697=CARTESIAN_POINT('Axis2P3D Location',(-46.,40.2,5.)) ;
#1702=CARTESIAN_POINT('Line Origine',(-46.,19.8,12.752962034)) ;
#1706=CARTESIAN_POINT('Vertex',(-46.,21.8,12.752962034)) ;
#1708=CARTESIAN_POINT('Vertex',(-46.,17.8,12.752962034)) ;
#1711=CARTESIAN_POINT('Line Origine',(-46.,17.8,11.376481017)) ;
#1716=CARTESIAN_POINT('Line Origine',(-46.,21.8,11.376481017)) ;
#1728=CARTESIAN_POINT('Axis2P3D Location',(-51.,19.8,12.752962034)) ;
#1733=CARTESIAN_POINT('Axis2P3D Location',(-51.,17.8,12.752962034)) ;
#1737=CARTESIAN_POINT('Vertex',(-48.9663167846,17.8,17.3206893222)) ;
#1740=CARTESIAN_POINT('Axis2P3D Location',(-51.,21.8,12.752962034)) ;
#1744=CARTESIAN_POINT('Vertex',(-48.9663167846,21.8,17.3206893222)) ;
#1747=CARTESIAN_POINT('Line Origine',(-48.9663167846,19.8,17.3206893222)) ;
#1759=CARTESIAN_POINT('Axis2P3D Location',(-41.,51.1,10.)) ;
#1764=CARTESIAN_POINT('Line Origine',(-41.,51.1,5.)) ;
#1768=CARTESIAN_POINT('Vertex',(-41.,40.2,5.)) ;
#1771=CARTESIAN_POINT('Axis2P3D Location',(-41.,40.2,10.)) ;
#1775=CARTESIAN_POINT('Vertex',(-46.,40.2,10.)) ;
#1778=CARTESIAN_POINT('Line Origine',(-46.,51.1,10.)) ;
#1782=CARTESIAN_POINT('Vertex',(-46.,36.2,10.)) ;
#1785=CARTESIAN_POINT('Axis2P3D Location',(-41.,36.2,10.)) ;
#1797=CARTESIAN_POINT('Line Origine',(-46.,38.2,12.752962034)) ;
#1801=CARTESIAN_POINT('Vertex',(-46.,40.2,12.752962034)) ;
#1803=CARTESIAN_POINT('Vertex',(-46.,36.2,12.752962034)) ;
#1806=CARTESIAN_POINT('Line Origine',(-46.,36.2,11.376481017)) ;
#1811=CARTESIAN_POINT('Line Origine',(-46.,40.2,11.376481017)) ;
#1823=CARTESIAN_POINT('Axis2P3D Location',(-51.,38.2,12.752962034)) ;
#1828=CARTESIAN_POINT('Axis2P3D Location',(-51.,36.2,12.752962034)) ;
#1832=CARTESIAN_POINT('Vertex',(-48.9663167846,36.2,17.3206893222)) ;
#1835=CARTESIAN_POINT('Axis2P3D Location',(-51.,40.2,12.752962034)) ;
#1839=CARTESIAN_POINT('Vertex',(-48.9663167846,40.2,17.3206893222)) ;
#1842=CARTESIAN_POINT('Line Origine',(-48.9663167846,38.2,17.3206893222)) ;
#1854=CARTESIAN_POINT('Axis2P3D Location',(-112.,43.,22.)) ;
#1859=CARTESIAN_POINT('Line Origine',(-97.4195637385,38.2,35.5647030757)) ;
#1863=CARTESIAN_POINT('Vertex',(-97.4195637385,40.2,35.5647030757)) ;
#1865=CARTESIAN_POINT('Vertex',(-97.4195637385,36.2,35.5647030757)) ;
#1868=CARTESIAN_POINT('Line Origine',(-104.709781869,40.2,28.7823515379)) ;
#1873=CARTESIAN_POINT('Line Origine',(-104.709781869,36.2,28.7823515379)) ;
#1885=CARTESIAN_POINT('Axis2P3D Location',(-46.,43.,16.)) ;
#1890=CARTESIAN_POINT('Line Origine',(-70.4732374098,36.2,26.8961873172)) ;
#1894=CARTESIAN_POINT('Vertex',(-91.980158035,36.2,36.4716853122)) ;
#1897=CARTESIAN_POINT('Line Origine',(-70.4732374098,40.2,26.8961873172)) ;
#1901=CARTESIAN_POINT('Vertex',(-91.980158035,40.2,36.4716853122)) ;
#1904=CARTESIAN_POINT('Line Origine',(-91.980158035,38.2,36.4716853122)) ;
#1916=CARTESIAN_POINT('Axis2P3D Location',(-31.,40.2,0.)) ;
#1921=CARTESIAN_POINT('Line Origine',(-36.,40.2,5.)) ;
#1925=CARTESIAN_POINT('Vertex',(-31.,40.2,5.)) ;
#1928=CARTESIAN_POINT('Line Origine',(-31.,40.2,2.5)) ;
#1932=CARTESIAN_POINT('Vertex',(-31.,40.2,0.)) ;
#1935=CARTESIAN_POINT('Line Origine',(-71.5,40.2,0.)) ;
#1940=CARTESIAN_POINT('Axis2P3D Location',(-94.0138412504,40.2,31.903958024)) ;
#1966=CARTESIAN_POINT('Axis2P3D Location',(-25.,36.2,0.)) ;
#1971=CARTESIAN_POINT('Axis2P3D Location',(-94.0138412504,36.2,31.903958024)) ;
#2000=CARTESIAN_POINT('Axis2P3D Location',(-94.0138412504,38.2,31.903958024)) ;
#2012=CARTESIAN_POINT('Line Origine',(-97.4195637385,19.8,35.5647030757)) ;
#2016=CARTESIAN_POINT('Vertex',(-97.4195637385,21.8,35.5647030757)) ;
#2018=CARTESIAN_POINT('Vertex',(-97.4195637385,17.8,35.5647030757)) ;
#2021=CARTESIAN_POINT('Line Origine',(-104.709781869,21.8,28.7823515379)) ;
#2026=CARTESIAN_POINT('Line Origine',(-104.709781869,17.8,28.7823515379)) ;
#2038=CARTESIAN_POINT('Line Origine',(-70.4732374098,17.8,26.8961873172)) ;
#2042=CARTESIAN_POINT('Vertex',(-91.980158035,17.8,36.4716853122)) ;
#2045=CARTESIAN_POINT('Line Origine',(-70.4732374098,21.8,26.8961873172)) ;
#2049=CARTESIAN_POINT('Vertex',(-91.980158035,21.8,36.4716853122)) ;
#2052=CARTESIAN_POINT('Line Origine',(-91.980158035,19.8,36.4716853122)) ;
#2064=CARTESIAN_POINT('Axis2P3D Location',(-94.5,21.8,0.)) ;
#2069=CARTESIAN_POINT('Axis2P3D Location',(-94.0138412504,21.8,31.903958024)) ;
#2098=CARTESIAN_POINT('Axis2P3D Location',(-112.,17.8,0.)) ;
#2103=CARTESIAN_POINT('Line Origine',(-71.5,17.8,0.)) ;
#2107=CARTESIAN_POINT('Vertex',(-31.,17.8,0.)) ;
#2110=CARTESIAN_POINT('Line Origine',(-31.,17.8,2.5)) ;
#2114=CARTESIAN_POINT('Vertex',(-31.,17.8,5.)) ;
#2117=CARTESIAN_POINT('Line Origine',(-36.,17.8,5.)) ;
#2122=CARTESIAN_POINT('Axis2P3D Location',(-94.0138412504,17.8,31.903958024)) ;
#2148=CARTESIAN_POINT('Axis2P3D Location',(-94.0138412504,19.8,31.903958024)) ;
#2160=CARTESIAN_POINT('Line Origine',(15.,45.5,5.)) ;
#2164=CARTESIAN_POINT('Vertex',(15.,48.,5.)) ;
#2166=CARTESIAN_POINT('Vertex',(15.,43.,5.)) ;
#2170=CARTESIAN_POINT('Control Point',(13.8561115986,43.,10.)) ;
#2171=CARTESIAN_POINT('Control Point',(13.9642380015,43.,9.52737346222)) ;
#2172=CARTESIAN_POINT('Control Point',(14.0723643208,43.0558439611,9.05474729023)) ;
#2173=CARTESIAN_POINT('Control Point',(14.178594492,43.1675453472,8.59040928698)) ;
#2174=CARTESIAN_POINT('Control Point',(14.3826870651,43.4982308781,7.69830926755)) ;
#2175=CARTESIAN_POINT('Control Point',(14.5643197489,44.0305539389,6.90438267647)) ;
#2176=CARTESIAN_POINT('Control Point',(14.6474828538,44.3425555328,6.54087210657)) ;
#2177=CARTESIAN_POINT('Control Point',(14.7948975906,45.0456312347,5.8965140707)) ;
#2178=CARTESIAN_POINT('Control Point',(14.9011437786,45.8846749966,5.43210605711)) ;
#2179=CARTESIAN_POINT('Control Point',(14.9424889833,46.3287183462,5.25138386148)) ;
#2180=CARTESIAN_POINT('Control Point',(14.980371759,46.934652652,5.08579613613)) ;
#2181=CARTESIAN_POINT('Control Point',(14.9962318233,47.5557062475,5.01647091062)) ;
#2182=CARTESIAN_POINT('Control Point',(14.9987439416,47.7036137702,5.00549030134)) ;
#2183=CARTESIAN_POINT('Control Point',(15.,47.8518068647,5.)) ;
#2184=CARTESIAN_POINT('Control Point',(15.,48.,5.)) ;
#2185=CARTESIAN_POINT('Vertex',(13.8561115986,43.,10.)) ;
#2188=CARTESIAN_POINT('Line Origine',(12.5332409778,43.,15.7823412627)) ;
#2193=CARTESIAN_POINT('Line Origine',(13.1051851786,39.,13.2823412627)) ;
#2197=CARTESIAN_POINT('Vertex',(15.,39.,5.)) ;
#2200=CARTESIAN_POINT('Line Origine',(15.,41.,5.)) ;
#2214=CARTESIAN_POINT('Axis2P3D Location',(15.,43.,5.)) ;
#2219=CARTESIAN_POINT('Line Origine',(-12.5332409778,43.,15.7823412627)) ;
#2223=CARTESIAN_POINT('Vertex',(-13.8561115986,43.,10.)) ;
#2226=CARTESIAN_POINT('Line Origine',(-1.7763568394E-015,43.,10.)) ;
#2242=CARTESIAN_POINT('Axis2P3D Location',(-39.75,36.5,5.)) ;
#2247=CARTESIAN_POINT('Axis2P3D Location',(15.,36.5,5.)) ;
#2252=CARTESIAN_POINT('Line Origine',(-39.75,39.,5.)) ;
#2256=CARTESIAN_POINT('Vertex',(-15.,39.,5.)) ;
#2259=CARTESIAN_POINT('Line Origine',(-39.75,39.,5.)) ;
#2263=CARTESIAN_POINT('Vertex',(-18.9852909359,39.,5.)) ;
#2266=CARTESIAN_POINT('Line Origine',(-39.75,39.,5.)) ;
#2280=CARTESIAN_POINT('Axis2P3D Location',(-20.,19.,0.)) ;
#2285=CARTESIAN_POINT('Line Origine',(-12.6607936124,19.,15.2248015833)) ;
#2289=CARTESIAN_POINT('Vertex',(-14.1112168676,19.,8.8849206411)) ;
#2292=CARTESIAN_POINT('Axis2P3D Location',(-18.9852909359,19.,10.)) ;
#2310=CARTESIAN_POINT('Axis2P3D Location',(-15.,43.,5.)) ;
#2315=CARTESIAN_POINT('Line Origine',(-14.1112168676,16.9370360056,8.8849206411)) ;
#2319=CARTESIAN_POINT('Vertex',(-14.1112168676,14.8740720112,8.8849206411)) ;
#2323=CARTESIAN_POINT('Control Point',(-13.8561115986,15.,10.)) ;
#2324=CARTESIAN_POINT('Control Point',(-13.9075425587,15.,9.77519240495)) ;
#2325=CARTESIAN_POINT('Control Point',(-13.9589734998,14.9873653863,9.55038489266)) ;
#2326=CARTESIAN_POINT('Control Point',(-14.0102003744,14.96209471,9.32646936701)) ;
#2327=CARTESIAN_POINT('Control Point',(-14.0610164081,14.9242725797,9.10434964934)) ;
#2328=CARTESIAN_POINT('Control Point',(-14.1112168676,14.8740720112,8.8849206411)) ;
#2338=CARTESIAN_POINT('Axis2P3D Location',(-31.,1.8,5.)) ;
#2342=CARTESIAN_POINT('Vertex',(-18.9852909359,12.3663033321,5.)) ;
#2345=CARTESIAN_POINT('Line Origine',(-18.9852909359,15.683151666,5.)) ;
#2362=CARTESIAN_POINT('Axis2P3D Location',(-18.9852909359,6.9,10.)) ;
#2368=CARTESIAN_POINT('Control Point',(-18.9852909359,12.3663033321,5.)) ;
#2369=CARTESIAN_POINT('Control Point',(-18.6132544734,11.9432689257,5.)) ;
#2370=CARTESIAN_POINT('Control Point',(-18.2639138582,11.500765273,5.04129728571)) ;
#2371=CARTESIAN_POINT('Control Point',(-17.9408714009,11.0444191965,5.11029777647)) ;
#2372=CARTESIAN_POINT('Vertex',(-17.9408731311,11.0444148231,5.11029903074)) ;
#2376=CARTESIAN_POINT('Control Point',(-14.1112168676,14.8740720112,8.8849206411)) ;
#2377=CARTESIAN_POINT('Control Point',(-14.23882063,14.7464682671,8.3271574791)) ;
#2378=CARTESIAN_POINT('Control Point',(-14.4424284708,14.5428607991,7.80417083154)) ;
#2379=CARTESIAN_POINT('Control Point',(-14.7077080559,14.2775832828,7.33625758253)) ;
#2380=CARTESIAN_POINT('Control Point',(-15.4221122461,13.5631781404,6.37377241758)) ;
#2381=CARTESIAN_POINT('Control Point',(-16.2987750774,12.6865166081,5.71613689672)) ;
#2382=CARTESIAN_POINT('Control Point',(-16.831414892,12.1538664482,5.43084990541)) ;
#2383=CARTESIAN_POINT('Control Point',(-17.3817039662,11.6035848863,5.22973355506)) ;
#2384=CARTESIAN_POINT('Control Point',(-17.9408714009,11.0444191965,5.11029777647)) ;
#2394=CARTESIAN_POINT('Axis2P3D Location',(-31.,1.8,3.11000000001)) ;
#2399=CARTESIAN_POINT('Axis2P3D Location',(-31.,1.8,5.)) ;
#2403=CARTESIAN_POINT('Vertex',(-15.,1.8,5.)) ;
#2405=CARTESIAN_POINT('Vertex',(-17.2610044035,10.,5.)) ;
#2409=CARTESIAN_POINT('Control Point',(-17.2610044035,10.,5.)) ;
#2410=CARTESIAN_POINT('Control Point',(-17.4750238478,10.358586854,5.)) ;
#2411=CARTESIAN_POINT('Control Point',(-17.7031258998,10.708561087,5.03856218043)) ;
#2412=CARTESIAN_POINT('Control Point',(-17.9408731311,11.0444148231,5.11029903074)) ;
#2414=CARTESIAN_POINT('Axis2P3D Location',(-31.,1.8,0.)) ;
#2418=CARTESIAN_POINT('Vertex',(-15.,1.8,0.)) ;
#2421=CARTESIAN_POINT('Line Origine',(-15.,1.8,3.11000000001)) ;
#2436=CARTESIAN_POINT('Axis2P3D Location',(-15.5,10.,10.)) ;
#2441=CARTESIAN_POINT('Line Origine',(-15.5,10.,5.)) ;
#2455=CARTESIAN_POINT('Axis2P3D Location',(15.,39.,0.)) ;
#2460=CARTESIAN_POINT('Axis2P3D Location',(-18.9852909359,39.,10.)) ;
#2464=CARTESIAN_POINT('Vertex',(-14.1112168676,39.,8.8849206411)) ;
#2467=CARTESIAN_POINT('Line Origine',(-12.6607936124,39.,15.2248015833)) ;
#2485=CARTESIAN_POINT('Line Origine',(-14.1112168676,41.0629639944,8.8849206411)) ;
#2489=CARTESIAN_POINT('Vertex',(-14.1112168676,43.1259279888,8.8849206411)) ;
#2493=CARTESIAN_POINT('Control Point',(-13.8561115986,43.,10.)) ;
#2494=CARTESIAN_POINT('Control Point',(-13.9075425587,43.,9.77519240495)) ;
#2495=CARTESIAN_POINT('Control Point',(-13.9589734998,43.0126346137,9.55038489266)) ;
#2496=CARTESIAN_POINT('Control Point',(-14.0102003744,43.03790529,9.326469367)) ;
#2497=CARTESIAN_POINT('Control Point',(-14.0610164081,43.0757274203,9.10434964934)) ;
#2498=CARTESIAN_POINT('Control Point',(-14.1112168676,43.1259279888,8.8849206411)) ;
#2508=CARTESIAN_POINT('Axis2P3D Location',(-31.,56.2,5.)) ;
#2512=CARTESIAN_POINT('Vertex',(-18.9852909359,45.6336966679,5.)) ;
#2515=CARTESIAN_POINT('Line Origine',(-18.9852909359,42.316848334,5.)) ;
#2532=CARTESIAN_POINT('Axis2P3D Location',(-18.9852909359,51.1,10.)) ;
#2538=CARTESIAN_POINT('Control Point',(-14.1112168676,43.1259279888,8.8849206411)) ;
#2539=CARTESIAN_POINT('Control Point',(-14.23882063,43.2535317329,8.3271574791)) ;
#2540=CARTESIAN_POINT('Control Point',(-14.4424284708,43.4571392009,7.80417083155)) ;
#2541=CARTESIAN_POINT('Control Point',(-14.7077080559,43.7224167173,7.33625758252)) ;
#2542=CARTESIAN_POINT('Control Point',(-15.4221122461,44.4368218596,6.37377241758)) ;
#2543=CARTESIAN_POINT('Control Point',(-16.2987750774,45.3134833919,5.71613689674)) ;
#2544=CARTESIAN_POINT('Control Point',(-16.8314148921,45.8461335518,5.4308499054)) ;
#2545=CARTESIAN_POINT('Control Point',(-17.3817039662,46.3964151137,5.22973355506)) ;
#2546=CARTESIAN_POINT('Control Point',(-17.9408714009,46.9555808035,5.11029777647)) ;
#2547=CARTESIAN_POINT('Vertex',(-17.9408731311,46.9555851769,5.11029903075)) ;
#2551=CARTESIAN_POINT('Control Point',(-18.9852909359,45.6336966679,5.)) ;
#2552=CARTESIAN_POINT('Control Point',(-18.6132544734,46.0567310744,5.)) ;
#2553=CARTESIAN_POINT('Control Point',(-18.2639138582,46.499234727,5.04129728571)) ;
#2554=CARTESIAN_POINT('Control Point',(-17.9408714009,46.9555808035,5.11029777647)) ;
#2564=CARTESIAN_POINT('Axis2P3D Location',(-31.,56.2,3.11000000001)) ;
#2570=CARTESIAN_POINT('Control Point',(-17.2610044035,48.,5.)) ;
#2571=CARTESIAN_POINT('Control Point',(-17.4750238478,47.641413146,5.)) ;
#2572=CARTESIAN_POINT('Control Point',(-17.7031258998,47.291438913,5.03856218043)) ;
#2573=CARTESIAN_POINT('Control Point',(-17.9408731311,46.9555851769,5.11029903075)) ;
#2574=CARTESIAN_POINT('Vertex',(-17.2610044035,48.,5.)) ;
#2577=CARTESIAN_POINT('Axis2P3D Location',(-31.,56.2,5.)) ;
#2581=CARTESIAN_POINT('Vertex',(-15.,56.2,5.)) ;
#2584=CARTESIAN_POINT('Line Origine',(-15.,56.2,3.11000000001)) ;
#2588=CARTESIAN_POINT('Vertex',(-15.,56.2,0.)) ;
#2591=CARTESIAN_POINT('Axis2P3D Location',(-31.,56.2,0.)) ;
#2606=CARTESIAN_POINT('Axis2P3D Location',(-13.,48.,10.)) ;
#2611=CARTESIAN_POINT('Line Origine',(-13.,48.,5.)) ;
#2625=CARTESIAN_POINT('Axis2P3D Location',(7.,58.,2.5)) ;
#2630=CARTESIAN_POINT('Axis2P3D Location',(7.,58.,5.)) ;
#2634=CARTESIAN_POINT('Vertex',(7.,66.,5.)) ;
#2636=CARTESIAN_POINT('Vertex',(15.,58.,5.)) ;
#2639=CARTESIAN_POINT('Line Origine',(15.,58.,2.5)) ;
#2643=CARTESIAN_POINT('Vertex',(15.,58.,0.)) ;
#2646=CARTESIAN_POINT('Axis2P3D Location',(7.,58.,0.)) ;
#2650=CARTESIAN_POINT('Vertex',(7.,66.,0.)) ;
#2653=CARTESIAN_POINT('Line Origine',(7.,66.,2.5)) ;
#2665=CARTESIAN_POINT('Axis2P3D Location',(-15.,66.,0.)) ;
#2670=CARTESIAN_POINT('Line Origine',(-15.,57.1,0.)) ;
#2674=CARTESIAN_POINT('Vertex',(-15.,58.,0.)) ;
#2677=CARTESIAN_POINT('Line Origine',(-15.,57.1,5.)) ;
#2681=CARTESIAN_POINT('Vertex',(-15.,58.,5.)) ;
#2684=CARTESIAN_POINT('Line Origine',(-15.,58.,2.5)) ;
#2696=CARTESIAN_POINT('Axis2P3D Location',(15.,66.,0.)) ;
#2701=CARTESIAN_POINT('Line Origine',(8.881784197E-016,66.,5.)) ;
#2705=CARTESIAN_POINT('Vertex',(-7.,66.,5.)) ;
#2708=CARTESIAN_POINT('Line Origine',(8.881784197E-016,66.,0.)) ;
#2712=CARTESIAN_POINT('Vertex',(-7.,66.,0.)) ;
#2715=CARTESIAN_POINT('Line Origine',(-7.,66.,2.5)) ;
#2727=CARTESIAN_POINT('Line Origine',(15.,53.,5.)) ;
#2732=CARTESIAN_POINT('Axis2P3D Location',(-7.,58.,5.)) ;
#2751=CARTESIAN_POINT('Axis2P3D Location',(-7.,58.,2.5)) ;
#2756=CARTESIAN_POINT('Axis2P3D Location',(-7.,58.,0.)) ;
#2768=CARTESIAN_POINT('Axis2P3D Location',(15.,39.,0.)) ;
#2773=CARTESIAN_POINT('Line Origine',(15.,29.,0.)) ;
#2777=CARTESIAN_POINT('Vertex',(15.,0.,0.)) ;
#2780=CARTESIAN_POINT('Line Origine',(15.,5.,5.)) ;
#2784=CARTESIAN_POINT('Vertex',(15.,0.,5.)) ;
#2787=CARTESIAN_POINT('Line Origine',(15.,0.,2.5)) ;
#2807=CARTESIAN_POINT('Axis2P3D Location',(7.,-1.7763568394E-015,2.5)) ;
#2812=CARTESIAN_POINT('Axis2P3D Location',(7.,-1.7763568394E-015,5.)) ;
#2816=CARTESIAN_POINT('Vertex',(7.,-8.,5.)) ;
#2819=CARTESIAN_POINT('Line Origine',(7.,-8.,2.5)) ;
#2823=CARTESIAN_POINT('Vertex',(7.,-8.,0.)) ;
#2826=CARTESIAN_POINT('Axis2P3D Location',(7.,-1.7763568394E-015,0.)) ;
#2838=CARTESIAN_POINT('Line Origine',(-15.,0.9,5.)) ;
#2842=CARTESIAN_POINT('Vertex',(-15.,0.,5.)) ;
#2845=CARTESIAN_POINT('Line Origine',(-15.,0.9,0.)) ;
#2849=CARTESIAN_POINT('Vertex',(-15.,2.22044604925E-014,0.)) ;
#2852=CARTESIAN_POINT('Line Origine',(-15.,0.,2.5)) ;
#2864=CARTESIAN_POINT('Axis2P3D Location',(15.,-8.,0.)) ;
#2869=CARTESIAN_POINT('Line Origine',(-7.,-8.,2.5)) ;
#2873=CARTESIAN_POINT('Vertex',(-7.,-8.,0.)) ;
#2875=CARTESIAN_POINT('Vertex',(-7.,-8.,5.)) ;
#2878=CARTESIAN_POINT('Line Origine',(8.881784197E-016,-8.,0.)) ;
#2883=CARTESIAN_POINT('Line Origine',(8.881784197E-016,-8.,5.)) ;
#2895=CARTESIAN_POINT('Axis2P3D Location',(-7.,-1.7763568394E-015,5.)) ;
#2914=CARTESIAN_POINT('Axis2P3D Location',(0.,0.,0.)) ;
#2919=CARTESIAN_POINT('Axis2P3D Location',(-7.,-1.7763568394E-015,0.)) ;
#2953=CARTESIAN_POINT('Axis2P3D Location',(-7.,-1.7763568394E-015,2.5)) ;
#53=DIRECTION('Axis2P3D Direction',(0.,-0.,1.)) ;
#54=DIRECTION('Axis2P3D XDirection',(-1.22460635382E-016,-1.,0.)) ;
#58=DIRECTION('Axis2P3D Direction',(0.,-0.,1.)) ;
#67=DIRECTION('Vector Direction',(0.,0.,1.)) ;
#74=DIRECTION('Axis2P3D Direction',(0.,-0.,1.)) ;
#81=DIRECTION('Vector Direction',(0.,0.,1.)) ;
#93=DIRECTION('Axis2P3D Direction',(0.,-0.,1.)) ;
#94=DIRECTION('Axis2P3D XDirection',(0.,1.,0.)) ;
#98=DIRECTION('Axis2P3D Direction',(0.,-0.,1.)) ;
#103=DIRECTION('Axis2P3D Direction',(0.,-0.,1.)) ;
#115=DIRECTION('Axis2P3D Direction',(0.,-0.,1.)) ;
#116=DIRECTION('Axis2P3D XDirection',(-1.22460635382E-016,-1.,0.)) ;
#120=DIRECTION('Axis2P3D Direction',(0.,-0.,1.)) ;
#129=DIRECTION('Vector Direction',(0.,0.,1.)) ;
#136=DIRECTION('Axis2P3D Direction',(0.,-0.,1.)) ;
#143=DIRECTION('Vector Direction',(0.,0.,1.)) ;
#155=DIRECTION('Axis2P3D Direction',(0.,-0.,1.)) ;
#156=DIRECTION('Axis2P3D XDirection',(0.,1.,0.)) ;
#160=DIRECTION('Axis2P3D Direction',(0.,-0.,1.)) ;
#165=DIRECTION('Axis2P3D Direction',(0.,-0.,1.)) ;
#177=DIRECTION('Axis2P3D Direction',(0.,-0.,1.)) ;
#178=DIRECTION('Axis2P3D XDirection',(-1.22460635382E-016,-1.,0.)) ;
#182=DIRECTION('Axis2P3D Direction',(0.,-0.,1.)) ;
#191=DIRECTION('Vector Direction',(0.,0.,1.)) ;
#198=DIRECTION('Axis2P3D Direction',(0.,-0.,1.)) ;
#205=DIRECTION('Vector Direction',(0.,0.,1.)) ;
#217=DIRECTION('Axis2P3D Direction',(0.,-0.,1.)) ;
#218=DIRECTION('Axis2P3D XDirection',(0.,1.,0.)) ;
#222=DIRECTION('Axis2P3D Direction',(0.,-0.,1.)) ;
#227=DIRECTION('Axis2P3D Direction',(0.,-0.,1.)) ;
#239=DIRECTION('Axis2P3D Direction',(0.,1.,0.)) ;
#240=DIRECTION('Axis2P3D XDirection',(1.,0.,0.)) ;
#244=DIRECTION('Vector Direction',(0.,1.,0.)) ;
#253=DIRECTION('Axis2P3D Direction',(0.,1.,0.)) ;
#260=DIRECTION('Vector Direction',(0.,1.,0.)) ;
#267=DIRECTION('Axis2P3D Direction',(0.,1.,0.)) ;
#279=DIRECTION('Axis2P3D Direction',(0.,1.,0.)) ;
#284=DIRECTION('Axis2P3D Direction',(0.,1.,0.)) ;
#296=DIRECTION('Axis2P3D Direction',(0.,1.,0.)) ;
#297=DIRECTION('Axis2P3D XDirection',(1.,0.,0.)) ;
#301=DIRECTION('Vector Direction',(0.,1.,0.)) ;
#310=DIRECTION('Axis2P3D Direction',(0.,1.,0.)) ;
#317=DIRECTION('Vector Direction',(0.,1.,0.)) ;
#324=DIRECTION('Axis2P3D Direction',(0.,1.,0.)) ;
#336=DIRECTION('Axis2P3D Direction',(0.,1.,0.)) ;
#341=DIRECTION('Axis2P3D Direction',(0.,1.,0.)) ;
#353=DIRECTION('Vector Direction',(0.,1.,0.)) ;
#362=DIRECTION('Axis2P3D Direction',(0.,1.,0.)) ;
#369=DIRECTION('Vector Direction',(0.,1.,0.)) ;
#376=DIRECTION('Axis2P3D Direction',(0.,1.,0.)) ;
#388=DIRECTION('Axis2P3D Direction',(0.,1.,0.)) ;
#393=DIRECTION('Axis2P3D Direction',(0.,1.,0.)) ;
#405=DIRECTION('Vector Direction',(0.,1.,0.)) ;
#414=DIRECTION('Axis2P3D Direction',(0.,1.,0.)) ;
#421=DIRECTION('Vector Direction',(0.,1.,0.)) ;
#428=DIRECTION('Axis2P3D Direction',(0.,1.,0.)) ;
#440=DIRECTION('Axis2P3D Direction',(0.,1.,0.)) ;
#445=DIRECTION('Axis2P3D Direction',(0.,1.,0.)) ;
#457=DIRECTION('Axis2P3D Direction',(0.,1.,0.)) ;
#458=DIRECTION('Axis2P3D XDirection',(-0.974814813662,0.,0.22301587178)) ;
#462=DIRECTION('Vector Direction',(0.,1.,0.)) ;
#471=DIRECTION('Axis2P3D Direction',(0.,1.,0.)) ;
#478=DIRECTION('Vector Direction',(0.,1.,0.)) ;
#485=DIRECTION('Axis2P3D Direction',(0.,1.,0.)) ;
#497=DIRECTION('Axis2P3D Direction',(0.,1.,0.)) ;
#498=DIRECTION('Axis2P3D XDirection',(1.,0.,0.)) ;
#502=DIRECTION('Vector Direction',(0.,1.,0.)) ;
#511=DIRECTION('Axis2P3D Direction',(0.,1.,0.)) ;
#518=DIRECTION('Vector Direction',(0.,1.,0.)) ;
#525=DIRECTION('Axis2P3D Direction',(0.,1.,0.)) ;
#537=DIRECTION('Axis2P3D Direction',(0.,1.,0.)) ;
#542=DIRECTION('Axis2P3D Direction',(0.,1.,0.)) ;
#554=DIRECTION('Vector Direction',(0.,1.,0.)) ;
#563=DIRECTION('Axis2P3D Direction',(0.,1.,0.)) ;
#570=DIRECTION('Vector Direction',(0.,1.,0.)) ;
#577=DIRECTION('Axis2P3D Direction',(0.,1.,0.)) ;
#589=DIRECTION('Vector Direction',(0.,1.,0.)) ;
#598=DIRECTION('Axis2P3D Direction',(0.,1.,0.)) ;
#605=DIRECTION('Vector Direction',(0.,1.,0.)) ;
#612=DIRECTION('Axis2P3D Direction',(0.,1.,0.)) ;
#624=DIRECTION('Axis2P3D Direction',(0.,1.,0.)) ;
#629=DIRECTION('Axis2P3D Direction',(0.,1.,0.)) ;
#641=DIRECTION('Axis2P3D Direction',(-1.,0.,0.)) ;
#642=DIRECTION('Axis2P3D XDirection',(-0.,-1.,0.)) ;
#646=DIRECTION('Vector Direction',(0.,-1.,0.)) ;
#655=DIRECTION('Axis2P3D Direction',(-1.,0.,0.)) ;
#662=DIRECTION('Vector Direction',(0.,0.,1.)) ;
#669=DIRECTION('Vector Direction',(0.,1.,0.)) ;
#676=DIRECTION('Vector Direction',(0.,0.,1.)) ;
#683=DIRECTION('Vector Direction',(0.,-1.,0.)) ;
#690=DIRECTION('Vector Direction',(0.,0.,1.)) ;
#697=DIRECTION('Vector Direction',(0.,1.,0.)) ;
#704=DIRECTION('Vector Direction',(0.,0.,1.)) ;
#711=DIRECTION('Axis2P3D Direction',(-1.,0.,0.)) ;
#729=DIRECTION('Axis2P3D Direction',(0.,0.,1.)) ;
#730=DIRECTION('Axis2P3D XDirection',(1.,0.,0.)) ;
#734=DIRECTION('Axis2P3D Direction',(0.,0.,1.)) ;
#743=DIRECTION('Vector Direction',(0.,0.,1.)) ;
#750=DIRECTION('Axis2P3D Direction',(0.,0.,1.)) ;
#757=DIRECTION('Vector Direction',(0.,0.,1.)) ;
#769=DIRECTION('Axis2P3D Direction',(0.,0.,1.)) ;
#770=DIRECTION('Axis2P3D XDirection',(1.,0.,0.)) ;
#774=DIRECTION('Vector Direction',(1.,0.,0.)) ;
#781=DIRECTION('Vector Direction',(0.,-1.,0.)) ;
#788=DIRECTION('Vector Direction',(-1.,0.,0.)) ;
#804=DIRECTION('Axis2P3D Direction',(-1.,0.,0.)) ;
#805=DIRECTION('Axis2P3D XDirection',(0.,-1.,0.)) ;
#809=DIRECTION('Vector Direction',(0.,0.,1.)) ;
#818=DIRECTION('Vector Direction',(0.,-1.,0.)) ;
#823=DIRECTION('Vector Direction',(0.,-1.,0.)) ;
#835=DIRECTION('Axis2P3D Direction',(0.,0.,1.)) ;
#836=DIRECTION('Axis2P3D XDirection',(0.,-1.,0.)) ;
#840=DIRECTION('Axis2P3D Direction',(0.,0.,1.)) ;
#847=DIRECTION('Vector Direction',(0.,0.,1.)) ;
#854=DIRECTION('Axis2P3D Direction',(0.,0.,1.)) ;
#866=DIRECTION('Axis2P3D Direction',(0.,0.,-1.)) ;
#867=DIRECTION('Axis2P3D XDirection',(0.965925826289,0.258819045103,0.)) ;
#871=DIRECTION('Axis2P3D Direction',(-1.33226762955E-016,1.,0.)) ;
#876=DIRECTION('Axis2P3D Direction',(1.,1.7763568394E-016,0.)) ;
#887=DIRECTION('Axis2P3D Direction',(0.,-1.,0.)) ;
#888=DIRECTION('Axis2P3D XDirection',(0.,0.,-1.)) ;
#892=DIRECTION('Axis2P3D Direction',(0.,-1.,0.)) ;
#904=DIRECTION('Axis2P3D Direction',(0.,0.,-1.)) ;
#905=DIRECTION('Axis2P3D XDirection',(-0.258819045103,0.965925826289,0.)) ;
#909=DIRECTION('Axis2P3D Direction',(-1.,-5.77315972805E-016,-0.)) ;
#920=DIRECTION('Axis2P3D Direction',(-1.,0.,0.)) ;
#921=DIRECTION('Axis2P3D XDirection',(0.,1.,1.83690953073E-016)) ;
#925=DIRECTION('Vector Direction',(-1.,0.,0.)) ;
#937=DIRECTION('Axis2P3D Direction',(1.,0.,0.)) ;
#938=DIRECTION('Axis2P3D XDirection',(0.,-1.,1.83690953073E-016)) ;
#942=DIRECTION('Vector Direction',(1.,0.,0.)) ;
#954=DIRECTION('Axis2P3D Direction',(0.87250601595,0.488603368932,0.)) ;
#955=DIRECTION('Axis2P3D XDirection',(0.,0.,-1.)) ;
#959=DIRECTION('Vector Direction',(0.87250601595,0.488603368932,0.)) ;
#968=DIRECTION('Axis2P3D Direction',(0.87250601595,0.488603368932,0.)) ;
#975=DIRECTION('Vector Direction',(0.87250601595,0.488603368932,0.)) ;
#982=DIRECTION('Axis2P3D Direction',(0.87250601595,0.488603368932,0.)) ;
#994=DIRECTION('Axis2P3D Direction',(-0.,0.,1.)) ;
#995=DIRECTION('Axis2P3D XDirection',(0.,-1.,0.)) ;
#999=DIRECTION('Axis2P3D Direction',(-0.,0.,1.)) ;
#1006=DIRECTION('Axis2P3D Direction',(-1.,-7.1054273576E-016,0.)) ;
#1013=DIRECTION('Axis2P3D Direction',(-0.,0.,1.)) ;
#1025=DIRECTION('Axis2P3D Direction',(1.,0.,0.)) ;
#1026=DIRECTION('Axis2P3D XDirection',(0.,0.,-1.)) ;
#1030=DIRECTION('Vector Direction',(1.,0.,0.)) ;
#1037=DIRECTION('Vector Direction',(1.,0.,0.)) ;
#1044=DIRECTION('Vector Direction',(1.,0.,0.)) ;
#1051=DIRECTION('Axis2P3D Direction',(1.,0.,0.)) ;
#1058=DIRECTION('Vector Direction',(1.,0.,0.)) ;
#1072=DIRECTION('Axis2P3D Direction',(0.,1.,0.)) ;
#1073=DIRECTION('Axis2P3D XDirection',(0.258819045103,0.,-0.965925826289)) ;
#1077=DIRECTION('Axis2P3D Direction',(-4.4408920985E-017,0.,-1.)) ;
#1084=DIRECTION('Axis2P3D Direction',(0.,1.,0.)) ;
#1095=DIRECTION('Axis2P3D Direction',(0.,0.,1.)) ;
#1096=DIRECTION('Axis2P3D XDirection',(1.83690953073E-016,1.,-0.)) ;
#1100=DIRECTION('Axis2P3D Direction',(0.,0.,1.)) ;
#1109=DIRECTION('Vector Direction',(0.,0.,1.)) ;
#1114=DIRECTION('Vector Direction',(0.,0.,1.)) ;
#1126=DIRECTION('Axis2P3D Direction',(-0.488603368932,0.87250601595,8.32667268469E-017)) ;
#1127=DIRECTION('Axis2P3D XDirection',(-0.383032821264,-0.214498379908,0.898485560736)) ;
#1213=DIRECTION('Axis2P3D Direction',(0.,0.,1.)) ;
#1214=DIRECTION('Axis2P3D XDirection',(1.,0.,0.)) ;
#1218=DIRECTION('Vector Direction',(1.,0.,0.)) ;
#1225=DIRECTION('Axis2P3D Direction',(0.,0.,1.)) ;
#1232=DIRECTION('Vector Direction',(0.,-1.,0.)) ;
#1237=DIRECTION('Vector Direction',(-1.,0.,0.)) ;
#1253=DIRECTION('Axis2P3D Direction',(-1.,0.,0.)) ;
#1254=DIRECTION('Axis2P3D XDirection',(0.,-1.,0.)) ;
#1258=DIRECTION('Vector Direction',(0.,0.,1.)) ;
#1265=DIRECTION('Vector Direction',(0.,-1.,0.)) ;
#1277=DIRECTION('Axis2P3D Direction',(0.,-1.,0.)) ;
#1278=DIRECTION('Axis2P3D XDirection',(-1.,0.,0.)) ;
#1282=DIRECTION('Axis2P3D Direction',(0.,-1.,0.)) ;
#1289=DIRECTION('Vector Direction',(0.,-1.,0.)) ;
#1301=DIRECTION('Axis2P3D Direction',(0.,0.,1.)) ;
#1302=DIRECTION('Axis2P3D XDirection',(1.,0.,0.)) ;
#1306=DIRECTION('Vector Direction',(1.,0.,0.)) ;
#1315=DIRECTION('Vector Direction',(0.,1.,0.)) ;
#1322=DIRECTION('Vector Direction',(-1.,0.,0.)) ;
#1327=DIRECTION('Vector Direction',(1.,0.,0.)) ;
#1334=DIRECTION('Axis2P3D Direction',(0.,0.,1.)) ;
#1341=DIRECTION('Vector Direction',(0.87250601595,-0.488603368932,0.)) ;
#1359=DIRECTION('Axis2P3D Direction',(0.87250601595,-0.488603368932,0.)) ;
#1360=DIRECTION('Axis2P3D XDirection',(-0.488603368932,-0.87250601595,0.)) ;
#1364=DIRECTION('Axis2P3D Direction',(0.87250601595,-0.488603368932,0.)) ;
#1371=DIRECTION('Vector Direction',(0.87250601595,-0.488603368932,0.)) ;
#1378=DIRECTION('Axis2P3D Direction',(0.87250601595,-0.488603368932,0.)) ;
#1390=DIRECTION('Axis2P3D Direction',(0.,0.,1.)) ;
#1391=DIRECTION('Axis2P3D XDirection',(0.488603368932,0.87250601595,0.)) ;
#1395=DIRECTION('Axis2P3D Direction',(1.,-1.38777878078E-015,0.)) ;
#1402=DIRECTION('Axis2P3D Direction',(0.,0.,1.)) ;
#1414=DIRECTION('Axis2P3D Direction',(1.,0.,0.)) ;
#1415=DIRECTION('Axis2P3D XDirection',(0.,-1.,0.)) ;
#1419=DIRECTION('Axis2P3D Direction',(1.,0.,0.)) ;
#1426=DIRECTION('Vector Direction',(1.,0.,0.)) ;
#1433=DIRECTION('Vector Direction',(1.,0.,0.)) ;
#1440=DIRECTION('Vector Direction',(1.,0.,0.)) ;
#1454=DIRECTION('Axis2P3D Direction',(0.,-1.,0.)) ;
#1455=DIRECTION('Axis2P3D XDirection',(-0.965925826289,0.,0.258819045103)) ;
#1459=DIRECTION('Axis2P3D Direction',(3.10862446895E-016,0.,1.)) ;
#1470=DIRECTION('Axis2P3D Direction',(0.,0.,1.)) ;
#1471=DIRECTION('Axis2P3D XDirection',(-1.,1.83690953073E-016,0.)) ;
#1475=DIRECTION('Vector Direction',(0.,0.,1.)) ;
#1487=DIRECTION('Axis2P3D Direction',(-0.488603368932,-0.87250601595,-2.77555756156E-017)) ;
#1488=DIRECTION('Axis2P3D XDirection',(-0.210781650228,0.118037724128,-0.970380436535)) ;
#1535=DIRECTION('Axis2P3D Direction',(0.974814813662,0.,0.22301587178)) ;
#1536=DIRECTION('Axis2P3D XDirection',(-0.22301587178,0.,0.974814813662)) ;
#1561=DIRECTION('Vector Direction',(0.,-1.,0.)) ;
#1568=DIRECTION('Vector Direction',(0.,1.,0.)) ;
#1575=DIRECTION('Vector Direction',(-0.22301587178,0.,0.974814813662)) ;
#1580=DIRECTION('Vector Direction',(-0.22301587178,0.,0.974814813662)) ;
#1594=DIRECTION('Axis2P3D Direction',(0.,1.,-0.)) ;
#1595=DIRECTION('Axis2P3D XDirection',(-1.,0.,0.)) ;
#1599=DIRECTION('Vector Direction',(-1.,0.,0.)) ;
#1606=DIRECTION('Vector Direction',(0.22301587178,0.,0.974814813662)) ;
#1622=DIRECTION('Axis2P3D Direction',(1.,0.,0.)) ;
#1623=DIRECTION('Axis2P3D XDirection',(0.,-1.,0.)) ;
#1627=DIRECTION('Vector Direction',(1.,0.,0.)) ;
#1634=DIRECTION('Vector Direction',(1.,0.,0.)) ;
#1641=DIRECTION('Vector Direction',(1.,0.,0.)) ;
#1646=DIRECTION('Axis2P3D Direction',(1.,0.,0.)) ;
#1660=DIRECTION('Axis2P3D Direction',(0.,-1.,0.)) ;
#1661=DIRECTION('Axis2P3D XDirection',(-1.,-0.,1.83690953073E-016)) ;
#1665=DIRECTION('Vector Direction',(0.,-1.,0.)) ;
#1672=DIRECTION('Axis2P3D Direction',(0.,-1.,0.)) ;
#1679=DIRECTION('Vector Direction',(0.,-1.,0.)) ;
#1686=DIRECTION('Axis2P3D Direction',(0.,-1.,0.)) ;
#1698=DIRECTION('Axis2P3D Direction',(-1.,0.,0.)) ;
#1699=DIRECTION('Axis2P3D XDirection',(-0.,-1.,-0.)) ;
#1703=DIRECTION('Vector Direction',(0.,-1.,0.)) ;
#1712=DIRECTION('Vector Direction',(0.,0.,1.)) ;
#1717=DIRECTION('Vector Direction',(0.,0.,1.)) ;
#1729=DIRECTION('Axis2P3D Direction',(0.,-1.,0.)) ;
#1730=DIRECTION('Axis2P3D XDirection',(1.,0.,1.66533453694E-016)) ;
#1734=DIRECTION('Axis2P3D Direction',(0.,-1.,0.)) ;
#1741=DIRECTION('Axis2P3D Direction',(0.,-1.,0.)) ;
#1748=DIRECTION('Vector Direction',(0.,-1.,0.)) ;
#1760=DIRECTION('Axis2P3D Direction',(0.,-1.,0.)) ;
#1761=DIRECTION('Axis2P3D XDirection',(-1.,-0.,1.83690953073E-016)) ;
#1765=DIRECTION('Vector Direction',(0.,-1.,0.)) ;
#1772=DIRECTION('Axis2P3D Direction',(0.,-1.,0.)) ;
#1779=DIRECTION('Vector Direction',(0.,-1.,0.)) ;
#1786=DIRECTION('Axis2P3D Direction',(0.,-1.,0.)) ;
#1798=DIRECTION('Vector Direction',(0.,-1.,0.)) ;
#1807=DIRECTION('Vector Direction',(0.,0.,1.)) ;
#1812=DIRECTION('Vector Direction',(0.,0.,1.)) ;
#1824=DIRECTION('Axis2P3D Direction',(0.,-1.,0.)) ;
#1825=DIRECTION('Axis2P3D XDirection',(1.,0.,2.22044604925E-016)) ;
#1829=DIRECTION('Axis2P3D Direction',(0.,-1.,0.)) ;
#1836=DIRECTION('Axis2P3D Direction',(0.,-1.,0.)) ;
#1843=DIRECTION('Vector Direction',(0.,-1.,0.)) ;
#1855=DIRECTION('Axis2P3D Direction',(0.681144497629,0.,-0.732149010345)) ;
#1856=DIRECTION('Axis2P3D XDirection',(0.732149010345,-0.,0.681144497629)) ;
#1860=DIRECTION('Vector Direction',(0.,-1.,0.)) ;
#1869=DIRECTION('Vector Direction',(0.732149010345,0.,0.681144497629)) ;
#1874=DIRECTION('Vector Direction',(0.732149010345,0.,0.681144497629)) ;
#1886=DIRECTION('Axis2P3D Direction',(0.406736643076,0.,0.913545457642)) ;
#1887=DIRECTION('Axis2P3D XDirection',(-0.913545457642,0.,0.406736643076)) ;
#1891=DIRECTION('Vector Direction',(-0.913545457642,0.,0.406736643076)) ;
#1898=DIRECTION('Vector Direction',(-0.913545457642,0.,0.406736643076)) ;
#1905=DIRECTION('Vector Direction',(0.,-1.,0.)) ;
#1917=DIRECTION('Axis2P3D Direction',(0.,1.,-0.)) ;
#1918=DIRECTION('Axis2P3D XDirection',(-1.,0.,0.)) ;
#1922=DIRECTION('Vector Direction',(-1.,0.,0.)) ;
#1929=DIRECTION('Vector Direction',(0.,0.,1.)) ;
#1936=DIRECTION('Vector Direction',(-1.,0.,0.)) ;
#1941=DIRECTION('Axis2P3D Direction',(0.,1.,-0.)) ;
#1967=DIRECTION('Axis2P3D Direction',(0.,1.,-0.)) ;
#1968=DIRECTION('Axis2P3D XDirection',(-1.,0.,0.)) ;
#1972=DIRECTION('Axis2P3D Direction',(0.,1.,-0.)) ;
#2001=DIRECTION('Axis2P3D Direction',(0.,-1.,0.)) ;
#2002=DIRECTION('Axis2P3D XDirection',(0.406736643076,0.,0.913545457642)) ;
#2013=DIRECTION('Vector Direction',(0.,-1.,0.)) ;
#2022=DIRECTION('Vector Direction',(0.732149010345,0.,0.681144497629)) ;
#2027=DIRECTION('Vector Direction',(0.732149010345,0.,0.681144497629)) ;
#2039=DIRECTION('Vector Direction',(-0.913545457642,0.,0.406736643076)) ;
#2046=DIRECTION('Vector Direction',(-0.913545457642,0.,0.406736643076)) ;
#2053=DIRECTION('Vector Direction',(0.,-1.,0.)) ;
#2065=DIRECTION('Axis2P3D Direction',(0.,-1.,0.)) ;
#2066=DIRECTION('Axis2P3D XDirection',(1.,0.,0.)) ;
#2070=DIRECTION('Axis2P3D Direction',(0.,-1.,0.)) ;
#2099=DIRECTION('Axis2P3D Direction',(0.,-1.,0.)) ;
#2100=DIRECTION('Axis2P3D XDirection',(1.,0.,0.)) ;
#2104=DIRECTION('Vector Direction',(1.,0.,0.)) ;
#2111=DIRECTION('Vector Direction',(0.,0.,1.)) ;
#2118=DIRECTION('Vector Direction',(1.,0.,0.)) ;
#2123=DIRECTION('Axis2P3D Direction',(0.,-1.,0.)) ;
#2149=DIRECTION('Axis2P3D Direction',(0.,-1.,0.)) ;
#2150=DIRECTION('Axis2P3D XDirection',(0.406736643076,0.,0.913545457642)) ;
#2161=DIRECTION('Vector Direction',(0.,-1.,0.)) ;
#2189=DIRECTION('Vector Direction',(-0.22301587178,0.,0.974814813662)) ;
#2194=DIRECTION('Vector Direction',(-0.22301587178,0.,0.974814813662)) ;
#2201=DIRECTION('Vector Direction',(0.,1.,0.)) ;
#2215=DIRECTION('Axis2P3D Direction',(0.,1.,-0.)) ;
#2216=DIRECTION('Axis2P3D XDirection',(-1.,0.,0.)) ;
#2220=DIRECTION('Vector Direction',(0.22301587178,0.,0.974814813662)) ;
#2227=DIRECTION('Vector Direction',(-1.,0.,0.)) ;
#2243=DIRECTION('Axis2P3D Direction',(-1.,0.,0.)) ;
#2244=DIRECTION('Axis2P3D XDirection',(0.,1.,0.)) ;
#2248=DIRECTION('Axis2P3D Direction',(-1.,0.,0.)) ;
#2253=DIRECTION('Vector Direction',(-1.,0.,0.)) ;
#2260=DIRECTION('Vector Direction',(-1.,0.,0.)) ;
#2267=DIRECTION('Vector Direction',(-1.,0.,0.)) ;
#2281=DIRECTION('Axis2P3D Direction',(0.,-1.,0.)) ;
#2282=DIRECTION('Axis2P3D XDirection',(1.,0.,0.)) ;
#2286=DIRECTION('Vector Direction',(0.22301587178,0.,0.974814813662)) ;
#2293=DIRECTION('Axis2P3D Direction',(0.,-1.,0.)) ;
#2311=DIRECTION('Axis2P3D Direction',(0.974814813662,0.,-0.22301587178)) ;
#2312=DIRECTION('Axis2P3D XDirection',(0.22301587178,-0.,0.974814813662)) ;
#2316=DIRECTION('Vector Direction',(0.,-1.,0.)) ;
#2339=DIRECTION('Axis2P3D Direction',(0.,0.,1.)) ;
#2346=DIRECTION('Vector Direction',(0.,-1.,0.)) ;
#2363=DIRECTION('Axis2P3D Direction',(0.,-1.,0.)) ;
#2364=DIRECTION('Axis2P3D XDirection',(1.11022302463E-016,0.,-1.)) ;
#2395=DIRECTION('Axis2P3D Direction',(0.,-0.,1.)) ;
#2396=DIRECTION('Axis2P3D XDirection',(1.,7.04487466627E-016,0.)) ;
#2400=DIRECTION('Axis2P3D Direction',(0.,-0.,1.)) ;
#2415=DIRECTION('Axis2P3D Direction',(0.,-0.,1.)) ;
#2422=DIRECTION('Vector Direction',(0.,0.,1.)) ;
#2437=DIRECTION('Axis2P3D Direction',(-1.,0.,0.)) ;
#2438=DIRECTION('Axis2P3D XDirection',(0.,1.,1.83690953073E-016)) ;
#2442=DIRECTION('Vector Direction',(-1.,0.,0.)) ;
#2456=DIRECTION('Axis2P3D Direction',(0.,1.,-0.)) ;
#2457=DIRECTION('Axis2P3D XDirection',(-1.,0.,0.)) ;
#2461=DIRECTION('Axis2P3D Direction',(0.,1.,-0.)) ;
#2468=DIRECTION('Vector Direction',(0.22301587178,0.,0.974814813662)) ;
#2486=DIRECTION('Vector Direction',(0.,-1.,0.)) ;
#2509=DIRECTION('Axis2P3D Direction',(0.,0.,1.)) ;
#2516=DIRECTION('Vector Direction',(0.,-1.,0.)) ;
#2533=DIRECTION('Axis2P3D Direction',(0.,-1.,0.)) ;
#2534=DIRECTION('Axis2P3D XDirection',(1.11022302463E-016,0.,-1.)) ;
#2565=DIRECTION('Axis2P3D Direction',(0.,-0.,1.)) ;
#2566=DIRECTION('Axis2P3D XDirection',(-1.22460635382E-016,-1.,0.)) ;
#2578=DIRECTION('Axis2P3D Direction',(0.,-0.,1.)) ;
#2585=DIRECTION('Vector Direction',(0.,0.,1.)) ;
#2592=DIRECTION('Axis2P3D Direction',(0.,-0.,1.)) ;
#2607=DIRECTION('Axis2P3D Direction',(-1.,0.,0.)) ;
#2608=DIRECTION('Axis2P3D XDirection',(0.,0.,-1.)) ;
#2612=DIRECTION('Vector Direction',(-1.,0.,0.)) ;
#2626=DIRECTION('Axis2P3D Direction',(0.,-0.,1.)) ;
#2627=DIRECTION('Axis2P3D XDirection',(1.,-1.83690953073E-016,-0.)) ;
#2631=DIRECTION('Axis2P3D Direction',(0.,-0.,1.)) ;
#2640=DIRECTION('Vector Direction',(0.,0.,1.)) ;
#2647=DIRECTION('Axis2P3D Direction',(0.,-0.,1.)) ;
#2654=DIRECTION('Vector Direction',(0.,0.,1.)) ;
#2666=DIRECTION('Axis2P3D Direction',(-1.,0.,0.)) ;
#2667=DIRECTION('Axis2P3D XDirection',(-0.,-1.,0.)) ;
#2671=DIRECTION('Vector Direction',(0.,-1.,0.)) ;
#2678=DIRECTION('Vector Direction',(0.,-1.,0.)) ;
#2685=DIRECTION('Vector Direction',(0.,0.,1.)) ;
#2697=DIRECTION('Axis2P3D Direction',(0.,1.,-0.)) ;
#2698=DIRECTION('Axis2P3D XDirection',(-1.,0.,0.)) ;
#2702=DIRECTION('Vector Direction',(-1.,0.,0.)) ;
#2709=DIRECTION('Vector Direction',(-1.,0.,0.)) ;
#2716=DIRECTION('Vector Direction',(0.,0.,1.)) ;
#2728=DIRECTION('Vector Direction',(0.,1.,0.)) ;
#2733=DIRECTION('Axis2P3D Direction',(0.,0.,1.)) ;
#2752=DIRECTION('Axis2P3D Direction',(0.,0.,1.)) ;
#2753=DIRECTION('Axis2P3D XDirection',(1.83690953073E-016,1.,-0.)) ;
#2757=DIRECTION('Axis2P3D Direction',(0.,0.,1.)) ;
#2769=DIRECTION('Axis2P3D Direction',(1.,0.,0.)) ;
#2770=DIRECTION('Axis2P3D XDirection',(0.,1.,0.)) ;
#2774=DIRECTION('Vector Direction',(0.,1.,0.)) ;
#2781=DIRECTION('Vector Direction',(0.,1.,0.)) ;
#2788=DIRECTION('Vector Direction',(0.,0.,1.)) ;
#2808=DIRECTION('Axis2P3D Direction',(0.,0.,1.)) ;
#2809=DIRECTION('Axis2P3D XDirection',(-1.83690953073E-016,-1.,-0.)) ;
#2813=DIRECTION('Axis2P3D Direction',(0.,0.,1.)) ;
#2820=DIRECTION('Vector Direction',(0.,0.,1.)) ;
#2827=DIRECTION('Axis2P3D Direction',(0.,0.,1.)) ;
#2839=DIRECTION('Vector Direction',(0.,-1.,0.)) ;
#2846=DIRECTION('Vector Direction',(0.,-1.,0.)) ;
#2853=DIRECTION('Vector Direction',(0.,0.,1.)) ;
#2865=DIRECTION('Axis2P3D Direction',(0.,1.,-0.)) ;
#2866=DIRECTION('Axis2P3D XDirection',(-1.,0.,0.)) ;
#2870=DIRECTION('Vector Direction',(0.,0.,1.)) ;
#2879=DIRECTION('Vector Direction',(-1.,0.,0.)) ;
#2884=DIRECTION('Vector Direction',(-1.,0.,0.)) ;
#2896=DIRECTION('Axis2P3D Direction',(0.,0.,1.)) ;
#2915=DIRECTION('Axis2P3D Direction',(0.,-0.,1.)) ;
#2916=DIRECTION('Axis2P3D XDirection',(0.,1.,0.)) ;
#2920=DIRECTION('Axis2P3D Direction',(0.,-0.,1.)) ;
#2954=DIRECTION('Axis2P3D Direction',(0.,0.,1.)) ;
#2955=DIRECTION('Axis2P3D XDirection',(-1.,1.83690953073E-016,0.)) ;
#48=AXIS2_PLACEMENT_3D(' ',#47,$,$) ;
#55=AXIS2_PLACEMENT_3D('Cylinder Axis2P3D',#52,#53,#54) ;
#59=AXIS2_PLACEMENT_3D('Circle Axis2P3D',#57,#58,$) ;
#75=AXIS2_PLACEMENT_3D('Circle Axis2P3D',#73,#74,$) ;
#95=AXIS2_PLACEMENT_3D('Cylinder Axis2P3D',#92,#93,#94) ;
#99=AXIS2_PLACEMENT_3D('Circle Axis2P3D',#97,#98,$) ;
#104=AXIS2_PLACEMENT_3D('Circle Axis2P3D',#102,#103,$) ;
#117=AXIS2_PLACEMENT_3D('Cylinder Axis2P3D',#114,#115,#116) ;
#121=AXIS2_PLACEMENT_3D('Circle Axis2P3D',#119,#120,$) ;
#137=AXIS2_PLACEMENT_3D('Circle Axis2P3D',#135,#136,$) ;
#157=AXIS2_PLACEMENT_3D('Cylinder Axis2P3D',#154,#155,#156) ;
#161=AXIS2_PLACEMENT_3D('Circle Axis2P3D',#159,#160,$) ;
#166=AXIS2_PLACEMENT_3D('Circle Axis2P3D',#164,#165,$) ;
#179=AXIS2_PLACEMENT_3D('Cylinder Axis2P3D',#176,#177,#178) ;
#183=AXIS2_PLACEMENT_3D('Circle Axis2P3D',#181,#182,$) ;
#199=AXIS2_PLACEMENT_3D('Circle Axis2P3D',#197,#198,$) ;
#219=AXIS2_PLACEMENT_3D('Cylinder Axis2P3D',#216,#217,#218) ;
#223=AXIS2_PLACEMENT_3D('Circle Axis2P3D',#221,#222,$) ;
#228=AXIS2_PLACEMENT_3D('Circle Axis2P3D',#226,#227,$) ;
#241=AXIS2_PLACEMENT_3D('Cylinder Axis2P3D',#238,#239,#240) ;
#254=AXIS2_PLACEMENT_3D('Circle Axis2P3D',#252,#253,$) ;
#268=AXIS2_PLACEMENT_3D('Circle Axis2P3D',#266,#267,$) ;
#280=AXIS2_PLACEMENT_3D('Circle Axis2P3D',#278,#279,$) ;
#285=AXIS2_PLACEMENT_3D('Circle Axis2P3D',#283,#284,$) ;
#298=AXIS2_PLACEMENT_3D('Cylinder Axis2P3D',#295,#296,#297) ;
#311=AXIS2_PLACEMENT_3D('Circle Axis2P3D',#309,#310,$) ;
#325=AXIS2_PLACEMENT_3D('Circle Axis2P3D',#323,#324,$) ;
#337=AXIS2_PLACEMENT_3D('Circle Axis2P3D',#335,#336,$) ;
#342=AXIS2_PLACEMENT_3D('Circle Axis2P3D',#340,#341,$) ;
#363=AXIS2_PLACEMENT_3D('Circle Axis2P3D',#361,#362,$) ;
#377=AXIS2_PLACEMENT_3D('Circle Axis2P3D',#375,#376,$) ;
#389=AXIS2_PLACEMENT_3D('Circle Axis2P3D',#387,#388,$) ;
#394=AXIS2_PLACEMENT_3D('Circle Axis2P3D',#392,#393,$) ;
#415=AXIS2_PLACEMENT_3D('Circle Axis2P3D',#413,#414,$) ;
#429=AXIS2_PLACEMENT_3D('Circle Axis2P3D',#427,#428,$) ;
#441=AXIS2_PLACEMENT_3D('Circle Axis2P3D',#439,#440,$) ;
#446=AXIS2_PLACEMENT_3D('Circle Axis2P3D',#444,#445,$) ;
#459=AXIS2_PLACEMENT_3D('Cylinder Axis2P3D',#456,#457,#458) ;
#472=AXIS2_PLACEMENT_3D('Circle Axis2P3D',#470,#471,$) ;
#486=AXIS2_PLACEMENT_3D('Circle Axis2P3D',#484,#485,$) ;
#499=AXIS2_PLACEMENT_3D('Cylinder Axis2P3D',#496,#497,#498) ;
#512=AXIS2_PLACEMENT_3D('Circle Axis2P3D',#510,#511,$) ;
#526=AXIS2_PLACEMENT_3D('Circle Axis2P3D',#524,#525,$) ;
#538=AXIS2_PLACEMENT_3D('Circle Axis2P3D',#536,#537,$) ;
#543=AXIS2_PLACEMENT_3D('Circle Axis2P3D',#541,#542,$) ;
#564=AXIS2_PLACEMENT_3D('Circle Axis2P3D',#562,#563,$) ;
#578=AXIS2_PLACEMENT_3D('Circle Axis2P3D',#576,#577,$) ;
#599=AXIS2_PLACEMENT_3D('Circle Axis2P3D',#597,#598,$) ;
#613=AXIS2_PLACEMENT_3D('Circle Axis2P3D',#611,#612,$) ;
#625=AXIS2_PLACEMENT_3D('Circle Axis2P3D',#623,#624,$) ;
#630=AXIS2_PLACEMENT_3D('Circle Axis2P3D',#628,#629,$) ;
#643=AXIS2_PLACEMENT_3D('Plane Axis2P3D',#640,#641,#642) ;
#656=AXIS2_PLACEMENT_3D('Circle Axis2P3D',#654,#655,$) ;
#712=AXIS2_PLACEMENT_3D('Circle Axis2P3D',#710,#711,$) ;
#731=AXIS2_PLACEMENT_3D('Cylinder Axis2P3D',#728,#729,#730) ;
#735=AXIS2_PLACEMENT_3D('Circle Axis2P3D',#733,#734,$) ;
#751=AXIS2_PLACEMENT_3D('Circle Axis2P3D',#749,#750,$) ;
#771=AXIS2_PLACEMENT_3D('Plane Axis2P3D',#768,#769,#770) ;
#806=AXIS2_PLACEMENT_3D('Plane Axis2P3D',#803,#804,#805) ;
#837=AXIS2_PLACEMENT_3D('Cylinder Axis2P3D',#834,#835,#836) ;
#841=AXIS2_PLACEMENT_3D('Circle Axis2P3D',#839,#840,$) ;
#855=AXIS2_PLACEMENT_3D('Circle Axis2P3D',#853,#854,$) ;
#868=AXIS2_PLACEMENT_3D('Sphere Axis2P3D',#865,#866,#867) ;
#872=AXIS2_PLACEMENT_3D('Circle Axis2P3D',#870,#871,$) ;
#877=AXIS2_PLACEMENT_3D('Circle Axis2P3D',#875,#876,$) ;
#889=AXIS2_PLACEMENT_3D('Cylinder Axis2P3D',#886,#887,#888) ;
#893=AXIS2_PLACEMENT_3D('Circle Axis2P3D',#891,#892,$) ;
#906=AXIS2_PLACEMENT_3D('Sphere Axis2P3D',#903,#904,#905) ;
#910=AXIS2_PLACEMENT_3D('Circle Axis2P3D',#908,#909,$) ;
#922=AXIS2_PLACEMENT_3D('Cylinder Axis2P3D',#919,#920,#921) ;
#939=AXIS2_PLACEMENT_3D('Cylinder Axis2P3D',#936,#937,#938) ;
#956=AXIS2_PLACEMENT_3D('Cylinder Axis2P3D',#953,#954,#955) ;
#969=AXIS2_PLACEMENT_3D('Circle Axis2P3D',#967,#968,$) ;
#983=AXIS2_PLACEMENT_3D('Circle Axis2P3D',#981,#982,$) ;
#996=AXIS2_PLACEMENT_3D('Torus Axis2P3D',#993,#994,#995) ;
#1000=AXIS2_PLACEMENT_3D('Circle Axis2P3D',#998,#999,$) ;
#1007=AXIS2_PLACEMENT_3D('Circle Axis2P3D',#1005,#1006,$) ;
#1014=AXIS2_PLACEMENT_3D('Circle Axis2P3D',#1012,#1013,$) ;
#1027=AXIS2_PLACEMENT_3D('Cylinder Axis2P3D',#1024,#1025,#1026) ;
#1052=AXIS2_PLACEMENT_3D('Circle Axis2P3D',#1050,#1051,$) ;
#1074=AXIS2_PLACEMENT_3D('Sphere Axis2P3D',#1071,#1072,#1073) ;
#1078=AXIS2_PLACEMENT_3D('Circle Axis2P3D',#1076,#1077,$) ;
#1085=AXIS2_PLACEMENT_3D('Circle Axis2P3D',#1083,#1084,$) ;
#1097=AXIS2_PLACEMENT_3D('Cylinder Axis2P3D',#1094,#1095,#1096) ;
#1101=AXIS2_PLACEMENT_3D('Circle Axis2P3D',#1099,#1100,$) ;
#1128=AXIS2_PLACEMENT_3D('Sphere Axis2P3D',#1125,#1126,#1127) ;
#1215=AXIS2_PLACEMENT_3D('Plane Axis2P3D',#1212,#1213,#1214) ;
#1226=AXIS2_PLACEMENT_3D('Circle Axis2P3D',#1224,#1225,$) ;
#1255=AXIS2_PLACEMENT_3D('Plane Axis2P3D',#1252,#1253,#1254) ;
#1279=AXIS2_PLACEMENT_3D('Cylinder Axis2P3D',#1276,#1277,#1278) ;
#1283=AXIS2_PLACEMENT_3D('Circle Axis2P3D',#1281,#1282,$) ;
#1303=AXIS2_PLACEMENT_3D('Plane Axis2P3D',#1300,#1301,#1302) ;
#1335=AXIS2_PLACEMENT_3D('Circle Axis2P3D',#1333,#1334,$) ;
#1361=AXIS2_PLACEMENT_3D('Cylinder Axis2P3D',#1358,#1359,#1360) ;
#1365=AXIS2_PLACEMENT_3D('Circle Axis2P3D',#1363,#1364,$) ;
#1379=AXIS2_PLACEMENT_3D('Circle Axis2P3D',#1377,#1378,$) ;
#1392=AXIS2_PLACEMENT_3D('Torus Axis2P3D',#1389,#1390,#1391) ;
#1396=AXIS2_PLACEMENT_3D('Circle Axis2P3D',#1394,#1395,$) ;
#1403=AXIS2_PLACEMENT_3D('Circle Axis2P3D',#1401,#1402,$) ;
#1416=AXIS2_PLACEMENT_3D('Cylinder Axis2P3D',#1413,#1414,#1415) ;
#1420=AXIS2_PLACEMENT_3D('Circle Axis2P3D',#1418,#1419,$) ;
#1456=AXIS2_PLACEMENT_3D('Sphere Axis2P3D',#1453,#1454,#1455) ;
#1460=AXIS2_PLACEMENT_3D('Circle Axis2P3D',#1458,#1459,$) ;
#1472=AXIS2_PLACEMENT_3D('Cylinder Axis2P3D',#1469,#1470,#1471) ;
#1489=AXIS2_PLACEMENT_3D('Sphere Axis2P3D',#1486,#1487,#1488) ;
#1537=AXIS2_PLACEMENT_3D('Plane Axis2P3D',#1534,#1535,#1536) ;
#1596=AXIS2_PLACEMENT_3D('Plane Axis2P3D',#1593,#1594,#1595) ;
#1624=AXIS2_PLACEMENT_3D('Cylinder Axis2P3D',#1621,#1622,#1623) ;
#1647=AXIS2_PLACEMENT_3D('Circle Axis2P3D',#1645,#1646,$) ;
#1662=AXIS2_PLACEMENT_3D('Cylinder Axis2P3D',#1659,#1660,#1661) ;
#1673=AXIS2_PLACEMENT_3D('Circle Axis2P3D',#1671,#1672,$) ;
#1687=AXIS2_PLACEMENT_3D('Circle Axis2P3D',#1685,#1686,$) ;
#1700=AXIS2_PLACEMENT_3D('Plane Axis2P3D',#1697,#1698,#1699) ;
#1731=AXIS2_PLACEMENT_3D('Cylinder Axis2P3D',#1728,#1729,#1730) ;
#1735=AXIS2_PLACEMENT_3D('Circle Axis2P3D',#1733,#1734,$) ;
#1742=AXIS2_PLACEMENT_3D('Circle Axis2P3D',#1740,#1741,$) ;
#1762=AXIS2_PLACEMENT_3D('Cylinder Axis2P3D',#1759,#1760,#1761) ;
#1773=AXIS2_PLACEMENT_3D('Circle Axis2P3D',#1771,#1772,$) ;
#1787=AXIS2_PLACEMENT_3D('Circle Axis2P3D',#1785,#1786,$) ;
#1826=AXIS2_PLACEMENT_3D('Cylinder Axis2P3D',#1823,#1824,#1825) ;
#1830=AXIS2_PLACEMENT_3D('Circle Axis2P3D',#1828,#1829,$) ;
#1837=AXIS2_PLACEMENT_3D('Circle Axis2P3D',#1835,#1836,$) ;
#1857=AXIS2_PLACEMENT_3D('Plane Axis2P3D',#1854,#1855,#1856) ;
#1888=AXIS2_PLACEMENT_3D('Plane Axis2P3D',#1885,#1886,#1887) ;
#1919=AXIS2_PLACEMENT_3D('Plane Axis2P3D',#1916,#1917,#1918) ;
#1942=AXIS2_PLACEMENT_3D('Circle Axis2P3D',#1940,#1941,$) ;
#1969=AXIS2_PLACEMENT_3D('Plane Axis2P3D',#1966,#1967,#1968) ;
#1973=AXIS2_PLACEMENT_3D('Circle Axis2P3D',#1971,#1972,$) ;
#2003=AXIS2_PLACEMENT_3D('Cylinder Axis2P3D',#2000,#2001,#2002) ;
#2067=AXIS2_PLACEMENT_3D('Plane Axis2P3D',#2064,#2065,#2066) ;
#2071=AXIS2_PLACEMENT_3D('Circle Axis2P3D',#2069,#2070,$) ;
#2101=AXIS2_PLACEMENT_3D('Plane Axis2P3D',#2098,#2099,#2100) ;
#2124=AXIS2_PLACEMENT_3D('Circle Axis2P3D',#2122,#2123,$) ;
#2151=AXIS2_PLACEMENT_3D('Cylinder Axis2P3D',#2148,#2149,#2150) ;
#2217=AXIS2_PLACEMENT_3D('Plane Axis2P3D',#2214,#2215,#2216) ;
#2245=AXIS2_PLACEMENT_3D('Cylinder Axis2P3D',#2242,#2243,#2244) ;
#2249=AXIS2_PLACEMENT_3D('Circle Axis2P3D',#2247,#2248,$) ;
#2283=AXIS2_PLACEMENT_3D('Plane Axis2P3D',#2280,#2281,#2282) ;
#2294=AXIS2_PLACEMENT_3D('Circle Axis2P3D',#2292,#2293,$) ;
#2313=AXIS2_PLACEMENT_3D('Plane Axis2P3D',#2310,#2311,#2312) ;
#2340=AXIS2_PLACEMENT_3D('Circle Axis2P3D',#2338,#2339,$) ;
#2365=AXIS2_PLACEMENT_3D('Cylinder Axis2P3D',#2362,#2363,#2364) ;
#2397=AXIS2_PLACEMENT_3D('Cylinder Axis2P3D',#2394,#2395,#2396) ;
#2401=AXIS2_PLACEMENT_3D('Circle Axis2P3D',#2399,#2400,$) ;
#2416=AXIS2_PLACEMENT_3D('Circle Axis2P3D',#2414,#2415,$) ;
#2439=AXIS2_PLACEMENT_3D('Cylinder Axis2P3D',#2436,#2437,#2438) ;
#2458=AXIS2_PLACEMENT_3D('Plane Axis2P3D',#2455,#2456,#2457) ;
#2462=AXIS2_PLACEMENT_3D('Circle Axis2P3D',#2460,#2461,$) ;
#2510=AXIS2_PLACEMENT_3D('Circle Axis2P3D',#2508,#2509,$) ;
#2535=AXIS2_PLACEMENT_3D('Cylinder Axis2P3D',#2532,#2533,#2534) ;
#2567=AXIS2_PLACEMENT_3D('Cylinder Axis2P3D',#2564,#2565,#2566) ;
#2579=AXIS2_PLACEMENT_3D('Circle Axis2P3D',#2577,#2578,$) ;
#2593=AXIS2_PLACEMENT_3D('Circle Axis2P3D',#2591,#2592,$) ;
#2609=AXIS2_PLACEMENT_3D('Cylinder Axis2P3D',#2606,#2607,#2608) ;
#2628=AXIS2_PLACEMENT_3D('Cylinder Axis2P3D',#2625,#2626,#2627) ;
#2632=AXIS2_PLACEMENT_3D('Circle Axis2P3D',#2630,#2631,$) ;
#2648=AXIS2_PLACEMENT_3D('Circle Axis2P3D',#2646,#2647,$) ;
#2668=AXIS2_PLACEMENT_3D('Plane Axis2P3D',#2665,#2666,#2667) ;
#2699=AXIS2_PLACEMENT_3D('Plane Axis2P3D',#2696,#2697,#2698) ;
#2734=AXIS2_PLACEMENT_3D('Circle Axis2P3D',#2732,#2733,$) ;
#2754=AXIS2_PLACEMENT_3D('Cylinder Axis2P3D',#2751,#2752,#2753) ;
#2758=AXIS2_PLACEMENT_3D('Circle Axis2P3D',#2756,#2757,$) ;
#2771=AXIS2_PLACEMENT_3D('Plane Axis2P3D',#2768,#2769,#2770) ;
#2810=AXIS2_PLACEMENT_3D('Cylinder Axis2P3D',#2807,#2808,#2809) ;
#2814=AXIS2_PLACEMENT_3D('Circle Axis2P3D',#2812,#2813,$) ;
#2828=AXIS2_PLACEMENT_3D('Circle Axis2P3D',#2826,#2827,$) ;
#2867=AXIS2_PLACEMENT_3D('Plane Axis2P3D',#2864,#2865,#2866) ;
#2897=AXIS2_PLACEMENT_3D('Circle Axis2P3D',#2895,#2896,$) ;
#2917=AXIS2_PLACEMENT_3D('Plane Axis2P3D',#2914,#2915,#2916) ;
#2921=AXIS2_PLACEMENT_3D('Circle Axis2P3D',#2919,#2920,$) ;
#2956=AXIS2_PLACEMENT_3D('Cylinder Axis2P3D',#2953,#2954,#2955) ;
#40=PRODUCT_DEFINITION_SHAPE(' ',' ',#14) ;
#31=APPROVAL_PERSON_ORGANIZATION(#25,#21,#19) ;
#25=PERSON_AND_ORGANIZATION(#22,#23) ;
#22=PERSON(' ',' ',' ',$,$,$) ;
#23=ORGANIZATION(' ',' ',' ') ;
#21=APPROVAL(#20,' ') ;
#20=APPROVAL_STATUS('not_yet_approved') ;
#19=APPROVAL_ROLE('APPROVER') ;
#13=DATE_AND_TIME(#11,#12) ;
#12=LOCAL_TIME(16,10,57.,#10) ;
#10=COORDINATED_UNIVERSAL_TIME_OFFSET(0,0,.AHEAD.) ;
#86=ORIENTED_EDGE('',*,*,#65,.T.) ;
#87=ORIENTED_EDGE('',*,*,#72,.F.) ;
#88=ORIENTED_EDGE('',*,*,#79,.F.) ;
#89=ORIENTED_EDGE('',*,*,#84,.T.) ;
#108=ORIENTED_EDGE('',*,*,#101,.T.) ;
#109=ORIENTED_EDGE('',*,*,#84,.F.) ;
#110=ORIENTED_EDGE('',*,*,#106,.F.) ;
#111=ORIENTED_EDGE('',*,*,#72,.T.) ;
#148=ORIENTED_EDGE('',*,*,#127,.T.) ;
#149=ORIENTED_EDGE('',*,*,#134,.F.) ;
#150=ORIENTED_EDGE('',*,*,#141,.F.) ;
#151=ORIENTED_EDGE('',*,*,#146,.T.) ;
#170=ORIENTED_EDGE('',*,*,#163,.T.) ;
#171=ORIENTED_EDGE('',*,*,#146,.F.) ;
#172=ORIENTED_EDGE('',*,*,#168,.F.) ;
#173=ORIENTED_EDGE('',*,*,#134,.T.) ;
#210=ORIENTED_EDGE('',*,*,#189,.T.) ;
#211=ORIENTED_EDGE('',*,*,#196,.F.) ;
#212=ORIENTED_EDGE('',*,*,#203,.F.) ;
#213=ORIENTED_EDGE('',*,*,#208,.T.) ;
#232=ORIENTED_EDGE('',*,*,#225,.T.) ;
#233=ORIENTED_EDGE('',*,*,#208,.F.) ;
#234=ORIENTED_EDGE('',*,*,#230,.F.) ;
#235=ORIENTED_EDGE('',*,*,#196,.T.) ;
#272=ORIENTED_EDGE('',*,*,#251,.T.) ;
#273=ORIENTED_EDGE('',*,*,#258,.F.) ;
#274=ORIENTED_EDGE('',*,*,#265,.F.) ;
#275=ORIENTED_EDGE('',*,*,#270,.F.) ;
#289=ORIENTED_EDGE('',*,*,#265,.T.) ;
#290=ORIENTED_EDGE('',*,*,#282,.F.) ;
#291=ORIENTED_EDGE('',*,*,#251,.F.) ;
#292=ORIENTED_EDGE('',*,*,#287,.F.) ;
#329=ORIENTED_EDGE('',*,*,#308,.T.) ;
#330=ORIENTED_EDGE('',*,*,#315,.F.) ;
#331=ORIENTED_EDGE('',*,*,#322,.F.) ;
#332=ORIENTED_EDGE('',*,*,#327,.F.) ;
#346=ORIENTED_EDGE('',*,*,#322,.T.) ;
#347=ORIENTED_EDGE('',*,*,#339,.F.) ;
#348=ORIENTED_EDGE('',*,*,#308,.F.) ;
#349=ORIENTED_EDGE('',*,*,#344,.F.) ;
#381=ORIENTED_EDGE('',*,*,#360,.F.) ;
#382=ORIENTED_EDGE('',*,*,#367,.F.) ;
#383=ORIENTED_EDGE('',*,*,#374,.T.) ;
#384=ORIENTED_EDGE('',*,*,#379,.F.) ;
#398=ORIENTED_EDGE('',*,*,#374,.F.) ;
#399=ORIENTED_EDGE('',*,*,#391,.F.) ;
#400=ORIENTED_EDGE('',*,*,#360,.T.) ;
#401=ORIENTED_EDGE('',*,*,#396,.F.) ;
#433=ORIENTED_EDGE('',*,*,#412,.F.) ;
#434=ORIENTED_EDGE('',*,*,#419,.F.) ;
#435=ORIENTED_EDGE('',*,*,#426,.T.) ;
#436=ORIENTED_EDGE('',*,*,#431,.F.) ;
#450=ORIENTED_EDGE('',*,*,#426,.F.) ;
#451=ORIENTED_EDGE('',*,*,#443,.F.) ;
#452=ORIENTED_EDGE('',*,*,#412,.T.) ;
#453=ORIENTED_EDGE('',*,*,#448,.F.) ;
#490=ORIENTED_EDGE('',*,*,#469,.F.) ;
#491=ORIENTED_EDGE('',*,*,#476,.F.) ;
#492=ORIENTED_EDGE('',*,*,#483,.T.) ;
#493=ORIENTED_EDGE('',*,*,#488,.F.) ;
#530=ORIENTED_EDGE('',*,*,#509,.T.) ;
#531=ORIENTED_EDGE('',*,*,#516,.T.) ;
#532=ORIENTED_EDGE('',*,*,#523,.F.) ;
#533=ORIENTED_EDGE('',*,*,#528,.T.) ;
#547=ORIENTED_EDGE('',*,*,#523,.T.) ;
#548=ORIENTED_EDGE('',*,*,#540,.T.) ;
#549=ORIENTED_EDGE('',*,*,#509,.F.) ;
#550=ORIENTED_EDGE('',*,*,#545,.T.) ;
#582=ORIENTED_EDGE('',*,*,#561,.T.) ;
#583=ORIENTED_EDGE('',*,*,#568,.T.) ;
#584=ORIENTED_EDGE('',*,*,#575,.F.) ;
#585=ORIENTED_EDGE('',*,*,#580,.T.) ;
#617=ORIENTED_EDGE('',*,*,#596,.F.) ;
#618=ORIENTED_EDGE('',*,*,#603,.F.) ;
#619=ORIENTED_EDGE('',*,*,#610,.T.) ;
#620=ORIENTED_EDGE('',*,*,#615,.F.) ;
#634=ORIENTED_EDGE('',*,*,#610,.F.) ;
#635=ORIENTED_EDGE('',*,*,#627,.F.) ;
#636=ORIENTED_EDGE('',*,*,#596,.T.) ;
#637=ORIENTED_EDGE('',*,*,#632,.F.) ;
#716=ORIENTED_EDGE('',*,*,#653,.F.) ;
#717=ORIENTED_EDGE('',*,*,#660,.T.) ;
#718=ORIENTED_EDGE('',*,*,#667,.T.) ;
#719=ORIENTED_EDGE('',*,*,#674,.F.) ;
#720=ORIENTED_EDGE('',*,*,#681,.F.) ;
#721=ORIENTED_EDGE('',*,*,#688,.T.) ;
#722=ORIENTED_EDGE('',*,*,#695,.T.) ;
#723=ORIENTED_EDGE('',*,*,#702,.F.) ;
#724=ORIENTED_EDGE('',*,*,#709,.F.) ;
#725=ORIENTED_EDGE('',*,*,#714,.T.) ;
#762=ORIENTED_EDGE('',*,*,#741,.F.) ;
#763=ORIENTED_EDGE('',*,*,#748,.F.) ;
#764=ORIENTED_EDGE('',*,*,#755,.F.) ;
#765=ORIENTED_EDGE('',*,*,#760,.T.) ;
#793=ORIENTED_EDGE('',*,*,#653,.T.) ;
#794=ORIENTED_EDGE('',*,*,#779,.T.) ;
#795=ORIENTED_EDGE('',*,*,#786,.T.) ;
#796=ORIENTED_EDGE('',*,*,#791,.T.) ;
#799=ORIENTED_EDGE('',*,*,#189,.F.) ;
#800=ORIENTED_EDGE('',*,*,#225,.F.) ;
#828=ORIENTED_EDGE('',*,*,#816,.F.) ;
#829=ORIENTED_EDGE('',*,*,#821,.F.) ;
#830=ORIENTED_EDGE('',*,*,#748,.T.) ;
#831=ORIENTED_EDGE('',*,*,#826,.F.) ;
#859=ORIENTED_EDGE('',*,*,#845,.F.) ;
#860=ORIENTED_EDGE('',*,*,#852,.F.) ;
#861=ORIENTED_EDGE('',*,*,#857,.F.) ;
#862=ORIENTED_EDGE('',*,*,#816,.T.) ;
#881=ORIENTED_EDGE('',*,*,#845,.T.) ;
#882=ORIENTED_EDGE('',*,*,#874,.T.) ;
#883=ORIENTED_EDGE('',*,*,#879,.F.) ;
#897=ORIENTED_EDGE('',*,*,#826,.T.) ;
#898=ORIENTED_EDGE('',*,*,#895,.T.) ;
#899=ORIENTED_EDGE('',*,*,#786,.F.) ;
#900=ORIENTED_EDGE('',*,*,#874,.F.) ;
#914=ORIENTED_EDGE('',*,*,#741,.T.) ;
#915=ORIENTED_EDGE('',*,*,#912,.T.) ;
#916=ORIENTED_EDGE('',*,*,#895,.F.) ;
#930=ORIENTED_EDGE('',*,*,#660,.F.) ;
#931=ORIENTED_EDGE('',*,*,#791,.F.) ;
#932=ORIENTED_EDGE('',*,*,#912,.F.) ;
#933=ORIENTED_EDGE('',*,*,#928,.T.) ;
#947=ORIENTED_EDGE('',*,*,#714,.F.) ;
#948=ORIENTED_EDGE('',*,*,#945,.T.) ;
#949=ORIENTED_EDGE('',*,*,#879,.T.) ;
#950=ORIENTED_EDGE('',*,*,#779,.F.) ;
#987=ORIENTED_EDGE('',*,*,#966,.T.) ;
#988=ORIENTED_EDGE('',*,*,#973,.T.) ;
#989=ORIENTED_EDGE('',*,*,#980,.F.) ;
#990=ORIENTED_EDGE('',*,*,#985,.F.) ;
#1018=ORIENTED_EDGE('',*,*,#1004,.T.) ;
#1019=ORIENTED_EDGE('',*,*,#1011,.T.) ;
#1020=ORIENTED_EDGE('',*,*,#1016,.F.) ;
#1021=ORIENTED_EDGE('',*,*,#973,.F.) ;
#1063=ORIENTED_EDGE('',*,*,#1035,.T.) ;
#1064=ORIENTED_EDGE('',*,*,#1042,.T.) ;
#1065=ORIENTED_EDGE('',*,*,#1049,.T.) ;
#1066=ORIENTED_EDGE('',*,*,#1056,.T.) ;
#1067=ORIENTED_EDGE('',*,*,#1061,.F.) ;
#1068=ORIENTED_EDGE('',*,*,#1011,.F.) ;
#1089=ORIENTED_EDGE('',*,*,#1082,.T.) ;
#1090=ORIENTED_EDGE('',*,*,#1087,.F.) ;
#1091=ORIENTED_EDGE('',*,*,#1056,.F.) ;
#1119=ORIENTED_EDGE('',*,*,#1107,.F.) ;
#1120=ORIENTED_EDGE('',*,*,#1112,.F.) ;
#1121=ORIENTED_EDGE('',*,*,#1082,.F.) ;
#1122=ORIENTED_EDGE('',*,*,#1117,.T.) ;
#1207=ORIENTED_EDGE('',*,*,#1137,.F.) ;
#1208=ORIENTED_EDGE('',*,*,#985,.T.) ;
#1209=ORIENTED_EDGE('',*,*,#1205,.F.) ;
#1242=ORIENTED_EDGE('',*,*,#1223,.F.) ;
#1243=ORIENTED_EDGE('',*,*,#1230,.T.) ;
#1244=ORIENTED_EDGE('',*,*,#1235,.F.) ;
#1245=ORIENTED_EDGE('',*,*,#1107,.T.) ;
#1246=ORIENTED_EDGE('',*,*,#1240,.F.) ;
#1247=ORIENTED_EDGE('',*,*,#755,.T.) ;
#1248=ORIENTED_EDGE('',*,*,#821,.T.) ;
#1249=ORIENTED_EDGE('',*,*,#857,.T.) ;
#1270=ORIENTED_EDGE('',*,*,#1263,.F.) ;
#1271=ORIENTED_EDGE('',*,*,#1268,.T.) ;
#1272=ORIENTED_EDGE('',*,*,#1112,.T.) ;
#1273=ORIENTED_EDGE('',*,*,#1235,.T.) ;
#1294=ORIENTED_EDGE('',*,*,#1287,.F.) ;
#1295=ORIENTED_EDGE('',*,*,#1292,.T.) ;
#1296=ORIENTED_EDGE('',*,*,#1087,.T.) ;
#1297=ORIENTED_EDGE('',*,*,#1268,.F.) ;
#1346=ORIENTED_EDGE('',*,*,#1313,.F.) ;
#1347=ORIENTED_EDGE('',*,*,#1320,.T.) ;
#1348=ORIENTED_EDGE('',*,*,#1325,.F.) ;
#1349=ORIENTED_EDGE('',*,*,#980,.T.) ;
#1350=ORIENTED_EDGE('',*,*,#1016,.T.) ;
#1351=ORIENTED_EDGE('',*,*,#1061,.T.) ;
#1352=ORIENTED_EDGE('',*,*,#1292,.F.) ;
#1353=ORIENTED_EDGE('',*,*,#1332,.F.) ;
#1354=ORIENTED_EDGE('',*,*,#1339,.F.) ;
#1355=ORIENTED_EDGE('',*,*,#1344,.F.) ;
#1383=ORIENTED_EDGE('',*,*,#1344,.T.) ;
#1384=ORIENTED_EDGE('',*,*,#1369,.T.) ;
#1385=ORIENTED_EDGE('',*,*,#1376,.F.) ;
#1386=ORIENTED_EDGE('',*,*,#1381,.F.) ;
#1407=ORIENTED_EDGE('',*,*,#1339,.T.) ;
#1408=ORIENTED_EDGE('',*,*,#1400,.T.) ;
#1409=ORIENTED_EDGE('',*,*,#1405,.F.) ;
#1410=ORIENTED_EDGE('',*,*,#1369,.F.) ;
#1445=ORIENTED_EDGE('',*,*,#1332,.T.) ;
#1446=ORIENTED_EDGE('',*,*,#1424,.T.) ;
#1447=ORIENTED_EDGE('',*,*,#1431,.F.) ;
#1448=ORIENTED_EDGE('',*,*,#1438,.T.) ;
#1449=ORIENTED_EDGE('',*,*,#1443,.F.) ;
#1450=ORIENTED_EDGE('',*,*,#1400,.F.) ;
#1464=ORIENTED_EDGE('',*,*,#1287,.T.) ;
#1465=ORIENTED_EDGE('',*,*,#1462,.T.) ;
#1466=ORIENTED_EDGE('',*,*,#1424,.F.) ;
#1480=ORIENTED_EDGE('',*,*,#1230,.F.) ;
#1481=ORIENTED_EDGE('',*,*,#1478,.F.) ;
#1482=ORIENTED_EDGE('',*,*,#1462,.F.) ;
#1483=ORIENTED_EDGE('',*,*,#1263,.T.) ;
#1529=ORIENTED_EDGE('',*,*,#1498,.F.) ;
#1530=ORIENTED_EDGE('',*,*,#1527,.T.) ;
#1531=ORIENTED_EDGE('',*,*,#1381,.T.) ;
#1585=ORIENTED_EDGE('',*,*,#1559,.T.) ;
#1586=ORIENTED_EDGE('',*,*,#1566,.F.) ;
#1587=ORIENTED_EDGE('',*,*,#1573,.T.) ;
#1588=ORIENTED_EDGE('',*,*,#1578,.T.) ;
#1589=ORIENTED_EDGE('',*,*,#575,.T.) ;
#1590=ORIENTED_EDGE('',*,*,#1583,.F.) ;
#1611=ORIENTED_EDGE('',*,*,#1604,.F.) ;
#1612=ORIENTED_EDGE('',*,*,#1583,.T.) ;
#1613=ORIENTED_EDGE('',*,*,#568,.F.) ;
#1614=ORIENTED_EDGE('',*,*,#1609,.F.) ;
#1617=ORIENTED_EDGE('',*,*,#603,.T.) ;
#1618=ORIENTED_EDGE('',*,*,#627,.T.) ;
#1651=ORIENTED_EDGE('',*,*,#1527,.F.) ;
#1652=ORIENTED_EDGE('',*,*,#1632,.F.) ;
#1653=ORIENTED_EDGE('',*,*,#1639,.T.) ;
#1654=ORIENTED_EDGE('',*,*,#1644,.F.) ;
#1655=ORIENTED_EDGE('',*,*,#1649,.F.) ;
#1656=ORIENTED_EDGE('',*,*,#1313,.T.) ;
#1691=ORIENTED_EDGE('',*,*,#1670,.F.) ;
#1692=ORIENTED_EDGE('',*,*,#1677,.F.) ;
#1693=ORIENTED_EDGE('',*,*,#1684,.T.) ;
#1694=ORIENTED_EDGE('',*,*,#1689,.F.) ;
#1722=ORIENTED_EDGE('',*,*,#1710,.T.) ;
#1723=ORIENTED_EDGE('',*,*,#1715,.F.) ;
#1724=ORIENTED_EDGE('',*,*,#1684,.F.) ;
#1725=ORIENTED_EDGE('',*,*,#1720,.T.) ;
#1753=ORIENTED_EDGE('',*,*,#1739,.T.) ;
#1754=ORIENTED_EDGE('',*,*,#1710,.F.) ;
#1755=ORIENTED_EDGE('',*,*,#1746,.T.) ;
#1756=ORIENTED_EDGE('',*,*,#1751,.T.) ;
#1791=ORIENTED_EDGE('',*,*,#1770,.F.) ;
#1792=ORIENTED_EDGE('',*,*,#1777,.F.) ;
#1793=ORIENTED_EDGE('',*,*,#1784,.T.) ;
#1794=ORIENTED_EDGE('',*,*,#1789,.F.) ;
#1817=ORIENTED_EDGE('',*,*,#1805,.T.) ;
#1818=ORIENTED_EDGE('',*,*,#1810,.F.) ;
#1819=ORIENTED_EDGE('',*,*,#1784,.F.) ;
#1820=ORIENTED_EDGE('',*,*,#1815,.T.) ;
#1848=ORIENTED_EDGE('',*,*,#1834,.T.) ;
#1849=ORIENTED_EDGE('',*,*,#1805,.F.) ;
#1850=ORIENTED_EDGE('',*,*,#1841,.T.) ;
#1851=ORIENTED_EDGE('',*,*,#1846,.T.) ;
#1879=ORIENTED_EDGE('',*,*,#1867,.F.) ;
#1880=ORIENTED_EDGE('',*,*,#1872,.F.) ;
#1881=ORIENTED_EDGE('',*,*,#674,.T.) ;
#1882=ORIENTED_EDGE('',*,*,#1877,.T.) ;
#1910=ORIENTED_EDGE('',*,*,#1896,.F.) ;
#1911=ORIENTED_EDGE('',*,*,#1846,.F.) ;
#1912=ORIENTED_EDGE('',*,*,#1903,.T.) ;
#1913=ORIENTED_EDGE('',*,*,#1908,.T.) ;
#1946=ORIENTED_EDGE('',*,*,#1903,.F.) ;
#1947=ORIENTED_EDGE('',*,*,#1841,.F.) ;
#1948=ORIENTED_EDGE('',*,*,#1815,.F.) ;
#1949=ORIENTED_EDGE('',*,*,#1777,.T.) ;
#1950=ORIENTED_EDGE('',*,*,#1927,.F.) ;
#1951=ORIENTED_EDGE('',*,*,#1934,.F.) ;
#1952=ORIENTED_EDGE('',*,*,#1939,.T.) ;
#1953=ORIENTED_EDGE('',*,*,#681,.T.) ;
#1954=ORIENTED_EDGE('',*,*,#1872,.T.) ;
#1955=ORIENTED_EDGE('',*,*,#1944,.F.) ;
#1958=ORIENTED_EDGE('',*,*,#315,.T.) ;
#1959=ORIENTED_EDGE('',*,*,#339,.T.) ;
#1962=ORIENTED_EDGE('',*,*,#282,.T.) ;
#1963=ORIENTED_EDGE('',*,*,#258,.T.) ;
#1977=ORIENTED_EDGE('',*,*,#1975,.F.) ;
#1978=ORIENTED_EDGE('',*,*,#1877,.F.) ;
#1979=ORIENTED_EDGE('',*,*,#667,.F.) ;
#1980=ORIENTED_EDGE('',*,*,#928,.F.) ;
#1981=ORIENTED_EDGE('',*,*,#760,.F.) ;
#1982=ORIENTED_EDGE('',*,*,#1240,.T.) ;
#1983=ORIENTED_EDGE('',*,*,#1117,.F.) ;
#1984=ORIENTED_EDGE('',*,*,#1049,.F.) ;
#1985=ORIENTED_EDGE('',*,*,#1042,.F.) ;
#1986=ORIENTED_EDGE('',*,*,#1789,.T.) ;
#1987=ORIENTED_EDGE('',*,*,#1810,.T.) ;
#1988=ORIENTED_EDGE('',*,*,#1834,.F.) ;
#1989=ORIENTED_EDGE('',*,*,#1896,.T.) ;
#1992=ORIENTED_EDGE('',*,*,#344,.T.) ;
#1993=ORIENTED_EDGE('',*,*,#327,.T.) ;
#1996=ORIENTED_EDGE('',*,*,#270,.T.) ;
#1997=ORIENTED_EDGE('',*,*,#287,.T.) ;
#2006=ORIENTED_EDGE('',*,*,#1975,.T.) ;
#2007=ORIENTED_EDGE('',*,*,#1908,.F.) ;
#2008=ORIENTED_EDGE('',*,*,#1944,.T.) ;
#2009=ORIENTED_EDGE('',*,*,#1867,.T.) ;
#2032=ORIENTED_EDGE('',*,*,#2020,.F.) ;
#2033=ORIENTED_EDGE('',*,*,#2025,.F.) ;
#2034=ORIENTED_EDGE('',*,*,#702,.T.) ;
#2035=ORIENTED_EDGE('',*,*,#2030,.T.) ;
#2058=ORIENTED_EDGE('',*,*,#2044,.F.) ;
#2059=ORIENTED_EDGE('',*,*,#1751,.F.) ;
#2060=ORIENTED_EDGE('',*,*,#2051,.T.) ;
#2061=ORIENTED_EDGE('',*,*,#2056,.T.) ;
#2075=ORIENTED_EDGE('',*,*,#2073,.F.) ;
#2076=ORIENTED_EDGE('',*,*,#2051,.F.) ;
#2077=ORIENTED_EDGE('',*,*,#1746,.F.) ;
#2078=ORIENTED_EDGE('',*,*,#1720,.F.) ;
#2079=ORIENTED_EDGE('',*,*,#1677,.T.) ;
#2080=ORIENTED_EDGE('',*,*,#1438,.F.) ;
#2081=ORIENTED_EDGE('',*,*,#1431,.T.) ;
#2082=ORIENTED_EDGE('',*,*,#1478,.T.) ;
#2083=ORIENTED_EDGE('',*,*,#1223,.T.) ;
#2084=ORIENTED_EDGE('',*,*,#852,.T.) ;
#2085=ORIENTED_EDGE('',*,*,#945,.F.) ;
#2086=ORIENTED_EDGE('',*,*,#709,.T.) ;
#2087=ORIENTED_EDGE('',*,*,#2025,.T.) ;
#2090=ORIENTED_EDGE('',*,*,#448,.T.) ;
#2091=ORIENTED_EDGE('',*,*,#431,.T.) ;
#2094=ORIENTED_EDGE('',*,*,#396,.T.) ;
#2095=ORIENTED_EDGE('',*,*,#379,.T.) ;
#2128=ORIENTED_EDGE('',*,*,#2030,.F.) ;
#2129=ORIENTED_EDGE('',*,*,#695,.F.) ;
#2130=ORIENTED_EDGE('',*,*,#2109,.T.) ;
#2131=ORIENTED_EDGE('',*,*,#2116,.T.) ;
#2132=ORIENTED_EDGE('',*,*,#2121,.F.) ;
#2133=ORIENTED_EDGE('',*,*,#1689,.T.) ;
#2134=ORIENTED_EDGE('',*,*,#1715,.T.) ;
#2135=ORIENTED_EDGE('',*,*,#1739,.F.) ;
#2136=ORIENTED_EDGE('',*,*,#2044,.T.) ;
#2137=ORIENTED_EDGE('',*,*,#2126,.F.) ;
#2140=ORIENTED_EDGE('',*,*,#419,.T.) ;
#2141=ORIENTED_EDGE('',*,*,#443,.T.) ;
#2144=ORIENTED_EDGE('',*,*,#391,.T.) ;
#2145=ORIENTED_EDGE('',*,*,#367,.T.) ;
#2154=ORIENTED_EDGE('',*,*,#2126,.T.) ;
#2155=ORIENTED_EDGE('',*,*,#2056,.F.) ;
#2156=ORIENTED_EDGE('',*,*,#2073,.T.) ;
#2157=ORIENTED_EDGE('',*,*,#2020,.T.) ;
#2206=ORIENTED_EDGE('',*,*,#2168,.F.) ;
#2207=ORIENTED_EDGE('',*,*,#2187,.T.) ;
#2208=ORIENTED_EDGE('',*,*,#2192,.F.) ;
#2209=ORIENTED_EDGE('',*,*,#469,.T.) ;
#2210=ORIENTED_EDGE('',*,*,#2199,.F.) ;
#2211=ORIENTED_EDGE('',*,*,#2204,.T.) ;
#2232=ORIENTED_EDGE('',*,*,#2225,.T.) ;
#2233=ORIENTED_EDGE('',*,*,#476,.T.) ;
#2234=ORIENTED_EDGE('',*,*,#2192,.T.) ;
#2235=ORIENTED_EDGE('',*,*,#2230,.F.) ;
#2238=ORIENTED_EDGE('',*,*,#540,.F.) ;
#2239=ORIENTED_EDGE('',*,*,#516,.F.) ;
#2272=ORIENTED_EDGE('',*,*,#1205,.T.) ;
#2273=ORIENTED_EDGE('',*,*,#1325,.T.) ;
#2274=ORIENTED_EDGE('',*,*,#2251,.F.) ;
#2275=ORIENTED_EDGE('',*,*,#2258,.F.) ;
#2276=ORIENTED_EDGE('',*,*,#2265,.T.) ;
#2277=ORIENTED_EDGE('',*,*,#2270,.F.) ;
#2298=ORIENTED_EDGE('',*,*,#2291,.T.) ;
#2299=ORIENTED_EDGE('',*,*,#580,.F.) ;
#2300=ORIENTED_EDGE('',*,*,#1578,.F.) ;
#2301=ORIENTED_EDGE('',*,*,#1644,.T.) ;
#2302=ORIENTED_EDGE('',*,*,#1639,.F.) ;
#2303=ORIENTED_EDGE('',*,*,#2296,.T.) ;
#2306=ORIENTED_EDGE('',*,*,#615,.T.) ;
#2307=ORIENTED_EDGE('',*,*,#632,.T.) ;
#2331=ORIENTED_EDGE('',*,*,#2321,.T.) ;
#2332=ORIENTED_EDGE('',*,*,#2329,.T.) ;
#2333=ORIENTED_EDGE('',*,*,#1609,.T.) ;
#2334=ORIENTED_EDGE('',*,*,#561,.F.) ;
#2335=ORIENTED_EDGE('',*,*,#2291,.F.) ;
#2351=ORIENTED_EDGE('',*,*,#1632,.T.) ;
#2352=ORIENTED_EDGE('',*,*,#1498,.T.) ;
#2353=ORIENTED_EDGE('',*,*,#1376,.T.) ;
#2354=ORIENTED_EDGE('',*,*,#1405,.T.) ;
#2355=ORIENTED_EDGE('',*,*,#1443,.T.) ;
#2356=ORIENTED_EDGE('',*,*,#1670,.T.) ;
#2357=ORIENTED_EDGE('',*,*,#2121,.T.) ;
#2358=ORIENTED_EDGE('',*,*,#2344,.F.) ;
#2359=ORIENTED_EDGE('',*,*,#2349,.F.) ;
#2387=ORIENTED_EDGE('',*,*,#2321,.F.) ;
#2388=ORIENTED_EDGE('',*,*,#2296,.F.) ;
#2389=ORIENTED_EDGE('',*,*,#2349,.T.) ;
#2390=ORIENTED_EDGE('',*,*,#2374,.F.) ;
#2391=ORIENTED_EDGE('',*,*,#2385,.F.) ;
#2427=ORIENTED_EDGE('',*,*,#2407,.T.) ;
#2428=ORIENTED_EDGE('',*,*,#2413,.T.) ;
#2429=ORIENTED_EDGE('',*,*,#2374,.T.) ;
#2430=ORIENTED_EDGE('',*,*,#2344,.T.) ;
#2431=ORIENTED_EDGE('',*,*,#2116,.F.) ;
#2432=ORIENTED_EDGE('',*,*,#2420,.F.) ;
#2433=ORIENTED_EDGE('',*,*,#2425,.T.) ;
#2447=ORIENTED_EDGE('',*,*,#2385,.T.) ;
#2448=ORIENTED_EDGE('',*,*,#2413,.F.) ;
#2449=ORIENTED_EDGE('',*,*,#2445,.F.) ;
#2450=ORIENTED_EDGE('',*,*,#1559,.F.) ;
#2451=ORIENTED_EDGE('',*,*,#1604,.T.) ;
#2452=ORIENTED_EDGE('',*,*,#2329,.F.) ;
#2473=ORIENTED_EDGE('',*,*,#2466,.T.) ;
#2474=ORIENTED_EDGE('',*,*,#2265,.F.) ;
#2475=ORIENTED_EDGE('',*,*,#2258,.T.) ;
#2476=ORIENTED_EDGE('',*,*,#2199,.T.) ;
#2477=ORIENTED_EDGE('',*,*,#488,.T.) ;
#2478=ORIENTED_EDGE('',*,*,#2471,.F.) ;
#2481=ORIENTED_EDGE('',*,*,#545,.F.) ;
#2482=ORIENTED_EDGE('',*,*,#528,.F.) ;
#2501=ORIENTED_EDGE('',*,*,#2491,.T.) ;
#2502=ORIENTED_EDGE('',*,*,#2471,.T.) ;
#2503=ORIENTED_EDGE('',*,*,#483,.F.) ;
#2504=ORIENTED_EDGE('',*,*,#2225,.F.) ;
#2505=ORIENTED_EDGE('',*,*,#2499,.T.) ;
#2521=ORIENTED_EDGE('',*,*,#2514,.F.) ;
#2522=ORIENTED_EDGE('',*,*,#1927,.T.) ;
#2523=ORIENTED_EDGE('',*,*,#1770,.T.) ;
#2524=ORIENTED_EDGE('',*,*,#1035,.F.) ;
#2525=ORIENTED_EDGE('',*,*,#1004,.F.) ;
#2526=ORIENTED_EDGE('',*,*,#966,.F.) ;
#2527=ORIENTED_EDGE('',*,*,#1137,.T.) ;
#2528=ORIENTED_EDGE('',*,*,#2270,.T.) ;
#2529=ORIENTED_EDGE('',*,*,#2519,.F.) ;
#2557=ORIENTED_EDGE('',*,*,#2491,.F.) ;
#2558=ORIENTED_EDGE('',*,*,#2549,.F.) ;
#2559=ORIENTED_EDGE('',*,*,#2555,.F.) ;
#2560=ORIENTED_EDGE('',*,*,#2519,.T.) ;
#2561=ORIENTED_EDGE('',*,*,#2466,.F.) ;
#2597=ORIENTED_EDGE('',*,*,#2514,.T.) ;
#2598=ORIENTED_EDGE('',*,*,#2555,.T.) ;
#2599=ORIENTED_EDGE('',*,*,#2576,.T.) ;
#2600=ORIENTED_EDGE('',*,*,#2583,.T.) ;
#2601=ORIENTED_EDGE('',*,*,#2590,.F.) ;
#2602=ORIENTED_EDGE('',*,*,#2595,.F.) ;
#2603=ORIENTED_EDGE('',*,*,#1934,.T.) ;
#2617=ORIENTED_EDGE('',*,*,#2615,.F.) ;
#2618=ORIENTED_EDGE('',*,*,#2576,.F.) ;
#2619=ORIENTED_EDGE('',*,*,#2549,.T.) ;
#2620=ORIENTED_EDGE('',*,*,#2499,.F.) ;
#2621=ORIENTED_EDGE('',*,*,#2230,.T.) ;
#2622=ORIENTED_EDGE('',*,*,#2187,.F.) ;
#2659=ORIENTED_EDGE('',*,*,#2638,.T.) ;
#2660=ORIENTED_EDGE('',*,*,#2645,.F.) ;
#2661=ORIENTED_EDGE('',*,*,#2652,.T.) ;
#2662=ORIENTED_EDGE('',*,*,#2657,.T.) ;
#2690=ORIENTED_EDGE('',*,*,#2676,.T.) ;
#2691=ORIENTED_EDGE('',*,*,#2590,.T.) ;
#2692=ORIENTED_EDGE('',*,*,#2683,.F.) ;
#2693=ORIENTED_EDGE('',*,*,#2688,.F.) ;
#2721=ORIENTED_EDGE('',*,*,#2707,.F.) ;
#2722=ORIENTED_EDGE('',*,*,#2657,.F.) ;
#2723=ORIENTED_EDGE('',*,*,#2714,.T.) ;
#2724=ORIENTED_EDGE('',*,*,#2719,.T.) ;
#2738=ORIENTED_EDGE('',*,*,#2683,.T.) ;
#2739=ORIENTED_EDGE('',*,*,#2583,.F.) ;
#2740=ORIENTED_EDGE('',*,*,#2615,.T.) ;
#2741=ORIENTED_EDGE('',*,*,#2731,.T.) ;
#2742=ORIENTED_EDGE('',*,*,#2638,.F.) ;
#2743=ORIENTED_EDGE('',*,*,#2707,.T.) ;
#2744=ORIENTED_EDGE('',*,*,#2736,.F.) ;
#2747=ORIENTED_EDGE('',*,*,#127,.F.) ;
#2748=ORIENTED_EDGE('',*,*,#163,.F.) ;
#2762=ORIENTED_EDGE('',*,*,#2736,.T.) ;
#2763=ORIENTED_EDGE('',*,*,#2719,.F.) ;
#2764=ORIENTED_EDGE('',*,*,#2760,.T.) ;
#2765=ORIENTED_EDGE('',*,*,#2688,.T.) ;
#2793=ORIENTED_EDGE('',*,*,#2779,.T.) ;
#2794=ORIENTED_EDGE('',*,*,#2645,.T.) ;
#2795=ORIENTED_EDGE('',*,*,#2731,.F.) ;
#2796=ORIENTED_EDGE('',*,*,#2168,.T.) ;
#2797=ORIENTED_EDGE('',*,*,#2204,.F.) ;
#2798=ORIENTED_EDGE('',*,*,#2251,.T.) ;
#2799=ORIENTED_EDGE('',*,*,#1320,.F.) ;
#2800=ORIENTED_EDGE('',*,*,#1649,.T.) ;
#2801=ORIENTED_EDGE('',*,*,#1573,.F.) ;
#2802=ORIENTED_EDGE('',*,*,#1566,.T.) ;
#2803=ORIENTED_EDGE('',*,*,#2786,.F.) ;
#2804=ORIENTED_EDGE('',*,*,#2791,.F.) ;
#2832=ORIENTED_EDGE('',*,*,#2818,.T.) ;
#2833=ORIENTED_EDGE('',*,*,#2825,.F.) ;
#2834=ORIENTED_EDGE('',*,*,#2830,.T.) ;
#2835=ORIENTED_EDGE('',*,*,#2791,.T.) ;
#2858=ORIENTED_EDGE('',*,*,#2844,.F.) ;
#2859=ORIENTED_EDGE('',*,*,#2425,.F.) ;
#2860=ORIENTED_EDGE('',*,*,#2851,.T.) ;
#2861=ORIENTED_EDGE('',*,*,#2856,.T.) ;
#2889=ORIENTED_EDGE('',*,*,#2877,.F.) ;
#2890=ORIENTED_EDGE('',*,*,#2882,.F.) ;
#2891=ORIENTED_EDGE('',*,*,#2825,.T.) ;
#2892=ORIENTED_EDGE('',*,*,#2887,.T.) ;
#2901=ORIENTED_EDGE('',*,*,#2887,.F.) ;
#2902=ORIENTED_EDGE('',*,*,#2818,.F.) ;
#2903=ORIENTED_EDGE('',*,*,#2786,.T.) ;
#2904=ORIENTED_EDGE('',*,*,#2445,.T.) ;
#2905=ORIENTED_EDGE('',*,*,#2407,.F.) ;
#2906=ORIENTED_EDGE('',*,*,#2844,.T.) ;
#2907=ORIENTED_EDGE('',*,*,#2899,.F.) ;
#2910=ORIENTED_EDGE('',*,*,#65,.F.) ;
#2911=ORIENTED_EDGE('',*,*,#101,.F.) ;
#2925=ORIENTED_EDGE('',*,*,#2923,.F.) ;
#2926=ORIENTED_EDGE('',*,*,#2851,.F.) ;
#2927=ORIENTED_EDGE('',*,*,#2420,.T.) ;
#2928=ORIENTED_EDGE('',*,*,#2109,.F.) ;
#2929=ORIENTED_EDGE('',*,*,#688,.F.) ;
#2930=ORIENTED_EDGE('',*,*,#1939,.F.) ;
#2931=ORIENTED_EDGE('',*,*,#2595,.T.) ;
#2932=ORIENTED_EDGE('',*,*,#2676,.F.) ;
#2933=ORIENTED_EDGE('',*,*,#2760,.F.) ;
#2934=ORIENTED_EDGE('',*,*,#2714,.F.) ;
#2935=ORIENTED_EDGE('',*,*,#2652,.F.) ;
#2936=ORIENTED_EDGE('',*,*,#2779,.F.) ;
#2937=ORIENTED_EDGE('',*,*,#2830,.F.) ;
#2938=ORIENTED_EDGE('',*,*,#2882,.T.) ;
#2941=ORIENTED_EDGE('',*,*,#203,.T.) ;
#2942=ORIENTED_EDGE('',*,*,#230,.T.) ;
#2945=ORIENTED_EDGE('',*,*,#106,.T.) ;
#2946=ORIENTED_EDGE('',*,*,#79,.T.) ;
#2949=ORIENTED_EDGE('',*,*,#168,.T.) ;
#2950=ORIENTED_EDGE('',*,*,#141,.T.) ;
#2959=ORIENTED_EDGE('',*,*,#2899,.T.) ;
#2960=ORIENTED_EDGE('',*,*,#2856,.F.) ;
#2961=ORIENTED_EDGE('',*,*,#2923,.T.) ;
#2962=ORIENTED_EDGE('',*,*,#2877,.T.) ;
#2970=ORIENTED_EDGE('',*,*,#65,.T.) ;
#2971=ORIENTED_EDGE('',*,*,#72,.F.) ;
#2972=ORIENTED_EDGE('',*,*,#79,.F.) ;
#2973=ORIENTED_EDGE('',*,*,#84,.T.) ;
#2977=ORIENTED_EDGE('',*,*,#101,.T.) ;
#2978=ORIENTED_EDGE('',*,*,#84,.F.) ;
#2979=ORIENTED_EDGE('',*,*,#106,.F.) ;
#2980=ORIENTED_EDGE('',*,*,#72,.T.) ;
#2984=ORIENTED_EDGE('',*,*,#127,.T.) ;
#2985=ORIENTED_EDGE('',*,*,#134,.F.) ;
#2986=ORIENTED_EDGE('',*,*,#141,.F.) ;
#2987=ORIENTED_EDGE('',*,*,#146,.T.) ;
#2991=ORIENTED_EDGE('',*,*,#163,.T.) ;
#2992=ORIENTED_EDGE('',*,*,#146,.F.) ;
#2993=ORIENTED_EDGE('',*,*,#168,.F.) ;
#2994=ORIENTED_EDGE('',*,*,#134,.T.) ;
#2998=ORIENTED_EDGE('',*,*,#189,.T.) ;
#2999=ORIENTED_EDGE('',*,*,#196,.F.) ;
#3000=ORIENTED_EDGE('',*,*,#203,.F.) ;
#3001=ORIENTED_EDGE('',*,*,#208,.T.) ;
#3005=ORIENTED_EDGE('',*,*,#225,.T.) ;
#3006=ORIENTED_EDGE('',*,*,#208,.F.) ;
#3007=ORIENTED_EDGE('',*,*,#230,.F.) ;
#3008=ORIENTED_EDGE('',*,*,#196,.T.) ;
#3012=ORIENTED_EDGE('',*,*,#251,.T.) ;
#3013=ORIENTED_EDGE('',*,*,#258,.F.) ;
#3014=ORIENTED_EDGE('',*,*,#265,.F.) ;
#3015=ORIENTED_EDGE('',*,*,#270,.F.) ;
#3019=ORIENTED_EDGE('',*,*,#265,.T.) ;
#3020=ORIENTED_EDGE('',*,*,#282,.F.) ;
#3021=ORIENTED_EDGE('',*,*,#251,.F.) ;
#3022=ORIENTED_EDGE('',*,*,#287,.F.) ;
#3026=ORIENTED_EDGE('',*,*,#308,.T.) ;
#3027=ORIENTED_EDGE('',*,*,#315,.F.) ;
#3028=ORIENTED_EDGE('',*,*,#322,.F.) ;
#3029=ORIENTED_EDGE('',*,*,#327,.F.) ;
#3033=ORIENTED_EDGE('',*,*,#322,.T.) ;
#3034=ORIENTED_EDGE('',*,*,#339,.F.) ;
#3035=ORIENTED_EDGE('',*,*,#308,.F.) ;
#3036=ORIENTED_EDGE('',*,*,#344,.F.) ;
#3040=ORIENTED_EDGE('',*,*,#360,.F.) ;
#3041=ORIENTED_EDGE('',*,*,#367,.F.) ;
#3042=ORIENTED_EDGE('',*,*,#374,.T.) ;
#3043=ORIENTED_EDGE('',*,*,#379,.F.) ;
#3047=ORIENTED_EDGE('',*,*,#374,.F.) ;
#3048=ORIENTED_EDGE('',*,*,#391,.F.) ;
#3049=ORIENTED_EDGE('',*,*,#360,.T.) ;
#3050=ORIENTED_EDGE('',*,*,#396,.F.) ;
#3054=ORIENTED_EDGE('',*,*,#412,.F.) ;
#3055=ORIENTED_EDGE('',*,*,#419,.F.) ;
#3056=ORIENTED_EDGE('',*,*,#426,.T.) ;
#3057=ORIENTED_EDGE('',*,*,#431,.F.) ;
#3061=ORIENTED_EDGE('',*,*,#426,.F.) ;
#3062=ORIENTED_EDGE('',*,*,#443,.F.) ;
#3063=ORIENTED_EDGE('',*,*,#412,.T.) ;
#3064=ORIENTED_EDGE('',*,*,#448,.F.) ;
#3068=ORIENTED_EDGE('',*,*,#469,.F.) ;
#3069=ORIENTED_EDGE('',*,*,#476,.F.) ;
#3070=ORIENTED_EDGE('',*,*,#483,.T.) ;
#3071=ORIENTED_EDGE('',*,*,#488,.F.) ;
#3075=ORIENTED_EDGE('',*,*,#509,.T.) ;
#3076=ORIENTED_EDGE('',*,*,#516,.T.) ;
#3077=ORIENTED_EDGE('',*,*,#523,.F.) ;
#3078=ORIENTED_EDGE('',*,*,#528,.T.) ;
#3082=ORIENTED_EDGE('',*,*,#523,.T.) ;
#3083=ORIENTED_EDGE('',*,*,#540,.T.) ;
#3084=ORIENTED_EDGE('',*,*,#509,.F.) ;
#3085=ORIENTED_EDGE('',*,*,#545,.T.) ;
#3089=ORIENTED_EDGE('',*,*,#561,.T.) ;
#3090=ORIENTED_EDGE('',*,*,#568,.T.) ;
#3091=ORIENTED_EDGE('',*,*,#575,.F.) ;
#3092=ORIENTED_EDGE('',*,*,#580,.T.) ;
#3096=ORIENTED_EDGE('',*,*,#596,.F.) ;
#3097=ORIENTED_EDGE('',*,*,#603,.F.) ;
#3098=ORIENTED_EDGE('',*,*,#610,.T.) ;
#3099=ORIENTED_EDGE('',*,*,#615,.F.) ;
#3103=ORIENTED_EDGE('',*,*,#610,.F.) ;
#3104=ORIENTED_EDGE('',*,*,#627,.F.) ;
#3105=ORIENTED_EDGE('',*,*,#596,.T.) ;
#3106=ORIENTED_EDGE('',*,*,#632,.F.) ;
#3110=ORIENTED_EDGE('',*,*,#653,.F.) ;
#3111=ORIENTED_EDGE('',*,*,#660,.T.) ;
#3112=ORIENTED_EDGE('',*,*,#667,.T.) ;
#3113=ORIENTED_EDGE('',*,*,#674,.F.) ;
#3114=ORIENTED_EDGE('',*,*,#681,.F.) ;
#3115=ORIENTED_EDGE('',*,*,#688,.T.) ;
#3116=ORIENTED_EDGE('',*,*,#695,.T.) ;
#3117=ORIENTED_EDGE('',*,*,#702,.F.) ;
#3118=ORIENTED_EDGE('',*,*,#709,.F.) ;
#3119=ORIENTED_EDGE('',*,*,#714,.T.) ;
#3123=ORIENTED_EDGE('',*,*,#741,.F.) ;
#3124=ORIENTED_EDGE('',*,*,#748,.F.) ;
#3125=ORIENTED_EDGE('',*,*,#755,.F.) ;
#3126=ORIENTED_EDGE('',*,*,#760,.T.) ;
#3130=ORIENTED_EDGE('',*,*,#653,.T.) ;
#3131=ORIENTED_EDGE('',*,*,#779,.T.) ;
#3132=ORIENTED_EDGE('',*,*,#786,.T.) ;
#3133=ORIENTED_EDGE('',*,*,#791,.T.) ;
#3136=ORIENTED_EDGE('',*,*,#189,.F.) ;
#3137=ORIENTED_EDGE('',*,*,#225,.F.) ;
#3141=ORIENTED_EDGE('',*,*,#816,.F.) ;
#3142=ORIENTED_EDGE('',*,*,#821,.F.) ;
#3143=ORIENTED_EDGE('',*,*,#748,.T.) ;
#3144=ORIENTED_EDGE('',*,*,#826,.F.) ;
#3148=ORIENTED_EDGE('',*,*,#845,.F.) ;
#3149=ORIENTED_EDGE('',*,*,#852,.F.) ;
#3150=ORIENTED_EDGE('',*,*,#857,.F.) ;
#3151=ORIENTED_EDGE('',*,*,#816,.T.) ;
#3155=ORIENTED_EDGE('',*,*,#845,.T.) ;
#3156=ORIENTED_EDGE('',*,*,#874,.T.) ;
#3157=ORIENTED_EDGE('',*,*,#879,.F.) ;
#3161=ORIENTED_EDGE('',*,*,#826,.T.) ;
#3162=ORIENTED_EDGE('',*,*,#895,.T.) ;
#3163=ORIENTED_EDGE('',*,*,#786,.F.) ;
#3164=ORIENTED_EDGE('',*,*,#874,.F.) ;
#3168=ORIENTED_EDGE('',*,*,#741,.T.) ;
#3169=ORIENTED_EDGE('',*,*,#912,.T.) ;
#3170=ORIENTED_EDGE('',*,*,#895,.F.) ;
#3174=ORIENTED_EDGE('',*,*,#660,.F.) ;
#3175=ORIENTED_EDGE('',*,*,#791,.F.) ;
#3176=ORIENTED_EDGE('',*,*,#912,.F.) ;
#3177=ORIENTED_EDGE('',*,*,#928,.T.) ;
#3181=ORIENTED_EDGE('',*,*,#714,.F.) ;
#3182=ORIENTED_EDGE('',*,*,#945,.T.) ;
#3183=ORIENTED_EDGE('',*,*,#879,.T.) ;
#3184=ORIENTED_EDGE('',*,*,#779,.F.) ;
#3188=ORIENTED_EDGE('',*,*,#966,.T.) ;
#3189=ORIENTED_EDGE('',*,*,#973,.T.) ;
#3190=ORIENTED_EDGE('',*,*,#980,.F.) ;
#3191=ORIENTED_EDGE('',*,*,#985,.F.) ;
#3195=ORIENTED_EDGE('',*,*,#1004,.T.) ;
#3196=ORIENTED_EDGE('',*,*,#1011,.T.) ;
#3197=ORIENTED_EDGE('',*,*,#1016,.F.) ;
#3198=ORIENTED_EDGE('',*,*,#973,.F.) ;
#3202=ORIENTED_EDGE('',*,*,#1035,.T.) ;
#3203=ORIENTED_EDGE('',*,*,#1042,.T.) ;
#3204=ORIENTED_EDGE('',*,*,#1049,.T.) ;
#3205=ORIENTED_EDGE('',*,*,#1056,.T.) ;
#3206=ORIENTED_EDGE('',*,*,#1061,.F.) ;
#3207=ORIENTED_EDGE('',*,*,#1011,.F.) ;
#3211=ORIENTED_EDGE('',*,*,#1082,.T.) ;
#3212=ORIENTED_EDGE('',*,*,#1087,.F.) ;
#3213=ORIENTED_EDGE('',*,*,#1056,.F.) ;
#3217=ORIENTED_EDGE('',*,*,#1107,.F.) ;
#3218=ORIENTED_EDGE('',*,*,#1112,.F.) ;
#3219=ORIENTED_EDGE('',*,*,#1082,.F.) ;
#3220=ORIENTED_EDGE('',*,*,#1117,.T.) ;
#3224=ORIENTED_EDGE('',*,*,#1137,.F.) ;
#3225=ORIENTED_EDGE('',*,*,#985,.T.) ;
#3226=ORIENTED_EDGE('',*,*,#1205,.F.) ;
#3230=ORIENTED_EDGE('',*,*,#1223,.F.) ;
#3231=ORIENTED_EDGE('',*,*,#1230,.T.) ;
#3232=ORIENTED_EDGE('',*,*,#1235,.F.) ;
#3233=ORIENTED_EDGE('',*,*,#1107,.T.) ;
#3234=ORIENTED_EDGE('',*,*,#1240,.F.) ;
#3235=ORIENTED_EDGE('',*,*,#755,.T.) ;
#3236=ORIENTED_EDGE('',*,*,#821,.T.) ;
#3237=ORIENTED_EDGE('',*,*,#857,.T.) ;
#3241=ORIENTED_EDGE('',*,*,#1263,.F.) ;
#3242=ORIENTED_EDGE('',*,*,#1268,.T.) ;
#3243=ORIENTED_EDGE('',*,*,#1112,.T.) ;
#3244=ORIENTED_EDGE('',*,*,#1235,.T.) ;
#3248=ORIENTED_EDGE('',*,*,#1287,.F.) ;
#3249=ORIENTED_EDGE('',*,*,#1292,.T.) ;
#3250=ORIENTED_EDGE('',*,*,#1087,.T.) ;
#3251=ORIENTED_EDGE('',*,*,#1268,.F.) ;
#3255=ORIENTED_EDGE('',*,*,#1313,.F.) ;
#3256=ORIENTED_EDGE('',*,*,#1320,.T.) ;
#3257=ORIENTED_EDGE('',*,*,#1325,.F.) ;
#3258=ORIENTED_EDGE('',*,*,#980,.T.) ;
#3259=ORIENTED_EDGE('',*,*,#1016,.T.) ;
#3260=ORIENTED_EDGE('',*,*,#1061,.T.) ;
#3261=ORIENTED_EDGE('',*,*,#1292,.F.) ;
#3262=ORIENTED_EDGE('',*,*,#1332,.F.) ;
#3263=ORIENTED_EDGE('',*,*,#1339,.F.) ;
#3264=ORIENTED_EDGE('',*,*,#1344,.F.) ;
#3268=ORIENTED_EDGE('',*,*,#1344,.T.) ;
#3269=ORIENTED_EDGE('',*,*,#1369,.T.) ;
#3270=ORIENTED_EDGE('',*,*,#1376,.F.) ;
#3271=ORIENTED_EDGE('',*,*,#1381,.F.) ;
#3275=ORIENTED_EDGE('',*,*,#1339,.T.) ;
#3276=ORIENTED_EDGE('',*,*,#1400,.T.) ;
#3277=ORIENTED_EDGE('',*,*,#1405,.F.) ;
#3278=ORIENTED_EDGE('',*,*,#1369,.F.) ;
#3282=ORIENTED_EDGE('',*,*,#1332,.T.) ;
#3283=ORIENTED_EDGE('',*,*,#1424,.T.) ;
#3284=ORIENTED_EDGE('',*,*,#1431,.F.) ;
#3285=ORIENTED_EDGE('',*,*,#1438,.T.) ;
#3286=ORIENTED_EDGE('',*,*,#1443,.F.) ;
#3287=ORIENTED_EDGE('',*,*,#1400,.F.) ;
#3291=ORIENTED_EDGE('',*,*,#1287,.T.) ;
#3292=ORIENTED_EDGE('',*,*,#1462,.T.) ;
#3293=ORIENTED_EDGE('',*,*,#1424,.F.) ;
#3297=ORIENTED_EDGE('',*,*,#1230,.F.) ;
#3298=ORIENTED_EDGE('',*,*,#1478,.F.) ;
#3299=ORIENTED_EDGE('',*,*,#1462,.F.) ;
#3300=ORIENTED_EDGE('',*,*,#1263,.T.) ;
#3304=ORIENTED_EDGE('',*,*,#1498,.F.) ;
#3305=ORIENTED_EDGE('',*,*,#1527,.T.) ;
#3306=ORIENTED_EDGE('',*,*,#1381,.T.) ;
#3310=ORIENTED_EDGE('',*,*,#1559,.T.) ;
#3311=ORIENTED_EDGE('',*,*,#1566,.F.) ;
#3312=ORIENTED_EDGE('',*,*,#1573,.T.) ;
#3313=ORIENTED_EDGE('',*,*,#1578,.T.) ;
#3314=ORIENTED_EDGE('',*,*,#575,.T.) ;
#3315=ORIENTED_EDGE('',*,*,#1583,.F.) ;
#3319=ORIENTED_EDGE('',*,*,#1604,.F.) ;
#3320=ORIENTED_EDGE('',*,*,#1583,.T.) ;
#3321=ORIENTED_EDGE('',*,*,#568,.F.) ;
#3322=ORIENTED_EDGE('',*,*,#1609,.F.) ;
#3325=ORIENTED_EDGE('',*,*,#603,.T.) ;
#3326=ORIENTED_EDGE('',*,*,#627,.T.) ;
#3330=ORIENTED_EDGE('',*,*,#1527,.F.) ;
#3331=ORIENTED_EDGE('',*,*,#1632,.F.) ;
#3332=ORIENTED_EDGE('',*,*,#1639,.T.) ;
#3333=ORIENTED_EDGE('',*,*,#1644,.F.) ;
#3334=ORIENTED_EDGE('',*,*,#1649,.F.) ;
#3335=ORIENTED_EDGE('',*,*,#1313,.T.) ;
#3339=ORIENTED_EDGE('',*,*,#1670,.F.) ;
#3340=ORIENTED_EDGE('',*,*,#1677,.F.) ;
#3341=ORIENTED_EDGE('',*,*,#1684,.T.) ;
#3342=ORIENTED_EDGE('',*,*,#1689,.F.) ;
#3346=ORIENTED_EDGE('',*,*,#1710,.T.) ;
#3347=ORIENTED_EDGE('',*,*,#1715,.F.) ;
#3348=ORIENTED_EDGE('',*,*,#1684,.F.) ;
#3349=ORIENTED_EDGE('',*,*,#1720,.T.) ;
#3353=ORIENTED_EDGE('',*,*,#1739,.T.) ;
#3354=ORIENTED_EDGE('',*,*,#1710,.F.) ;
#3355=ORIENTED_EDGE('',*,*,#1746,.T.) ;
#3356=ORIENTED_EDGE('',*,*,#1751,.T.) ;
#3360=ORIENTED_EDGE('',*,*,#1770,.F.) ;
#3361=ORIENTED_EDGE('',*,*,#1777,.F.) ;
#3362=ORIENTED_EDGE('',*,*,#1784,.T.) ;
#3363=ORIENTED_EDGE('',*,*,#1789,.F.) ;
#3367=ORIENTED_EDGE('',*,*,#1805,.T.) ;
#3368=ORIENTED_EDGE('',*,*,#1810,.F.) ;
#3369=ORIENTED_EDGE('',*,*,#1784,.F.) ;
#3370=ORIENTED_EDGE('',*,*,#1815,.T.) ;
#3374=ORIENTED_EDGE('',*,*,#1834,.T.) ;
#3375=ORIENTED_EDGE('',*,*,#1805,.F.) ;
#3376=ORIENTED_EDGE('',*,*,#1841,.T.) ;
#3377=ORIENTED_EDGE('',*,*,#1846,.T.) ;
#3381=ORIENTED_EDGE('',*,*,#1867,.F.) ;
#3382=ORIENTED_EDGE('',*,*,#1872,.F.) ;
#3383=ORIENTED_EDGE('',*,*,#674,.T.) ;
#3384=ORIENTED_EDGE('',*,*,#1877,.T.) ;
#3388=ORIENTED_EDGE('',*,*,#1896,.F.) ;
#3389=ORIENTED_EDGE('',*,*,#1846,.F.) ;
#3390=ORIENTED_EDGE('',*,*,#1903,.T.) ;
#3391=ORIENTED_EDGE('',*,*,#1908,.T.) ;
#3395=ORIENTED_EDGE('',*,*,#1903,.F.) ;
#3396=ORIENTED_EDGE('',*,*,#1841,.F.) ;
#3397=ORIENTED_EDGE('',*,*,#1815,.F.) ;
#3398=ORIENTED_EDGE('',*,*,#1777,.T.) ;
#3399=ORIENTED_EDGE('',*,*,#1927,.F.) ;
#3400=ORIENTED_EDGE('',*,*,#1934,.F.) ;
#3401=ORIENTED_EDGE('',*,*,#1939,.T.) ;
#3402=ORIENTED_EDGE('',*,*,#681,.T.) ;
#3403=ORIENTED_EDGE('',*,*,#1872,.T.) ;
#3404=ORIENTED_EDGE('',*,*,#1944,.F.) ;
#3407=ORIENTED_EDGE('',*,*,#315,.T.) ;
#3408=ORIENTED_EDGE('',*,*,#339,.T.) ;
#3411=ORIENTED_EDGE('',*,*,#282,.T.) ;
#3412=ORIENTED_EDGE('',*,*,#258,.T.) ;
#3416=ORIENTED_EDGE('',*,*,#1975,.F.) ;
#3417=ORIENTED_EDGE('',*,*,#1877,.F.) ;
#3418=ORIENTED_EDGE('',*,*,#667,.F.) ;
#3419=ORIENTED_EDGE('',*,*,#928,.F.) ;
#3420=ORIENTED_EDGE('',*,*,#760,.F.) ;
#3421=ORIENTED_EDGE('',*,*,#1240,.T.) ;
#3422=ORIENTED_EDGE('',*,*,#1117,.F.) ;
#3423=ORIENTED_EDGE('',*,*,#1049,.F.) ;
#3424=ORIENTED_EDGE('',*,*,#1042,.F.) ;
#3425=ORIENTED_EDGE('',*,*,#1789,.T.) ;
#3426=ORIENTED_EDGE('',*,*,#1810,.T.) ;
#3427=ORIENTED_EDGE('',*,*,#1834,.F.) ;
#3428=ORIENTED_EDGE('',*,*,#1896,.T.) ;
#3431=ORIENTED_EDGE('',*,*,#344,.T.) ;
#3432=ORIENTED_EDGE('',*,*,#327,.T.) ;
#3435=ORIENTED_EDGE('',*,*,#270,.T.) ;
#3436=ORIENTED_EDGE('',*,*,#287,.T.) ;
#3440=ORIENTED_EDGE('',*,*,#1975,.T.) ;
#3441=ORIENTED_EDGE('',*,*,#1908,.F.) ;
#3442=ORIENTED_EDGE('',*,*,#1944,.T.) ;
#3443=ORIENTED_EDGE('',*,*,#1867,.T.) ;
#3447=ORIENTED_EDGE('',*,*,#2020,.F.) ;
#3448=ORIENTED_EDGE('',*,*,#2025,.F.) ;
#3449=ORIENTED_EDGE('',*,*,#702,.T.) ;
#3450=ORIENTED_EDGE('',*,*,#2030,.T.) ;
#3454=ORIENTED_EDGE('',*,*,#2044,.F.) ;
#3455=ORIENTED_EDGE('',*,*,#1751,.F.) ;
#3456=ORIENTED_EDGE('',*,*,#2051,.T.) ;
#3457=ORIENTED_EDGE('',*,*,#2056,.T.) ;
#3461=ORIENTED_EDGE('',*,*,#2073,.F.) ;
#3462=ORIENTED_EDGE('',*,*,#2051,.F.) ;
#3463=ORIENTED_EDGE('',*,*,#1746,.F.) ;
#3464=ORIENTED_EDGE('',*,*,#1720,.F.) ;
#3465=ORIENTED_EDGE('',*,*,#1677,.T.) ;
#3466=ORIENTED_EDGE('',*,*,#1438,.F.) ;
#3467=ORIENTED_EDGE('',*,*,#1431,.T.) ;
#3468=ORIENTED_EDGE('',*,*,#1478,.T.) ;
#3469=ORIENTED_EDGE('',*,*,#1223,.T.) ;
#3470=ORIENTED_EDGE('',*,*,#852,.T.) ;
#3471=ORIENTED_EDGE('',*,*,#945,.F.) ;
#3472=ORIENTED_EDGE('',*,*,#709,.T.) ;
#3473=ORIENTED_EDGE('',*,*,#2025,.T.) ;
#3476=ORIENTED_EDGE('',*,*,#448,.T.) ;
#3477=ORIENTED_EDGE('',*,*,#431,.T.) ;
#3480=ORIENTED_EDGE('',*,*,#396,.T.) ;
#3481=ORIENTED_EDGE('',*,*,#379,.T.) ;
#3485=ORIENTED_EDGE('',*,*,#2030,.F.) ;
#3486=ORIENTED_EDGE('',*,*,#695,.F.) ;
#3487=ORIENTED_EDGE('',*,*,#2109,.T.) ;
#3488=ORIENTED_EDGE('',*,*,#2116,.T.) ;
#3489=ORIENTED_EDGE('',*,*,#2121,.F.) ;
#3490=ORIENTED_EDGE('',*,*,#1689,.T.) ;
#3491=ORIENTED_EDGE('',*,*,#1715,.T.) ;
#3492=ORIENTED_EDGE('',*,*,#1739,.F.) ;
#3493=ORIENTED_EDGE('',*,*,#2044,.T.) ;
#3494=ORIENTED_EDGE('',*,*,#2126,.F.) ;
#3497=ORIENTED_EDGE('',*,*,#419,.T.) ;
#3498=ORIENTED_EDGE('',*,*,#443,.T.) ;
#3501=ORIENTED_EDGE('',*,*,#391,.T.) ;
#3502=ORIENTED_EDGE('',*,*,#367,.T.) ;
#3506=ORIENTED_EDGE('',*,*,#2126,.T.) ;
#3507=ORIENTED_EDGE('',*,*,#2056,.F.) ;
#3508=ORIENTED_EDGE('',*,*,#2073,.T.) ;
#3509=ORIENTED_EDGE('',*,*,#2020,.T.) ;
#3513=ORIENTED_EDGE('',*,*,#2168,.F.) ;
#3514=ORIENTED_EDGE('',*,*,#2187,.T.) ;
#3515=ORIENTED_EDGE('',*,*,#2192,.F.) ;
#3516=ORIENTED_EDGE('',*,*,#469,.T.) ;
#3517=ORIENTED_EDGE('',*,*,#2199,.F.) ;
#3518=ORIENTED_EDGE('',*,*,#2204,.T.) ;
#3522=ORIENTED_EDGE('',*,*,#2225,.T.) ;
#3523=ORIENTED_EDGE('',*,*,#476,.T.) ;
#3524=ORIENTED_EDGE('',*,*,#2192,.T.) ;
#3525=ORIENTED_EDGE('',*,*,#2230,.F.) ;
#3528=ORIENTED_EDGE('',*,*,#540,.F.) ;
#3529=ORIENTED_EDGE('',*,*,#516,.F.) ;
#3533=ORIENTED_EDGE('',*,*,#1205,.T.) ;
#3534=ORIENTED_EDGE('',*,*,#1325,.T.) ;
#3535=ORIENTED_EDGE('',*,*,#2251,.F.) ;
#3536=ORIENTED_EDGE('',*,*,#2258,.F.) ;
#3537=ORIENTED_EDGE('',*,*,#2265,.T.) ;
#3538=ORIENTED_EDGE('',*,*,#2270,.F.) ;
#3542=ORIENTED_EDGE('',*,*,#2291,.T.) ;
#3543=ORIENTED_EDGE('',*,*,#580,.F.) ;
#3544=ORIENTED_EDGE('',*,*,#1578,.F.) ;
#3545=ORIENTED_EDGE('',*,*,#1644,.T.) ;
#3546=ORIENTED_EDGE('',*,*,#1639,.F.) ;
#3547=ORIENTED_EDGE('',*,*,#2296,.T.) ;
#3550=ORIENTED_EDGE('',*,*,#615,.T.) ;
#3551=ORIENTED_EDGE('',*,*,#632,.T.) ;
#3555=ORIENTED_EDGE('',*,*,#2321,.T.) ;
#3556=ORIENTED_EDGE('',*,*,#2329,.T.) ;
#3557=ORIENTED_EDGE('',*,*,#1609,.T.) ;
#3558=ORIENTED_EDGE('',*,*,#561,.F.) ;
#3559=ORIENTED_EDGE('',*,*,#2291,.F.) ;
#3563=ORIENTED_EDGE('',*,*,#1632,.T.) ;
#3564=ORIENTED_EDGE('',*,*,#1498,.T.) ;
#3565=ORIENTED_EDGE('',*,*,#1376,.T.) ;
#3566=ORIENTED_EDGE('',*,*,#1405,.T.) ;
#3567=ORIENTED_EDGE('',*,*,#1443,.T.) ;
#3568=ORIENTED_EDGE('',*,*,#1670,.T.) ;
#3569=ORIENTED_EDGE('',*,*,#2121,.T.) ;
#3570=ORIENTED_EDGE('',*,*,#2344,.F.) ;
#3571=ORIENTED_EDGE('',*,*,#2349,.F.) ;
#3575=ORIENTED_EDGE('',*,*,#2321,.F.) ;
#3576=ORIENTED_EDGE('',*,*,#2296,.F.) ;
#3577=ORIENTED_EDGE('',*,*,#2349,.T.) ;
#3578=ORIENTED_EDGE('',*,*,#2374,.F.) ;
#3579=ORIENTED_EDGE('',*,*,#2385,.F.) ;
#3583=ORIENTED_EDGE('',*,*,#2407,.T.) ;
#3584=ORIENTED_EDGE('',*,*,#2413,.T.) ;
#3585=ORIENTED_EDGE('',*,*,#2374,.T.) ;
#3586=ORIENTED_EDGE('',*,*,#2344,.T.) ;
#3587=ORIENTED_EDGE('',*,*,#2116,.F.) ;
#3588=ORIENTED_EDGE('',*,*,#2420,.F.) ;
#3589=ORIENTED_EDGE('',*,*,#2425,.T.) ;
#3593=ORIENTED_EDGE('',*,*,#2385,.T.) ;
#3594=ORIENTED_EDGE('',*,*,#2413,.F.) ;
#3595=ORIENTED_EDGE('',*,*,#2445,.F.) ;
#3596=ORIENTED_EDGE('',*,*,#1559,.F.) ;
#3597=ORIENTED_EDGE('',*,*,#1604,.T.) ;
#3598=ORIENTED_EDGE('',*,*,#2329,.F.) ;
#3602=ORIENTED_EDGE('',*,*,#2466,.T.) ;
#3603=ORIENTED_EDGE('',*,*,#2265,.F.) ;
#3604=ORIENTED_EDGE('',*,*,#2258,.T.) ;
#3605=ORIENTED_EDGE('',*,*,#2199,.T.) ;
#3606=ORIENTED_EDGE('',*,*,#488,.T.) ;
#3607=ORIENTED_EDGE('',*,*,#2471,.F.) ;
#3610=ORIENTED_EDGE('',*,*,#545,.F.) ;
#3611=ORIENTED_EDGE('',*,*,#528,.F.) ;
#3615=ORIENTED_EDGE('',*,*,#2491,.T.) ;
#3616=ORIENTED_EDGE('',*,*,#2471,.T.) ;
#3617=ORIENTED_EDGE('',*,*,#483,.F.) ;
#3618=ORIENTED_EDGE('',*,*,#2225,.F.) ;
#3619=ORIENTED_EDGE('',*,*,#2499,.T.) ;
#3623=ORIENTED_EDGE('',*,*,#2514,.F.) ;
#3624=ORIENTED_EDGE('',*,*,#1927,.T.) ;
#3625=ORIENTED_EDGE('',*,*,#1770,.T.) ;
#3626=ORIENTED_EDGE('',*,*,#1035,.F.) ;
#3627=ORIENTED_EDGE('',*,*,#1004,.F.) ;
#3628=ORIENTED_EDGE('',*,*,#966,.F.) ;
#3629=ORIENTED_EDGE('',*,*,#1137,.T.) ;
#3630=ORIENTED_EDGE('',*,*,#2270,.T.) ;
#3631=ORIENTED_EDGE('',*,*,#2519,.F.) ;
#3635=ORIENTED_EDGE('',*,*,#2491,.F.) ;
#3636=ORIENTED_EDGE('',*,*,#2549,.F.) ;
#3637=ORIENTED_EDGE('',*,*,#2555,.F.) ;
#3638=ORIENTED_EDGE('',*,*,#2519,.T.) ;
#3639=ORIENTED_EDGE('',*,*,#2466,.F.) ;
#3643=ORIENTED_EDGE('',*,*,#2514,.T.) ;
#3644=ORIENTED_EDGE('',*,*,#2555,.T.) ;
#3645=ORIENTED_EDGE('',*,*,#2576,.T.) ;
#3646=ORIENTED_EDGE('',*,*,#2583,.T.) ;
#3647=ORIENTED_EDGE('',*,*,#2590,.F.) ;
#3648=ORIENTED_EDGE('',*,*,#2595,.F.) ;
#3649=ORIENTED_EDGE('',*,*,#1934,.T.) ;
#3653=ORIENTED_EDGE('',*,*,#2615,.F.) ;
#3654=ORIENTED_EDGE('',*,*,#2576,.F.) ;
#3655=ORIENTED_EDGE('',*,*,#2549,.T.) ;
#3656=ORIENTED_EDGE('',*,*,#2499,.F.) ;
#3657=ORIENTED_EDGE('',*,*,#2230,.T.) ;
#3658=ORIENTED_EDGE('',*,*,#2187,.F.) ;
#3662=ORIENTED_EDGE('',*,*,#2638,.T.) ;
#3663=ORIENTED_EDGE('',*,*,#2645,.F.) ;
#3664=ORIENTED_EDGE('',*,*,#2652,.T.) ;
#3665=ORIENTED_EDGE('',*,*,#2657,.T.) ;
#3669=ORIENTED_EDGE('',*,*,#2676,.T.) ;
#3670=ORIENTED_EDGE('',*,*,#2590,.T.) ;
#3671=ORIENTED_EDGE('',*,*,#2683,.F.) ;
#3672=ORIENTED_EDGE('',*,*,#2688,.F.) ;
#3676=ORIENTED_EDGE('',*,*,#2707,.F.) ;
#3677=ORIENTED_EDGE('',*,*,#2657,.F.) ;
#3678=ORIENTED_EDGE('',*,*,#2714,.T.) ;
#3679=ORIENTED_EDGE('',*,*,#2719,.T.) ;
#3683=ORIENTED_EDGE('',*,*,#2683,.T.) ;
#3684=ORIENTED_EDGE('',*,*,#2583,.F.) ;
#3685=ORIENTED_EDGE('',*,*,#2615,.T.) ;
#3686=ORIENTED_EDGE('',*,*,#2731,.T.) ;
#3687=ORIENTED_EDGE('',*,*,#2638,.F.) ;
#3688=ORIENTED_EDGE('',*,*,#2707,.T.) ;
#3689=ORIENTED_EDGE('',*,*,#2736,.F.) ;
#3692=ORIENTED_EDGE('',*,*,#127,.F.) ;
#3693=ORIENTED_EDGE('',*,*,#163,.F.) ;
#3697=ORIENTED_EDGE('',*,*,#2736,.T.) ;
#3698=ORIENTED_EDGE('',*,*,#2719,.F.) ;
#3699=ORIENTED_EDGE('',*,*,#2760,.T.) ;
#3700=ORIENTED_EDGE('',*,*,#2688,.T.) ;
#3704=ORIENTED_EDGE('',*,*,#2779,.T.) ;
#3705=ORIENTED_EDGE('',*,*,#2645,.T.) ;
#3706=ORIENTED_EDGE('',*,*,#2731,.F.) ;
#3707=ORIENTED_EDGE('',*,*,#2168,.T.) ;
#3708=ORIENTED_EDGE('',*,*,#2204,.F.) ;
#3709=ORIENTED_EDGE('',*,*,#2251,.T.) ;
#3710=ORIENTED_EDGE('',*,*,#1320,.F.) ;
#3711=ORIENTED_EDGE('',*,*,#1649,.T.) ;
#3712=ORIENTED_EDGE('',*,*,#1573,.F.) ;
#3713=ORIENTED_EDGE('',*,*,#1566,.T.) ;
#3714=ORIENTED_EDGE('',*,*,#2786,.F.) ;
#3715=ORIENTED_EDGE('',*,*,#2791,.F.) ;
#3719=ORIENTED_EDGE('',*,*,#2818,.T.) ;
#3720=ORIENTED_EDGE('',*,*,#2825,.F.) ;
#3721=ORIENTED_EDGE('',*,*,#2830,.T.) ;
#3722=ORIENTED_EDGE('',*,*,#2791,.T.) ;
#3726=ORIENTED_EDGE('',*,*,#2844,.F.) ;
#3727=ORIENTED_EDGE('',*,*,#2425,.F.) ;
#3728=ORIENTED_EDGE('',*,*,#2851,.T.) ;
#3729=ORIENTED_EDGE('',*,*,#2856,.T.) ;
#3733=ORIENTED_EDGE('',*,*,#2877,.F.) ;
#3734=ORIENTED_EDGE('',*,*,#2882,.F.) ;
#3735=ORIENTED_EDGE('',*,*,#2825,.T.) ;
#3736=ORIENTED_EDGE('',*,*,#2887,.T.) ;
#3740=ORIENTED_EDGE('',*,*,#2887,.F.) ;
#3741=ORIENTED_EDGE('',*,*,#2818,.F.) ;
#3742=ORIENTED_EDGE('',*,*,#2786,.T.) ;
#3743=ORIENTED_EDGE('',*,*,#2445,.T.) ;
#3744=ORIENTED_EDGE('',*,*,#2407,.F.) ;
#3745=ORIENTED_EDGE('',*,*,#2844,.T.) ;
#3746=ORIENTED_EDGE('',*,*,#2899,.F.) ;
#3749=ORIENTED_EDGE('',*,*,#65,.F.) ;
#3750=ORIENTED_EDGE('',*,*,#101,.F.) ;
#3754=ORIENTED_EDGE('',*,*,#2923,.F.) ;
#3755=ORIENTED_EDGE('',*,*,#2851,.F.) ;
#3756=ORIENTED_EDGE('',*,*,#2420,.T.) ;
#3757=ORIENTED_EDGE('',*,*,#2109,.F.) ;
#3758=ORIENTED_EDGE('',*,*,#688,.F.) ;
#3759=ORIENTED_EDGE('',*,*,#1939,.F.) ;
#3760=ORIENTED_EDGE('',*,*,#2595,.T.) ;
#3761=ORIENTED_EDGE('',*,*,#2676,.F.) ;
#3762=ORIENTED_EDGE('',*,*,#2760,.F.) ;
#3763=ORIENTED_EDGE('',*,*,#2714,.F.) ;
#3764=ORIENTED_EDGE('',*,*,#2652,.F.) ;
#3765=ORIENTED_EDGE('',*,*,#2779,.F.) ;
#3766=ORIENTED_EDGE('',*,*,#2830,.F.) ;
#3767=ORIENTED_EDGE('',*,*,#2882,.T.) ;
#3770=ORIENTED_EDGE('',*,*,#203,.T.) ;
#3771=ORIENTED_EDGE('',*,*,#230,.T.) ;
#3774=ORIENTED_EDGE('',*,*,#106,.T.) ;
#3775=ORIENTED_EDGE('',*,*,#79,.T.) ;
#3778=ORIENTED_EDGE('',*,*,#168,.T.) ;
#3779=ORIENTED_EDGE('',*,*,#141,.T.) ;
#3783=ORIENTED_EDGE('',*,*,#2899,.T.) ;
#3784=ORIENTED_EDGE('',*,*,#2856,.F.) ;
#3785=ORIENTED_EDGE('',*,*,#2923,.T.) ;
#3786=ORIENTED_EDGE('',*,*,#2877,.T.) ;
#801=FACE_BOUND('',#798,.T.) ;
#1619=FACE_BOUND('',#1616,.T.) ;
#1960=FACE_BOUND('',#1957,.T.) ;
#1964=FACE_BOUND('',#1961,.T.) ;
#1994=FACE_BOUND('',#1991,.T.) ;
#1998=FACE_BOUND('',#1995,.T.) ;
#2092=FACE_BOUND('',#2089,.T.) ;
#2096=FACE_BOUND('',#2093,.T.) ;
#2142=FACE_BOUND('',#2139,.T.) ;
#2146=FACE_BOUND('',#2143,.T.) ;
#2240=FACE_BOUND('',#2237,.T.) ;
#2308=FACE_BOUND('',#2305,.T.) ;
#2483=FACE_BOUND('',#2480,.T.) ;
#2749=FACE_BOUND('',#2746,.T.) ;
#2912=FACE_BOUND('',#2909,.T.) ;
#2943=FACE_BOUND('',#2940,.T.) ;
#2947=FACE_BOUND('',#2944,.T.) ;
#2951=FACE_BOUND('',#2948,.T.) ;
#3138=FACE_BOUND('',#3135,.T.) ;
#3327=FACE_BOUND('',#3324,.T.) ;
#3409=FACE_BOUND('',#3406,.T.) ;
#3413=FACE_BOUND('',#3410,.T.) ;
#3433=FACE_BOUND('',#3430,.T.) ;
#3437=FACE_BOUND('',#3434,.T.) ;
#3478=FACE_BOUND('',#3475,.T.) ;
#3482=FACE_BOUND('',#3479,.T.) ;
#3499=FACE_BOUND('',#3496,.T.) ;
#3503=FACE_BOUND('',#3500,.T.) ;
#3530=FACE_BOUND('',#3527,.T.) ;
#3552=FACE_BOUND('',#3549,.T.) ;
#3612=FACE_BOUND('',#3609,.T.) ;
#3694=FACE_BOUND('',#3691,.T.) ;
#3751=FACE_BOUND('',#3748,.T.) ;
#3772=FACE_BOUND('',#3769,.T.) ;
#3776=FACE_BOUND('',#3773,.T.) ;
#3780=FACE_BOUND('',#3777,.T.) ;
#51=CLOSED_SHELL('Closed Shell',(#91,#113,#153,#175,#215,#237,#277,#294,#334,#351,#386,#403,#438,#455,#495,#535,#552,#587,#622,#639,#727,#767,#802,#833,#864,#885,#902,#918,#935,#952,#992,#1023,#1070,#1093,#1124,#1211,#1251,#1275,#1299,#1357,#1388,#1412,#1452,#1468,#1485,#1533,#1592,#1620,#1658,#1696,#1727,#1758,#1796,#1822,#1853,#1884,#1915,#1965,#1999,#2011,#2037,#2063,#2097,#2147,#2159,#2213,#2241,#2279,#2309,#2337,#2361,#2393,#2435,#2454,#2484,#2507,#2531,#2563,#2605,#2624,#2664,#2695,#2726,#2750,#2767,#2806,#2837,#2863,#2894,#2913,#2952,#2964)) ;
#2968=CLOSED_SHELL('Closed Shell',(#2975,#2982,#2989,#2996,#3003,#3010,#3017,#3024,#3031,#3038,#3045,#3052,#3059,#3066,#3073,#3080,#3087,#3094,#3101,#3108,#3121,#3128,#3139,#3146,#3153,#3159,#3166,#3172,#3179,#3186,#3193,#3200,#3209,#3215,#3222,#3228,#3239,#3246,#3253,#3266,#3273,#3280,#3289,#3295,#3302,#3308,#3317,#3328,#3337,#3344,#3351,#3358,#3365,#3372,#3379,#3386,#3393,#3414,#3438,#3445,#3452,#3459,#3483,#3504,#3511,#3520,#3531,#3540,#3553,#3561,#3573,#3581,#3591,#3600,#3613,#3621,#3633,#3641,#3651,#3660,#3667,#3674,#3681,#3695,#3702,#3717,#3724,#3731,#3738,#3752,#3781,#3788)) ;
#68=VECTOR('Line Direction',#67,1.) ;
#82=VECTOR('Line Direction',#81,1.) ;
#130=VECTOR('Line Direction',#129,1.) ;
#144=VECTOR('Line Direction',#143,1.) ;
#192=VECTOR('Line Direction',#191,1.) ;
#206=VECTOR('Line Direction',#205,1.) ;
#245=VECTOR('Line Direction',#244,1.) ;
#261=VECTOR('Line Direction',#260,1.) ;
#302=VECTOR('Line Direction',#301,1.) ;
#318=VECTOR('Line Direction',#317,1.) ;
#354=VECTOR('Line Direction',#353,1.) ;
#370=VECTOR('Line Direction',#369,1.) ;
#406=VECTOR('Line Direction',#405,1.) ;
#422=VECTOR('Line Direction',#421,1.) ;
#463=VECTOR('Line Direction',#462,1.) ;
#479=VECTOR('Line Direction',#478,1.) ;
#503=VECTOR('Line Direction',#502,1.) ;
#519=VECTOR('Line Direction',#518,1.) ;
#555=VECTOR('Line Direction',#554,1.) ;
#571=VECTOR('Line Direction',#570,1.) ;
#590=VECTOR('Line Direction',#589,1.) ;
#606=VECTOR('Line Direction',#605,1.) ;
#647=VECTOR('Line Direction',#646,1.) ;
#663=VECTOR('Line Direction',#662,1.) ;
#670=VECTOR('Line Direction',#669,1.) ;
#677=VECTOR('Line Direction',#676,1.) ;
#684=VECTOR('Line Direction',#683,1.) ;
#691=VECTOR('Line Direction',#690,1.) ;
#698=VECTOR('Line Direction',#697,1.) ;
#705=VECTOR('Line Direction',#704,1.) ;
#744=VECTOR('Line Direction',#743,1.) ;
#758=VECTOR('Line Direction',#757,1.) ;
#775=VECTOR('Line Direction',#774,1.) ;
#782=VECTOR('Line Direction',#781,1.) ;
#789=VECTOR('Line Direction',#788,1.) ;
#810=VECTOR('Line Direction',#809,1.) ;
#819=VECTOR('Line Direction',#818,1.) ;
#824=VECTOR('Line Direction',#823,1.) ;
#848=VECTOR('Line Direction',#847,1.) ;
#926=VECTOR('Line Direction',#925,1.) ;
#943=VECTOR('Line Direction',#942,1.) ;
#960=VECTOR('Line Direction',#959,1.) ;
#976=VECTOR('Line Direction',#975,1.) ;
#1031=VECTOR('Line Direction',#1030,1.) ;
#1038=VECTOR('Line Direction',#1037,1.) ;
#1045=VECTOR('Line Direction',#1044,1.) ;
#1059=VECTOR('Line Direction',#1058,1.) ;
#1110=VECTOR('Line Direction',#1109,1.) ;
#1115=VECTOR('Line Direction',#1114,1.) ;
#1219=VECTOR('Line Direction',#1218,1.) ;
#1233=VECTOR('Line Direction',#1232,1.) ;
#1238=VECTOR('Line Direction',#1237,1.) ;
#1259=VECTOR('Line Direction',#1258,1.) ;
#1266=VECTOR('Line Direction',#1265,1.) ;
#1290=VECTOR('Line Direction',#1289,1.) ;
#1307=VECTOR('Line Direction',#1306,1.) ;
#1316=VECTOR('Line Direction',#1315,1.) ;
#1323=VECTOR('Line Direction',#1322,1.) ;
#1328=VECTOR('Line Direction',#1327,1.) ;
#1342=VECTOR('Line Direction',#1341,1.) ;
#1372=VECTOR('Line Direction',#1371,1.) ;
#1427=VECTOR('Line Direction',#1426,1.) ;
#1434=VECTOR('Line Direction',#1433,1.) ;
#1441=VECTOR('Line Direction',#1440,1.) ;
#1476=VECTOR('Line Direction',#1475,1.) ;
#1562=VECTOR('Line Direction',#1561,1.) ;
#1569=VECTOR('Line Direction',#1568,1.) ;
#1576=VECTOR('Line Direction',#1575,1.) ;
#1581=VECTOR('Line Direction',#1580,1.) ;
#1600=VECTOR('Line Direction',#1599,1.) ;
#1607=VECTOR('Line Direction',#1606,1.) ;
#1628=VECTOR('Line Direction',#1627,1.) ;
#1635=VECTOR('Line Direction',#1634,1.) ;
#1642=VECTOR('Line Direction',#1641,1.) ;
#1666=VECTOR('Line Direction',#1665,1.) ;
#1680=VECTOR('Line Direction',#1679,1.) ;
#1704=VECTOR('Line Direction',#1703,1.) ;
#1713=VECTOR('Line Direction',#1712,1.) ;
#1718=VECTOR('Line Direction',#1717,1.) ;
#1749=VECTOR('Line Direction',#1748,1.) ;
#1766=VECTOR('Line Direction',#1765,1.) ;
#1780=VECTOR('Line Direction',#1779,1.) ;
#1799=VECTOR('Line Direction',#1798,1.) ;
#1808=VECTOR('Line Direction',#1807,1.) ;
#1813=VECTOR('Line Direction',#1812,1.) ;
#1844=VECTOR('Line Direction',#1843,1.) ;
#1861=VECTOR('Line Direction',#1860,1.) ;
#1870=VECTOR('Line Direction',#1869,1.) ;
#1875=VECTOR('Line Direction',#1874,1.) ;
#1892=VECTOR('Line Direction',#1891,1.) ;
#1899=VECTOR('Line Direction',#1898,1.) ;
#1906=VECTOR('Line Direction',#1905,1.) ;
#1923=VECTOR('Line Direction',#1922,1.) ;
#1930=VECTOR('Line Direction',#1929,1.) ;
#1937=VECTOR('Line Direction',#1936,1.) ;
#2014=VECTOR('Line Direction',#2013,1.) ;
#2023=VECTOR('Line Direction',#2022,1.) ;
#2028=VECTOR('Line Direction',#2027,1.) ;
#2040=VECTOR('Line Direction',#2039,1.) ;
#2047=VECTOR('Line Direction',#2046,1.) ;
#2054=VECTOR('Line Direction',#2053,1.) ;
#2105=VECTOR('Line Direction',#2104,1.) ;
#2112=VECTOR('Line Direction',#2111,1.) ;
#2119=VECTOR('Line Direction',#2118,1.) ;
#2162=VECTOR('Line Direction',#2161,1.) ;
#2190=VECTOR('Line Direction',#2189,1.) ;
#2195=VECTOR('Line Direction',#2194,1.) ;
#2202=VECTOR('Line Direction',#2201,1.) ;
#2221=VECTOR('Line Direction',#2220,1.) ;
#2228=VECTOR('Line Direction',#2227,1.) ;
#2254=VECTOR('Line Direction',#2253,1.) ;
#2261=VECTOR('Line Direction',#2260,1.) ;
#2268=VECTOR('Line Direction',#2267,1.) ;
#2287=VECTOR('Line Direction',#2286,1.) ;
#2317=VECTOR('Line Direction',#2316,1.) ;
#2347=VECTOR('Line Direction',#2346,1.) ;
#2423=VECTOR('Line Direction',#2422,1.) ;
#2443=VECTOR('Line Direction',#2442,1.) ;
#2469=VECTOR('Line Direction',#2468,1.) ;
#2487=VECTOR('Line Direction',#2486,1.) ;
#2517=VECTOR('Line Direction',#2516,1.) ;
#2586=VECTOR('Line Direction',#2585,1.) ;
#2613=VECTOR('Line Direction',#2612,1.) ;
#2641=VECTOR('Line Direction',#2640,1.) ;
#2655=VECTOR('Line Direction',#2654,1.) ;
#2672=VECTOR('Line Direction',#2671,1.) ;
#2679=VECTOR('Line Direction',#2678,1.) ;
#2686=VECTOR('Line Direction',#2685,1.) ;
#2703=VECTOR('Line Direction',#2702,1.) ;
#2710=VECTOR('Line Direction',#2709,1.) ;
#2717=VECTOR('Line Direction',#2716,1.) ;
#2729=VECTOR('Line Direction',#2728,1.) ;
#2775=VECTOR('Line Direction',#2774,1.) ;
#2782=VECTOR('Line Direction',#2781,1.) ;
#2789=VECTOR('Line Direction',#2788,1.) ;
#2821=VECTOR('Line Direction',#2820,1.) ;
#2840=VECTOR('Line Direction',#2839,1.) ;
#2847=VECTOR('Line Direction',#2846,1.) ;
#2854=VECTOR('Line Direction',#2853,1.) ;
#2871=VECTOR('Line Direction',#2870,1.) ;
#2880=VECTOR('Line Direction',#2879,1.) ;
#2885=VECTOR('Line Direction',#2884,1.) ;
#2966=ADVANCED_BREP_SHAPE_REPRESENTATION('NONE',(#2965,#3789),#46) ;
#49=SHAPE_REPRESENTATION(' ',(#48),#46) ;
#91=ADVANCED_FACE('MAIN',(#90),#56,.F.) ;
#113=ADVANCED_FACE('MAIN',(#112),#96,.F.) ;
#153=ADVANCED_FACE('MAIN',(#152),#118,.F.) ;
#175=ADVANCED_FACE('MAIN',(#174),#158,.F.) ;
#215=ADVANCED_FACE('MAIN',(#214),#180,.F.) ;
#237=ADVANCED_FACE('MAIN',(#236),#220,.F.) ;
#277=ADVANCED_FACE('MAIN',(#276),#242,.F.) ;
#294=ADVANCED_FACE('MAIN',(#293),#242,.F.) ;
#334=ADVANCED_FACE('MAIN',(#333),#299,.F.) ;
#351=ADVANCED_FACE('MAIN',(#350),#299,.F.) ;
#386=ADVANCED_FACE('MAIN',(#385),#242,.F.) ;
#403=ADVANCED_FACE('MAIN',(#402),#242,.F.) ;
#438=ADVANCED_FACE('MAIN',(#437),#299,.F.) ;
#455=ADVANCED_FACE('MAIN',(#454),#299,.F.) ;
#495=ADVANCED_FACE('MAIN',(#494),#460,.T.) ;
#535=ADVANCED_FACE('MAIN',(#534),#500,.F.) ;
#552=ADVANCED_FACE('MAIN',(#551),#500,.F.) ;
#587=ADVANCED_FACE('MAIN',(#586),#460,.T.) ;
#622=ADVANCED_FACE('MAIN',(#621),#500,.F.) ;
#639=ADVANCED_FACE('MAIN',(#638),#500,.F.) ;
#727=ADVANCED_FACE('MAIN',(#726),#644,.T.) ;
#767=ADVANCED_FACE('MAIN',(#766),#732,.F.) ;
#802=ADVANCED_FACE('MAIN',(#797,#801),#772,.T.) ;
#833=ADVANCED_FACE('MAIN',(#832),#807,.T.) ;
#864=ADVANCED_FACE('MAIN',(#863),#838,.F.) ;
#885=ADVANCED_FACE('MAIN',(#884),#869,.F.) ;
#902=ADVANCED_FACE('MAIN',(#901),#890,.F.) ;
#918=ADVANCED_FACE('MAIN',(#917),#907,.F.) ;
#935=ADVANCED_FACE('MAIN',(#934),#923,.F.) ;
#952=ADVANCED_FACE('MAIN',(#951),#940,.F.) ;
#992=ADVANCED_FACE('MAIN',(#991),#957,.F.) ;
#1023=ADVANCED_FACE('MAIN',(#1022),#997,.F.) ;
#1070=ADVANCED_FACE('MAIN',(#1069),#1028,.F.) ;
#1093=ADVANCED_FACE('MAIN',(#1092),#1075,.F.) ;
#1124=ADVANCED_FACE('MAIN',(#1123),#1098,.F.) ;
#1211=ADVANCED_FACE('MAIN',(#1210),#1129,.F.) ;
#1251=ADVANCED_FACE('MAIN',(#1250),#1216,.T.) ;
#1275=ADVANCED_FACE('MAIN',(#1274),#1256,.F.) ;
#1299=ADVANCED_FACE('MAIN',(#1298),#1280,.F.) ;
#1357=ADVANCED_FACE('MAIN',(#1356),#1304,.T.) ;
#1388=ADVANCED_FACE('MAIN',(#1387),#1362,.F.) ;
#1412=ADVANCED_FACE('MAIN',(#1411),#1393,.F.) ;
#1452=ADVANCED_FACE('MAIN',(#1451),#1417,.F.) ;
#1468=ADVANCED_FACE('MAIN',(#1467),#1457,.F.) ;
#1485=ADVANCED_FACE('MAIN',(#1484),#1473,.F.) ;
#1533=ADVANCED_FACE('MAIN',(#1532),#1490,.F.) ;
#1592=ADVANCED_FACE('MAIN',(#1591),#1538,.T.) ;
#1620=ADVANCED_FACE('MAIN',(#1615,#1619),#1597,.F.) ;
#1658=ADVANCED_FACE('MAIN',(#1657),#1625,.F.) ;
#1696=ADVANCED_FACE('MAIN',(#1695),#1663,.F.) ;
#1727=ADVANCED_FACE('MAIN',(#1726),#1701,.F.) ;
#1758=ADVANCED_FACE('MAIN',(#1757),#1732,.T.) ;
#1796=ADVANCED_FACE('MAIN',(#1795),#1763,.F.) ;
#1822=ADVANCED_FACE('MAIN',(#1821),#1701,.F.) ;
#1853=ADVANCED_FACE('MAIN',(#1852),#1827,.T.) ;
#1884=ADVANCED_FACE('MAIN',(#1883),#1858,.F.) ;
#1915=ADVANCED_FACE('MAIN',(#1914),#1889,.T.) ;
#1965=ADVANCED_FACE('MAIN',(#1956,#1960,#1964),#1920,.T.) ;
#1999=ADVANCED_FACE('MAIN',(#1990,#1994,#1998),#1970,.F.) ;
#2011=ADVANCED_FACE('MAIN',(#2010),#2004,.T.) ;
#2037=ADVANCED_FACE('MAIN',(#2036),#1858,.F.) ;
#2063=ADVANCED_FACE('MAIN',(#2062),#1889,.T.) ;
#2097=ADVANCED_FACE('MAIN',(#2088,#2092,#2096),#2068,.F.) ;
#2147=ADVANCED_FACE('MAIN',(#2138,#2142,#2146),#2102,.T.) ;
#2159=ADVANCED_FACE('MAIN',(#2158),#2152,.T.) ;
#2213=ADVANCED_FACE('MAIN',(#2212),#1538,.T.) ;
#2241=ADVANCED_FACE('MAIN',(#2236,#2240),#2218,.T.) ;
#2279=ADVANCED_FACE('MAIN',(#2278),#2246,.F.) ;
#2309=ADVANCED_FACE('MAIN',(#2304,#2308),#2284,.F.) ;
#2337=ADVANCED_FACE('MAIN',(#2336),#2314,.F.) ;
#2361=ADVANCED_FACE('MAIN',(#2360),#772,.T.) ;
#2393=ADVANCED_FACE('MAIN',(#2392),#2366,.F.) ;
#2435=ADVANCED_FACE('MAIN',(#2434),#2398,.F.) ;
#2454=ADVANCED_FACE('MAIN',(#2453),#2440,.F.) ;
#2484=ADVANCED_FACE('MAIN',(#2479,#2483),#2459,.F.) ;
#2507=ADVANCED_FACE('MAIN',(#2506),#2314,.F.) ;
#2531=ADVANCED_FACE('MAIN',(#2530),#772,.T.) ;
#2563=ADVANCED_FACE('MAIN',(#2562),#2536,.F.) ;
#2605=ADVANCED_FACE('MAIN',(#2604),#2568,.F.) ;
#2624=ADVANCED_FACE('MAIN',(#2623),#2610,.F.) ;
#2664=ADVANCED_FACE('MAIN',(#2663),#2629,.T.) ;
#2695=ADVANCED_FACE('MAIN',(#2694),#2669,.T.) ;
#2726=ADVANCED_FACE('MAIN',(#2725),#2700,.T.) ;
#2750=ADVANCED_FACE('MAIN',(#2745,#2749),#772,.T.) ;
#2767=ADVANCED_FACE('MAIN',(#2766),#2755,.T.) ;
#2806=ADVANCED_FACE('MAIN',(#2805),#2772,.T.) ;
#2837=ADVANCED_FACE('MAIN',(#2836),#2811,.T.) ;
#2863=ADVANCED_FACE('MAIN',(#2862),#2669,.T.) ;
#2894=ADVANCED_FACE('MAIN',(#2893),#2868,.F.) ;
#2913=ADVANCED_FACE('MAIN',(#2908,#2912),#772,.T.) ;
#2952=ADVANCED_FACE('MAIN',(#2939,#2943,#2947,#2951),#2918,.F.) ;
#2964=ADVANCED_FACE('MAIN',(#2963),#2957,.T.) ;
#2975=ADVANCED_FACE('INT_Platform',(#2974),#56,.F.) ;
#2982=ADVANCED_FACE('INT_Platform',(#2981),#96,.F.) ;
#2989=ADVANCED_FACE('INT_Platform',(#2988),#118,.F.) ;
#2996=ADVANCED_FACE('INT_Platform',(#2995),#158,.F.) ;
#3003=ADVANCED_FACE('INT_Platform',(#3002),#180,.F.) ;
#3010=ADVANCED_FACE('INT_Platform',(#3009),#220,.F.) ;
#3017=ADVANCED_FACE('INT_Platform',(#3016),#242,.F.) ;
#3024=ADVANCED_FACE('INT_Platform',(#3023),#242,.F.) ;
#3031=ADVANCED_FACE('INT_Platform',(#3030),#299,.F.) ;
#3038=ADVANCED_FACE('INT_Platform',(#3037),#299,.F.) ;
#3045=ADVANCED_FACE('INT_Platform',(#3044),#242,.F.) ;
#3052=ADVANCED_FACE('INT_Platform',(#3051),#242,.F.) ;
#3059=ADVANCED_FACE('INT_Platform',(#3058),#299,.F.) ;
#3066=ADVANCED_FACE('INT_Platform',(#3065),#299,.F.) ;
#3073=ADVANCED_FACE('INT_Platform',(#3072),#460,.T.) ;
#3080=ADVANCED_FACE('INT_Platform',(#3079),#500,.F.) ;
#3087=ADVANCED_FACE('INT_Platform',(#3086),#500,.F.) ;
#3094=ADVANCED_FACE('INT_Platform',(#3093),#460,.T.) ;
#3101=ADVANCED_FACE('INT_Platform',(#3100),#500,.F.) ;
#3108=ADVANCED_FACE('INT_Platform',(#3107),#500,.F.) ;
#3121=ADVANCED_FACE('INT_Platform',(#3120),#644,.T.) ;
#3128=ADVANCED_FACE('INT_Platform',(#3127),#732,.F.) ;
#3139=ADVANCED_FACE('INT_Platform',(#3134,#3138),#772,.T.) ;
#3146=ADVANCED_FACE('INT_Platform',(#3145),#807,.T.) ;
#3153=ADVANCED_FACE('INT_Platform',(#3152),#838,.F.) ;
#3159=ADVANCED_FACE('INT_Platform',(#3158),#869,.F.) ;
#3166=ADVANCED_FACE('INT_Platform',(#3165),#890,.F.) ;
#3172=ADVANCED_FACE('INT_Platform',(#3171),#907,.F.) ;
#3179=ADVANCED_FACE('INT_Platform',(#3178),#923,.F.) ;
#3186=ADVANCED_FACE('INT_Platform',(#3185),#940,.F.) ;
#3193=ADVANCED_FACE('INT_Platform',(#3192),#957,.F.) ;
#3200=ADVANCED_FACE('INT_Platform',(#3199),#997,.F.) ;
#3209=ADVANCED_FACE('INT_Platform',(#3208),#1028,.F.) ;
#3215=ADVANCED_FACE('INT_Platform',(#3214),#1075,.F.) ;
#3222=ADVANCED_FACE('INT_Platform',(#3221),#1098,.F.) ;
#3228=ADVANCED_FACE('INT_Platform',(#3227),#1129,.F.) ;
#3239=ADVANCED_FACE('INT_Platform',(#3238),#1216,.T.) ;
#3246=ADVANCED_FACE('INT_Platform',(#3245),#1256,.F.) ;
#3253=ADVANCED_FACE('INT_Platform',(#3252),#1280,.F.) ;
#3266=ADVANCED_FACE('INT_Platform',(#3265),#1304,.T.) ;
#3273=ADVANCED_FACE('INT_Platform',(#3272),#1362,.F.) ;
#3280=ADVANCED_FACE('INT_Platform',(#3279),#1393,.F.) ;
#3289=ADVANCED_FACE('INT_Platform',(#3288),#1417,.F.) ;
#3295=ADVANCED_FACE('INT_Platform',(#3294),#1457,.F.) ;
#3302=ADVANCED_FACE('INT_Platform',(#3301),#1473,.F.) ;
#3308=ADVANCED_FACE('INT_Platform',(#3307),#1490,.F.) ;
#3317=ADVANCED_FACE('INT_Platform',(#3316),#1538,.T.) ;
#3328=ADVANCED_FACE('INT_Platform',(#3323,#3327),#1597,.F.) ;
#3337=ADVANCED_FACE('INT_Platform',(#3336),#1625,.F.) ;
#3344=ADVANCED_FACE('INT_Platform',(#3343),#1663,.F.) ;
#3351=ADVANCED_FACE('INT_Platform',(#3350),#1701,.F.) ;
#3358=ADVANCED_FACE('INT_Platform',(#3357),#1732,.T.) ;
#3365=ADVANCED_FACE('INT_Platform',(#3364),#1763,.F.) ;
#3372=ADVANCED_FACE('INT_Platform',(#3371),#1701,.F.) ;
#3379=ADVANCED_FACE('INT_Platform',(#3378),#1827,.T.) ;
#3386=ADVANCED_FACE('INT_Platform',(#3385),#1858,.F.) ;
#3393=ADVANCED_FACE('INT_Platform',(#3392),#1889,.T.) ;
#3414=ADVANCED_FACE('INT_Platform',(#3405,#3409,#3413),#1920,.T.) ;
#3438=ADVANCED_FACE('INT_Platform',(#3429,#3433,#3437),#1970,.F.) ;
#3445=ADVANCED_FACE('INT_Platform',(#3444),#2004,.T.) ;
#3452=ADVANCED_FACE('INT_Platform',(#3451),#1858,.F.) ;
#3459=ADVANCED_FACE('INT_Platform',(#3458),#1889,.T.) ;
#3483=ADVANCED_FACE('INT_Platform',(#3474,#3478,#3482),#2068,.F.) ;
#3504=ADVANCED_FACE('INT_Platform',(#3495,#3499,#3503),#2102,.T.) ;
#3511=ADVANCED_FACE('INT_Platform',(#3510),#2152,.T.) ;
#3520=ADVANCED_FACE('INT_Platform',(#3519),#1538,.T.) ;
#3531=ADVANCED_FACE('INT_Platform',(#3526,#3530),#2218,.T.) ;
#3540=ADVANCED_FACE('INT_Platform',(#3539),#2246,.F.) ;
#3553=ADVANCED_FACE('INT_Platform',(#3548,#3552),#2284,.F.) ;
#3561=ADVANCED_FACE('INT_Platform',(#3560),#2314,.F.) ;
#3573=ADVANCED_FACE('INT_Platform',(#3572),#772,.T.) ;
#3581=ADVANCED_FACE('INT_Platform',(#3580),#2366,.F.) ;
#3591=ADVANCED_FACE('INT_Platform',(#3590),#2398,.F.) ;
#3600=ADVANCED_FACE('INT_Platform',(#3599),#2440,.F.) ;
#3613=ADVANCED_FACE('INT_Platform',(#3608,#3612),#2459,.F.) ;
#3621=ADVANCED_FACE('INT_Platform',(#3620),#2314,.F.) ;
#3633=ADVANCED_FACE('INT_Platform',(#3632),#772,.T.) ;
#3641=ADVANCED_FACE('INT_Platform',(#3640),#2536,.F.) ;
#3651=ADVANCED_FACE('INT_Platform',(#3650),#2568,.F.) ;
#3660=ADVANCED_FACE('INT_Platform',(#3659),#2610,.F.) ;
#3667=ADVANCED_FACE('INT_Platform',(#3666),#2629,.T.) ;
#3674=ADVANCED_FACE('INT_Platform',(#3673),#2669,.T.) ;
#3681=ADVANCED_FACE('INT_Platform',(#3680),#2700,.T.) ;
#3695=ADVANCED_FACE('INT_Platform',(#3690,#3694),#772,.T.) ;
#3702=ADVANCED_FACE('INT_Platform',(#3701),#2755,.T.) ;
#3717=ADVANCED_FACE('INT_Platform',(#3716),#2772,.T.) ;
#3724=ADVANCED_FACE('INT_Platform',(#3723),#2811,.T.) ;
#3731=ADVANCED_FACE('INT_Platform',(#3730),#2669,.T.) ;
#3738=ADVANCED_FACE('INT_Platform',(#3737),#2868,.F.) ;
#3752=ADVANCED_FACE('INT_Platform',(#3747,#3751),#772,.T.) ;
#3781=ADVANCED_FACE('INT_Platform',(#3768,#3772,#3776,#3780),#2918,.F.) ;
#3788=ADVANCED_FACE('INT_Platform',(#3787),#2957,.T.) ;
#4=APPLICATION_PROTOCOL_DEFINITION('international standard','config_control_design',1994,#1) ;
#32=APPROVAL_DATE_TIME(#13,#21) ;
#1130=B_SPLINE_CURVE_WITH_KNOTS('',3,(#1131,#1132,#1133,#1134),.UNSPECIFIED.,.F.,.U.,(4,4),(0.,1.80483011802),.UNSPECIFIED.) ;
#1138=B_SPLINE_CURVE_WITH_KNOTS('',5,(#1139,#1140,#1141,#1142,#1143,#1144,#1145,#1146,#1147,#1148,#1149,#1150,#1151,#1152,#1153,#1154,#1155,#1156,#1157,#1158,#1159,#1160,#1161,#1162,#1163,#1164,#1165,#1166,#1167,#1168,#1169,#1170,#1171,#1172,#1173,#1174,#1175,#1176,#1177,#1178,#1179,#1180,#1181,#1182,#1183,#1184,#1185,#1186,#1187,#1188,#1189,#1190,#1191,#1192,#1193,#1194,#1195,#1196,#1197,#1198,#1199,#1200,#1201,#1202,#1203,#1204),.UNSPECIFIED.,.F.,.U.,(6,3,3,3,3,3,3,3,3,3,3,3,3,3,3,3,3,3,3,3,3,6),(5.0632128352,5.55408668732,6.04496053945,6.29397552747,6.53583439157,6.78127131763,7.02670824369,7.14942670672,7.27214516975,7.39486363279,7.51758209582,7.64208958983,7.76301902188,7.88573748491,8.00845594794,8.13117441097,8.253892874,8.37661133703,8.49932980006,8.62204826309,8.74476672613,8.99020365219),.UNSPECIFIED.) ;
#1491=B_SPLINE_CURVE_WITH_KNOTS('',3,(#1492,#1493,#1494,#1495),.UNSPECIFIED.,.F.,.U.,(4,4),(0.,1.80483011803),.UNSPECIFIED.) ;
#1499=B_SPLINE_CURVE_WITH_KNOTS('',5,(#1500,#1501,#1502,#1503,#1504,#1505,#1506,#1507,#1508,#1509,#1510,#1511,#1512,#1513,#1514,#1515,#1516,#1517,#1518,#1519,#1520,#1521,#1522,#1523,#1524,#1525,#1526),.UNSPECIFIED.,.F.,.U.,(6,3,3,3,3,3,3,3,6),(11.1709832169,11.661857069,12.1527309211,12.6436047732,13.1344786253,13.6253524775,14.1162263296,14.6071001817,15.0979740338),.UNSPECIFIED.) ;
#1539=B_SPLINE_CURVE_WITH_KNOTS('',5,(#1540,#1541,#1542,#1543,#1544,#1545,#1546,#1547,#1548,#1549,#1550,#1551,#1552,#1553,#1554),.UNSPECIFIED.,.F.,.U.,(6,3,3,3,6),(0.,3.4283171036,6.83397117004,10.2031205122,11.2510042215),.UNSPECIFIED.) ;
#2169=B_SPLINE_CURVE_WITH_KNOTS('',5,(#2170,#2171,#2172,#2173,#2174,#2175,#2176,#2177,#2178,#2179,#2180,#2181,#2182,#2183,#2184),.UNSPECIFIED.,.F.,.U.,(6,3,3,3,6),(0.,3.42831710341,6.8339711699,10.2031205122,11.2510042215),.UNSPECIFIED.) ;
#2322=B_SPLINE_CURVE_WITH_KNOTS('',5,(#2323,#2324,#2325,#2326,#2327,#2328),.UNSPECIFIED.,.F.,.U.,(6,6),(0.,1.63069921275),.UNSPECIFIED.) ;
#2367=B_SPLINE_CURVE_WITH_KNOTS('',3,(#2368,#2369,#2370,#2371),.UNSPECIFIED.,.F.,.U.,(4,4),(0.,2.39011428443),.UNSPECIFIED.) ;
#2375=B_SPLINE_CURVE_WITH_KNOTS('',5,(#2376,#2377,#2378,#2379,#2380,#2381,#2382,#2383,#2384),.UNSPECIFIED.,.F.,.U.,(6,3,6),(0.,4.14526947606,9.80071567222),.UNSPECIFIED.) ;
#2408=B_SPLINE_CURVE_WITH_KNOTS('',3,(#2409,#2410,#2411,#2412),.UNSPECIFIED.,.F.,.U.,(4,4),(0.,1.77172215074),.UNSPECIFIED.) ;
#2492=B_SPLINE_CURVE_WITH_KNOTS('',5,(#2493,#2494,#2495,#2496,#2497,#2498),.UNSPECIFIED.,.F.,.U.,(6,6),(0.,1.63069921276),.UNSPECIFIED.) ;
#2537=B_SPLINE_CURVE_WITH_KNOTS('',5,(#2538,#2539,#2540,#2541,#2542,#2543,#2544,#2545,#2546),.UNSPECIFIED.,.F.,.U.,(6,3,6),(0.,4.14526947603,9.80071567213),.UNSPECIFIED.) ;
#2550=B_SPLINE_CURVE_WITH_KNOTS('',3,(#2551,#2552,#2553,#2554),.UNSPECIFIED.,.F.,.U.,(4,4),(0.,2.39011428449),.UNSPECIFIED.) ;
#2569=B_SPLINE_CURVE_WITH_KNOTS('',3,(#2570,#2571,#2572,#2573),.UNSPECIFIED.,.F.,.U.,(4,4),(0.,1.7717221507),.UNSPECIFIED.) ;
#2965=MANIFOLD_SOLID_BREP('MAIN',#51) ;
#3789=MANIFOLD_SOLID_BREP('INT_Platform',#2968) ;
#11=CALENDAR_DATE(2026,6,10) ;
#30=CC_DESIGN_APPROVAL(#21,(#16,#6,#14)) ;
#18=CC_DESIGN_DATE_AND_TIME_ASSIGNMENT(#13,#17,(#16)) ;
#29=CC_DESIGN_DATE_AND_TIME_ASSIGNMENT(#13,#28,(#14)) ;
#17=DATE_TIME_ROLE('classification_date') ;
#28=DATE_TIME_ROLE('creation_date') ;
#27=CC_DESIGN_PERSON_AND_ORGANIZATION_ASSIGNMENT(#25,#26,(#16)) ;
#33=CC_DESIGN_PERSON_AND_ORGANIZATION_ASSIGNMENT(#25,#34,(#6)) ;
#35=CC_DESIGN_PERSON_AND_ORGANIZATION_ASSIGNMENT(#25,#36,(#6,#14)) ;
#37=CC_DESIGN_PERSON_AND_ORGANIZATION_ASSIGNMENT(#25,#38,(#5)) ;
#26=PERSON_AND_ORGANIZATION_ROLE('classification_officer') ;
#34=PERSON_AND_ORGANIZATION_ROLE('design_supplier') ;
#36=PERSON_AND_ORGANIZATION_ROLE('creator') ;
#38=PERSON_AND_ORGANIZATION_ROLE('design_owner') ;
#39=CC_DESIGN_SECURITY_CLASSIFICATION(#16,(#6)) ;
#60=CIRCLE('generated circle',#59,3.2) ;
#76=CIRCLE('generated circle',#75,3.2) ;
#100=CIRCLE('generated circle',#99,3.2) ;
#105=CIRCLE('generated circle',#104,3.2) ;
#122=CIRCLE('generated circle',#121,3.2) ;
#138=CIRCLE('generated circle',#137,3.2) ;
#162=CIRCLE('generated circle',#161,3.2) ;
#167=CIRCLE('generated circle',#166,3.2) ;
#184=CIRCLE('generated circle',#183,3.2) ;
#200=CIRCLE('generated circle',#199,3.2) ;
#224=CIRCLE('generated circle',#223,3.2) ;
#229=CIRCLE('generated circle',#228,3.2) ;
#255=CIRCLE('generated circle',#254,2.75) ;
#269=CIRCLE('generated circle',#268,2.75) ;
#281=CIRCLE('generated circle',#280,2.75) ;
#286=CIRCLE('generated circle',#285,2.75) ;
#312=CIRCLE('generated circle',#311,2.75) ;
#326=CIRCLE('generated circle',#325,2.75) ;
#338=CIRCLE('generated circle',#337,2.75) ;
#343=CIRCLE('generated circle',#342,2.75) ;
#364=CIRCLE('generated circle',#363,2.75) ;
#378=CIRCLE('generated circle',#377,2.75) ;
#390=CIRCLE('generated circle',#389,2.75) ;
#395=CIRCLE('generated circle',#394,2.75) ;
#416=CIRCLE('generated circle',#415,2.75) ;
#430=CIRCLE('generated circle',#429,2.75) ;
#442=CIRCLE('generated circle',#441,2.75) ;
#447=CIRCLE('generated circle',#446,2.75) ;
#473=CIRCLE('generated circle',#472,11.5) ;
#487=CIRCLE('generated circle',#486,11.5) ;
#513=CIRCLE('generated circle',#512,4.) ;
#527=CIRCLE('generated circle',#526,4.) ;
#539=CIRCLE('generated circle',#538,4.) ;
#544=CIRCLE('generated circle',#543,4.) ;
#565=CIRCLE('generated circle',#564,11.5) ;
#579=CIRCLE('generated circle',#578,11.5) ;
#600=CIRCLE('generated circle',#599,4.) ;
#614=CIRCLE('generated circle',#613,4.) ;
#626=CIRCLE('generated circle',#625,4.) ;
#631=CIRCLE('generated circle',#630,4.) ;
#657=CIRCLE('generated circle',#656,2.5) ;
#713=CIRCLE('generated circle',#712,2.5) ;
#736=CIRCLE('generated circle',#735,2.5) ;
#752=CIRCLE('generated circle',#751,2.5) ;
#842=CIRCLE('generated circle',#841,2.5) ;
#856=CIRCLE('generated circle',#855,2.5) ;
#873=CIRCLE('generated circle',#872,2.5) ;
#878=CIRCLE('generated circle',#877,2.5) ;
#894=CIRCLE('generated circle',#893,2.5) ;
#911=CIRCLE('generated circle',#910,2.5) ;
#970=CIRCLE('generated circle',#969,2.5) ;
#984=CIRCLE('generated circle',#983,2.5) ;
#1001=CIRCLE('generated circle',#1000,2.5) ;
#1008=CIRCLE('generated circle',#1007,2.5) ;
#1015=CIRCLE('generated circle',#1014,5.) ;
#1053=CIRCLE('generated circle',#1052,2.5) ;
#1079=CIRCLE('generated circle',#1078,2.5) ;
#1086=CIRCLE('generated circle',#1085,2.5) ;
#1102=CIRCLE('generated circle',#1101,2.5) ;
#1227=CIRCLE('generated circle',#1226,2.5) ;
#1284=CIRCLE('generated circle',#1283,2.5) ;
#1336=CIRCLE('generated circle',#1335,5.) ;
#1366=CIRCLE('generated circle',#1365,2.5) ;
#1380=CIRCLE('generated circle',#1379,2.5) ;
#1397=CIRCLE('generated circle',#1396,2.5) ;
#1404=CIRCLE('generated circle',#1403,2.5) ;
#1421=CIRCLE('generated circle',#1420,2.5) ;
#1461=CIRCLE('generated circle',#1460,2.5) ;
#1648=CIRCLE('generated circle',#1647,2.5) ;
#1674=CIRCLE('generated circle',#1673,5.) ;
#1688=CIRCLE('generated circle',#1687,5.) ;
#1736=CIRCLE('generated circle',#1735,5.) ;
#1743=CIRCLE('generated circle',#1742,5.) ;
#1774=CIRCLE('generated circle',#1773,5.) ;
#1788=CIRCLE('generated circle',#1787,5.) ;
#1831=CIRCLE('generated circle',#1830,5.) ;
#1838=CIRCLE('generated circle',#1837,5.) ;
#1943=CIRCLE('generated circle',#1942,5.) ;
#1974=CIRCLE('generated circle',#1973,5.) ;
#2072=CIRCLE('generated circle',#2071,5.) ;
#2125=CIRCLE('generated circle',#2124,5.) ;
#2250=CIRCLE('generated circle',#2249,2.5) ;
#2295=CIRCLE('generated circle',#2294,5.) ;
#2341=CIRCLE('generated circle',#2340,16.) ;
#2402=CIRCLE('generated circle',#2401,16.) ;
#2417=CIRCLE('generated circle',#2416,16.) ;
#2463=CIRCLE('generated circle',#2462,5.) ;
#2511=CIRCLE('generated circle',#2510,16.) ;
#2580=CIRCLE('generated circle',#2579,16.) ;
#2594=CIRCLE('generated circle',#2593,16.) ;
#2633=CIRCLE('generated circle',#2632,8.) ;
#2649=CIRCLE('generated circle',#2648,8.) ;
#2735=CIRCLE('generated circle',#2734,8.) ;
#2759=CIRCLE('generated circle',#2758,8.) ;
#2815=CIRCLE('generated circle',#2814,8.) ;
#2829=CIRCLE('generated circle',#2828,8.) ;
#2898=CIRCLE('generated circle',#2897,8.) ;
#2922=CIRCLE('generated circle',#2921,8.) ;
#2967=SHAPE_REPRESENTATION_RELATIONSHIP(' ',' ',#49,#2966) ;
#56=CYLINDRICAL_SURFACE('generated cylinder',#55,3.2) ;
#96=CYLINDRICAL_SURFACE('generated cylinder',#95,3.2) ;
#118=CYLINDRICAL_SURFACE('generated cylinder',#117,3.2) ;
#158=CYLINDRICAL_SURFACE('generated cylinder',#157,3.2) ;
#180=CYLINDRICAL_SURFACE('generated cylinder',#179,3.2) ;
#220=CYLINDRICAL_SURFACE('generated cylinder',#219,3.2) ;
#242=CYLINDRICAL_SURFACE('generated cylinder',#241,2.75) ;
#299=CYLINDRICAL_SURFACE('generated cylinder',#298,2.75) ;
#460=CYLINDRICAL_SURFACE('generated cylinder',#459,11.5) ;
#500=CYLINDRICAL_SURFACE('generated cylinder',#499,4.) ;
#732=CYLINDRICAL_SURFACE('generated cylinder',#731,2.5) ;
#838=CYLINDRICAL_SURFACE('generated cylinder',#837,2.5) ;
#890=CYLINDRICAL_SURFACE('generated cylinder',#889,2.5) ;
#923=CYLINDRICAL_SURFACE('generated cylinder',#922,2.5) ;
#940=CYLINDRICAL_SURFACE('generated cylinder',#939,2.5) ;
#957=CYLINDRICAL_SURFACE('generated cylinder',#956,2.5) ;
#1028=CYLINDRICAL_SURFACE('generated cylinder',#1027,2.5) ;
#1098=CYLINDRICAL_SURFACE('generated cylinder',#1097,2.5) ;
#1280=CYLINDRICAL_SURFACE('generated cylinder',#1279,2.5) ;
#1362=CYLINDRICAL_SURFACE('generated cylinder',#1361,2.5) ;
#1417=CYLINDRICAL_SURFACE('generated cylinder',#1416,2.5) ;
#1473=CYLINDRICAL_SURFACE('generated cylinder',#1472,2.5) ;
#1625=CYLINDRICAL_SURFACE('generated cylinder',#1624,2.5) ;
#1663=CYLINDRICAL_SURFACE('generated cylinder',#1662,5.) ;
#1732=CYLINDRICAL_SURFACE('generated cylinder',#1731,5.) ;
#1763=CYLINDRICAL_SURFACE('generated cylinder',#1762,5.) ;
#1827=CYLINDRICAL_SURFACE('generated cylinder',#1826,5.) ;
#2004=CYLINDRICAL_SURFACE('generated cylinder',#2003,5.) ;
#2152=CYLINDRICAL_SURFACE('generated cylinder',#2151,5.) ;
#2246=CYLINDRICAL_SURFACE('generated cylinder',#2245,2.5) ;
#2366=CYLINDRICAL_SURFACE('generated cylinder',#2365,5.) ;
#2398=CYLINDRICAL_SURFACE('generated cylinder',#2397,16.) ;
#2440=CYLINDRICAL_SURFACE('generated cylinder',#2439,5.) ;
#2536=CYLINDRICAL_SURFACE('generated cylinder',#2535,5.) ;
#2568=CYLINDRICAL_SURFACE('generated cylinder',#2567,16.) ;
#2610=CYLINDRICAL_SURFACE('generated cylinder',#2609,5.) ;
#2629=CYLINDRICAL_SURFACE('generated cylinder',#2628,8.) ;
#2755=CYLINDRICAL_SURFACE('generated cylinder',#2754,8.) ;
#2811=CYLINDRICAL_SURFACE('generated cylinder',#2810,8.) ;
#2957=CYLINDRICAL_SURFACE('generated cylinder',#2956,8.) ;
#997=TOROIDAL_SURFACE('homeo Torus',#996,5.,2.5) ;
#1393=TOROIDAL_SURFACE('homeo Torus',#1392,5.,2.5) ;
#3=DESIGN_CONTEXT(' ',#1,'design') ;
#65=EDGE_CURVE('',#62,#64,#60,.T.) ;
#72=EDGE_CURVE('',#71,#64,#69,.T.) ;
#79=EDGE_CURVE('',#78,#71,#76,.T.) ;
#84=EDGE_CURVE('',#78,#62,#83,.T.) ;
#101=EDGE_CURVE('',#64,#62,#100,.T.) ;
#106=EDGE_CURVE('',#71,#78,#105,.T.) ;
#127=EDGE_CURVE('',#124,#126,#122,.T.) ;
#134=EDGE_CURVE('',#133,#126,#131,.T.) ;
#141=EDGE_CURVE('',#140,#133,#138,.T.) ;
#146=EDGE_CURVE('',#140,#124,#145,.T.) ;
#163=EDGE_CURVE('',#126,#124,#162,.T.) ;
#168=EDGE_CURVE('',#133,#140,#167,.T.) ;
#189=EDGE_CURVE('',#186,#188,#184,.T.) ;
#196=EDGE_CURVE('',#195,#188,#193,.T.) ;
#203=EDGE_CURVE('',#202,#195,#200,.T.) ;
#208=EDGE_CURVE('',#202,#186,#207,.T.) ;
#225=EDGE_CURVE('',#188,#186,#224,.T.) ;
#230=EDGE_CURVE('',#195,#202,#229,.T.) ;
#251=EDGE_CURVE('',#248,#250,#246,.T.) ;
#258=EDGE_CURVE('',#257,#250,#255,.F.) ;
#265=EDGE_CURVE('',#264,#257,#262,.T.) ;
#270=EDGE_CURVE('',#248,#264,#269,.T.) ;
#282=EDGE_CURVE('',#250,#257,#281,.F.) ;
#287=EDGE_CURVE('',#264,#248,#286,.T.) ;
#308=EDGE_CURVE('',#305,#307,#303,.T.) ;
#315=EDGE_CURVE('',#314,#307,#312,.F.) ;
#322=EDGE_CURVE('',#321,#314,#319,.T.) ;
#327=EDGE_CURVE('',#305,#321,#326,.T.) ;
#339=EDGE_CURVE('',#307,#314,#338,.F.) ;
#344=EDGE_CURVE('',#321,#305,#343,.T.) ;
#360=EDGE_CURVE('',#357,#359,#355,.T.) ;
#367=EDGE_CURVE('',#366,#357,#364,.T.) ;
#374=EDGE_CURVE('',#366,#373,#371,.T.) ;
#379=EDGE_CURVE('',#359,#373,#378,.F.) ;
#391=EDGE_CURVE('',#357,#366,#390,.T.) ;
#396=EDGE_CURVE('',#373,#359,#395,.F.) ;
#412=EDGE_CURVE('',#409,#411,#407,.T.) ;
#419=EDGE_CURVE('',#418,#409,#416,.T.) ;
#426=EDGE_CURVE('',#418,#425,#423,.T.) ;
#431=EDGE_CURVE('',#411,#425,#430,.F.) ;
#443=EDGE_CURVE('',#409,#418,#442,.T.) ;
#448=EDGE_CURVE('',#425,#411,#447,.F.) ;
#469=EDGE_CURVE('',#466,#468,#464,.F.) ;
#476=EDGE_CURVE('',#475,#466,#473,.T.) ;
#483=EDGE_CURVE('',#475,#482,#480,.F.) ;
#488=EDGE_CURVE('',#468,#482,#487,.F.) ;
#509=EDGE_CURVE('',#506,#508,#504,.T.) ;
#516=EDGE_CURVE('',#508,#515,#513,.T.) ;
#523=EDGE_CURVE('',#522,#515,#520,.T.) ;
#528=EDGE_CURVE('',#522,#506,#527,.F.) ;
#540=EDGE_CURVE('',#515,#508,#539,.T.) ;
#545=EDGE_CURVE('',#506,#522,#544,.F.) ;
#561=EDGE_CURVE('',#558,#560,#556,.F.) ;
#568=EDGE_CURVE('',#560,#567,#565,.T.) ;
#575=EDGE_CURVE('',#574,#567,#572,.F.) ;
#580=EDGE_CURVE('',#574,#558,#579,.F.) ;
#596=EDGE_CURVE('',#593,#595,#591,.T.) ;
#603=EDGE_CURVE('',#602,#593,#600,.T.) ;
#610=EDGE_CURVE('',#602,#609,#607,.T.) ;
#615=EDGE_CURVE('',#595,#609,#614,.F.) ;
#627=EDGE_CURVE('',#593,#602,#626,.T.) ;
#632=EDGE_CURVE('',#609,#595,#631,.F.) ;
#653=EDGE_CURVE('',#650,#652,#648,.T.) ;
#660=EDGE_CURVE('',#650,#659,#657,.F.) ;
#667=EDGE_CURVE('',#659,#666,#664,.T.) ;
#674=EDGE_CURVE('',#673,#666,#671,.F.) ;
#681=EDGE_CURVE('',#680,#673,#678,.T.) ;
#688=EDGE_CURVE('',#680,#687,#685,.T.) ;
#695=EDGE_CURVE('',#687,#694,#692,.T.) ;
#702=EDGE_CURVE('',#701,#694,#699,.F.) ;
#709=EDGE_CURVE('',#708,#701,#706,.T.) ;
#714=EDGE_CURVE('',#708,#652,#713,.F.) ;
#741=EDGE_CURVE('',#738,#740,#736,.T.) ;
#748=EDGE_CURVE('',#747,#738,#745,.F.) ;
#755=EDGE_CURVE('',#754,#747,#752,.F.) ;
#760=EDGE_CURVE('',#754,#740,#759,.F.) ;
#779=EDGE_CURVE('',#652,#778,#776,.T.) ;
#786=EDGE_CURVE('',#778,#785,#783,.F.) ;
#791=EDGE_CURVE('',#785,#650,#790,.T.) ;
#816=EDGE_CURVE('',#813,#815,#811,.F.) ;
#821=EDGE_CURVE('',#747,#813,#820,.T.) ;
#826=EDGE_CURVE('',#815,#738,#825,.F.) ;
#845=EDGE_CURVE('',#844,#815,#842,.T.) ;
#852=EDGE_CURVE('',#851,#844,#849,.F.) ;
#857=EDGE_CURVE('',#813,#851,#856,.F.) ;
#874=EDGE_CURVE('',#815,#778,#873,.T.) ;
#879=EDGE_CURVE('',#844,#778,#878,.T.) ;
#895=EDGE_CURVE('',#738,#785,#894,.F.) ;
#912=EDGE_CURVE('',#740,#785,#911,.T.) ;
#928=EDGE_CURVE('',#740,#659,#927,.T.) ;
#945=EDGE_CURVE('',#708,#844,#944,.T.) ;
#966=EDGE_CURVE('',#963,#965,#961,.F.) ;
#973=EDGE_CURVE('',#965,#972,#970,.F.) ;
#980=EDGE_CURVE('',#979,#972,#977,.F.) ;
#985=EDGE_CURVE('',#963,#979,#984,.F.) ;
#1004=EDGE_CURVE('',#965,#1003,#1001,.F.) ;
#1011=EDGE_CURVE('',#1003,#1010,#1008,.T.) ;
#1016=EDGE_CURVE('',#972,#1010,#1015,.F.) ;
#1035=EDGE_CURVE('',#1003,#1034,#1032,.F.) ;
#1042=EDGE_CURVE('',#1034,#1041,#1039,.F.) ;
#1049=EDGE_CURVE('',#1041,#1048,#1046,.F.) ;
#1056=EDGE_CURVE('',#1048,#1055,#1053,.F.) ;
#1061=EDGE_CURVE('',#1010,#1055,#1060,.F.) ;
#1082=EDGE_CURVE('',#1048,#1081,#1079,.F.) ;
#1087=EDGE_CURVE('',#1055,#1081,#1086,.T.) ;
#1107=EDGE_CURVE('',#1104,#1106,#1102,.F.) ;
#1112=EDGE_CURVE('',#1081,#1104,#1111,.T.) ;
#1117=EDGE_CURVE('',#1048,#1106,#1116,.T.) ;
#1137=EDGE_CURVE('',#963,#1136,#1130,.F.) ;
#1205=EDGE_CURVE('',#1136,#979,#1138,.T.) ;
#1223=EDGE_CURVE('',#1222,#851,#1220,.F.) ;
#1230=EDGE_CURVE('',#1222,#1229,#1227,.F.) ;
#1235=EDGE_CURVE('',#1104,#1229,#1234,.T.) ;
#1240=EDGE_CURVE('',#754,#1106,#1239,.F.) ;
#1263=EDGE_CURVE('',#1262,#1229,#1260,.T.) ;
#1268=EDGE_CURVE('',#1262,#1081,#1267,.F.) ;
#1287=EDGE_CURVE('',#1286,#1262,#1284,.F.) ;
#1292=EDGE_CURVE('',#1286,#1055,#1291,.F.) ;
#1313=EDGE_CURVE('',#1310,#1312,#1308,.F.) ;
#1320=EDGE_CURVE('',#1310,#1319,#1317,.T.) ;
#1325=EDGE_CURVE('',#979,#1319,#1324,.F.) ;
#1332=EDGE_CURVE('',#1331,#1286,#1329,.F.) ;
#1339=EDGE_CURVE('',#1338,#1331,#1336,.T.) ;
#1344=EDGE_CURVE('',#1312,#1338,#1343,.F.) ;
#1369=EDGE_CURVE('',#1338,#1368,#1366,.F.) ;
#1376=EDGE_CURVE('',#1375,#1368,#1373,.F.) ;
#1381=EDGE_CURVE('',#1312,#1375,#1380,.F.) ;
#1400=EDGE_CURVE('',#1331,#1399,#1397,.F.) ;
#1405=EDGE_CURVE('',#1368,#1399,#1404,.T.) ;
#1424=EDGE_CURVE('',#1286,#1423,#1421,.F.) ;
#1431=EDGE_CURVE('',#1430,#1423,#1428,.F.) ;
#1438=EDGE_CURVE('',#1430,#1437,#1435,.T.) ;
#1443=EDGE_CURVE('',#1399,#1437,#1442,.F.) ;
#1462=EDGE_CURVE('',#1262,#1423,#1461,.T.) ;
#1478=EDGE_CURVE('',#1423,#1222,#1477,.T.) ;
#1498=EDGE_CURVE('',#1497,#1375,#1491,.T.) ;
#1527=EDGE_CURVE('',#1497,#1312,#1499,.T.) ;
#1559=EDGE_CURVE('',#1556,#1558,#1539,.T.) ;
#1566=EDGE_CURVE('',#1565,#1558,#1563,.T.) ;
#1573=EDGE_CURVE('',#1565,#1572,#1570,.T.) ;
#1578=EDGE_CURVE('',#1572,#574,#1577,.T.) ;
#1583=EDGE_CURVE('',#1556,#567,#1582,.T.) ;
#1604=EDGE_CURVE('',#1556,#1603,#1601,.T.) ;
#1609=EDGE_CURVE('',#1603,#560,#1608,.T.) ;
#1632=EDGE_CURVE('',#1631,#1497,#1629,.F.) ;
#1639=EDGE_CURVE('',#1631,#1638,#1636,.T.) ;
#1644=EDGE_CURVE('',#1572,#1638,#1643,.F.) ;
#1649=EDGE_CURVE('',#1310,#1572,#1648,.F.) ;
#1670=EDGE_CURVE('',#1437,#1669,#1667,.T.) ;
#1677=EDGE_CURVE('',#1676,#1437,#1674,.T.) ;
#1684=EDGE_CURVE('',#1676,#1683,#1681,.T.) ;
#1689=EDGE_CURVE('',#1669,#1683,#1688,.F.) ;
#1710=EDGE_CURVE('',#1707,#1709,#1705,.T.) ;
#1715=EDGE_CURVE('',#1683,#1709,#1714,.T.) ;
#1720=EDGE_CURVE('',#1676,#1707,#1719,.T.) ;
#1739=EDGE_CURVE('',#1738,#1709,#1736,.F.) ;
#1746=EDGE_CURVE('',#1707,#1745,#1743,.T.) ;
#1751=EDGE_CURVE('',#1745,#1738,#1750,.T.) ;
#1770=EDGE_CURVE('',#1769,#1034,#1767,.T.) ;
#1777=EDGE_CURVE('',#1776,#1769,#1774,.T.) ;
#1784=EDGE_CURVE('',#1776,#1783,#1781,.T.) ;
#1789=EDGE_CURVE('',#1034,#1783,#1788,.F.) ;
#1805=EDGE_CURVE('',#1802,#1804,#1800,.T.) ;
#1810=EDGE_CURVE('',#1783,#1804,#1809,.T.) ;
#1815=EDGE_CURVE('',#1776,#1802,#1814,.T.) ;
#1834=EDGE_CURVE('',#1833,#1804,#1831,.F.) ;
#1841=EDGE_CURVE('',#1802,#1840,#1838,.T.) ;
#1846=EDGE_CURVE('',#1840,#1833,#1845,.T.) ;
#1867=EDGE_CURVE('',#1864,#1866,#1862,.T.) ;
#1872=EDGE_CURVE('',#673,#1864,#1871,.T.) ;
#1877=EDGE_CURVE('',#666,#1866,#1876,.T.) ;
#1896=EDGE_CURVE('',#1833,#1895,#1893,.T.) ;
#1903=EDGE_CURVE('',#1840,#1902,#1900,.T.) ;
#1908=EDGE_CURVE('',#1902,#1895,#1907,.T.) ;
#1927=EDGE_CURVE('',#1926,#1769,#1924,.T.) ;
#1934=EDGE_CURVE('',#1933,#1926,#1931,.T.) ;
#1939=EDGE_CURVE('',#1933,#680,#1938,.T.) ;
#1944=EDGE_CURVE('',#1902,#1864,#1943,.F.) ;
#1975=EDGE_CURVE('',#1866,#1895,#1974,.T.) ;
#2020=EDGE_CURVE('',#2017,#2019,#2015,.T.) ;
#2025=EDGE_CURVE('',#701,#2017,#2024,.T.) ;
#2030=EDGE_CURVE('',#694,#2019,#2029,.T.) ;
#2044=EDGE_CURVE('',#1738,#2043,#2041,.T.) ;
#2051=EDGE_CURVE('',#1745,#2050,#2048,.T.) ;
#2056=EDGE_CURVE('',#2050,#2043,#2055,.T.) ;
#2073=EDGE_CURVE('',#2050,#2017,#2072,.T.) ;
#2109=EDGE_CURVE('',#687,#2108,#2106,.T.) ;
#2116=EDGE_CURVE('',#2108,#2115,#2113,.T.) ;
#2121=EDGE_CURVE('',#1669,#2115,#2120,.T.) ;
#2126=EDGE_CURVE('',#2019,#2043,#2125,.F.) ;
#2168=EDGE_CURVE('',#2165,#2167,#2163,.T.) ;
#2187=EDGE_CURVE('',#2165,#2186,#2169,.F.) ;
#2192=EDGE_CURVE('',#466,#2186,#2191,.F.) ;
#2199=EDGE_CURVE('',#2198,#468,#2196,.T.) ;
#2204=EDGE_CURVE('',#2198,#2167,#2203,.T.) ;
#2225=EDGE_CURVE('',#2224,#475,#2222,.T.) ;
#2230=EDGE_CURVE('',#2224,#2186,#2229,.F.) ;
#2251=EDGE_CURVE('',#2198,#1319,#2250,.T.) ;
#2258=EDGE_CURVE('',#2257,#2198,#2255,.F.) ;
#2265=EDGE_CURVE('',#2257,#2264,#2262,.T.) ;
#2270=EDGE_CURVE('',#1136,#2264,#2269,.F.) ;
#2291=EDGE_CURVE('',#2290,#558,#2288,.T.) ;
#2296=EDGE_CURVE('',#1631,#2290,#2295,.T.) ;
#2321=EDGE_CURVE('',#2290,#2320,#2318,.T.) ;
#2329=EDGE_CURVE('',#2320,#1603,#2322,.F.) ;
#2344=EDGE_CURVE('',#2343,#2115,#2341,.T.) ;
#2349=EDGE_CURVE('',#1631,#2343,#2348,.T.) ;
#2374=EDGE_CURVE('',#2373,#2343,#2367,.F.) ;
#2385=EDGE_CURVE('',#2320,#2373,#2375,.T.) ;
#2407=EDGE_CURVE('',#2404,#2406,#2402,.T.) ;
#2413=EDGE_CURVE('',#2406,#2373,#2408,.T.) ;
#2420=EDGE_CURVE('',#2419,#2108,#2417,.T.) ;
#2425=EDGE_CURVE('',#2419,#2404,#2424,.T.) ;
#2445=EDGE_CURVE('',#1558,#2406,#2444,.T.) ;
#2466=EDGE_CURVE('',#2465,#2264,#2463,.T.) ;
#2471=EDGE_CURVE('',#2465,#482,#2470,.T.) ;
#2491=EDGE_CURVE('',#2490,#2465,#2488,.T.) ;
#2499=EDGE_CURVE('',#2224,#2490,#2492,.T.) ;
#2514=EDGE_CURVE('',#1926,#2513,#2511,.T.) ;
#2519=EDGE_CURVE('',#2513,#2264,#2518,.T.) ;
#2549=EDGE_CURVE('',#2548,#2490,#2537,.F.) ;
#2555=EDGE_CURVE('',#2513,#2548,#2550,.T.) ;
#2576=EDGE_CURVE('',#2548,#2575,#2569,.F.) ;
#2583=EDGE_CURVE('',#2575,#2582,#2580,.T.) ;
#2590=EDGE_CURVE('',#2589,#2582,#2587,.T.) ;
#2595=EDGE_CURVE('',#1933,#2589,#2594,.T.) ;
#2615=EDGE_CURVE('',#2575,#2165,#2614,.F.) ;
#2638=EDGE_CURVE('',#2635,#2637,#2633,.F.) ;
#2645=EDGE_CURVE('',#2644,#2637,#2642,.T.) ;
#2652=EDGE_CURVE('',#2644,#2651,#2649,.T.) ;
#2657=EDGE_CURVE('',#2651,#2635,#2656,.T.) ;
#2676=EDGE_CURVE('',#2675,#2589,#2673,.T.) ;
#2683=EDGE_CURVE('',#2682,#2582,#2680,.T.) ;
#2688=EDGE_CURVE('',#2675,#2682,#2687,.T.) ;
#2707=EDGE_CURVE('',#2635,#2706,#2704,.T.) ;
#2714=EDGE_CURVE('',#2651,#2713,#2711,.T.) ;
#2719=EDGE_CURVE('',#2713,#2706,#2718,.T.) ;
#2731=EDGE_CURVE('',#2165,#2637,#2730,.T.) ;
#2736=EDGE_CURVE('',#2682,#2706,#2735,.F.) ;
#2760=EDGE_CURVE('',#2713,#2675,#2759,.T.) ;
#2779=EDGE_CURVE('',#2778,#2644,#2776,.T.) ;
#2786=EDGE_CURVE('',#2785,#1558,#2783,.T.) ;
#2791=EDGE_CURVE('',#2778,#2785,#2790,.T.) ;
#2818=EDGE_CURVE('',#2785,#2817,#2815,.F.) ;
#2825=EDGE_CURVE('',#2824,#2817,#2822,.T.) ;
#2830=EDGE_CURVE('',#2824,#2778,#2829,.T.) ;
#2844=EDGE_CURVE('',#2404,#2843,#2841,.T.) ;
#2851=EDGE_CURVE('',#2419,#2850,#2848,.T.) ;
#2856=EDGE_CURVE('',#2850,#2843,#2855,.T.) ;
#2877=EDGE_CURVE('',#2874,#2876,#2872,.T.) ;
#2882=EDGE_CURVE('',#2824,#2874,#2881,.T.) ;
#2887=EDGE_CURVE('',#2817,#2876,#2886,.T.) ;
#2899=EDGE_CURVE('',#2876,#2843,#2898,.F.) ;
#2923=EDGE_CURVE('',#2850,#2874,#2922,.T.) ;
#85=EDGE_LOOP('',(#86,#87,#88,#89)) ;
#107=EDGE_LOOP('',(#108,#109,#110,#111)) ;
#147=EDGE_LOOP('',(#148,#149,#150,#151)) ;
#169=EDGE_LOOP('',(#170,#171,#172,#173)) ;
#209=EDGE_LOOP('',(#210,#211,#212,#213)) ;
#231=EDGE_LOOP('',(#232,#233,#234,#235)) ;
#271=EDGE_LOOP('',(#272,#273,#274,#275)) ;
#288=EDGE_LOOP('',(#289,#290,#291,#292)) ;
#328=EDGE_LOOP('',(#329,#330,#331,#332)) ;
#345=EDGE_LOOP('',(#346,#347,#348,#349)) ;
#380=EDGE_LOOP('',(#381,#382,#383,#384)) ;
#397=EDGE_LOOP('',(#398,#399,#400,#401)) ;
#432=EDGE_LOOP('',(#433,#434,#435,#436)) ;
#449=EDGE_LOOP('',(#450,#451,#452,#453)) ;
#489=EDGE_LOOP('',(#490,#491,#492,#493)) ;
#529=EDGE_LOOP('',(#530,#531,#532,#533)) ;
#546=EDGE_LOOP('',(#547,#548,#549,#550)) ;
#581=EDGE_LOOP('',(#582,#583,#584,#585)) ;
#616=EDGE_LOOP('',(#617,#618,#619,#620)) ;
#633=EDGE_LOOP('',(#634,#635,#636,#637)) ;
#715=EDGE_LOOP('',(#716,#717,#718,#719,#720,#721,#722,#723,#724,#725)) ;
#761=EDGE_LOOP('',(#762,#763,#764,#765)) ;
#792=EDGE_LOOP('',(#793,#794,#795,#796)) ;
#798=EDGE_LOOP('',(#799,#800)) ;
#827=EDGE_LOOP('',(#828,#829,#830,#831)) ;
#858=EDGE_LOOP('',(#859,#860,#861,#862)) ;
#880=EDGE_LOOP('',(#881,#882,#883)) ;
#896=EDGE_LOOP('',(#897,#898,#899,#900)) ;
#913=EDGE_LOOP('',(#914,#915,#916)) ;
#929=EDGE_LOOP('',(#930,#931,#932,#933)) ;
#946=EDGE_LOOP('',(#947,#948,#949,#950)) ;
#986=EDGE_LOOP('',(#987,#988,#989,#990)) ;
#1017=EDGE_LOOP('',(#1018,#1019,#1020,#1021)) ;
#1062=EDGE_LOOP('',(#1063,#1064,#1065,#1066,#1067,#1068)) ;
#1088=EDGE_LOOP('',(#1089,#1090,#1091)) ;
#1118=EDGE_LOOP('',(#1119,#1120,#1121,#1122)) ;
#1206=EDGE_LOOP('',(#1207,#1208,#1209)) ;
#1241=EDGE_LOOP('',(#1242,#1243,#1244,#1245,#1246,#1247,#1248,#1249)) ;
#1269=EDGE_LOOP('',(#1270,#1271,#1272,#1273)) ;
#1293=EDGE_LOOP('',(#1294,#1295,#1296,#1297)) ;
#1345=EDGE_LOOP('',(#1346,#1347,#1348,#1349,#1350,#1351,#1352,#1353,#1354,#1355)) ;
#1382=EDGE_LOOP('',(#1383,#1384,#1385,#1386)) ;
#1406=EDGE_LOOP('',(#1407,#1408,#1409,#1410)) ;
#1444=EDGE_LOOP('',(#1445,#1446,#1447,#1448,#1449,#1450)) ;
#1463=EDGE_LOOP('',(#1464,#1465,#1466)) ;
#1479=EDGE_LOOP('',(#1480,#1481,#1482,#1483)) ;
#1528=EDGE_LOOP('',(#1529,#1530,#1531)) ;
#1584=EDGE_LOOP('',(#1585,#1586,#1587,#1588,#1589,#1590)) ;
#1610=EDGE_LOOP('',(#1611,#1612,#1613,#1614)) ;
#1616=EDGE_LOOP('',(#1617,#1618)) ;
#1650=EDGE_LOOP('',(#1651,#1652,#1653,#1654,#1655,#1656)) ;
#1690=EDGE_LOOP('',(#1691,#1692,#1693,#1694)) ;
#1721=EDGE_LOOP('',(#1722,#1723,#1724,#1725)) ;
#1752=EDGE_LOOP('',(#1753,#1754,#1755,#1756)) ;
#1790=EDGE_LOOP('',(#1791,#1792,#1793,#1794)) ;
#1816=EDGE_LOOP('',(#1817,#1818,#1819,#1820)) ;
#1847=EDGE_LOOP('',(#1848,#1849,#1850,#1851)) ;
#1878=EDGE_LOOP('',(#1879,#1880,#1881,#1882)) ;
#1909=EDGE_LOOP('',(#1910,#1911,#1912,#1913)) ;
#1945=EDGE_LOOP('',(#1946,#1947,#1948,#1949,#1950,#1951,#1952,#1953,#1954,#1955)) ;
#1957=EDGE_LOOP('',(#1958,#1959)) ;
#1961=EDGE_LOOP('',(#1962,#1963)) ;
#1976=EDGE_LOOP('',(#1977,#1978,#1979,#1980,#1981,#1982,#1983,#1984,#1985,#1986,#1987,#1988,#1989)) ;
#1991=EDGE_LOOP('',(#1992,#1993)) ;
#1995=EDGE_LOOP('',(#1996,#1997)) ;
#2005=EDGE_LOOP('',(#2006,#2007,#2008,#2009)) ;
#2031=EDGE_LOOP('',(#2032,#2033,#2034,#2035)) ;
#2057=EDGE_LOOP('',(#2058,#2059,#2060,#2061)) ;
#2074=EDGE_LOOP('',(#2075,#2076,#2077,#2078,#2079,#2080,#2081,#2082,#2083,#2084,#2085,#2086,#2087)) ;
#2089=EDGE_LOOP('',(#2090,#2091)) ;
#2093=EDGE_LOOP('',(#2094,#2095)) ;
#2127=EDGE_LOOP('',(#2128,#2129,#2130,#2131,#2132,#2133,#2134,#2135,#2136,#2137)) ;
#2139=EDGE_LOOP('',(#2140,#2141)) ;
#2143=EDGE_LOOP('',(#2144,#2145)) ;
#2153=EDGE_LOOP('',(#2154,#2155,#2156,#2157)) ;
#2205=EDGE_LOOP('',(#2206,#2207,#2208,#2209,#2210,#2211)) ;
#2231=EDGE_LOOP('',(#2232,#2233,#2234,#2235)) ;
#2237=EDGE_LOOP('',(#2238,#2239)) ;
#2271=EDGE_LOOP('',(#2272,#2273,#2274,#2275,#2276,#2277)) ;
#2297=EDGE_LOOP('',(#2298,#2299,#2300,#2301,#2302,#2303)) ;
#2305=EDGE_LOOP('',(#2306,#2307)) ;
#2330=EDGE_LOOP('',(#2331,#2332,#2333,#2334,#2335)) ;
#2350=EDGE_LOOP('',(#2351,#2352,#2353,#2354,#2355,#2356,#2357,#2358,#2359)) ;
#2386=EDGE_LOOP('',(#2387,#2388,#2389,#2390,#2391)) ;
#2426=EDGE_LOOP('',(#2427,#2428,#2429,#2430,#2431,#2432,#2433)) ;
#2446=EDGE_LOOP('',(#2447,#2448,#2449,#2450,#2451,#2452)) ;
#2472=EDGE_LOOP('',(#2473,#2474,#2475,#2476,#2477,#2478)) ;
#2480=EDGE_LOOP('',(#2481,#2482)) ;
#2500=EDGE_LOOP('',(#2501,#2502,#2503,#2504,#2505)) ;
#2520=EDGE_LOOP('',(#2521,#2522,#2523,#2524,#2525,#2526,#2527,#2528,#2529)) ;
#2556=EDGE_LOOP('',(#2557,#2558,#2559,#2560,#2561)) ;
#2596=EDGE_LOOP('',(#2597,#2598,#2599,#2600,#2601,#2602,#2603)) ;
#2616=EDGE_LOOP('',(#2617,#2618,#2619,#2620,#2621,#2622)) ;
#2658=EDGE_LOOP('',(#2659,#2660,#2661,#2662)) ;
#2689=EDGE_LOOP('',(#2690,#2691,#2692,#2693)) ;
#2720=EDGE_LOOP('',(#2721,#2722,#2723,#2724)) ;
#2737=EDGE_LOOP('',(#2738,#2739,#2740,#2741,#2742,#2743,#2744)) ;
#2746=EDGE_LOOP('',(#2747,#2748)) ;
#2761=EDGE_LOOP('',(#2762,#2763,#2764,#2765)) ;
#2792=EDGE_LOOP('',(#2793,#2794,#2795,#2796,#2797,#2798,#2799,#2800,#2801,#2802,#2803,#2804)) ;
#2831=EDGE_LOOP('',(#2832,#2833,#2834,#2835)) ;
#2857=EDGE_LOOP('',(#2858,#2859,#2860,#2861)) ;
#2888=EDGE_LOOP('',(#2889,#2890,#2891,#2892)) ;
#2900=EDGE_LOOP('',(#2901,#2902,#2903,#2904,#2905,#2906,#2907)) ;
#2909=EDGE_LOOP('',(#2910,#2911)) ;
#2924=EDGE_LOOP('',(#2925,#2926,#2927,#2928,#2929,#2930,#2931,#2932,#2933,#2934,#2935,#2936,#2937,#2938)) ;
#2940=EDGE_LOOP('',(#2941,#2942)) ;
#2944=EDGE_LOOP('',(#2945,#2946)) ;
#2948=EDGE_LOOP('',(#2949,#2950)) ;
#2958=EDGE_LOOP('',(#2959,#2960,#2961,#2962)) ;
#2969=EDGE_LOOP('',(#2970,#2971,#2972,#2973)) ;
#2976=EDGE_LOOP('',(#2977,#2978,#2979,#2980)) ;
#2983=EDGE_LOOP('',(#2984,#2985,#2986,#2987)) ;
#2990=EDGE_LOOP('',(#2991,#2992,#2993,#2994)) ;
#2997=EDGE_LOOP('',(#2998,#2999,#3000,#3001)) ;
#3004=EDGE_LOOP('',(#3005,#3006,#3007,#3008)) ;
#3011=EDGE_LOOP('',(#3012,#3013,#3014,#3015)) ;
#3018=EDGE_LOOP('',(#3019,#3020,#3021,#3022)) ;
#3025=EDGE_LOOP('',(#3026,#3027,#3028,#3029)) ;
#3032=EDGE_LOOP('',(#3033,#3034,#3035,#3036)) ;
#3039=EDGE_LOOP('',(#3040,#3041,#3042,#3043)) ;
#3046=EDGE_LOOP('',(#3047,#3048,#3049,#3050)) ;
#3053=EDGE_LOOP('',(#3054,#3055,#3056,#3057)) ;
#3060=EDGE_LOOP('',(#3061,#3062,#3063,#3064)) ;
#3067=EDGE_LOOP('',(#3068,#3069,#3070,#3071)) ;
#3074=EDGE_LOOP('',(#3075,#3076,#3077,#3078)) ;
#3081=EDGE_LOOP('',(#3082,#3083,#3084,#3085)) ;
#3088=EDGE_LOOP('',(#3089,#3090,#3091,#3092)) ;
#3095=EDGE_LOOP('',(#3096,#3097,#3098,#3099)) ;
#3102=EDGE_LOOP('',(#3103,#3104,#3105,#3106)) ;
#3109=EDGE_LOOP('',(#3110,#3111,#3112,#3113,#3114,#3115,#3116,#3117,#3118,#3119)) ;
#3122=EDGE_LOOP('',(#3123,#3124,#3125,#3126)) ;
#3129=EDGE_LOOP('',(#3130,#3131,#3132,#3133)) ;
#3135=EDGE_LOOP('',(#3136,#3137)) ;
#3140=EDGE_LOOP('',(#3141,#3142,#3143,#3144)) ;
#3147=EDGE_LOOP('',(#3148,#3149,#3150,#3151)) ;
#3154=EDGE_LOOP('',(#3155,#3156,#3157)) ;
#3160=EDGE_LOOP('',(#3161,#3162,#3163,#3164)) ;
#3167=EDGE_LOOP('',(#3168,#3169,#3170)) ;
#3173=EDGE_LOOP('',(#3174,#3175,#3176,#3177)) ;
#3180=EDGE_LOOP('',(#3181,#3182,#3183,#3184)) ;
#3187=EDGE_LOOP('',(#3188,#3189,#3190,#3191)) ;
#3194=EDGE_LOOP('',(#3195,#3196,#3197,#3198)) ;
#3201=EDGE_LOOP('',(#3202,#3203,#3204,#3205,#3206,#3207)) ;
#3210=EDGE_LOOP('',(#3211,#3212,#3213)) ;
#3216=EDGE_LOOP('',(#3217,#3218,#3219,#3220)) ;
#3223=EDGE_LOOP('',(#3224,#3225,#3226)) ;
#3229=EDGE_LOOP('',(#3230,#3231,#3232,#3233,#3234,#3235,#3236,#3237)) ;
#3240=EDGE_LOOP('',(#3241,#3242,#3243,#3244)) ;
#3247=EDGE_LOOP('',(#3248,#3249,#3250,#3251)) ;
#3254=EDGE_LOOP('',(#3255,#3256,#3257,#3258,#3259,#3260,#3261,#3262,#3263,#3264)) ;
#3267=EDGE_LOOP('',(#3268,#3269,#3270,#3271)) ;
#3274=EDGE_LOOP('',(#3275,#3276,#3277,#3278)) ;
#3281=EDGE_LOOP('',(#3282,#3283,#3284,#3285,#3286,#3287)) ;
#3290=EDGE_LOOP('',(#3291,#3292,#3293)) ;
#3296=EDGE_LOOP('',(#3297,#3298,#3299,#3300)) ;
#3303=EDGE_LOOP('',(#3304,#3305,#3306)) ;
#3309=EDGE_LOOP('',(#3310,#3311,#3312,#3313,#3314,#3315)) ;
#3318=EDGE_LOOP('',(#3319,#3320,#3321,#3322)) ;
#3324=EDGE_LOOP('',(#3325,#3326)) ;
#3329=EDGE_LOOP('',(#3330,#3331,#3332,#3333,#3334,#3335)) ;
#3338=EDGE_LOOP('',(#3339,#3340,#3341,#3342)) ;
#3345=EDGE_LOOP('',(#3346,#3347,#3348,#3349)) ;
#3352=EDGE_LOOP('',(#3353,#3354,#3355,#3356)) ;
#3359=EDGE_LOOP('',(#3360,#3361,#3362,#3363)) ;
#3366=EDGE_LOOP('',(#3367,#3368,#3369,#3370)) ;
#3373=EDGE_LOOP('',(#3374,#3375,#3376,#3377)) ;
#3380=EDGE_LOOP('',(#3381,#3382,#3383,#3384)) ;
#3387=EDGE_LOOP('',(#3388,#3389,#3390,#3391)) ;
#3394=EDGE_LOOP('',(#3395,#3396,#3397,#3398,#3399,#3400,#3401,#3402,#3403,#3404)) ;
#3406=EDGE_LOOP('',(#3407,#3408)) ;
#3410=EDGE_LOOP('',(#3411,#3412)) ;
#3415=EDGE_LOOP('',(#3416,#3417,#3418,#3419,#3420,#3421,#3422,#3423,#3424,#3425,#3426,#3427,#3428)) ;
#3430=EDGE_LOOP('',(#3431,#3432)) ;
#3434=EDGE_LOOP('',(#3435,#3436)) ;
#3439=EDGE_LOOP('',(#3440,#3441,#3442,#3443)) ;
#3446=EDGE_LOOP('',(#3447,#3448,#3449,#3450)) ;
#3453=EDGE_LOOP('',(#3454,#3455,#3456,#3457)) ;
#3460=EDGE_LOOP('',(#3461,#3462,#3463,#3464,#3465,#3466,#3467,#3468,#3469,#3470,#3471,#3472,#3473)) ;
#3475=EDGE_LOOP('',(#3476,#3477)) ;
#3479=EDGE_LOOP('',(#3480,#3481)) ;
#3484=EDGE_LOOP('',(#3485,#3486,#3487,#3488,#3489,#3490,#3491,#3492,#3493,#3494)) ;
#3496=EDGE_LOOP('',(#3497,#3498)) ;
#3500=EDGE_LOOP('',(#3501,#3502)) ;
#3505=EDGE_LOOP('',(#3506,#3507,#3508,#3509)) ;
#3512=EDGE_LOOP('',(#3513,#3514,#3515,#3516,#3517,#3518)) ;
#3521=EDGE_LOOP('',(#3522,#3523,#3524,#3525)) ;
#3527=EDGE_LOOP('',(#3528,#3529)) ;
#3532=EDGE_LOOP('',(#3533,#3534,#3535,#3536,#3537,#3538)) ;
#3541=EDGE_LOOP('',(#3542,#3543,#3544,#3545,#3546,#3547)) ;
#3549=EDGE_LOOP('',(#3550,#3551)) ;
#3554=EDGE_LOOP('',(#3555,#3556,#3557,#3558,#3559)) ;
#3562=EDGE_LOOP('',(#3563,#3564,#3565,#3566,#3567,#3568,#3569,#3570,#3571)) ;
#3574=EDGE_LOOP('',(#3575,#3576,#3577,#3578,#3579)) ;
#3582=EDGE_LOOP('',(#3583,#3584,#3585,#3586,#3587,#3588,#3589)) ;
#3592=EDGE_LOOP('',(#3593,#3594,#3595,#3596,#3597,#3598)) ;
#3601=EDGE_LOOP('',(#3602,#3603,#3604,#3605,#3606,#3607)) ;
#3609=EDGE_LOOP('',(#3610,#3611)) ;
#3614=EDGE_LOOP('',(#3615,#3616,#3617,#3618,#3619)) ;
#3622=EDGE_LOOP('',(#3623,#3624,#3625,#3626,#3627,#3628,#3629,#3630,#3631)) ;
#3634=EDGE_LOOP('',(#3635,#3636,#3637,#3638,#3639)) ;
#3642=EDGE_LOOP('',(#3643,#3644,#3645,#3646,#3647,#3648,#3649)) ;
#3652=EDGE_LOOP('',(#3653,#3654,#3655,#3656,#3657,#3658)) ;
#3661=EDGE_LOOP('',(#3662,#3663,#3664,#3665)) ;
#3668=EDGE_LOOP('',(#3669,#3670,#3671,#3672)) ;
#3675=EDGE_LOOP('',(#3676,#3677,#3678,#3679)) ;
#3682=EDGE_LOOP('',(#3683,#3684,#3685,#3686,#3687,#3688,#3689)) ;
#3691=EDGE_LOOP('',(#3692,#3693)) ;
#3696=EDGE_LOOP('',(#3697,#3698,#3699,#3700)) ;
#3703=EDGE_LOOP('',(#3704,#3705,#3706,#3707,#3708,#3709,#3710,#3711,#3712,#3713,#3714,#3715)) ;
#3718=EDGE_LOOP('',(#3719,#3720,#3721,#3722)) ;
#3725=EDGE_LOOP('',(#3726,#3727,#3728,#3729)) ;
#3732=EDGE_LOOP('',(#3733,#3734,#3735,#3736)) ;
#3739=EDGE_LOOP('',(#3740,#3741,#3742,#3743,#3744,#3745,#3746)) ;
#3748=EDGE_LOOP('',(#3749,#3750)) ;
#3753=EDGE_LOOP('',(#3754,#3755,#3756,#3757,#3758,#3759,#3760,#3761,#3762,#3763,#3764,#3765,#3766,#3767)) ;
#3769=EDGE_LOOP('',(#3770,#3771)) ;
#3773=EDGE_LOOP('',(#3774,#3775)) ;
#3777=EDGE_LOOP('',(#3778,#3779)) ;
#3782=EDGE_LOOP('',(#3783,#3784,#3785,#3786)) ;
#90=FACE_OUTER_BOUND('',#85,.T.) ;
#112=FACE_OUTER_BOUND('',#107,.T.) ;
#152=FACE_OUTER_BOUND('',#147,.T.) ;
#174=FACE_OUTER_BOUND('',#169,.T.) ;
#214=FACE_OUTER_BOUND('',#209,.T.) ;
#236=FACE_OUTER_BOUND('',#231,.T.) ;
#276=FACE_OUTER_BOUND('',#271,.T.) ;
#293=FACE_OUTER_BOUND('',#288,.T.) ;
#333=FACE_OUTER_BOUND('',#328,.T.) ;
#350=FACE_OUTER_BOUND('',#345,.T.) ;
#385=FACE_OUTER_BOUND('',#380,.T.) ;
#402=FACE_OUTER_BOUND('',#397,.T.) ;
#437=FACE_OUTER_BOUND('',#432,.T.) ;
#454=FACE_OUTER_BOUND('',#449,.T.) ;
#494=FACE_OUTER_BOUND('',#489,.T.) ;
#534=FACE_OUTER_BOUND('',#529,.T.) ;
#551=FACE_OUTER_BOUND('',#546,.T.) ;
#586=FACE_OUTER_BOUND('',#581,.T.) ;
#621=FACE_OUTER_BOUND('',#616,.T.) ;
#638=FACE_OUTER_BOUND('',#633,.T.) ;
#726=FACE_OUTER_BOUND('',#715,.T.) ;
#766=FACE_OUTER_BOUND('',#761,.T.) ;
#797=FACE_OUTER_BOUND('',#792,.T.) ;
#832=FACE_OUTER_BOUND('',#827,.T.) ;
#863=FACE_OUTER_BOUND('',#858,.T.) ;
#884=FACE_OUTER_BOUND('',#880,.T.) ;
#901=FACE_OUTER_BOUND('',#896,.T.) ;
#917=FACE_OUTER_BOUND('',#913,.T.) ;
#934=FACE_OUTER_BOUND('',#929,.T.) ;
#951=FACE_OUTER_BOUND('',#946,.T.) ;
#991=FACE_OUTER_BOUND('',#986,.T.) ;
#1022=FACE_OUTER_BOUND('',#1017,.T.) ;
#1069=FACE_OUTER_BOUND('',#1062,.T.) ;
#1092=FACE_OUTER_BOUND('',#1088,.T.) ;
#1123=FACE_OUTER_BOUND('',#1118,.T.) ;
#1210=FACE_OUTER_BOUND('',#1206,.T.) ;
#1250=FACE_OUTER_BOUND('',#1241,.T.) ;
#1274=FACE_OUTER_BOUND('',#1269,.T.) ;
#1298=FACE_OUTER_BOUND('',#1293,.T.) ;
#1356=FACE_OUTER_BOUND('',#1345,.T.) ;
#1387=FACE_OUTER_BOUND('',#1382,.T.) ;
#1411=FACE_OUTER_BOUND('',#1406,.T.) ;
#1451=FACE_OUTER_BOUND('',#1444,.T.) ;
#1467=FACE_OUTER_BOUND('',#1463,.T.) ;
#1484=FACE_OUTER_BOUND('',#1479,.T.) ;
#1532=FACE_OUTER_BOUND('',#1528,.T.) ;
#1591=FACE_OUTER_BOUND('',#1584,.T.) ;
#1615=FACE_OUTER_BOUND('',#1610,.T.) ;
#1657=FACE_OUTER_BOUND('',#1650,.T.) ;
#1695=FACE_OUTER_BOUND('',#1690,.T.) ;
#1726=FACE_OUTER_BOUND('',#1721,.T.) ;
#1757=FACE_OUTER_BOUND('',#1752,.T.) ;
#1795=FACE_OUTER_BOUND('',#1790,.T.) ;
#1821=FACE_OUTER_BOUND('',#1816,.T.) ;
#1852=FACE_OUTER_BOUND('',#1847,.T.) ;
#1883=FACE_OUTER_BOUND('',#1878,.T.) ;
#1914=FACE_OUTER_BOUND('',#1909,.T.) ;
#1956=FACE_OUTER_BOUND('',#1945,.T.) ;
#1990=FACE_OUTER_BOUND('',#1976,.T.) ;
#2010=FACE_OUTER_BOUND('',#2005,.T.) ;
#2036=FACE_OUTER_BOUND('',#2031,.T.) ;
#2062=FACE_OUTER_BOUND('',#2057,.T.) ;
#2088=FACE_OUTER_BOUND('',#2074,.T.) ;
#2138=FACE_OUTER_BOUND('',#2127,.T.) ;
#2158=FACE_OUTER_BOUND('',#2153,.T.) ;
#2212=FACE_OUTER_BOUND('',#2205,.T.) ;
#2236=FACE_OUTER_BOUND('',#2231,.T.) ;
#2278=FACE_OUTER_BOUND('',#2271,.T.) ;
#2304=FACE_OUTER_BOUND('',#2297,.T.) ;
#2336=FACE_OUTER_BOUND('',#2330,.T.) ;
#2360=FACE_OUTER_BOUND('',#2350,.T.) ;
#2392=FACE_OUTER_BOUND('',#2386,.T.) ;
#2434=FACE_OUTER_BOUND('',#2426,.T.) ;
#2453=FACE_OUTER_BOUND('',#2446,.T.) ;
#2479=FACE_OUTER_BOUND('',#2472,.T.) ;
#2506=FACE_OUTER_BOUND('',#2500,.T.) ;
#2530=FACE_OUTER_BOUND('',#2520,.T.) ;
#2562=FACE_OUTER_BOUND('',#2556,.T.) ;
#2604=FACE_OUTER_BOUND('',#2596,.T.) ;
#2623=FACE_OUTER_BOUND('',#2616,.T.) ;
#2663=FACE_OUTER_BOUND('',#2658,.T.) ;
#2694=FACE_OUTER_BOUND('',#2689,.T.) ;
#2725=FACE_OUTER_BOUND('',#2720,.T.) ;
#2745=FACE_OUTER_BOUND('',#2737,.T.) ;
#2766=FACE_OUTER_BOUND('',#2761,.T.) ;
#2805=FACE_OUTER_BOUND('',#2792,.T.) ;
#2836=FACE_OUTER_BOUND('',#2831,.T.) ;
#2862=FACE_OUTER_BOUND('',#2857,.T.) ;
#2893=FACE_OUTER_BOUND('',#2888,.T.) ;
#2908=FACE_OUTER_BOUND('',#2900,.T.) ;
#2939=FACE_OUTER_BOUND('',#2924,.T.) ;
#2963=FACE_OUTER_BOUND('',#2958,.T.) ;
#2974=FACE_OUTER_BOUND('',#2969,.T.) ;
#2981=FACE_OUTER_BOUND('',#2976,.T.) ;
#2988=FACE_OUTER_BOUND('',#2983,.T.) ;
#2995=FACE_OUTER_BOUND('',#2990,.T.) ;
#3002=FACE_OUTER_BOUND('',#2997,.T.) ;
#3009=FACE_OUTER_BOUND('',#3004,.T.) ;
#3016=FACE_OUTER_BOUND('',#3011,.T.) ;
#3023=FACE_OUTER_BOUND('',#3018,.T.) ;
#3030=FACE_OUTER_BOUND('',#3025,.T.) ;
#3037=FACE_OUTER_BOUND('',#3032,.T.) ;
#3044=FACE_OUTER_BOUND('',#3039,.T.) ;
#3051=FACE_OUTER_BOUND('',#3046,.T.) ;
#3058=FACE_OUTER_BOUND('',#3053,.T.) ;
#3065=FACE_OUTER_BOUND('',#3060,.T.) ;
#3072=FACE_OUTER_BOUND('',#3067,.T.) ;
#3079=FACE_OUTER_BOUND('',#3074,.T.) ;
#3086=FACE_OUTER_BOUND('',#3081,.T.) ;
#3093=FACE_OUTER_BOUND('',#3088,.T.) ;
#3100=FACE_OUTER_BOUND('',#3095,.T.) ;
#3107=FACE_OUTER_BOUND('',#3102,.T.) ;
#3120=FACE_OUTER_BOUND('',#3109,.T.) ;
#3127=FACE_OUTER_BOUND('',#3122,.T.) ;
#3134=FACE_OUTER_BOUND('',#3129,.T.) ;
#3145=FACE_OUTER_BOUND('',#3140,.T.) ;
#3152=FACE_OUTER_BOUND('',#3147,.T.) ;
#3158=FACE_OUTER_BOUND('',#3154,.T.) ;
#3165=FACE_OUTER_BOUND('',#3160,.T.) ;
#3171=FACE_OUTER_BOUND('',#3167,.T.) ;
#3178=FACE_OUTER_BOUND('',#3173,.T.) ;
#3185=FACE_OUTER_BOUND('',#3180,.T.) ;
#3192=FACE_OUTER_BOUND('',#3187,.T.) ;
#3199=FACE_OUTER_BOUND('',#3194,.T.) ;
#3208=FACE_OUTER_BOUND('',#3201,.T.) ;
#3214=FACE_OUTER_BOUND('',#3210,.T.) ;
#3221=FACE_OUTER_BOUND('',#3216,.T.) ;
#3227=FACE_OUTER_BOUND('',#3223,.T.) ;
#3238=FACE_OUTER_BOUND('',#3229,.T.) ;
#3245=FACE_OUTER_BOUND('',#3240,.T.) ;
#3252=FACE_OUTER_BOUND('',#3247,.T.) ;
#3265=FACE_OUTER_BOUND('',#3254,.T.) ;
#3272=FACE_OUTER_BOUND('',#3267,.T.) ;
#3279=FACE_OUTER_BOUND('',#3274,.T.) ;
#3288=FACE_OUTER_BOUND('',#3281,.T.) ;
#3294=FACE_OUTER_BOUND('',#3290,.T.) ;
#3301=FACE_OUTER_BOUND('',#3296,.T.) ;
#3307=FACE_OUTER_BOUND('',#3303,.T.) ;
#3316=FACE_OUTER_BOUND('',#3309,.T.) ;
#3323=FACE_OUTER_BOUND('',#3318,.T.) ;
#3336=FACE_OUTER_BOUND('',#3329,.T.) ;
#3343=FACE_OUTER_BOUND('',#3338,.T.) ;
#3350=FACE_OUTER_BOUND('',#3345,.T.) ;
#3357=FACE_OUTER_BOUND('',#3352,.T.) ;
#3364=FACE_OUTER_BOUND('',#3359,.T.) ;
#3371=FACE_OUTER_BOUND('',#3366,.T.) ;
#3378=FACE_OUTER_BOUND('',#3373,.T.) ;
#3385=FACE_OUTER_BOUND('',#3380,.T.) ;
#3392=FACE_OUTER_BOUND('',#3387,.T.) ;
#3405=FACE_OUTER_BOUND('',#3394,.T.) ;
#3429=FACE_OUTER_BOUND('',#3415,.T.) ;
#3444=FACE_OUTER_BOUND('',#3439,.T.) ;
#3451=FACE_OUTER_BOUND('',#3446,.T.) ;
#3458=FACE_OUTER_BOUND('',#3453,.T.) ;
#3474=FACE_OUTER_BOUND('',#3460,.T.) ;
#3495=FACE_OUTER_BOUND('',#3484,.T.) ;
#3510=FACE_OUTER_BOUND('',#3505,.T.) ;
#3519=FACE_OUTER_BOUND('',#3512,.T.) ;
#3526=FACE_OUTER_BOUND('',#3521,.T.) ;
#3539=FACE_OUTER_BOUND('',#3532,.T.) ;
#3548=FACE_OUTER_BOUND('',#3541,.T.) ;
#3560=FACE_OUTER_BOUND('',#3554,.T.) ;
#3572=FACE_OUTER_BOUND('',#3562,.T.) ;
#3580=FACE_OUTER_BOUND('',#3574,.T.) ;
#3590=FACE_OUTER_BOUND('',#3582,.T.) ;
#3599=FACE_OUTER_BOUND('',#3592,.T.) ;
#3608=FACE_OUTER_BOUND('',#3601,.T.) ;
#3620=FACE_OUTER_BOUND('',#3614,.T.) ;
#3632=FACE_OUTER_BOUND('',#3622,.T.) ;
#3640=FACE_OUTER_BOUND('',#3634,.T.) ;
#3650=FACE_OUTER_BOUND('',#3642,.T.) ;
#3659=FACE_OUTER_BOUND('',#3652,.T.) ;
#3666=FACE_OUTER_BOUND('',#3661,.T.) ;
#3673=FACE_OUTER_BOUND('',#3668,.T.) ;
#3680=FACE_OUTER_BOUND('',#3675,.T.) ;
#3690=FACE_OUTER_BOUND('',#3682,.T.) ;
#3701=FACE_OUTER_BOUND('',#3696,.T.) ;
#3716=FACE_OUTER_BOUND('',#3703,.T.) ;
#3723=FACE_OUTER_BOUND('',#3718,.T.) ;
#3730=FACE_OUTER_BOUND('',#3725,.T.) ;
#3737=FACE_OUTER_BOUND('',#3732,.T.) ;
#3747=FACE_OUTER_BOUND('',#3739,.T.) ;
#3768=FACE_OUTER_BOUND('',#3753,.T.) ;
#3787=FACE_OUTER_BOUND('',#3782,.T.) ;
#45=UNCERTAINTY_MEASURE_WITH_UNIT(LENGTH_MEASURE(0.005),#41,'distance_accuracy_value','CONFUSED CURVE UNCERTAINTY') ;
#69=LINE('Line',#66,#68) ;
#83=LINE('Line',#80,#82) ;
#131=LINE('Line',#128,#130) ;
#145=LINE('Line',#142,#144) ;
#193=LINE('Line',#190,#192) ;
#207=LINE('Line',#204,#206) ;
#246=LINE('Line',#243,#245) ;
#262=LINE('Line',#259,#261) ;
#303=LINE('Line',#300,#302) ;
#319=LINE('Line',#316,#318) ;
#355=LINE('Line',#352,#354) ;
#371=LINE('Line',#368,#370) ;
#407=LINE('Line',#404,#406) ;
#423=LINE('Line',#420,#422) ;
#464=LINE('Line',#461,#463) ;
#480=LINE('Line',#477,#479) ;
#504=LINE('Line',#501,#503) ;
#520=LINE('Line',#517,#519) ;
#556=LINE('Line',#553,#555) ;
#572=LINE('Line',#569,#571) ;
#591=LINE('Line',#588,#590) ;
#607=LINE('Line',#604,#606) ;
#648=LINE('Line',#645,#647) ;
#664=LINE('Line',#661,#663) ;
#671=LINE('Line',#668,#670) ;
#678=LINE('Line',#675,#677) ;
#685=LINE('Line',#682,#684) ;
#692=LINE('Line',#689,#691) ;
#699=LINE('Line',#696,#698) ;
#706=LINE('Line',#703,#705) ;
#745=LINE('Line',#742,#744) ;
#759=LINE('Line',#756,#758) ;
#776=LINE('Line',#773,#775) ;
#783=LINE('Line',#780,#782) ;
#790=LINE('Line',#787,#789) ;
#811=LINE('Line',#808,#810) ;
#820=LINE('Line',#817,#819) ;
#825=LINE('Line',#822,#824) ;
#849=LINE('Line',#846,#848) ;
#927=LINE('Line',#924,#926) ;
#944=LINE('Line',#941,#943) ;
#961=LINE('Line',#958,#960) ;
#977=LINE('Line',#974,#976) ;
#1032=LINE('Line',#1029,#1031) ;
#1039=LINE('Line',#1036,#1038) ;
#1046=LINE('Line',#1043,#1045) ;
#1060=LINE('Line',#1057,#1059) ;
#1111=LINE('Line',#1108,#1110) ;
#1116=LINE('Line',#1113,#1115) ;
#1220=LINE('Line',#1217,#1219) ;
#1234=LINE('Line',#1231,#1233) ;
#1239=LINE('Line',#1236,#1238) ;
#1260=LINE('Line',#1257,#1259) ;
#1267=LINE('Line',#1264,#1266) ;
#1291=LINE('Line',#1288,#1290) ;
#1308=LINE('Line',#1305,#1307) ;
#1317=LINE('Line',#1314,#1316) ;
#1324=LINE('Line',#1321,#1323) ;
#1329=LINE('Line',#1326,#1328) ;
#1343=LINE('Line',#1340,#1342) ;
#1373=LINE('Line',#1370,#1372) ;
#1428=LINE('Line',#1425,#1427) ;
#1435=LINE('Line',#1432,#1434) ;
#1442=LINE('Line',#1439,#1441) ;
#1477=LINE('Line',#1474,#1476) ;
#1563=LINE('Line',#1560,#1562) ;
#1570=LINE('Line',#1567,#1569) ;
#1577=LINE('Line',#1574,#1576) ;
#1582=LINE('Line',#1579,#1581) ;
#1601=LINE('Line',#1598,#1600) ;
#1608=LINE('Line',#1605,#1607) ;
#1629=LINE('Line',#1626,#1628) ;
#1636=LINE('Line',#1633,#1635) ;
#1643=LINE('Line',#1640,#1642) ;
#1667=LINE('Line',#1664,#1666) ;
#1681=LINE('Line',#1678,#1680) ;
#1705=LINE('Line',#1702,#1704) ;
#1714=LINE('Line',#1711,#1713) ;
#1719=LINE('Line',#1716,#1718) ;
#1750=LINE('Line',#1747,#1749) ;
#1767=LINE('Line',#1764,#1766) ;
#1781=LINE('Line',#1778,#1780) ;
#1800=LINE('Line',#1797,#1799) ;
#1809=LINE('Line',#1806,#1808) ;
#1814=LINE('Line',#1811,#1813) ;
#1845=LINE('Line',#1842,#1844) ;
#1862=LINE('Line',#1859,#1861) ;
#1871=LINE('Line',#1868,#1870) ;
#1876=LINE('Line',#1873,#1875) ;
#1893=LINE('Line',#1890,#1892) ;
#1900=LINE('Line',#1897,#1899) ;
#1907=LINE('Line',#1904,#1906) ;
#1924=LINE('Line',#1921,#1923) ;
#1931=LINE('Line',#1928,#1930) ;
#1938=LINE('Line',#1935,#1937) ;
#2015=LINE('Line',#2012,#2014) ;
#2024=LINE('Line',#2021,#2023) ;
#2029=LINE('Line',#2026,#2028) ;
#2041=LINE('Line',#2038,#2040) ;
#2048=LINE('Line',#2045,#2047) ;
#2055=LINE('Line',#2052,#2054) ;
#2106=LINE('Line',#2103,#2105) ;
#2113=LINE('Line',#2110,#2112) ;
#2120=LINE('Line',#2117,#2119) ;
#2163=LINE('Line',#2160,#2162) ;
#2191=LINE('Line',#2188,#2190) ;
#2196=LINE('Line',#2193,#2195) ;
#2203=LINE('Line',#2200,#2202) ;
#2222=LINE('Line',#2219,#2221) ;
#2229=LINE('Line',#2226,#2228) ;
#2255=LINE('Line',#2252,#2254) ;
#2262=LINE('Line',#2259,#2261) ;
#2269=LINE('Line',#2266,#2268) ;
#2288=LINE('Line',#2285,#2287) ;
#2318=LINE('Line',#2315,#2317) ;
#2348=LINE('Line',#2345,#2347) ;
#2424=LINE('Line',#2421,#2423) ;
#2444=LINE('Line',#2441,#2443) ;
#2470=LINE('Line',#2467,#2469) ;
#2488=LINE('Line',#2485,#2487) ;
#2518=LINE('Line',#2515,#2517) ;
#2587=LINE('Line',#2584,#2586) ;
#2614=LINE('Line',#2611,#2613) ;
#2642=LINE('Line',#2639,#2641) ;
#2656=LINE('Line',#2653,#2655) ;
#2673=LINE('Line',#2670,#2672) ;
#2680=LINE('Line',#2677,#2679) ;
#2687=LINE('Line',#2684,#2686) ;
#2704=LINE('Line',#2701,#2703) ;
#2711=LINE('Line',#2708,#2710) ;
#2718=LINE('Line',#2715,#2717) ;
#2730=LINE('Line',#2727,#2729) ;
#2776=LINE('Line',#2773,#2775) ;
#2783=LINE('Line',#2780,#2782) ;
#2790=LINE('Line',#2787,#2789) ;
#2822=LINE('Line',#2819,#2821) ;
#2841=LINE('Line',#2838,#2840) ;
#2848=LINE('Line',#2845,#2847) ;
#2855=LINE('Line',#2852,#2854) ;
#2872=LINE('Line',#2869,#2871) ;
#2881=LINE('Line',#2878,#2880) ;
#2886=LINE('Line',#2883,#2885) ;
#2=MECHANICAL_CONTEXT(' ',#1,'mechanical') ;
#24=PERSONAL_ADDRESS(' ',' ',' ',' ',' ',' ',' ',' ',' ',' ',' ',' ',(#22),' ') ;
#644=PLANE('',#643) ;
#772=PLANE('',#771) ;
#807=PLANE('',#806) ;
#1216=PLANE('',#1215) ;
#1256=PLANE('',#1255) ;
#1304=PLANE('',#1303) ;
#1538=PLANE('',#1537) ;
#1597=PLANE('',#1596) ;
#1701=PLANE('',#1700) ;
#1858=PLANE('',#1857) ;
#1889=PLANE('',#1888) ;
#1920=PLANE('',#1919) ;
#1970=PLANE('',#1969) ;
#2068=PLANE('',#2067) ;
#2102=PLANE('',#2101) ;
#2218=PLANE('',#2217) ;
#2284=PLANE('',#2283) ;
#2314=PLANE('',#2313) ;
#2459=PLANE('',#2458) ;
#2669=PLANE('',#2668) ;
#2700=PLANE('',#2699) ;
#2772=PLANE('',#2771) ;
#2868=PLANE('',#2867) ;
#2918=PLANE('',#2917) ;
#43=PLANE_ANGLE_MEASURE_WITH_UNIT(PLANE_ANGLE_MEASURE(0.0174532925199),#42) ;
#7=PRODUCT_CATEGORY('part',$) ;
#9=PRODUCT_CATEGORY_RELATIONSHIP(' ',' ',#7,#8) ;
#6=PRODUCT_DEFINITION_FORMATION_WITH_SPECIFIED_SOURCE('',' ',#5,.NOT_KNOWN.) ;
#8=PRODUCT_RELATED_PRODUCT_CATEGORY('detail',$,(#5)) ;
#50=SHAPE_DEFINITION_REPRESENTATION(#40,#49) ;
#869=SPHERICAL_SURFACE('',#868,2.5) ;
#907=SPHERICAL_SURFACE('',#906,2.5) ;
#1075=SPHERICAL_SURFACE('',#1074,2.5) ;
#1129=SPHERICAL_SURFACE('',#1128,2.5) ;
#1457=SPHERICAL_SURFACE('',#1456,2.5) ;
#1490=SPHERICAL_SURFACE('',#1489,2.5) ;
#62=VERTEX_POINT('',#61) ;
#64=VERTEX_POINT('',#63) ;
#71=VERTEX_POINT('',#70) ;
#78=VERTEX_POINT('',#77) ;
#124=VERTEX_POINT('',#123) ;
#126=VERTEX_POINT('',#125) ;
#133=VERTEX_POINT('',#132) ;
#140=VERTEX_POINT('',#139) ;
#186=VERTEX_POINT('',#185) ;
#188=VERTEX_POINT('',#187) ;
#195=VERTEX_POINT('',#194) ;
#202=VERTEX_POINT('',#201) ;
#248=VERTEX_POINT('',#247) ;
#250=VERTEX_POINT('',#249) ;
#257=VERTEX_POINT('',#256) ;
#264=VERTEX_POINT('',#263) ;
#305=VERTEX_POINT('',#304) ;
#307=VERTEX_POINT('',#306) ;
#314=VERTEX_POINT('',#313) ;
#321=VERTEX_POINT('',#320) ;
#357=VERTEX_POINT('',#356) ;
#359=VERTEX_POINT('',#358) ;
#366=VERTEX_POINT('',#365) ;
#373=VERTEX_POINT('',#372) ;
#409=VERTEX_POINT('',#408) ;
#411=VERTEX_POINT('',#410) ;
#418=VERTEX_POINT('',#417) ;
#425=VERTEX_POINT('',#424) ;
#466=VERTEX_POINT('',#465) ;
#468=VERTEX_POINT('',#467) ;
#475=VERTEX_POINT('',#474) ;
#482=VERTEX_POINT('',#481) ;
#506=VERTEX_POINT('',#505) ;
#508=VERTEX_POINT('',#507) ;
#515=VERTEX_POINT('',#514) ;
#522=VERTEX_POINT('',#521) ;
#558=VERTEX_POINT('',#557) ;
#560=VERTEX_POINT('',#559) ;
#567=VERTEX_POINT('',#566) ;
#574=VERTEX_POINT('',#573) ;
#593=VERTEX_POINT('',#592) ;
#595=VERTEX_POINT('',#594) ;
#602=VERTEX_POINT('',#601) ;
#609=VERTEX_POINT('',#608) ;
#650=VERTEX_POINT('',#649) ;
#652=VERTEX_POINT('',#651) ;
#659=VERTEX_POINT('',#658) ;
#666=VERTEX_POINT('',#665) ;
#673=VERTEX_POINT('',#672) ;
#680=VERTEX_POINT('',#679) ;
#687=VERTEX_POINT('',#686) ;
#694=VERTEX_POINT('',#693) ;
#701=VERTEX_POINT('',#700) ;
#708=VERTEX_POINT('',#707) ;
#738=VERTEX_POINT('',#737) ;
#740=VERTEX_POINT('',#739) ;
#747=VERTEX_POINT('',#746) ;
#754=VERTEX_POINT('',#753) ;
#778=VERTEX_POINT('',#777) ;
#785=VERTEX_POINT('',#784) ;
#813=VERTEX_POINT('',#812) ;
#815=VERTEX_POINT('',#814) ;
#844=VERTEX_POINT('',#843) ;
#851=VERTEX_POINT('',#850) ;
#963=VERTEX_POINT('',#962) ;
#965=VERTEX_POINT('',#964) ;
#972=VERTEX_POINT('',#971) ;
#979=VERTEX_POINT('',#978) ;
#1003=VERTEX_POINT('',#1002) ;
#1010=VERTEX_POINT('',#1009) ;
#1034=VERTEX_POINT('',#1033) ;
#1041=VERTEX_POINT('',#1040) ;
#1048=VERTEX_POINT('',#1047) ;
#1055=VERTEX_POINT('',#1054) ;
#1081=VERTEX_POINT('',#1080) ;
#1104=VERTEX_POINT('',#1103) ;
#1106=VERTEX_POINT('',#1105) ;
#1136=VERTEX_POINT('',#1135) ;
#1222=VERTEX_POINT('',#1221) ;
#1229=VERTEX_POINT('',#1228) ;
#1262=VERTEX_POINT('',#1261) ;
#1286=VERTEX_POINT('',#1285) ;
#1310=VERTEX_POINT('',#1309) ;
#1312=VERTEX_POINT('',#1311) ;
#1319=VERTEX_POINT('',#1318) ;
#1331=VERTEX_POINT('',#1330) ;
#1338=VERTEX_POINT('',#1337) ;
#1368=VERTEX_POINT('',#1367) ;
#1375=VERTEX_POINT('',#1374) ;
#1399=VERTEX_POINT('',#1398) ;
#1423=VERTEX_POINT('',#1422) ;
#1430=VERTEX_POINT('',#1429) ;
#1437=VERTEX_POINT('',#1436) ;
#1497=VERTEX_POINT('',#1496) ;
#1556=VERTEX_POINT('',#1555) ;
#1558=VERTEX_POINT('',#1557) ;
#1565=VERTEX_POINT('',#1564) ;
#1572=VERTEX_POINT('',#1571) ;
#1603=VERTEX_POINT('',#1602) ;
#1631=VERTEX_POINT('',#1630) ;
#1638=VERTEX_POINT('',#1637) ;
#1669=VERTEX_POINT('',#1668) ;
#1676=VERTEX_POINT('',#1675) ;
#1683=VERTEX_POINT('',#1682) ;
#1707=VERTEX_POINT('',#1706) ;
#1709=VERTEX_POINT('',#1708) ;
#1738=VERTEX_POINT('',#1737) ;
#1745=VERTEX_POINT('',#1744) ;
#1769=VERTEX_POINT('',#1768) ;
#1776=VERTEX_POINT('',#1775) ;
#1783=VERTEX_POINT('',#1782) ;
#1802=VERTEX_POINT('',#1801) ;
#1804=VERTEX_POINT('',#1803) ;
#1833=VERTEX_POINT('',#1832) ;
#1840=VERTEX_POINT('',#1839) ;
#1864=VERTEX_POINT('',#1863) ;
#1866=VERTEX_POINT('',#1865) ;
#1895=VERTEX_POINT('',#1894) ;
#1902=VERTEX_POINT('',#1901) ;
#1926=VERTEX_POINT('',#1925) ;
#1933=VERTEX_POINT('',#1932) ;
#2017=VERTEX_POINT('',#2016) ;
#2019=VERTEX_POINT('',#2018) ;
#2043=VERTEX_POINT('',#2042) ;
#2050=VERTEX_POINT('',#2049) ;
#2108=VERTEX_POINT('',#2107) ;
#2115=VERTEX_POINT('',#2114) ;
#2165=VERTEX_POINT('',#2164) ;
#2167=VERTEX_POINT('',#2166) ;
#2186=VERTEX_POINT('',#2185) ;
#2198=VERTEX_POINT('',#2197) ;
#2224=VERTEX_POINT('',#2223) ;
#2257=VERTEX_POINT('',#2256) ;
#2264=VERTEX_POINT('',#2263) ;
#2290=VERTEX_POINT('',#2289) ;
#2320=VERTEX_POINT('',#2319) ;
#2343=VERTEX_POINT('',#2342) ;
#2373=VERTEX_POINT('',#2372) ;
#2404=VERTEX_POINT('',#2403) ;
#2406=VERTEX_POINT('',#2405) ;
#2419=VERTEX_POINT('',#2418) ;
#2465=VERTEX_POINT('',#2464) ;
#2490=VERTEX_POINT('',#2489) ;
#2513=VERTEX_POINT('',#2512) ;
#2548=VERTEX_POINT('',#2547) ;
#2575=VERTEX_POINT('',#2574) ;
#2582=VERTEX_POINT('',#2581) ;
#2589=VERTEX_POINT('',#2588) ;
#2635=VERTEX_POINT('',#2634) ;
#2637=VERTEX_POINT('',#2636) ;
#2644=VERTEX_POINT('',#2643) ;
#2651=VERTEX_POINT('',#2650) ;
#2675=VERTEX_POINT('',#2674) ;
#2682=VERTEX_POINT('',#2681) ;
#2706=VERTEX_POINT('',#2705) ;
#2713=VERTEX_POINT('',#2712) ;
#2778=VERTEX_POINT('',#2777) ;
#2785=VERTEX_POINT('',#2784) ;
#2817=VERTEX_POINT('',#2816) ;
#2824=VERTEX_POINT('',#2823) ;
#2843=VERTEX_POINT('',#2842) ;
#2850=VERTEX_POINT('',#2849) ;
#2874=VERTEX_POINT('',#2873) ;
#2876=VERTEX_POINT('',#2875) ;
#41=(LENGTH_UNIT()NAMED_UNIT(*)SI_UNIT(.MILLI.,.METRE.)) ;
#42=(NAMED_UNIT(*)PLANE_ANGLE_UNIT()SI_UNIT($,.RADIAN.)) ;
#44=(NAMED_UNIT(*)SI_UNIT($,.STERADIAN.)SOLID_ANGLE_UNIT()) ;
#46=(GEOMETRIC_REPRESENTATION_CONTEXT(3)GLOBAL_UNCERTAINTY_ASSIGNED_CONTEXT((#45))GLOBAL_UNIT_ASSIGNED_CONTEXT((#41,#42,#44))REPRESENTATION_CONTEXT(' ',' ')) ;
ENDSEC;
END-ISO-10303-21;
