ISO-10303-21;
HEADER;
FILE_DESCRIPTION(('CATIA V5 STEP Exchange'),'2;1');

FILE_NAME('C:\\Users\\Hashaam\\Documents\\CAD_Project\\review\\Part1.stp','2026-10-06T14:11:04+00:00',('none'),('none'),'CATIA Version 5 Release 21 GA (IN-10)','CATIA V5 STEP AP203','none');

FILE_SCHEMA(('CONFIG_CONTROL_DESIGN'));

ENDSEC;
/* file written by CATIA V5R21 */
DATA;
#5=PRODUCT('Part1','','',(#2)) ;
#1=APPLICATION_CONTEXT('configuration controlled 3D design of mechanical parts and assemblies') ;
#14=PRODUCT_DEFINITION('',' ',#6,#3) ;
#16=SECURITY_CLASSIFICATION(' ',' ',#15) ;
#15=SECURITY_CLASSIFICATION_LEVEL('unclassified') ;
#47=CARTESIAN_POINT(' ',(0.,0.,0.)) ;
#52=CARTESIAN_POINT('Axis2P3D Location',(0.,120.,0.1)) ;
#57=CARTESIAN_POINT('Line Origine',(-2.80826419805,118.465838276,18.9081027901)) ;
#61=CARTESIAN_POINT('Vertex',(-2.80826419805,118.465838276,5.)) ;
#63=CARTESIAN_POINT('Vertex',(-2.80826419805,118.465838276,-1.4155343564E-015)) ;
#66=CARTESIAN_POINT('Axis2P3D Location',(0.,120.,5.)) ;
#70=CARTESIAN_POINT('Vertex',(2.80826419805,121.534161724,5.)) ;
#73=CARTESIAN_POINT('Line Origine',(2.80826419805,121.534161724,18.9081027901)) ;
#77=CARTESIAN_POINT('Vertex',(2.80826419805,121.534161724,-1.4155343564E-015)) ;
#80=CARTESIAN_POINT('Axis2P3D Location',(0.,120.,0.)) ;
#92=CARTESIAN_POINT('Axis2P3D Location',(0.,120.,5.)) ;
#97=CARTESIAN_POINT('Axis2P3D Location',(0.,120.,0.)) ;
#109=CARTESIAN_POINT('Axis2P3D Location',(9.2,78.6057332184,15.5193417381)) ;
#114=CARTESIAN_POINT('Axis2P3D Location',(-11.2,78.6057332184,15.5193417381)) ;
#118=CARTESIAN_POINT('Vertex',(-11.2,81.3557332184,15.5193417381)) ;
#120=CARTESIAN_POINT('Vertex',(-11.2,75.8557332184,15.5193417381)) ;
#123=CARTESIAN_POINT('Line Origine',(-7.1054273576E-015,75.8557332184,15.5193417381)) ;
#127=CARTESIAN_POINT('Vertex',(-7.2,75.8557332184,15.5193417381)) ;
#130=CARTESIAN_POINT('Axis2P3D Location',(-7.2,78.6057332184,15.5193417381)) ;
#134=CARTESIAN_POINT('Vertex',(-7.2,81.3557332184,15.5193417381)) ;
#137=CARTESIAN_POINT('Line Origine',(-7.1054273576E-015,81.3557332184,15.5193417381)) ;
#149=CARTESIAN_POINT('Axis2P3D Location',(-11.2,78.6057332184,15.5193417381)) ;
#154=CARTESIAN_POINT('Axis2P3D Location',(-7.2,78.6057332184,15.5193417381)) ;
#166=CARTESIAN_POINT('Axis2P3D Location',(9.2,108.50150832,28.8297983828)) ;
#171=CARTESIAN_POINT('Axis2P3D Location',(-11.2,108.50150832,28.8297983828)) ;
#175=CARTESIAN_POINT('Vertex',(-11.2,105.75150832,28.8297983828)) ;
#177=CARTESIAN_POINT('Vertex',(-11.2,111.25150832,28.8297983828)) ;
#180=CARTESIAN_POINT('Line Origine',(-7.1054273576E-015,111.25150832,28.8297983828)) ;
#184=CARTESIAN_POINT('Vertex',(-7.2,111.25150832,28.8297983828)) ;
#187=CARTESIAN_POINT('Axis2P3D Location',(-7.2,108.50150832,28.8297983828)) ;
#191=CARTESIAN_POINT('Vertex',(-7.2,105.75150832,28.8297983828)) ;
#194=CARTESIAN_POINT('Line Origine',(-7.1054273576E-015,105.75150832,28.8297983828)) ;
#206=CARTESIAN_POINT('Axis2P3D Location',(-11.2,108.50150832,28.8297983828)) ;
#211=CARTESIAN_POINT('Axis2P3D Location',(-7.2,108.50150832,28.8297983828)) ;
#223=CARTESIAN_POINT('Axis2P3D Location',(0.,15.,19.)) ;
#228=CARTESIAN_POINT('Axis2P3D Location',(-10.,15.,19.)) ;
#232=CARTESIAN_POINT('Vertex',(-10.,19.,19.)) ;
#234=CARTESIAN_POINT('Vertex',(-10.,11.,19.)) ;
#237=CARTESIAN_POINT('Line Origine',(0.,19.,19.)) ;
#241=CARTESIAN_POINT('Vertex',(-14.,19.,19.)) ;
#244=CARTESIAN_POINT('Axis2P3D Location',(-14.,15.,19.)) ;
#248=CARTESIAN_POINT('Vertex',(-14.,11.,19.)) ;
#251=CARTESIAN_POINT('Line Origine',(0.,11.,19.)) ;
#263=CARTESIAN_POINT('Axis2P3D Location',(-10.,15.,19.)) ;
#268=CARTESIAN_POINT('Axis2P3D Location',(-14.,15.,19.)) ;
#280=CARTESIAN_POINT('Axis2P3D Location',(29.,8.,2.5)) ;
#285=CARTESIAN_POINT('Line Origine',(29.,0.,2.5)) ;
#289=CARTESIAN_POINT('Vertex',(29.,0.,0.)) ;
#291=CARTESIAN_POINT('Vertex',(29.,0.,5.)) ;
#294=CARTESIAN_POINT('Axis2P3D Location',(29.,8.,0.)) ;
#298=CARTESIAN_POINT('Vertex',(37.,8.,0.)) ;
#301=CARTESIAN_POINT('Line Origine',(37.,8.,2.5)) ;
#305=CARTESIAN_POINT('Vertex',(37.,8.,5.)) ;
#308=CARTESIAN_POINT('Axis2P3D Location',(29.,8.,5.)) ;
#320=CARTESIAN_POINT('Axis2P3D Location',(37.,8.,0.)) ;
#325=CARTESIAN_POINT('Line Origine',(37.,15.,0.)) ;
#329=CARTESIAN_POINT('Vertex',(37.,22.,0.)) ;
#332=CARTESIAN_POINT('Line Origine',(37.,22.,2.5)) ;
#336=CARTESIAN_POINT('Vertex',(37.,22.,5.)) ;
#339=CARTESIAN_POINT('Line Origine',(37.,15.,5.)) ;
#351=CARTESIAN_POINT('Axis2P3D Location',(0.,15.,19.)) ;
#356=CARTESIAN_POINT('Line Origine',(0.,3.78962964289,21.5646825255)) ;
#360=CARTESIAN_POINT('Vertex',(10.,3.78962964289,21.5646825255)) ;
#362=CARTESIAN_POINT('Vertex',(14.,3.78962964289,21.5646825255)) ;
#365=CARTESIAN_POINT('Axis2P3D Location',(14.,15.,19.)) ;
#369=CARTESIAN_POINT('Vertex',(14.,26.2103703571,21.5646825255)) ;
#372=CARTESIAN_POINT('Line Origine',(0.,26.2103703571,21.5646825255)) ;
#376=CARTESIAN_POINT('Vertex',(10.,26.2103703571,21.5646825255)) ;
#379=CARTESIAN_POINT('Axis2P3D Location',(10.,15.,19.)) ;
#391=CARTESIAN_POINT('Axis2P3D Location',(29.,22.,2.5)) ;
#396=CARTESIAN_POINT('Axis2P3D Location',(29.,22.,0.)) ;
#400=CARTESIAN_POINT('Vertex',(29.,30.,0.)) ;
#403=CARTESIAN_POINT('Line Origine',(29.,30.,2.5)) ;
#407=CARTESIAN_POINT('Vertex',(29.,30.,5.)) ;
#410=CARTESIAN_POINT('Axis2P3D Location',(29.,22.,5.)) ;
#422=CARTESIAN_POINT('Axis2P3D Location',(29.,30.,0.)) ;
#427=CARTESIAN_POINT('Line Origine',(28.1,30.,0.)) ;
#431=CARTESIAN_POINT('Vertex',(27.2,30.,0.)) ;
#434=CARTESIAN_POINT('Line Origine',(27.2,30.,2.5)) ;
#438=CARTESIAN_POINT('Vertex',(27.2,30.,5.)) ;
#441=CARTESIAN_POINT('Line Origine',(28.1,30.,5.)) ;
#453=CARTESIAN_POINT('Axis2P3D Location',(29.,15.,0.1)) ;
#458=CARTESIAN_POINT('Line Origine',(31.808264198,16.5341617235,18.9081027901)) ;
#462=CARTESIAN_POINT('Vertex',(31.808264198,16.5341617235,5.)) ;
#464=CARTESIAN_POINT('Vertex',(31.808264198,16.5341617235,-1.4155343564E-015)) ;
#467=CARTESIAN_POINT('Axis2P3D Location',(29.,15.,5.)) ;
#471=CARTESIAN_POINT('Vertex',(26.191735802,13.4658382765,5.)) ;
#474=CARTESIAN_POINT('Line Origine',(26.191735802,13.4658382765,18.9081027901)) ;
#478=CARTESIAN_POINT('Vertex',(26.191735802,13.4658382765,-1.4155343564E-015)) ;
#481=CARTESIAN_POINT('Axis2P3D Location',(29.,15.,0.)) ;
#493=CARTESIAN_POINT('Axis2P3D Location',(29.,15.,5.)) ;
#498=CARTESIAN_POINT('Axis2P3D Location',(29.,15.,0.)) ;
#510=CARTESIAN_POINT('Axis2P3D Location',(-29.,15.,0.1)) ;
#515=CARTESIAN_POINT('Line Origine',(-26.191735802,16.5341617235,18.9081027901)) ;
#519=CARTESIAN_POINT('Vertex',(-26.191735802,16.5341617235,5.)) ;
#521=CARTESIAN_POINT('Vertex',(-26.191735802,16.5341617235,-1.4155343564E-015)) ;
#524=CARTESIAN_POINT('Axis2P3D Location',(-29.,15.,5.)) ;
#528=CARTESIAN_POINT('Vertex',(-31.808264198,13.4658382765,5.)) ;
#531=CARTESIAN_POINT('Line Origine',(-31.808264198,13.4658382765,18.9081027901)) ;
#535=CARTESIAN_POINT('Vertex',(-31.808264198,13.4658382765,-1.4155343564E-015)) ;
#538=CARTESIAN_POINT('Axis2P3D Location',(-29.,15.,0.)) ;
#550=CARTESIAN_POINT('Axis2P3D Location',(-29.,15.,5.)) ;
#555=CARTESIAN_POINT('Axis2P3D Location',(-29.,15.,0.)) ;
#567=CARTESIAN_POINT('Axis2P3D Location',(-37.,22.,0.)) ;
#572=CARTESIAN_POINT('Line Origine',(-37.,22.,2.5)) ;
#576=CARTESIAN_POINT('Vertex',(-37.,22.,0.)) ;
#578=CARTESIAN_POINT('Vertex',(-37.,22.,5.)) ;
#581=CARTESIAN_POINT('Line Origine',(-37.,15.,0.)) ;
#585=CARTESIAN_POINT('Vertex',(-37.,8.,0.)) ;
#588=CARTESIAN_POINT('Line Origine',(-37.,8.,2.5)) ;
#592=CARTESIAN_POINT('Vertex',(-37.,8.,5.)) ;
#595=CARTESIAN_POINT('Line Origine',(-37.,15.,5.)) ;
#607=CARTESIAN_POINT('Axis2P3D Location',(-29.,22.,2.5)) ;
#612=CARTESIAN_POINT('Line Origine',(-29.,30.,2.5)) ;
#616=CARTESIAN_POINT('Vertex',(-29.,30.,0.)) ;
#618=CARTESIAN_POINT('Vertex',(-29.,30.,5.)) ;
#621=CARTESIAN_POINT('Axis2P3D Location',(-29.,22.,0.)) ;
#626=CARTESIAN_POINT('Axis2P3D Location',(-29.,22.,5.)) ;
#638=CARTESIAN_POINT('Line Origine',(-27.2,30.,2.5)) ;
#642=CARTESIAN_POINT('Vertex',(-27.2,30.,0.)) ;
#644=CARTESIAN_POINT('Vertex',(-27.2,30.,5.)) ;
#647=CARTESIAN_POINT('Line Origine',(-28.1,30.,0.)) ;
#652=CARTESIAN_POINT('Line Origine',(-28.1,30.,5.)) ;
#664=CARTESIAN_POINT('Axis2P3D Location',(10.,15.,19.)) ;
#668=CARTESIAN_POINT('Vertex',(10.,11.,19.)) ;
#670=CARTESIAN_POINT('Vertex',(10.,19.,19.)) ;
#673=CARTESIAN_POINT('Line Origine',(0.,19.,19.)) ;
#677=CARTESIAN_POINT('Vertex',(14.,19.,19.)) ;
#680=CARTESIAN_POINT('Axis2P3D Location',(14.,15.,19.)) ;
#684=CARTESIAN_POINT('Vertex',(14.,11.,19.)) ;
#687=CARTESIAN_POINT('Line Origine',(0.,11.,19.)) ;
#699=CARTESIAN_POINT('Axis2P3D Location',(10.,15.,19.)) ;
#704=CARTESIAN_POINT('Axis2P3D Location',(14.,15.,19.)) ;
#716=CARTESIAN_POINT('Axis2P3D Location',(-29.,8.,2.5)) ;
#721=CARTESIAN_POINT('Axis2P3D Location',(-29.,8.,0.)) ;
#725=CARTESIAN_POINT('Vertex',(-29.,0.,0.)) ;
#728=CARTESIAN_POINT('Line Origine',(-29.,0.,2.5)) ;
#732=CARTESIAN_POINT('Vertex',(-29.,0.,5.)) ;
#735=CARTESIAN_POINT('Axis2P3D Location',(-29.,8.,5.)) ;
#747=CARTESIAN_POINT('Line Origine',(0.,26.2103703571,21.5646825255)) ;
#751=CARTESIAN_POINT('Vertex',(-14.,26.2103703571,21.5646825255)) ;
#753=CARTESIAN_POINT('Vertex',(-10.,26.2103703571,21.5646825255)) ;
#756=CARTESIAN_POINT('Axis2P3D Location',(-14.,15.,19.)) ;
#760=CARTESIAN_POINT('Vertex',(-14.,3.78962964289,21.5646825255)) ;
#763=CARTESIAN_POINT('Line Origine',(0.,3.78962964289,21.5646825255)) ;
#767=CARTESIAN_POINT('Vertex',(-10.,3.78962964289,21.5646825255)) ;
#770=CARTESIAN_POINT('Axis2P3D Location',(-10.,15.,19.)) ;
#782=CARTESIAN_POINT('Axis2P3D Location',(11.2,78.6057332184,15.5193417381)) ;
#786=CARTESIAN_POINT('Vertex',(11.2,75.8557332184,15.5193417381)) ;
#788=CARTESIAN_POINT('Vertex',(11.2,81.3557332184,15.5193417381)) ;
#791=CARTESIAN_POINT('Line Origine',(-7.1054273576E-015,81.3557332184,15.5193417381)) ;
#795=CARTESIAN_POINT('Vertex',(7.2,81.3557332184,15.5193417381)) ;
#798=CARTESIAN_POINT('Axis2P3D Location',(7.2,78.6057332184,15.5193417381)) ;
#802=CARTESIAN_POINT('Vertex',(7.2,75.8557332184,15.5193417381)) ;
#805=CARTESIAN_POINT('Line Origine',(-7.1054273576E-015,75.8557332184,15.5193417381)) ;
#817=CARTESIAN_POINT('Axis2P3D Location',(11.2,78.6057332184,15.5193417381)) ;
#822=CARTESIAN_POINT('Axis2P3D Location',(7.2,78.6057332184,15.5193417381)) ;
#834=CARTESIAN_POINT('Axis2P3D Location',(11.2,108.50150832,28.8297983828)) ;
#838=CARTESIAN_POINT('Vertex',(11.2,111.25150832,28.8297983828)) ;
#840=CARTESIAN_POINT('Vertex',(11.2,105.75150832,28.8297983828)) ;
#843=CARTESIAN_POINT('Line Origine',(-7.1054273576E-015,105.75150832,28.8297983828)) ;
#847=CARTESIAN_POINT('Vertex',(7.2,105.75150832,28.8297983828)) ;
#850=CARTESIAN_POINT('Axis2P3D Location',(7.2,108.50150832,28.8297983828)) ;
#854=CARTESIAN_POINT('Vertex',(7.2,111.25150832,28.8297983828)) ;
#857=CARTESIAN_POINT('Line Origine',(-7.1054273576E-015,111.25150832,28.8297983828)) ;
#869=CARTESIAN_POINT('Axis2P3D Location',(11.2,108.50150832,28.8297983828)) ;
#874=CARTESIAN_POINT('Axis2P3D Location',(7.2,108.50150832,28.8297983828)) ;
#886=CARTESIAN_POINT('Axis2P3D Location',(0.,0.,0.)) ;
#891=CARTESIAN_POINT('Line Origine',(-14.5,0.,0.)) ;
#895=CARTESIAN_POINT('Vertex',(0.,0.,0.)) ;
#898=CARTESIAN_POINT('Axis2P3D Location',(-27.2,46.,0.)) ;
#902=CARTESIAN_POINT('Vertex',(-11.2,46.,0.)) ;
#905=CARTESIAN_POINT('Line Origine',(-11.2,86.5,0.)) ;
#909=CARTESIAN_POINT('Vertex',(-11.2,127.,0.)) ;
#912=CARTESIAN_POINT('Line Origine',(-9.23705556488E-014,127.,0.)) ;
#916=CARTESIAN_POINT('Vertex',(11.2,127.,0.)) ;
#919=CARTESIAN_POINT('Line Origine',(11.2,86.5,0.)) ;
#923=CARTESIAN_POINT('Vertex',(11.2,46.,0.)) ;
#926=CARTESIAN_POINT('Axis2P3D Location',(27.2,46.,0.)) ;
#931=CARTESIAN_POINT('Line Origine',(14.5,0.,0.)) ;
#966=CARTESIAN_POINT('Axis2P3D Location',(0.,0.,5.)) ;
#971=CARTESIAN_POINT('Line Origine',(-12.,0.,5.)) ;
#975=CARTESIAN_POINT('Vertex',(-14.,0.,5.)) ;
#977=CARTESIAN_POINT('Vertex',(-10.,0.,5.)) ;
#980=CARTESIAN_POINT('Line Origine',(-10.,1.89481482145,13.2823412627)) ;
#985=CARTESIAN_POINT('Line Origine',(-14.,2.46675902217,15.7823412627)) ;
#989=CARTESIAN_POINT('Vertex',(-14.,1.14388840144,10.)) ;
#993=CARTESIAN_POINT('Control Point',(-14.,1.14388840144,10.)) ;
#994=CARTESIAN_POINT('Control Point',(-14.,1.03576199848,9.52737346219)) ;
#995=CARTESIAN_POINT('Control Point',(-14.0558439611,0.9276356792,9.05474729017)) ;
#996=CARTESIAN_POINT('Control Point',(-14.1675453472,0.821405507975,8.59040928704)) ;
#997=CARTESIAN_POINT('Control Point',(-14.4982308781,0.617312934935,7.69830926757)) ;
#998=CARTESIAN_POINT('Control Point',(-15.0305539389,0.435680251102,6.90438267646)) ;
#999=CARTESIAN_POINT('Control Point',(-15.3425555328,0.352517146163,6.54087210657)) ;
#1000=CARTESIAN_POINT('Control Point',(-16.0456312346,0.205102409443,5.89651407071)) ;
#1001=CARTESIAN_POINT('Control Point',(-16.8846749966,0.0988562213855,5.43210605712)) ;
#1002=CARTESIAN_POINT('Control Point',(-17.3287183462,0.0575110166904,5.25138386148)) ;
#1003=CARTESIAN_POINT('Control Point',(-17.934652652,0.0196282410008,5.08579613613)) ;
#1004=CARTESIAN_POINT('Control Point',(-18.5557062475,0.0037681767243,5.01647091062)) ;
#1005=CARTESIAN_POINT('Control Point',(-18.7036137702,0.00125605840483,5.00549030134)) ;
#1006=CARTESIAN_POINT('Control Point',(-18.8518068647,-8.78196871024E-017,5.)) ;
#1007=CARTESIAN_POINT('Control Point',(-19.,-8.51115910244E-017,5.)) ;
#1008=CARTESIAN_POINT('Vertex',(-19.,0.,5.)) ;
#1011=CARTESIAN_POINT('Line Origine',(-16.5,-8.35641075512E-017,5.)) ;
#1025=CARTESIAN_POINT('Axis2P3D Location',(-14.,0.,0.)) ;
#1030=CARTESIAN_POINT('Line Origine',(-14.,15.,10.)) ;
#1034=CARTESIAN_POINT('Vertex',(-14.,28.8561115986,10.)) ;
#1037=CARTESIAN_POINT('Line Origine',(-14.,27.5332409778,15.7823412627)) ;
#1053=CARTESIAN_POINT('Axis2P3D Location',(0.,30.,5.)) ;
#1059=CARTESIAN_POINT('Control Point',(-14.,28.8561115986,10.)) ;
#1060=CARTESIAN_POINT('Control Point',(-14.,28.9075425587,9.77519240494)) ;
#1061=CARTESIAN_POINT('Control Point',(-14.0126346137,28.9589734998,9.55038489265)) ;
#1062=CARTESIAN_POINT('Control Point',(-14.03790529,29.0102003744,9.32646936699)) ;
#1063=CARTESIAN_POINT('Control Point',(-14.0757274203,29.0610164081,9.10434964933)) ;
#1064=CARTESIAN_POINT('Control Point',(-14.1259279888,29.1112168676,8.8849206411)) ;
#1065=CARTESIAN_POINT('Vertex',(-14.1259279888,29.1112168676,8.8849206411)) ;
#1068=CARTESIAN_POINT('Line Origine',(-10.,27.6607936124,15.2248015833)) ;
#1072=CARTESIAN_POINT('Vertex',(-10.,29.1112168676,8.8849206411)) ;
#1075=CARTESIAN_POINT('Line Origine',(-12.0629639944,29.1112168676,8.8849206411)) ;
#1088=CARTESIAN_POINT('Axis2P3D Location',(0.,0.,5.)) ;
#1093=CARTESIAN_POINT('Axis2P3D Location',(-27.2,46.,5.)) ;
#1097=CARTESIAN_POINT('Vertex',(-19.,32.2610044035,5.)) ;
#1100=CARTESIAN_POINT('Line Origine',(-24.,0.,5.)) ;
#1105=CARTESIAN_POINT('Line Origine',(-19.,16.1305022018,5.)) ;
#1124=CARTESIAN_POINT('Axis2P3D Location',(-22.1,33.9852909359,10.)) ;
#1129=CARTESIAN_POINT('Axis2P3D Location',(-10.,33.9852909359,10.)) ;
#1133=CARTESIAN_POINT('Vertex',(-10.,33.9852909359,5.)) ;
#1136=CARTESIAN_POINT('Line Origine',(-22.1,33.9852909359,5.)) ;
#1140=CARTESIAN_POINT('Vertex',(-16.6336966679,33.9852909359,5.)) ;
#1144=CARTESIAN_POINT('Control Point',(-16.6336966679,33.9852909359,5.)) ;
#1145=CARTESIAN_POINT('Control Point',(-17.0567310744,33.6132544734,5.)) ;
#1146=CARTESIAN_POINT('Control Point',(-17.499234727,33.2639138582,5.04129728571)) ;
#1147=CARTESIAN_POINT('Control Point',(-17.9555808035,32.9408714009,5.11029777647)) ;
#1148=CARTESIAN_POINT('Vertex',(-17.9555851769,32.9408731311,5.11029903075)) ;
#1152=CARTESIAN_POINT('Control Point',(-14.1259279888,29.1112168676,8.8849206411)) ;
#1153=CARTESIAN_POINT('Control Point',(-14.2535317329,29.23882063,8.32715747909)) ;
#1154=CARTESIAN_POINT('Control Point',(-14.4571392009,29.4424284708,7.80417083153)) ;
#1155=CARTESIAN_POINT('Control Point',(-14.7224167172,29.7077080559,7.33625758254)) ;
#1156=CARTESIAN_POINT('Control Point',(-15.4368218596,30.4221122461,6.37377241758)) ;
#1157=CARTESIAN_POINT('Control Point',(-16.3134833919,31.2987750774,5.71613689672)) ;
#1158=CARTESIAN_POINT('Control Point',(-16.8461335518,31.8314148921,5.4308499054)) ;
#1159=CARTESIAN_POINT('Control Point',(-17.3964151137,32.3817039662,5.22973355506)) ;
#1160=CARTESIAN_POINT('Control Point',(-17.9555808035,32.9408714009,5.11029777647)) ;
#1170=CARTESIAN_POINT('Axis2P3D Location',(-27.2,46.,2.5)) ;
#1175=CARTESIAN_POINT('Line Origine',(-11.2,46.,2.5)) ;
#1179=CARTESIAN_POINT('Vertex',(-11.2,46.,5.)) ;
#1183=CARTESIAN_POINT('Control Point',(-19.,32.2610044035,5.)) ;
#1184=CARTESIAN_POINT('Control Point',(-18.641413146,32.4750238478,5.)) ;
#1185=CARTESIAN_POINT('Control Point',(-18.291438913,32.7031258998,5.03856218043)) ;
#1186=CARTESIAN_POINT('Control Point',(-17.9555851769,32.9408731311,5.11029903075)) ;
#1188=CARTESIAN_POINT('Axis2P3D Location',(-27.2,46.,5.)) ;
#1203=CARTESIAN_POINT('Axis2P3D Location',(-19.,30.5,10.)) ;
#1217=CARTESIAN_POINT('Line Origine',(14.,2.46675902217,15.7823412627)) ;
#1221=CARTESIAN_POINT('Vertex',(14.,1.14388840144,10.)) ;
#1224=CARTESIAN_POINT('Line Origine',(10.,1.89481482145,13.2823412627)) ;
#1228=CARTESIAN_POINT('Vertex',(10.,0.,5.)) ;
#1231=CARTESIAN_POINT('Line Origine',(12.,0.,5.)) ;
#1235=CARTESIAN_POINT('Vertex',(14.,0.,5.)) ;
#1238=CARTESIAN_POINT('Line Origine',(16.5,0.,5.)) ;
#1242=CARTESIAN_POINT('Vertex',(19.,0.,5.)) ;
#1246=CARTESIAN_POINT('Control Point',(14.,1.14388840144,10.)) ;
#1247=CARTESIAN_POINT('Control Point',(14.,1.03576199848,9.52737346219)) ;
#1248=CARTESIAN_POINT('Control Point',(14.0558439611,0.9276356792,9.05474729017)) ;
#1249=CARTESIAN_POINT('Control Point',(14.1675453472,0.821405507975,8.59040928704)) ;
#1250=CARTESIAN_POINT('Control Point',(14.4982308781,0.617312934934,7.69830926756)) ;
#1251=CARTESIAN_POINT('Control Point',(15.0305539389,0.435680251101,6.90438267645)) ;
#1252=CARTESIAN_POINT('Control Point',(15.3425555328,0.352517146165,6.54087210658)) ;
#1253=CARTESIAN_POINT('Control Point',(16.0456312346,0.205102409443,5.89651407071)) ;
#1254=CARTESIAN_POINT('Control Point',(16.8846749966,0.0988562213855,5.43210605712)) ;
#1255=CARTESIAN_POINT('Control Point',(17.3287183462,0.0575110166901,5.25138386147)) ;
#1256=CARTESIAN_POINT('Control Point',(17.934652652,0.019628241001,5.08579613613)) ;
#1257=CARTESIAN_POINT('Control Point',(18.5557062475,0.00376817672426,5.01647091062)) ;
#1258=CARTESIAN_POINT('Control Point',(18.7036137702,0.00125605840487,5.00549030134)) ;
#1259=CARTESIAN_POINT('Control Point',(18.8518068647,-1.02520780098E-016,5.)) ;
#1260=CARTESIAN_POINT('Control Point',(19.,-9.82652005463E-017,5.)) ;
#1271=CARTESIAN_POINT('Axis2P3D Location',(14.,0.,0.)) ;
#1276=CARTESIAN_POINT('Line Origine',(14.,27.5332409778,15.7823412627)) ;
#1280=CARTESIAN_POINT('Vertex',(14.,28.8561115986,10.)) ;
#1283=CARTESIAN_POINT('Line Origine',(14.,15.,10.)) ;
#1299=CARTESIAN_POINT('Axis2P3D Location',(9.2,66.,12.752962034)) ;
#1304=CARTESIAN_POINT('Axis2P3D Location',(11.2,66.,12.752962034)) ;
#1308=CARTESIAN_POINT('Vertex',(11.2,61.,12.752962034)) ;
#1310=CARTESIAN_POINT('Vertex',(11.2,63.9663167846,17.3206893222)) ;
#1313=CARTESIAN_POINT('Line Origine',(9.2,63.9663167846,17.3206893222)) ;
#1317=CARTESIAN_POINT('Vertex',(7.2,63.9663167846,17.3206893222)) ;
#1320=CARTESIAN_POINT('Axis2P3D Location',(7.2,66.,12.752962034)) ;
#1324=CARTESIAN_POINT('Vertex',(7.2,61.,12.752962034)) ;
#1327=CARTESIAN_POINT('Line Origine',(9.2,61.,12.752962034)) ;
#1339=CARTESIAN_POINT('Axis2P3D Location',(0.,61.,16.)) ;
#1344=CARTESIAN_POINT('Line Origine',(9.2,106.980466995,36.4718228701)) ;
#1348=CARTESIAN_POINT('Vertex',(7.2,106.980466995,36.4718228701)) ;
#1350=CARTESIAN_POINT('Vertex',(11.2,106.980466995,36.4718228701)) ;
#1353=CARTESIAN_POINT('Line Origine',(7.2,85.4733918898,26.8962560962)) ;
#1358=CARTESIAN_POINT('Line Origine',(11.2,85.4733918898,26.8962560962)) ;
#1370=CARTESIAN_POINT('Axis2P3D Location',(9.2,109.01415021,31.9040955819)) ;
#1375=CARTESIAN_POINT('Axis2P3D Location',(11.2,109.01415021,31.9040955819)) ;
#1379=CARTESIAN_POINT('Vertex',(11.2,112.419929897,35.5647874193)) ;
#1382=CARTESIAN_POINT('Line Origine',(9.2,112.419929897,35.5647874193)) ;
#1386=CARTESIAN_POINT('Vertex',(7.2,112.419929897,35.5647874193)) ;
#1389=CARTESIAN_POINT('Axis2P3D Location',(7.2,109.01415021,31.9040955819)) ;
#1401=CARTESIAN_POINT('Axis2P3D Location',(-9.2,109.01415021,31.9040955819)) ;
#1406=CARTESIAN_POINT('Axis2P3D Location',(-7.2,109.01415021,31.9040955819)) ;
#1410=CARTESIAN_POINT('Vertex',(-7.2,106.980466995,36.4718228701)) ;
#1412=CARTESIAN_POINT('Vertex',(-7.2,112.419929897,35.5647874193)) ;
#1415=CARTESIAN_POINT('Line Origine',(-9.2,112.419929897,35.5647874193)) ;
#1419=CARTESIAN_POINT('Vertex',(-11.2,112.419929897,35.5647874193)) ;
#1422=CARTESIAN_POINT('Axis2P3D Location',(-11.2,109.01415021,31.9040955819)) ;
#1426=CARTESIAN_POINT('Vertex',(-11.2,106.980466995,36.4718228701)) ;
#1429=CARTESIAN_POINT('Line Origine',(-9.2,106.980466995,36.4718228701)) ;
#1441=CARTESIAN_POINT('Line Origine',(-9.2,63.9663167846,17.3206893222)) ;
#1445=CARTESIAN_POINT('Vertex',(-11.2,63.9663167846,17.3206893222)) ;
#1447=CARTESIAN_POINT('Vertex',(-7.2,63.9663167846,17.3206893222)) ;
#1450=CARTESIAN_POINT('Line Origine',(-7.2,85.4733918898,26.8962560962)) ;
#1455=CARTESIAN_POINT('Line Origine',(-11.2,85.4733918898,26.8962560962)) ;
#1467=CARTESIAN_POINT('Axis2P3D Location',(-9.2,66.,12.752962034)) ;
#1472=CARTESIAN_POINT('Axis2P3D Location',(-7.2,66.,12.752962034)) ;
#1476=CARTESIAN_POINT('Vertex',(-7.2,61.,12.752962034)) ;
#1479=CARTESIAN_POINT('Axis2P3D Location',(-11.2,66.,12.752962034)) ;
#1483=CARTESIAN_POINT('Vertex',(-11.2,61.,12.752962034)) ;
#1486=CARTESIAN_POINT('Line Origine',(-9.2,61.,12.752962034)) ;
#1498=CARTESIAN_POINT('Axis2P3D Location',(0.,61.,5.)) ;
#1503=CARTESIAN_POINT('Line Origine',(-9.2,61.,10.)) ;
#1507=CARTESIAN_POINT('Vertex',(-7.2,61.,10.)) ;
#1509=CARTESIAN_POINT('Vertex',(-11.2,61.,10.)) ;
#1512=CARTESIAN_POINT('Line Origine',(-7.2,61.,11.376481017)) ;
#1517=CARTESIAN_POINT('Line Origine',(-11.2,61.,11.376481017)) ;
#1529=CARTESIAN_POINT('Axis2P3D Location',(-11.916848334,56.,10.)) ;
#1534=CARTESIAN_POINT('Line Origine',(-11.916848334,56.,5.)) ;
#1538=CARTESIAN_POINT('Vertex',(-7.2,56.,5.)) ;
#1540=CARTESIAN_POINT('Vertex',(-11.2,56.,5.)) ;
#1543=CARTESIAN_POINT('Axis2P3D Location',(-7.2,56.,10.)) ;
#1548=CARTESIAN_POINT('Axis2P3D Location',(-11.2,56.,10.)) ;
#1560=CARTESIAN_POINT('Line Origine',(9.2,61.,10.)) ;
#1564=CARTESIAN_POINT('Vertex',(11.2,61.,10.)) ;
#1566=CARTESIAN_POINT('Vertex',(7.2,61.,10.)) ;
#1569=CARTESIAN_POINT('Line Origine',(11.2,61.,11.376481017)) ;
#1574=CARTESIAN_POINT('Line Origine',(7.2,61.,11.376481017)) ;
#1586=CARTESIAN_POINT('Axis2P3D Location',(22.1,56.,10.)) ;
#1591=CARTESIAN_POINT('Line Origine',(22.1,56.,5.)) ;
#1595=CARTESIAN_POINT('Vertex',(11.2,56.,5.)) ;
#1597=CARTESIAN_POINT('Vertex',(7.2,56.,5.)) ;
#1600=CARTESIAN_POINT('Axis2P3D Location',(11.2,56.,10.)) ;
#1605=CARTESIAN_POINT('Axis2P3D Location',(7.2,56.,10.)) ;
#1617=CARTESIAN_POINT('Axis2P3D Location',(0.,127.,22.)) ;
#1622=CARTESIAN_POINT('Line Origine',(-11.2,118.912854791,29.5239971279)) ;
#1626=CARTESIAN_POINT('Vertex',(-11.2,125.405779686,23.4832068366)) ;
#1629=CARTESIAN_POINT('Line Origine',(-7.2,118.912854791,29.5239971279)) ;
#1633=CARTESIAN_POINT('Vertex',(-7.2,125.405779686,23.4832068366)) ;
#1636=CARTESIAN_POINT('Line Origine',(-9.2,125.405779686,23.4832068366)) ;
#1648=CARTESIAN_POINT('Axis2P3D Location',(-11.2,127.,0.)) ;
#1653=CARTESIAN_POINT('Line Origine',(-11.2,127.,9.91125749958)) ;
#1657=CARTESIAN_POINT('Vertex',(-11.2,127.,19.8225149992)) ;
#1660=CARTESIAN_POINT('Line Origine',(-11.2,51.,5.)) ;
#1665=CARTESIAN_POINT('Axis2P3D Location',(-11.2,122.,19.8225149992)) ;
#1692=CARTESIAN_POINT('Axis2P3D Location',(-8.34887714518E-014,122.,19.8225149992)) ;
#1697=CARTESIAN_POINT('Axis2P3D Location',(-7.2,122.,19.8225149992)) ;
#1701=CARTESIAN_POINT('Vertex',(-7.2,127.,19.8225149992)) ;
#1704=CARTESIAN_POINT('Line Origine',(-8.34887714518E-014,127.,19.8225149992)) ;
#1716=CARTESIAN_POINT('Line Origine',(7.2,118.912854791,29.5239971279)) ;
#1720=CARTESIAN_POINT('Vertex',(7.2,125.405779686,23.4832068366)) ;
#1723=CARTESIAN_POINT('Line Origine',(11.2,118.912854791,29.5239971279)) ;
#1727=CARTESIAN_POINT('Vertex',(11.2,125.405779686,23.4832068366)) ;
#1730=CARTESIAN_POINT('Line Origine',(9.2,125.405779686,23.4832068366)) ;
#1742=CARTESIAN_POINT('Axis2P3D Location',(11.2,46.,0.)) ;
#1747=CARTESIAN_POINT('Line Origine',(11.2,51.,5.)) ;
#1751=CARTESIAN_POINT('Vertex',(11.2,46.,5.)) ;
#1754=CARTESIAN_POINT('Line Origine',(11.2,46.,2.5)) ;
#1759=CARTESIAN_POINT('Line Origine',(11.2,127.,9.91125749958)) ;
#1763=CARTESIAN_POINT('Vertex',(11.2,127.,19.8225149992)) ;
#1766=CARTESIAN_POINT('Axis2P3D Location',(11.2,122.,19.8225149992)) ;
#1793=CARTESIAN_POINT('Axis2P3D Location',(-8.34887714518E-014,122.,19.8225149992)) ;
#1798=CARTESIAN_POINT('Line Origine',(-8.34887714518E-014,127.,19.8225149992)) ;
#1802=CARTESIAN_POINT('Vertex',(7.2,127.,19.8225149992)) ;
#1805=CARTESIAN_POINT('Axis2P3D Location',(7.2,122.,19.8225149992)) ;
#1817=CARTESIAN_POINT('Line Origine',(10.,27.6607936124,15.2248015833)) ;
#1821=CARTESIAN_POINT('Vertex',(10.,29.1112168676,8.8849206411)) ;
#1825=CARTESIAN_POINT('Control Point',(14.,28.8561115986,10.)) ;
#1826=CARTESIAN_POINT('Control Point',(14.,28.9075425587,9.77519240495)) ;
#1827=CARTESIAN_POINT('Control Point',(14.0126346137,28.9589734998,9.55038489265)) ;
#1828=CARTESIAN_POINT('Control Point',(14.03790529,29.0102003744,9.326469367)) ;
#1829=CARTESIAN_POINT('Control Point',(14.0757274203,29.0610164081,9.10434964933)) ;
#1830=CARTESIAN_POINT('Control Point',(14.1259279888,29.1112168676,8.8849206411)) ;
#1831=CARTESIAN_POINT('Vertex',(14.1259279888,29.1112168676,8.8849206411)) ;
#1834=CARTESIAN_POINT('Line Origine',(12.0629639944,29.1112168676,8.8849206411)) ;
#1847=CARTESIAN_POINT('Line Origine',(19.,16.1305022018,5.)) ;
#1851=CARTESIAN_POINT('Vertex',(19.,32.2610044035,5.)) ;
#1854=CARTESIAN_POINT('Line Origine',(24.,0.,5.)) ;
#1859=CARTESIAN_POINT('Axis2P3D Location',(27.2,46.,5.)) ;
#1878=CARTESIAN_POINT('Axis2P3D Location',(22.1,33.9852909359,10.)) ;
#1884=CARTESIAN_POINT('Control Point',(14.1259279888,29.1112168676,8.8849206411)) ;
#1885=CARTESIAN_POINT('Control Point',(14.2535317329,29.23882063,8.32715747909)) ;
#1886=CARTESIAN_POINT('Control Point',(14.4571392009,29.4424284708,7.80417083153)) ;
#1887=CARTESIAN_POINT('Control Point',(14.7224167172,29.7077080559,7.33625758254)) ;
#1888=CARTESIAN_POINT('Control Point',(15.4368218596,30.4221122461,6.37377241759)) ;
#1889=CARTESIAN_POINT('Control Point',(16.3134833919,31.2987750774,5.71613689673)) ;
#1890=CARTESIAN_POINT('Control Point',(16.8461335518,31.8314148921,5.4308499054)) ;
#1891=CARTESIAN_POINT('Control Point',(17.3964151137,32.3817039662,5.22973355506)) ;
#1892=CARTESIAN_POINT('Control Point',(17.9555808035,32.9408714009,5.11029777647)) ;
#1893=CARTESIAN_POINT('Vertex',(17.9555851769,32.9408731311,5.11029903075)) ;
#1897=CARTESIAN_POINT('Control Point',(16.6336966679,33.9852909359,5.)) ;
#1898=CARTESIAN_POINT('Control Point',(17.0567310744,33.6132544734,5.)) ;
#1899=CARTESIAN_POINT('Control Point',(17.499234727,33.2639138582,5.04129728571)) ;
#1900=CARTESIAN_POINT('Control Point',(17.9555808035,32.9408714009,5.11029777647)) ;
#1901=CARTESIAN_POINT('Vertex',(16.6336966679,33.9852909359,5.)) ;
#1904=CARTESIAN_POINT('Line Origine',(22.1,33.9852909359,5.)) ;
#1908=CARTESIAN_POINT('Vertex',(10.,33.9852909359,5.)) ;
#1911=CARTESIAN_POINT('Axis2P3D Location',(10.,33.9852909359,10.)) ;
#1924=CARTESIAN_POINT('Axis2P3D Location',(27.2,46.,2.5)) ;
#1929=CARTESIAN_POINT('Axis2P3D Location',(27.2,46.,5.)) ;
#1935=CARTESIAN_POINT('Control Point',(19.,32.2610044035,5.)) ;
#1936=CARTESIAN_POINT('Control Point',(18.641413146,32.4750238478,5.)) ;
#1937=CARTESIAN_POINT('Control Point',(18.291438913,32.7031258998,5.03856218043)) ;
#1938=CARTESIAN_POINT('Control Point',(17.9555851769,32.9408731311,5.11029903075)) ;
#1950=CARTESIAN_POINT('Axis2P3D Location',(19.,30.5,10.)) ;
#1964=CARTESIAN_POINT('Axis2P3D Location',(10.,0.,5.)) ;
#1969=CARTESIAN_POINT('Line Origine',(10.,16.992645468,5.)) ;
#1986=CARTESIAN_POINT('Axis2P3D Location',(-7.5,34.3476611493,5.)) ;
#1990=CARTESIAN_POINT('Vertex',(-10.,34.3476611493,5.)) ;
#1992=CARTESIAN_POINT('Vertex',(-9.68126503987,35.5691695717,5.)) ;
#1995=CARTESIAN_POINT('Line Origine',(-8.6,37.5,5.)) ;
#1999=CARTESIAN_POINT('Vertex',(-7.51873496013,39.4308304283,5.)) ;
#2002=CARTESIAN_POINT('Axis2P3D Location',(-9.7,40.6523388507,5.)) ;
#2006=CARTESIAN_POINT('Vertex',(-7.2,40.6523388507,5.)) ;
#2009=CARTESIAN_POINT('Line Origine',(-7.2,48.3261694253,5.)) ;
#2014=CARTESIAN_POINT('Line Origine',(-10.,34.1664760426,5.)) ;
#2031=CARTESIAN_POINT('Axis2P3D Location',(0.,0.,19.5)) ;
#2036=CARTESIAN_POINT('Axis2P3D Location',(-4.7,112.,19.5)) ;
#2040=CARTESIAN_POINT('Vertex',(-4.7,109.5,19.5)) ;
#2042=CARTESIAN_POINT('Vertex',(-7.2,112.,19.5)) ;
#2045=CARTESIAN_POINT('Line Origine',(-7.2,108.,19.5)) ;
#2049=CARTESIAN_POINT('Vertex',(-7.2,104.,19.5)) ;
#2052=CARTESIAN_POINT('Axis2P3D Location',(-4.7,104.,19.5)) ;
#2056=CARTESIAN_POINT('Vertex',(-4.7,106.5,19.5)) ;
#2059=CARTESIAN_POINT('Line Origine',(-1.7763568394E-015,106.5,19.5)) ;
#2063=CARTESIAN_POINT('Vertex',(4.7,106.5,19.5)) ;
#2066=CARTESIAN_POINT('Axis2P3D Location',(4.7,104.,19.5)) ;
#2070=CARTESIAN_POINT('Vertex',(7.2,104.,19.5)) ;
#2073=CARTESIAN_POINT('Line Origine',(7.2,108.,19.5)) ;
#2077=CARTESIAN_POINT('Vertex',(7.2,112.,19.5)) ;
#2080=CARTESIAN_POINT('Axis2P3D Location',(4.7,112.,19.5)) ;
#2084=CARTESIAN_POINT('Vertex',(4.7,109.5,19.5)) ;
#2087=CARTESIAN_POINT('Line Origine',(0.,109.5,19.5)) ;
#2103=CARTESIAN_POINT('Axis2P3D Location',(11.2,127.,0.)) ;
#2108=CARTESIAN_POINT('Line Origine',(8.881784197E-016,127.,5.)) ;
#2112=CARTESIAN_POINT('Vertex',(4.7,127.,5.)) ;
#2114=CARTESIAN_POINT('Vertex',(-4.7,127.,5.)) ;
#2117=CARTESIAN_POINT('Axis2P3D Location',(4.7,127.,7.5)) ;
#2121=CARTESIAN_POINT('Vertex',(7.2,127.,7.5)) ;
#2124=CARTESIAN_POINT('Line Origine',(7.2,127.,13.6612574996)) ;
#2129=CARTESIAN_POINT('Line Origine',(-7.2,127.,13.6612574996)) ;
#2133=CARTESIAN_POINT('Vertex',(-7.2,127.,7.5)) ;
#2136=CARTESIAN_POINT('Axis2P3D Location',(-4.7,127.,7.5)) ;
#2154=CARTESIAN_POINT('Axis2P3D Location',(4.7,112.,19.7020477909)) ;
#2159=CARTESIAN_POINT('Axis2P3D Location',(4.7,112.,7.5)) ;
#2163=CARTESIAN_POINT('Vertex',(4.7,109.5,7.5)) ;
#2165=CARTESIAN_POINT('Vertex',(7.2,112.,7.5)) ;
#2168=CARTESIAN_POINT('Line Origine',(4.7,109.5,19.7020477909)) ;
#2173=CARTESIAN_POINT('Line Origine',(7.2,112.,19.7020477909)) ;
#2185=CARTESIAN_POINT('Line Origine',(-4.7,119.5,5.)) ;
#2189=CARTESIAN_POINT('Vertex',(-4.7,112.,5.)) ;
#2192=CARTESIAN_POINT('Line Origine',(-1.7763568394E-015,112.,5.)) ;
#2196=CARTESIAN_POINT('Vertex',(4.7,112.,5.)) ;
#2199=CARTESIAN_POINT('Line Origine',(4.7,119.5,5.)) ;
#2215=CARTESIAN_POINT('Axis2P3D Location',(7.2,109.5,5.)) ;
#2220=CARTESIAN_POINT('Line Origine',(-1.7763568394E-015,109.5,7.5)) ;
#2224=CARTESIAN_POINT('Vertex',(-4.7,109.5,7.5)) ;
#2227=CARTESIAN_POINT('Line Origine',(-4.7,109.5,13.5)) ;
#2239=CARTESIAN_POINT('Axis2P3D Location',(-4.7,112.,19.7020477909)) ;
#2244=CARTESIAN_POINT('Axis2P3D Location',(-4.7,112.,7.5)) ;
#2248=CARTESIAN_POINT('Vertex',(-7.2,112.,7.5)) ;
#2251=CARTESIAN_POINT('Line Origine',(-7.2,112.,19.7020477909)) ;
#2263=CARTESIAN_POINT('Axis2P3D Location',(-4.7,112.,7.5)) ;
#2268=CARTESIAN_POINT('Axis2P3D Location',(-4.7,112.,7.5)) ;
#2273=CARTESIAN_POINT('Axis2P3D Location',(-4.7,112.,7.5)) ;
#2284=CARTESIAN_POINT('Axis2P3D Location',(0.,112.,7.5)) ;
#2289=CARTESIAN_POINT('Axis2P3D Location',(4.7,112.,7.5)) ;
#2301=CARTESIAN_POINT('Axis2P3D Location',(4.7,112.,7.5)) ;
#2306=CARTESIAN_POINT('Axis2P3D Location',(4.7,112.,7.5)) ;
#2317=CARTESIAN_POINT('Axis2P3D Location',(4.7,83.8261694253,7.5)) ;
#2322=CARTESIAN_POINT('Line Origine',(7.2,83.8261694253,7.5)) ;
#2334=CARTESIAN_POINT('Axis2P3D Location',(-4.7,83.8261694253,7.5)) ;
#2339=CARTESIAN_POINT('Line Origine',(-7.2,83.8261694253,7.5)) ;
#2351=CARTESIAN_POINT('Axis2P3D Location',(0.,0.,0.)) ;
#2356=CARTESIAN_POINT('Axis2P3D Location',(-7.5,0.,5.)) ;
#2360=CARTESIAN_POINT('Vertex',(-7.5,0.,2.5)) ;
#2363=CARTESIAN_POINT('Axis2P3D Location',(7.5,0.,5.)) ;
#2367=CARTESIAN_POINT('Vertex',(7.5,0.,2.5)) ;
#2370=CARTESIAN_POINT('Line Origine',(0.,0.,2.5)) ;
#2392=CARTESIAN_POINT('Control Point',(10.,34.3476611493,5.)) ;
#2393=CARTESIAN_POINT('Control Point',(10.,34.5896258674,5.)) ;
#2394=CARTESIAN_POINT('Control Point',(9.9707265376,34.8315901715,5.)) ;
#2395=CARTESIAN_POINT('Control Point',(9.9121719335,35.0688437106,5.)) ;
#2396=CARTESIAN_POINT('Control Point',(9.8207505449,35.309143825,5.)) ;
#2397=CARTESIAN_POINT('Control Point',(9.70049569749,35.5342879244,5.)) ;
#2398=CARTESIAN_POINT('Control Point',(9.69416232269,35.5459583244,5.)) ;
#2399=CARTESIAN_POINT('Control Point',(9.68775213152,35.5575854794,5.)) ;
#2400=CARTESIAN_POINT('Control Point',(9.68126503987,35.5691695717,5.)) ;
#2401=CARTESIAN_POINT('Vertex',(9.68126503987,35.5691695717,5.)) ;
#2403=CARTESIAN_POINT('Vertex',(10.,34.3476611493,5.)) ;
#2406=CARTESIAN_POINT('Line Origine',(10.,34.1664760426,5.)) ;
#2411=CARTESIAN_POINT('Line Origine',(7.2,48.3261694253,5.)) ;
#2415=CARTESIAN_POINT('Vertex',(7.2,40.6523388507,5.)) ;
#2418=CARTESIAN_POINT('Axis2P3D Location',(9.7,40.6523388507,5.)) ;
#2422=CARTESIAN_POINT('Vertex',(7.51873496013,39.4308304283,5.)) ;
#2425=CARTESIAN_POINT('Line Origine',(8.6,37.5,5.)) ;
#2442=CARTESIAN_POINT('Axis2P3D Location',(7.5,53.25,5.)) ;
#2447=CARTESIAN_POINT('Axis2P3D Location',(7.5,34.3476611493,5.)) ;
#2451=CARTESIAN_POINT('Vertex',(7.5,34.3476611493,2.5)) ;
#2454=CARTESIAN_POINT('Line Origine',(7.5,53.25,2.5)) ;
#2467=CARTESIAN_POINT('Axis2P3D Location',(4.7,104.,19.7020477909)) ;
#2472=CARTESIAN_POINT('Axis2P3D Location',(4.7,104.,5.)) ;
#2476=CARTESIAN_POINT('Vertex',(4.7,106.5,5.)) ;
#2478=CARTESIAN_POINT('Vertex',(7.2,104.,5.)) ;
#2481=CARTESIAN_POINT('Line Origine',(7.2,104.,19.7020477909)) ;
#2486=CARTESIAN_POINT('Line Origine',(4.7,106.5,19.7020477909)) ;
#2498=CARTESIAN_POINT('Axis2P3D Location',(-7.2,106.5,0.)) ;
#2503=CARTESIAN_POINT('Line Origine',(-4.7,106.5,12.25)) ;
#2507=CARTESIAN_POINT('Vertex',(-4.7,106.5,5.)) ;
#2510=CARTESIAN_POINT('Line Origine',(1.7763568394E-015,106.5,5.)) ;
#2522=CARTESIAN_POINT('Axis2P3D Location',(-4.7,104.,19.7020477909)) ;
#2527=CARTESIAN_POINT('Axis2P3D Location',(-4.7,104.,5.)) ;
#2531=CARTESIAN_POINT('Vertex',(-7.2,104.,5.)) ;
#2534=CARTESIAN_POINT('Line Origine',(-7.2,104.,19.7020477909)) ;
#2546=CARTESIAN_POINT('Axis2P3D Location',(-10.,0.,5.)) ;
#2551=CARTESIAN_POINT('Line Origine',(-10.,16.992645468,5.)) ;
#2568=CARTESIAN_POINT('Axis2P3D Location',(0.,0.,2.5)) ;
#2573=CARTESIAN_POINT('Line Origine',(6.41873496013,36.2784915777,2.5)) ;
#2577=CARTESIAN_POINT('Vertex',(5.33746992025,38.209322006,2.5)) ;
#2580=CARTESIAN_POINT('Axis2P3D Location',(9.7,40.6523388507,2.5)) ;
#2584=CARTESIAN_POINT('Vertex',(4.7,40.6523388507,2.5)) ;
#2587=CARTESIAN_POINT('Line Origine',(4.7,72.3261694253,2.5)) ;
#2591=CARTESIAN_POINT('Vertex',(4.7,104.,2.5)) ;
#2594=CARTESIAN_POINT('Line Origine',(1.7763568394E-015,104.,2.5)) ;
#2598=CARTESIAN_POINT('Vertex',(-4.7,104.,2.5)) ;
#2601=CARTESIAN_POINT('Line Origine',(-4.7,72.3261694253,2.5)) ;
#2605=CARTESIAN_POINT('Vertex',(-4.7,40.6523388507,2.5)) ;
#2608=CARTESIAN_POINT('Axis2P3D Location',(-9.7,40.6523388507,2.5)) ;
#2612=CARTESIAN_POINT('Vertex',(-5.33746992025,38.209322006,2.5)) ;
#2615=CARTESIAN_POINT('Line Origine',(-6.41873496013,36.2784915777,2.5)) ;
#2619=CARTESIAN_POINT('Vertex',(-7.5,34.3476611493,2.5)) ;
#2622=CARTESIAN_POINT('Line Origine',(-7.5,17.1738305747,2.5)) ;
#2640=CARTESIAN_POINT('Axis2P3D Location',(7.2,40.,5.)) ;
#2645=CARTESIAN_POINT('Line Origine',(7.2,80.,5.)) ;
#2674=CARTESIAN_POINT('Axis2P3D Location',(-7.2,40.,5.)) ;
#2679=CARTESIAN_POINT('Line Origine',(-7.2,80.,5.)) ;
#2708=CARTESIAN_POINT('Axis2P3D Location',(-7.5,34.3476611493,5.)) ;
#2713=CARTESIAN_POINT('Axis2P3D Location',(-7.5,34.3476611493,5.)) ;
#2718=CARTESIAN_POINT('Axis2P3D Location',(-7.5,34.3476611493,5.)) ;
#2729=CARTESIAN_POINT('Axis2P3D Location',(-1.24987064039,45.5086064343,5.)) ;
#2734=CARTESIAN_POINT('Axis2P3D Location',(-5.33746992025,38.209322006,5.)) ;
#2746=CARTESIAN_POINT('Axis2P3D Location',(-9.7,40.6523388507,5.)) ;
#2751=CARTESIAN_POINT('Axis2P3D Location',(-4.7,40.6523388507,5.)) ;
#2763=CARTESIAN_POINT('Axis2P3D Location',(-4.7,61.4847661149,5.)) ;
#2768=CARTESIAN_POINT('Axis2P3D Location',(-4.7,104.,5.)) ;
#2781=CARTESIAN_POINT('Axis2P3D Location',(-4.7,104.,5.)) ;
#2786=CARTESIAN_POINT('Axis2P3D Location',(-4.7,104.,5.)) ;
#2797=CARTESIAN_POINT('Axis2P3D Location',(-1.24987064039,104.,5.)) ;
#2802=CARTESIAN_POINT('Axis2P3D Location',(4.7,104.,5.)) ;
#2814=CARTESIAN_POINT('Axis2P3D Location',(4.7,104.,5.)) ;
#2819=CARTESIAN_POINT('Axis2P3D Location',(4.7,104.,5.)) ;
#2830=CARTESIAN_POINT('Axis2P3D Location',(4.7,61.4847661149,5.)) ;
#2835=CARTESIAN_POINT('Axis2P3D Location',(4.7,40.6523388507,5.)) ;
#2848=CARTESIAN_POINT('Axis2P3D Location',(9.7,40.6523388507,5.)) ;
#2853=CARTESIAN_POINT('Axis2P3D Location',(5.33746992025,38.209322006,5.)) ;
#2865=CARTESIAN_POINT('Axis2P3D Location',(-1.24987064039,49.97243015,5.)) ;
#2870=CARTESIAN_POINT('Axis2P3D Location',(7.5,34.3476611493,5.)) ;
#2882=CARTESIAN_POINT('Axis2P3D Location',(7.5,34.3476611493,5.)) ;
#2893=CARTESIAN_POINT('Axis2P3D Location',(-7.5,53.25,5.)) ;
#2909=CARTESIAN_POINT('Sketch.7',(0.,120.,0.)) ;
#2913=CARTESIAN_POINT('Sketch.7',(29.,15.,0.)) ;
#2914=CARTESIAN_POINT('Sketch.7',(-29.,15.,0.)) ;
#53=DIRECTION('Axis2P3D Direction',(0.,-0.,1.)) ;
#54=DIRECTION('Axis2P3D XDirection',(0.87758256189,0.479425538604,0.)) ;
#58=DIRECTION('Vector Direction',(0.,0.,1.)) ;
#67=DIRECTION('Axis2P3D Direction',(0.,-0.,1.)) ;
#74=DIRECTION('Vector Direction',(0.,0.,1.)) ;
#81=DIRECTION('Axis2P3D Direction',(0.,-0.,1.)) ;
#93=DIRECTION('Axis2P3D Direction',(0.,-0.,1.)) ;
#98=DIRECTION('Axis2P3D Direction',(0.,-0.,1.)) ;
#110=DIRECTION('Axis2P3D Direction',(1.,0.,0.)) ;
#111=DIRECTION('Axis2P3D XDirection',(0.,1.,0.)) ;
#115=DIRECTION('Axis2P3D Direction',(1.,0.,0.)) ;
#124=DIRECTION('Vector Direction',(1.,0.,0.)) ;
#131=DIRECTION('Axis2P3D Direction',(1.,0.,0.)) ;
#138=DIRECTION('Vector Direction',(1.,0.,0.)) ;
#150=DIRECTION('Axis2P3D Direction',(1.,0.,0.)) ;
#155=DIRECTION('Axis2P3D Direction',(1.,0.,0.)) ;
#167=DIRECTION('Axis2P3D Direction',(1.,0.,0.)) ;
#168=DIRECTION('Axis2P3D XDirection',(0.,1.,0.)) ;
#172=DIRECTION('Axis2P3D Direction',(1.,0.,0.)) ;
#181=DIRECTION('Vector Direction',(1.,0.,0.)) ;
#188=DIRECTION('Axis2P3D Direction',(1.,0.,0.)) ;
#195=DIRECTION('Vector Direction',(1.,0.,0.)) ;
#207=DIRECTION('Axis2P3D Direction',(1.,0.,0.)) ;
#212=DIRECTION('Axis2P3D Direction',(1.,0.,0.)) ;
#224=DIRECTION('Axis2P3D Direction',(1.,0.,0.)) ;
#225=DIRECTION('Axis2P3D XDirection',(0.,1.,0.)) ;
#229=DIRECTION('Axis2P3D Direction',(1.,0.,0.)) ;
#238=DIRECTION('Vector Direction',(1.,0.,0.)) ;
#245=DIRECTION('Axis2P3D Direction',(1.,0.,0.)) ;
#252=DIRECTION('Vector Direction',(1.,0.,0.)) ;
#264=DIRECTION('Axis2P3D Direction',(1.,0.,0.)) ;
#269=DIRECTION('Axis2P3D Direction',(1.,0.,0.)) ;
#281=DIRECTION('Axis2P3D Direction',(0.,0.,1.)) ;
#282=DIRECTION('Axis2P3D XDirection',(-1.83690953073E-016,-1.,-0.)) ;
#286=DIRECTION('Vector Direction',(0.,0.,1.)) ;
#295=DIRECTION('Axis2P3D Direction',(0.,0.,1.)) ;
#302=DIRECTION('Vector Direction',(0.,0.,1.)) ;
#309=DIRECTION('Axis2P3D Direction',(0.,0.,1.)) ;
#321=DIRECTION('Axis2P3D Direction',(1.,0.,0.)) ;
#322=DIRECTION('Axis2P3D XDirection',(0.,1.,0.)) ;
#326=DIRECTION('Vector Direction',(0.,1.,0.)) ;
#333=DIRECTION('Vector Direction',(0.,0.,1.)) ;
#340=DIRECTION('Vector Direction',(0.,1.,0.)) ;
#352=DIRECTION('Axis2P3D Direction',(1.,0.,0.)) ;
#353=DIRECTION('Axis2P3D XDirection',(0.,0.974814813662,0.22301587178)) ;
#357=DIRECTION('Vector Direction',(1.,0.,0.)) ;
#366=DIRECTION('Axis2P3D Direction',(1.,0.,0.)) ;
#373=DIRECTION('Vector Direction',(1.,0.,0.)) ;
#380=DIRECTION('Axis2P3D Direction',(1.,0.,0.)) ;
#392=DIRECTION('Axis2P3D Direction',(0.,0.,1.)) ;
#393=DIRECTION('Axis2P3D XDirection',(1.,0.,0.)) ;
#397=DIRECTION('Axis2P3D Direction',(0.,0.,1.)) ;
#404=DIRECTION('Vector Direction',(0.,0.,1.)) ;
#411=DIRECTION('Axis2P3D Direction',(0.,0.,1.)) ;
#423=DIRECTION('Axis2P3D Direction',(0.,1.,-0.)) ;
#424=DIRECTION('Axis2P3D XDirection',(-1.,0.,0.)) ;
#428=DIRECTION('Vector Direction',(-1.,0.,0.)) ;
#435=DIRECTION('Vector Direction',(0.,0.,1.)) ;
#442=DIRECTION('Vector Direction',(-1.,0.,0.)) ;
#454=DIRECTION('Axis2P3D Direction',(0.,-0.,1.)) ;
#455=DIRECTION('Axis2P3D XDirection',(0.87758256189,0.479425538604,0.)) ;
#459=DIRECTION('Vector Direction',(0.,0.,1.)) ;
#468=DIRECTION('Axis2P3D Direction',(0.,-0.,1.)) ;
#475=DIRECTION('Vector Direction',(0.,0.,1.)) ;
#482=DIRECTION('Axis2P3D Direction',(0.,-0.,1.)) ;
#494=DIRECTION('Axis2P3D Direction',(0.,-0.,1.)) ;
#499=DIRECTION('Axis2P3D Direction',(0.,-0.,1.)) ;
#511=DIRECTION('Axis2P3D Direction',(0.,-0.,1.)) ;
#512=DIRECTION('Axis2P3D XDirection',(0.87758256189,0.479425538604,0.)) ;
#516=DIRECTION('Vector Direction',(0.,0.,1.)) ;
#525=DIRECTION('Axis2P3D Direction',(0.,-0.,1.)) ;
#532=DIRECTION('Vector Direction',(0.,0.,1.)) ;
#539=DIRECTION('Axis2P3D Direction',(0.,-0.,1.)) ;
#551=DIRECTION('Axis2P3D Direction',(0.,-0.,1.)) ;
#556=DIRECTION('Axis2P3D Direction',(0.,-0.,1.)) ;
#568=DIRECTION('Axis2P3D Direction',(-1.,0.,0.)) ;
#569=DIRECTION('Axis2P3D XDirection',(0.,-1.,0.)) ;
#573=DIRECTION('Vector Direction',(0.,0.,1.)) ;
#582=DIRECTION('Vector Direction',(0.,-1.,0.)) ;
#589=DIRECTION('Vector Direction',(0.,0.,1.)) ;
#596=DIRECTION('Vector Direction',(0.,-1.,0.)) ;
#608=DIRECTION('Axis2P3D Direction',(0.,0.,1.)) ;
#609=DIRECTION('Axis2P3D XDirection',(6.12303176911E-017,1.,0.)) ;
#613=DIRECTION('Vector Direction',(0.,0.,1.)) ;
#622=DIRECTION('Axis2P3D Direction',(0.,0.,1.)) ;
#627=DIRECTION('Axis2P3D Direction',(0.,0.,1.)) ;
#639=DIRECTION('Vector Direction',(0.,0.,1.)) ;
#648=DIRECTION('Vector Direction',(-1.,0.,0.)) ;
#653=DIRECTION('Vector Direction',(-1.,0.,0.)) ;
#665=DIRECTION('Axis2P3D Direction',(1.,0.,0.)) ;
#674=DIRECTION('Vector Direction',(1.,0.,0.)) ;
#681=DIRECTION('Axis2P3D Direction',(1.,0.,0.)) ;
#688=DIRECTION('Vector Direction',(1.,0.,0.)) ;
#700=DIRECTION('Axis2P3D Direction',(1.,0.,0.)) ;
#705=DIRECTION('Axis2P3D Direction',(1.,0.,0.)) ;
#717=DIRECTION('Axis2P3D Direction',(0.,0.,1.)) ;
#718=DIRECTION('Axis2P3D XDirection',(-1.,1.22460635382E-016,0.)) ;
#722=DIRECTION('Axis2P3D Direction',(0.,0.,1.)) ;
#729=DIRECTION('Vector Direction',(0.,0.,1.)) ;
#736=DIRECTION('Axis2P3D Direction',(0.,0.,1.)) ;
#748=DIRECTION('Vector Direction',(1.,0.,0.)) ;
#757=DIRECTION('Axis2P3D Direction',(1.,0.,0.)) ;
#764=DIRECTION('Vector Direction',(1.,0.,0.)) ;
#771=DIRECTION('Axis2P3D Direction',(1.,0.,0.)) ;
#783=DIRECTION('Axis2P3D Direction',(1.,0.,0.)) ;
#792=DIRECTION('Vector Direction',(1.,0.,0.)) ;
#799=DIRECTION('Axis2P3D Direction',(1.,0.,0.)) ;
#806=DIRECTION('Vector Direction',(1.,0.,0.)) ;
#818=DIRECTION('Axis2P3D Direction',(1.,0.,0.)) ;
#823=DIRECTION('Axis2P3D Direction',(1.,0.,0.)) ;
#835=DIRECTION('Axis2P3D Direction',(1.,0.,0.)) ;
#844=DIRECTION('Vector Direction',(1.,0.,0.)) ;
#851=DIRECTION('Axis2P3D Direction',(1.,0.,0.)) ;
#858=DIRECTION('Vector Direction',(1.,0.,0.)) ;
#870=DIRECTION('Axis2P3D Direction',(1.,0.,0.)) ;
#875=DIRECTION('Axis2P3D Direction',(1.,0.,0.)) ;
#887=DIRECTION('Axis2P3D Direction',(0.,0.,1.)) ;
#888=DIRECTION('Axis2P3D XDirection',(1.,0.,0.)) ;
#892=DIRECTION('Vector Direction',(1.,0.,0.)) ;
#899=DIRECTION('Axis2P3D Direction',(0.,0.,1.)) ;
#906=DIRECTION('Vector Direction',(0.,-1.,0.)) ;
#913=DIRECTION('Vector Direction',(-1.,0.,0.)) ;
#920=DIRECTION('Vector Direction',(0.,1.,0.)) ;
#927=DIRECTION('Axis2P3D Direction',(0.,0.,1.)) ;
#932=DIRECTION('Vector Direction',(1.,0.,0.)) ;
#967=DIRECTION('Axis2P3D Direction',(0.,0.974814813662,-0.22301587178)) ;
#968=DIRECTION('Axis2P3D XDirection',(0.,0.22301587178,0.974814813662)) ;
#972=DIRECTION('Vector Direction',(1.,0.,0.)) ;
#981=DIRECTION('Vector Direction',(0.,0.22301587178,0.974814813662)) ;
#986=DIRECTION('Vector Direction',(0.,0.22301587178,0.974814813662)) ;
#1012=DIRECTION('Vector Direction',(1.,0.,0.)) ;
#1026=DIRECTION('Axis2P3D Direction',(1.,0.,0.)) ;
#1027=DIRECTION('Axis2P3D XDirection',(0.,1.,0.)) ;
#1031=DIRECTION('Vector Direction',(0.,1.,0.)) ;
#1038=DIRECTION('Vector Direction',(0.,-0.22301587178,0.974814813662)) ;
#1054=DIRECTION('Axis2P3D Direction',(-0.,0.974814813662,0.22301587178)) ;
#1055=DIRECTION('Axis2P3D XDirection',(0.,-0.22301587178,0.974814813662)) ;
#1069=DIRECTION('Vector Direction',(0.,-0.22301587178,0.974814813662)) ;
#1076=DIRECTION('Vector Direction',(1.,0.,0.)) ;
#1089=DIRECTION('Axis2P3D Direction',(0.,0.,1.)) ;
#1090=DIRECTION('Axis2P3D XDirection',(1.,0.,0.)) ;
#1094=DIRECTION('Axis2P3D Direction',(0.,0.,1.)) ;
#1101=DIRECTION('Vector Direction',(1.,0.,0.)) ;
#1106=DIRECTION('Vector Direction',(0.,1.,0.)) ;
#1125=DIRECTION('Axis2P3D Direction',(1.,0.,0.)) ;
#1126=DIRECTION('Axis2P3D XDirection',(0.,-0.974814813662,-0.22301587178)) ;
#1130=DIRECTION('Axis2P3D Direction',(1.,0.,0.)) ;
#1137=DIRECTION('Vector Direction',(1.,0.,0.)) ;
#1171=DIRECTION('Axis2P3D Direction',(0.,0.,1.)) ;
#1172=DIRECTION('Axis2P3D XDirection',(-1.83690953073E-016,-1.,-0.)) ;
#1176=DIRECTION('Vector Direction',(0.,0.,1.)) ;
#1189=DIRECTION('Axis2P3D Direction',(0.,0.,1.)) ;
#1204=DIRECTION('Axis2P3D Direction',(-0.,1.,0.)) ;
#1205=DIRECTION('Axis2P3D XDirection',(1.,0.,0.)) ;
#1218=DIRECTION('Vector Direction',(0.,0.22301587178,0.974814813662)) ;
#1225=DIRECTION('Vector Direction',(0.,0.22301587178,0.974814813662)) ;
#1232=DIRECTION('Vector Direction',(1.,0.,0.)) ;
#1239=DIRECTION('Vector Direction',(1.,0.,0.)) ;
#1272=DIRECTION('Axis2P3D Direction',(1.,0.,0.)) ;
#1273=DIRECTION('Axis2P3D XDirection',(0.,1.,0.)) ;
#1277=DIRECTION('Vector Direction',(0.,-0.22301587178,0.974814813662)) ;
#1284=DIRECTION('Vector Direction',(0.,1.,0.)) ;
#1300=DIRECTION('Axis2P3D Direction',(1.,0.,0.)) ;
#1301=DIRECTION('Axis2P3D XDirection',(0.,-0.406736643076,0.913545457642)) ;
#1305=DIRECTION('Axis2P3D Direction',(1.,0.,0.)) ;
#1314=DIRECTION('Vector Direction',(1.,0.,0.)) ;
#1321=DIRECTION('Axis2P3D Direction',(1.,0.,0.)) ;
#1328=DIRECTION('Vector Direction',(1.,0.,0.)) ;
#1340=DIRECTION('Axis2P3D Direction',(0.,0.406736643076,-0.913545457642)) ;
#1341=DIRECTION('Axis2P3D XDirection',(0.,0.913545457642,0.406736643076)) ;
#1345=DIRECTION('Vector Direction',(1.,0.,0.)) ;
#1354=DIRECTION('Vector Direction',(0.,0.913545457642,0.406736643076)) ;
#1359=DIRECTION('Vector Direction',(0.,0.913545457642,0.406736643076)) ;
#1371=DIRECTION('Axis2P3D Direction',(1.,0.,0.)) ;
#1372=DIRECTION('Axis2P3D XDirection',(0.,0.681155937252,0.732138367487)) ;
#1376=DIRECTION('Axis2P3D Direction',(1.,0.,0.)) ;
#1383=DIRECTION('Vector Direction',(1.,0.,0.)) ;
#1390=DIRECTION('Axis2P3D Direction',(1.,0.,0.)) ;
#1402=DIRECTION('Axis2P3D Direction',(1.,0.,0.)) ;
#1403=DIRECTION('Axis2P3D XDirection',(0.,0.681155937252,0.732138367487)) ;
#1407=DIRECTION('Axis2P3D Direction',(1.,0.,0.)) ;
#1416=DIRECTION('Vector Direction',(1.,0.,0.)) ;
#1423=DIRECTION('Axis2P3D Direction',(1.,0.,0.)) ;
#1430=DIRECTION('Vector Direction',(1.,0.,0.)) ;
#1442=DIRECTION('Vector Direction',(1.,0.,0.)) ;
#1451=DIRECTION('Vector Direction',(0.,0.913545457642,0.406736643076)) ;
#1456=DIRECTION('Vector Direction',(0.,0.913545457642,0.406736643076)) ;
#1468=DIRECTION('Axis2P3D Direction',(1.,0.,0.)) ;
#1469=DIRECTION('Axis2P3D XDirection',(0.,-0.406736643076,0.913545457642)) ;
#1473=DIRECTION('Axis2P3D Direction',(1.,0.,0.)) ;
#1480=DIRECTION('Axis2P3D Direction',(1.,0.,0.)) ;
#1487=DIRECTION('Vector Direction',(1.,0.,0.)) ;
#1499=DIRECTION('Axis2P3D Direction',(0.,1.,0.)) ;
#1500=DIRECTION('Axis2P3D XDirection',(0.,0.,1.)) ;
#1504=DIRECTION('Vector Direction',(1.,0.,0.)) ;
#1513=DIRECTION('Vector Direction',(0.,0.,1.)) ;
#1518=DIRECTION('Vector Direction',(0.,0.,1.)) ;
#1530=DIRECTION('Axis2P3D Direction',(1.,0.,0.)) ;
#1531=DIRECTION('Axis2P3D XDirection',(0.,0.,-1.)) ;
#1535=DIRECTION('Vector Direction',(1.,0.,0.)) ;
#1544=DIRECTION('Axis2P3D Direction',(1.,0.,0.)) ;
#1549=DIRECTION('Axis2P3D Direction',(1.,0.,0.)) ;
#1561=DIRECTION('Vector Direction',(1.,0.,0.)) ;
#1570=DIRECTION('Vector Direction',(0.,0.,1.)) ;
#1575=DIRECTION('Vector Direction',(0.,0.,1.)) ;
#1587=DIRECTION('Axis2P3D Direction',(1.,0.,0.)) ;
#1588=DIRECTION('Axis2P3D XDirection',(0.,0.,-1.)) ;
#1592=DIRECTION('Vector Direction',(1.,0.,0.)) ;
#1601=DIRECTION('Axis2P3D Direction',(1.,0.,0.)) ;
#1606=DIRECTION('Axis2P3D Direction',(1.,0.,0.)) ;
#1618=DIRECTION('Axis2P3D Direction',(-0.,0.681155937252,0.732138367487)) ;
#1619=DIRECTION('Axis2P3D XDirection',(0.,-0.732138367487,0.681155937252)) ;
#1623=DIRECTION('Vector Direction',(0.,-0.732138367487,0.681155937252)) ;
#1630=DIRECTION('Vector Direction',(0.,-0.732138367487,0.681155937252)) ;
#1637=DIRECTION('Vector Direction',(1.,0.,0.)) ;
#1649=DIRECTION('Axis2P3D Direction',(-1.,0.,0.)) ;
#1650=DIRECTION('Axis2P3D XDirection',(0.,-1.,0.)) ;
#1654=DIRECTION('Vector Direction',(0.,0.,-1.)) ;
#1661=DIRECTION('Vector Direction',(0.,-1.,0.)) ;
#1666=DIRECTION('Axis2P3D Direction',(-1.,0.,0.)) ;
#1693=DIRECTION('Axis2P3D Direction',(1.,0.,-0.)) ;
#1694=DIRECTION('Axis2P3D XDirection',(0.,1.,-3.33066907388E-016)) ;
#1698=DIRECTION('Axis2P3D Direction',(1.,0.,-0.)) ;
#1705=DIRECTION('Vector Direction',(1.,0.,0.)) ;
#1717=DIRECTION('Vector Direction',(0.,-0.732138367487,0.681155937252)) ;
#1724=DIRECTION('Vector Direction',(0.,-0.732138367487,0.681155937252)) ;
#1731=DIRECTION('Vector Direction',(1.,0.,0.)) ;
#1743=DIRECTION('Axis2P3D Direction',(1.,0.,0.)) ;
#1744=DIRECTION('Axis2P3D XDirection',(0.,1.,0.)) ;
#1748=DIRECTION('Vector Direction',(0.,1.,0.)) ;
#1755=DIRECTION('Vector Direction',(0.,0.,1.)) ;
#1760=DIRECTION('Vector Direction',(0.,0.,-1.)) ;
#1767=DIRECTION('Axis2P3D Direction',(1.,0.,0.)) ;
#1794=DIRECTION('Axis2P3D Direction',(1.,0.,-0.)) ;
#1795=DIRECTION('Axis2P3D XDirection',(0.,1.,-3.33066907388E-016)) ;
#1799=DIRECTION('Vector Direction',(1.,0.,0.)) ;
#1806=DIRECTION('Axis2P3D Direction',(1.,0.,-0.)) ;
#1818=DIRECTION('Vector Direction',(0.,-0.22301587178,0.974814813662)) ;
#1835=DIRECTION('Vector Direction',(1.,0.,0.)) ;
#1848=DIRECTION('Vector Direction',(0.,1.,0.)) ;
#1855=DIRECTION('Vector Direction',(1.,0.,0.)) ;
#1860=DIRECTION('Axis2P3D Direction',(0.,0.,1.)) ;
#1879=DIRECTION('Axis2P3D Direction',(1.,0.,0.)) ;
#1880=DIRECTION('Axis2P3D XDirection',(0.,-0.974814813662,-0.22301587178)) ;
#1905=DIRECTION('Vector Direction',(1.,0.,0.)) ;
#1912=DIRECTION('Axis2P3D Direction',(1.,0.,0.)) ;
#1925=DIRECTION('Axis2P3D Direction',(0.,0.,1.)) ;
#1926=DIRECTION('Axis2P3D XDirection',(-1.,-7.65717784318E-016,-0.)) ;
#1930=DIRECTION('Axis2P3D Direction',(0.,0.,1.)) ;
#1951=DIRECTION('Axis2P3D Direction',(0.,1.,0.)) ;
#1952=DIRECTION('Axis2P3D XDirection',(0.,0.,-1.)) ;
#1965=DIRECTION('Axis2P3D Direction',(-1.,0.,0.)) ;
#1966=DIRECTION('Axis2P3D XDirection',(0.,1.,0.)) ;
#1970=DIRECTION('Vector Direction',(0.,1.,0.)) ;
#1987=DIRECTION('Axis2P3D Direction',(0.,0.,1.)) ;
#1996=DIRECTION('Vector Direction',(0.488603368932,0.87250601595,0.)) ;
#2003=DIRECTION('Axis2P3D Direction',(0.,0.,1.)) ;
#2010=DIRECTION('Vector Direction',(0.,1.,0.)) ;
#2015=DIRECTION('Vector Direction',(0.,1.,0.)) ;
#2032=DIRECTION('Axis2P3D Direction',(0.,0.,1.)) ;
#2033=DIRECTION('Axis2P3D XDirection',(1.,0.,0.)) ;
#2037=DIRECTION('Axis2P3D Direction',(0.,0.,1.)) ;
#2046=DIRECTION('Vector Direction',(0.,1.,0.)) ;
#2053=DIRECTION('Axis2P3D Direction',(0.,0.,1.)) ;
#2060=DIRECTION('Vector Direction',(1.,0.,0.)) ;
#2067=DIRECTION('Axis2P3D Direction',(0.,0.,1.)) ;
#2074=DIRECTION('Vector Direction',(0.,1.,0.)) ;
#2081=DIRECTION('Axis2P3D Direction',(0.,0.,1.)) ;
#2088=DIRECTION('Vector Direction',(1.,0.,0.)) ;
#2104=DIRECTION('Axis2P3D Direction',(0.,1.,-0.)) ;
#2105=DIRECTION('Axis2P3D XDirection',(-1.,0.,0.)) ;
#2109=DIRECTION('Vector Direction',(-1.,0.,0.)) ;
#2118=DIRECTION('Axis2P3D Direction',(0.,1.,-0.)) ;
#2125=DIRECTION('Vector Direction',(0.,0.,-1.)) ;
#2130=DIRECTION('Vector Direction',(0.,0.,-1.)) ;
#2137=DIRECTION('Axis2P3D Direction',(0.,1.,-0.)) ;
#2155=DIRECTION('Axis2P3D Direction',(0.,0.,1.)) ;
#2156=DIRECTION('Axis2P3D XDirection',(0.,-1.,0.)) ;
#2160=DIRECTION('Axis2P3D Direction',(0.,0.,1.)) ;
#2169=DIRECTION('Vector Direction',(0.,0.,1.)) ;
#2174=DIRECTION('Vector Direction',(0.,0.,1.)) ;
#2186=DIRECTION('Vector Direction',(0.,-1.,0.)) ;
#2193=DIRECTION('Vector Direction',(-1.,0.,0.)) ;
#2200=DIRECTION('Vector Direction',(0.,-1.,0.)) ;
#2216=DIRECTION('Axis2P3D Direction',(-0.,-1.,-0.)) ;
#2217=DIRECTION('Axis2P3D XDirection',(-1.,0.,0.)) ;
#2221=DIRECTION('Vector Direction',(-1.,0.,0.)) ;
#2228=DIRECTION('Vector Direction',(0.,0.,1.)) ;
#2240=DIRECTION('Axis2P3D Direction',(0.,0.,1.)) ;
#2241=DIRECTION('Axis2P3D XDirection',(-1.,0.,0.)) ;
#2245=DIRECTION('Axis2P3D Direction',(0.,0.,1.)) ;
#2252=DIRECTION('Vector Direction',(0.,0.,1.)) ;
#2264=DIRECTION('Axis2P3D Direction',(0.,0.,-1.)) ;
#2265=DIRECTION('Axis2P3D XDirection',(0.258819045103,-0.965925826289,0.)) ;
#2269=DIRECTION('Axis2P3D Direction',(1.,-4.88498130835E-016,0.)) ;
#2274=DIRECTION('Axis2P3D Direction',(4.88498130835E-016,-1.,0.)) ;
#2285=DIRECTION('Axis2P3D Direction',(-1.,0.,0.)) ;
#2286=DIRECTION('Axis2P3D XDirection',(0.,0.,-1.)) ;
#2290=DIRECTION('Axis2P3D Direction',(-1.,0.,0.)) ;
#2302=DIRECTION('Axis2P3D Direction',(0.,0.,-1.)) ;
#2303=DIRECTION('Axis2P3D XDirection',(0.965925826289,0.258819045103,0.)) ;
#2307=DIRECTION('Axis2P3D Direction',(-0.,1.,0.)) ;
#2318=DIRECTION('Axis2P3D Direction',(0.,-1.,0.)) ;
#2319=DIRECTION('Axis2P3D XDirection',(0.,0.,-1.)) ;
#2323=DIRECTION('Vector Direction',(0.,-1.,0.)) ;
#2335=DIRECTION('Axis2P3D Direction',(0.,-1.,0.)) ;
#2336=DIRECTION('Axis2P3D XDirection',(-1.,-0.,1.83690953073E-016)) ;
#2340=DIRECTION('Vector Direction',(0.,-1.,0.)) ;
#2352=DIRECTION('Axis2P3D Direction',(0.,-1.,0.)) ;
#2353=DIRECTION('Axis2P3D XDirection',(1.,0.,0.)) ;
#2357=DIRECTION('Axis2P3D Direction',(0.,-1.,0.)) ;
#2364=DIRECTION('Axis2P3D Direction',(0.,-1.,0.)) ;
#2371=DIRECTION('Vector Direction',(1.,0.,0.)) ;
#2407=DIRECTION('Vector Direction',(0.,1.,0.)) ;
#2412=DIRECTION('Vector Direction',(0.,1.,0.)) ;
#2419=DIRECTION('Axis2P3D Direction',(0.,0.,1.)) ;
#2426=DIRECTION('Vector Direction',(-0.488603368932,0.87250601595,0.)) ;
#2443=DIRECTION('Axis2P3D Direction',(-0.,1.,0.)) ;
#2444=DIRECTION('Axis2P3D XDirection',(1.,0.,0.)) ;
#2448=DIRECTION('Axis2P3D Direction',(-0.,1.,0.)) ;
#2455=DIRECTION('Vector Direction',(0.,1.,0.)) ;
#2468=DIRECTION('Axis2P3D Direction',(0.,0.,1.)) ;
#2469=DIRECTION('Axis2P3D XDirection',(1.,0.,0.)) ;
#2473=DIRECTION('Axis2P3D Direction',(0.,0.,1.)) ;
#2482=DIRECTION('Vector Direction',(0.,0.,1.)) ;
#2487=DIRECTION('Vector Direction',(0.,0.,1.)) ;
#2499=DIRECTION('Axis2P3D Direction',(0.,-1.,0.)) ;
#2500=DIRECTION('Axis2P3D XDirection',(1.,0.,0.)) ;
#2504=DIRECTION('Vector Direction',(0.,0.,1.)) ;
#2511=DIRECTION('Vector Direction',(1.,0.,0.)) ;
#2523=DIRECTION('Axis2P3D Direction',(0.,-0.,1.)) ;
#2524=DIRECTION('Axis2P3D XDirection',(0.,1.,0.)) ;
#2528=DIRECTION('Axis2P3D Direction',(0.,-0.,1.)) ;
#2535=DIRECTION('Vector Direction',(0.,0.,1.)) ;
#2547=DIRECTION('Axis2P3D Direction',(-1.,0.,0.)) ;
#2548=DIRECTION('Axis2P3D XDirection',(0.,1.,0.)) ;
#2552=DIRECTION('Vector Direction',(0.,1.,0.)) ;
#2569=DIRECTION('Axis2P3D Direction',(0.,0.,1.)) ;
#2570=DIRECTION('Axis2P3D XDirection',(1.,0.,0.)) ;
#2574=DIRECTION('Vector Direction',(-0.488603368932,0.87250601595,0.)) ;
#2581=DIRECTION('Axis2P3D Direction',(0.,0.,1.)) ;
#2588=DIRECTION('Vector Direction',(0.,1.,0.)) ;
#2595=DIRECTION('Vector Direction',(1.,0.,0.)) ;
#2602=DIRECTION('Vector Direction',(0.,1.,0.)) ;
#2609=DIRECTION('Axis2P3D Direction',(0.,0.,1.)) ;
#2616=DIRECTION('Vector Direction',(0.488603368932,0.87250601595,0.)) ;
#2623=DIRECTION('Vector Direction',(0.,1.,0.)) ;
#2641=DIRECTION('Axis2P3D Direction',(-1.,0.,0.)) ;
#2642=DIRECTION('Axis2P3D XDirection',(0.,1.,0.)) ;
#2646=DIRECTION('Vector Direction',(0.,1.,0.)) ;
#2675=DIRECTION('Axis2P3D Direction',(-1.,0.,0.)) ;
#2676=DIRECTION('Axis2P3D XDirection',(0.,1.,0.)) ;
#2680=DIRECTION('Vector Direction',(0.,1.,0.)) ;
#2709=DIRECTION('Axis2P3D Direction',(0.,0.,-1.)) ;
#2710=DIRECTION('Axis2P3D XDirection',(-0.702456376544,-0.711726800853,0.)) ;
#2714=DIRECTION('Axis2P3D Direction',(-0.488603368932,-0.87250601595,-0.)) ;
#2719=DIRECTION('Axis2P3D Direction',(8.881784197E-017,-1.,0.)) ;
#2730=DIRECTION('Axis2P3D Direction',(0.488603368932,0.87250601595,0.)) ;
#2731=DIRECTION('Axis2P3D XDirection',(1.60271461632E-016,-8.97520185139E-017,-1.)) ;
#2735=DIRECTION('Axis2P3D Direction',(0.488603368932,0.87250601595,0.)) ;
#2747=DIRECTION('Axis2P3D Direction',(0.,-0.,1.)) ;
#2748=DIRECTION('Axis2P3D XDirection',(0.87250601595,-0.488603368932,0.)) ;
#2752=DIRECTION('Axis2P3D Direction',(5.71764857682E-015,-1.,-0.)) ;
#2764=DIRECTION('Axis2P3D Direction',(0.,1.,0.)) ;
#2765=DIRECTION('Axis2P3D XDirection',(1.83690953073E-016,0.,-1.)) ;
#2769=DIRECTION('Axis2P3D Direction',(0.,1.,0.)) ;
#2782=DIRECTION('Axis2P3D Direction',(0.,0.,-1.)) ;
#2783=DIRECTION('Axis2P3D XDirection',(-0.965925826289,-0.258819045103,0.)) ;
#2787=DIRECTION('Axis2P3D Direction',(-1.,7.9936057773E-016,0.)) ;
#2798=DIRECTION('Axis2P3D Direction',(1.,0.,0.)) ;
#2799=DIRECTION('Axis2P3D XDirection',(-0.,-1.83690953073E-016,-1.)) ;
#2803=DIRECTION('Axis2P3D Direction',(1.,0.,0.)) ;
#2815=DIRECTION('Axis2P3D Direction',(0.,0.,-1.)) ;
#2816=DIRECTION('Axis2P3D XDirection',(-0.258819045103,0.965925826289,0.)) ;
#2820=DIRECTION('Axis2P3D Direction',(-4.88498130835E-016,1.,0.)) ;
#2831=DIRECTION('Axis2P3D Direction',(-0.,1.,0.)) ;
#2832=DIRECTION('Axis2P3D XDirection',(1.,0.,0.)) ;
#2836=DIRECTION('Axis2P3D Direction',(-0.,1.,0.)) ;
#2849=DIRECTION('Axis2P3D Direction',(0.,0.,1.)) ;
#2850=DIRECTION('Axis2P3D XDirection',(-1.,0.,0.)) ;
#2854=DIRECTION('Axis2P3D Direction',(-0.488603368932,0.87250601595,0.)) ;
#2866=DIRECTION('Axis2P3D Direction',(-0.488603368932,0.87250601595,0.)) ;
#2867=DIRECTION('Axis2P3D XDirection',(0.87250601595,0.488603368932,0.)) ;
#2871=DIRECTION('Axis2P3D Direction',(-0.488603368932,0.87250601595,0.)) ;
#2883=DIRECTION('Axis2P3D Direction',(0.87250601595,0.488603368932,2.77555756156E-017)) ;
#2884=DIRECTION('Axis2P3D XDirection',(-0.214498379908,0.383032821264,0.898485560736)) ;
#2894=DIRECTION('Axis2P3D Direction',(0.,1.,0.)) ;
#2895=DIRECTION('Axis2P3D XDirection',(1.83690953073E-016,0.,-1.)) ;
#48=AXIS2_PLACEMENT_3D(' ',#47,$,$) ;
#55=AXIS2_PLACEMENT_3D('Cylinder Axis2P3D',#52,#53,#54) ;
#68=AXIS2_PLACEMENT_3D('Circle Axis2P3D',#66,#67,$) ;
#82=AXIS2_PLACEMENT_3D('Circle Axis2P3D',#80,#81,$) ;
#94=AXIS2_PLACEMENT_3D('Circle Axis2P3D',#92,#93,$) ;
#99=AXIS2_PLACEMENT_3D('Circle Axis2P3D',#97,#98,$) ;
#112=AXIS2_PLACEMENT_3D('Cylinder Axis2P3D',#109,#110,#111) ;
#116=AXIS2_PLACEMENT_3D('Circle Axis2P3D',#114,#115,$) ;
#132=AXIS2_PLACEMENT_3D('Circle Axis2P3D',#130,#131,$) ;
#151=AXIS2_PLACEMENT_3D('Circle Axis2P3D',#149,#150,$) ;
#156=AXIS2_PLACEMENT_3D('Circle Axis2P3D',#154,#155,$) ;
#169=AXIS2_PLACEMENT_3D('Cylinder Axis2P3D',#166,#167,#168) ;
#173=AXIS2_PLACEMENT_3D('Circle Axis2P3D',#171,#172,$) ;
#189=AXIS2_PLACEMENT_3D('Circle Axis2P3D',#187,#188,$) ;
#208=AXIS2_PLACEMENT_3D('Circle Axis2P3D',#206,#207,$) ;
#213=AXIS2_PLACEMENT_3D('Circle Axis2P3D',#211,#212,$) ;
#226=AXIS2_PLACEMENT_3D('Cylinder Axis2P3D',#223,#224,#225) ;
#230=AXIS2_PLACEMENT_3D('Circle Axis2P3D',#228,#229,$) ;
#246=AXIS2_PLACEMENT_3D('Circle Axis2P3D',#244,#245,$) ;
#265=AXIS2_PLACEMENT_3D('Circle Axis2P3D',#263,#264,$) ;
#270=AXIS2_PLACEMENT_3D('Circle Axis2P3D',#268,#269,$) ;
#283=AXIS2_PLACEMENT_3D('Cylinder Axis2P3D',#280,#281,#282) ;
#296=AXIS2_PLACEMENT_3D('Circle Axis2P3D',#294,#295,$) ;
#310=AXIS2_PLACEMENT_3D('Circle Axis2P3D',#308,#309,$) ;
#323=AXIS2_PLACEMENT_3D('Plane Axis2P3D',#320,#321,#322) ;
#354=AXIS2_PLACEMENT_3D('Cylinder Axis2P3D',#351,#352,#353) ;
#367=AXIS2_PLACEMENT_3D('Circle Axis2P3D',#365,#366,$) ;
#381=AXIS2_PLACEMENT_3D('Circle Axis2P3D',#379,#380,$) ;
#394=AXIS2_PLACEMENT_3D('Cylinder Axis2P3D',#391,#392,#393) ;
#398=AXIS2_PLACEMENT_3D('Circle Axis2P3D',#396,#397,$) ;
#412=AXIS2_PLACEMENT_3D('Circle Axis2P3D',#410,#411,$) ;
#425=AXIS2_PLACEMENT_3D('Plane Axis2P3D',#422,#423,#424) ;
#456=AXIS2_PLACEMENT_3D('Cylinder Axis2P3D',#453,#454,#455) ;
#469=AXIS2_PLACEMENT_3D('Circle Axis2P3D',#467,#468,$) ;
#483=AXIS2_PLACEMENT_3D('Circle Axis2P3D',#481,#482,$) ;
#495=AXIS2_PLACEMENT_3D('Circle Axis2P3D',#493,#494,$) ;
#500=AXIS2_PLACEMENT_3D('Circle Axis2P3D',#498,#499,$) ;
#513=AXIS2_PLACEMENT_3D('Cylinder Axis2P3D',#510,#511,#512) ;
#526=AXIS2_PLACEMENT_3D('Circle Axis2P3D',#524,#525,$) ;
#540=AXIS2_PLACEMENT_3D('Circle Axis2P3D',#538,#539,$) ;
#552=AXIS2_PLACEMENT_3D('Circle Axis2P3D',#550,#551,$) ;
#557=AXIS2_PLACEMENT_3D('Circle Axis2P3D',#555,#556,$) ;
#570=AXIS2_PLACEMENT_3D('Plane Axis2P3D',#567,#568,#569) ;
#610=AXIS2_PLACEMENT_3D('Cylinder Axis2P3D',#607,#608,#609) ;
#623=AXIS2_PLACEMENT_3D('Circle Axis2P3D',#621,#622,$) ;
#628=AXIS2_PLACEMENT_3D('Circle Axis2P3D',#626,#627,$) ;
#666=AXIS2_PLACEMENT_3D('Circle Axis2P3D',#664,#665,$) ;
#682=AXIS2_PLACEMENT_3D('Circle Axis2P3D',#680,#681,$) ;
#701=AXIS2_PLACEMENT_3D('Circle Axis2P3D',#699,#700,$) ;
#706=AXIS2_PLACEMENT_3D('Circle Axis2P3D',#704,#705,$) ;
#719=AXIS2_PLACEMENT_3D('Cylinder Axis2P3D',#716,#717,#718) ;
#723=AXIS2_PLACEMENT_3D('Circle Axis2P3D',#721,#722,$) ;
#737=AXIS2_PLACEMENT_3D('Circle Axis2P3D',#735,#736,$) ;
#758=AXIS2_PLACEMENT_3D('Circle Axis2P3D',#756,#757,$) ;
#772=AXIS2_PLACEMENT_3D('Circle Axis2P3D',#770,#771,$) ;
#784=AXIS2_PLACEMENT_3D('Circle Axis2P3D',#782,#783,$) ;
#800=AXIS2_PLACEMENT_3D('Circle Axis2P3D',#798,#799,$) ;
#819=AXIS2_PLACEMENT_3D('Circle Axis2P3D',#817,#818,$) ;
#824=AXIS2_PLACEMENT_3D('Circle Axis2P3D',#822,#823,$) ;
#836=AXIS2_PLACEMENT_3D('Circle Axis2P3D',#834,#835,$) ;
#852=AXIS2_PLACEMENT_3D('Circle Axis2P3D',#850,#851,$) ;
#871=AXIS2_PLACEMENT_3D('Circle Axis2P3D',#869,#870,$) ;
#876=AXIS2_PLACEMENT_3D('Circle Axis2P3D',#874,#875,$) ;
#889=AXIS2_PLACEMENT_3D('Plane Axis2P3D',#886,#887,#888) ;
#900=AXIS2_PLACEMENT_3D('Circle Axis2P3D',#898,#899,$) ;
#928=AXIS2_PLACEMENT_3D('Circle Axis2P3D',#926,#927,$) ;
#969=AXIS2_PLACEMENT_3D('Plane Axis2P3D',#966,#967,#968) ;
#1028=AXIS2_PLACEMENT_3D('Plane Axis2P3D',#1025,#1026,#1027) ;
#1056=AXIS2_PLACEMENT_3D('Plane Axis2P3D',#1053,#1054,#1055) ;
#1091=AXIS2_PLACEMENT_3D('Plane Axis2P3D',#1088,#1089,#1090) ;
#1095=AXIS2_PLACEMENT_3D('Circle Axis2P3D',#1093,#1094,$) ;
#1127=AXIS2_PLACEMENT_3D('Cylinder Axis2P3D',#1124,#1125,#1126) ;
#1131=AXIS2_PLACEMENT_3D('Circle Axis2P3D',#1129,#1130,$) ;
#1173=AXIS2_PLACEMENT_3D('Cylinder Axis2P3D',#1170,#1171,#1172) ;
#1190=AXIS2_PLACEMENT_3D('Circle Axis2P3D',#1188,#1189,$) ;
#1206=AXIS2_PLACEMENT_3D('Cylinder Axis2P3D',#1203,#1204,#1205) ;
#1274=AXIS2_PLACEMENT_3D('Plane Axis2P3D',#1271,#1272,#1273) ;
#1302=AXIS2_PLACEMENT_3D('Cylinder Axis2P3D',#1299,#1300,#1301) ;
#1306=AXIS2_PLACEMENT_3D('Circle Axis2P3D',#1304,#1305,$) ;
#1322=AXIS2_PLACEMENT_3D('Circle Axis2P3D',#1320,#1321,$) ;
#1342=AXIS2_PLACEMENT_3D('Plane Axis2P3D',#1339,#1340,#1341) ;
#1373=AXIS2_PLACEMENT_3D('Cylinder Axis2P3D',#1370,#1371,#1372) ;
#1377=AXIS2_PLACEMENT_3D('Circle Axis2P3D',#1375,#1376,$) ;
#1391=AXIS2_PLACEMENT_3D('Circle Axis2P3D',#1389,#1390,$) ;
#1404=AXIS2_PLACEMENT_3D('Cylinder Axis2P3D',#1401,#1402,#1403) ;
#1408=AXIS2_PLACEMENT_3D('Circle Axis2P3D',#1406,#1407,$) ;
#1424=AXIS2_PLACEMENT_3D('Circle Axis2P3D',#1422,#1423,$) ;
#1470=AXIS2_PLACEMENT_3D('Cylinder Axis2P3D',#1467,#1468,#1469) ;
#1474=AXIS2_PLACEMENT_3D('Circle Axis2P3D',#1472,#1473,$) ;
#1481=AXIS2_PLACEMENT_3D('Circle Axis2P3D',#1479,#1480,$) ;
#1501=AXIS2_PLACEMENT_3D('Plane Axis2P3D',#1498,#1499,#1500) ;
#1532=AXIS2_PLACEMENT_3D('Cylinder Axis2P3D',#1529,#1530,#1531) ;
#1545=AXIS2_PLACEMENT_3D('Circle Axis2P3D',#1543,#1544,$) ;
#1550=AXIS2_PLACEMENT_3D('Circle Axis2P3D',#1548,#1549,$) ;
#1589=AXIS2_PLACEMENT_3D('Cylinder Axis2P3D',#1586,#1587,#1588) ;
#1602=AXIS2_PLACEMENT_3D('Circle Axis2P3D',#1600,#1601,$) ;
#1607=AXIS2_PLACEMENT_3D('Circle Axis2P3D',#1605,#1606,$) ;
#1620=AXIS2_PLACEMENT_3D('Plane Axis2P3D',#1617,#1618,#1619) ;
#1651=AXIS2_PLACEMENT_3D('Plane Axis2P3D',#1648,#1649,#1650) ;
#1667=AXIS2_PLACEMENT_3D('Circle Axis2P3D',#1665,#1666,$) ;
#1695=AXIS2_PLACEMENT_3D('Cylinder Axis2P3D',#1692,#1693,#1694) ;
#1699=AXIS2_PLACEMENT_3D('Circle Axis2P3D',#1697,#1698,$) ;
#1745=AXIS2_PLACEMENT_3D('Plane Axis2P3D',#1742,#1743,#1744) ;
#1768=AXIS2_PLACEMENT_3D('Circle Axis2P3D',#1766,#1767,$) ;
#1796=AXIS2_PLACEMENT_3D('Cylinder Axis2P3D',#1793,#1794,#1795) ;
#1807=AXIS2_PLACEMENT_3D('Circle Axis2P3D',#1805,#1806,$) ;
#1861=AXIS2_PLACEMENT_3D('Circle Axis2P3D',#1859,#1860,$) ;
#1881=AXIS2_PLACEMENT_3D('Cylinder Axis2P3D',#1878,#1879,#1880) ;
#1913=AXIS2_PLACEMENT_3D('Circle Axis2P3D',#1911,#1912,$) ;
#1927=AXIS2_PLACEMENT_3D('Cylinder Axis2P3D',#1924,#1925,#1926) ;
#1931=AXIS2_PLACEMENT_3D('Circle Axis2P3D',#1929,#1930,$) ;
#1953=AXIS2_PLACEMENT_3D('Cylinder Axis2P3D',#1950,#1951,#1952) ;
#1967=AXIS2_PLACEMENT_3D('Plane Axis2P3D',#1964,#1965,#1966) ;
#1988=AXIS2_PLACEMENT_3D('Circle Axis2P3D',#1986,#1987,$) ;
#2004=AXIS2_PLACEMENT_3D('Circle Axis2P3D',#2002,#2003,$) ;
#2034=AXIS2_PLACEMENT_3D('Plane Axis2P3D',#2031,#2032,#2033) ;
#2038=AXIS2_PLACEMENT_3D('Circle Axis2P3D',#2036,#2037,$) ;
#2054=AXIS2_PLACEMENT_3D('Circle Axis2P3D',#2052,#2053,$) ;
#2068=AXIS2_PLACEMENT_3D('Circle Axis2P3D',#2066,#2067,$) ;
#2082=AXIS2_PLACEMENT_3D('Circle Axis2P3D',#2080,#2081,$) ;
#2106=AXIS2_PLACEMENT_3D('Plane Axis2P3D',#2103,#2104,#2105) ;
#2119=AXIS2_PLACEMENT_3D('Circle Axis2P3D',#2117,#2118,$) ;
#2138=AXIS2_PLACEMENT_3D('Circle Axis2P3D',#2136,#2137,$) ;
#2157=AXIS2_PLACEMENT_3D('Cylinder Axis2P3D',#2154,#2155,#2156) ;
#2161=AXIS2_PLACEMENT_3D('Circle Axis2P3D',#2159,#2160,$) ;
#2218=AXIS2_PLACEMENT_3D('Plane Axis2P3D',#2215,#2216,#2217) ;
#2242=AXIS2_PLACEMENT_3D('Cylinder Axis2P3D',#2239,#2240,#2241) ;
#2246=AXIS2_PLACEMENT_3D('Circle Axis2P3D',#2244,#2245,$) ;
#2266=AXIS2_PLACEMENT_3D('Sphere Axis2P3D',#2263,#2264,#2265) ;
#2270=AXIS2_PLACEMENT_3D('Circle Axis2P3D',#2268,#2269,$) ;
#2275=AXIS2_PLACEMENT_3D('Circle Axis2P3D',#2273,#2274,$) ;
#2287=AXIS2_PLACEMENT_3D('Cylinder Axis2P3D',#2284,#2285,#2286) ;
#2291=AXIS2_PLACEMENT_3D('Circle Axis2P3D',#2289,#2290,$) ;
#2304=AXIS2_PLACEMENT_3D('Sphere Axis2P3D',#2301,#2302,#2303) ;
#2308=AXIS2_PLACEMENT_3D('Circle Axis2P3D',#2306,#2307,$) ;
#2320=AXIS2_PLACEMENT_3D('Cylinder Axis2P3D',#2317,#2318,#2319) ;
#2337=AXIS2_PLACEMENT_3D('Cylinder Axis2P3D',#2334,#2335,#2336) ;
#2354=AXIS2_PLACEMENT_3D('Plane Axis2P3D',#2351,#2352,#2353) ;
#2358=AXIS2_PLACEMENT_3D('Circle Axis2P3D',#2356,#2357,$) ;
#2365=AXIS2_PLACEMENT_3D('Circle Axis2P3D',#2363,#2364,$) ;
#2420=AXIS2_PLACEMENT_3D('Circle Axis2P3D',#2418,#2419,$) ;
#2445=AXIS2_PLACEMENT_3D('Cylinder Axis2P3D',#2442,#2443,#2444) ;
#2449=AXIS2_PLACEMENT_3D('Circle Axis2P3D',#2447,#2448,$) ;
#2470=AXIS2_PLACEMENT_3D('Cylinder Axis2P3D',#2467,#2468,#2469) ;
#2474=AXIS2_PLACEMENT_3D('Circle Axis2P3D',#2472,#2473,$) ;
#2501=AXIS2_PLACEMENT_3D('Plane Axis2P3D',#2498,#2499,#2500) ;
#2525=AXIS2_PLACEMENT_3D('Cylinder Axis2P3D',#2522,#2523,#2524) ;
#2529=AXIS2_PLACEMENT_3D('Circle Axis2P3D',#2527,#2528,$) ;
#2549=AXIS2_PLACEMENT_3D('Plane Axis2P3D',#2546,#2547,#2548) ;
#2571=AXIS2_PLACEMENT_3D('Plane Axis2P3D',#2568,#2569,#2570) ;
#2582=AXIS2_PLACEMENT_3D('Circle Axis2P3D',#2580,#2581,$) ;
#2610=AXIS2_PLACEMENT_3D('Circle Axis2P3D',#2608,#2609,$) ;
#2643=AXIS2_PLACEMENT_3D('Plane Axis2P3D',#2640,#2641,#2642) ;
#2677=AXIS2_PLACEMENT_3D('Plane Axis2P3D',#2674,#2675,#2676) ;
#2711=AXIS2_PLACEMENT_3D('Sphere Axis2P3D',#2708,#2709,#2710) ;
#2715=AXIS2_PLACEMENT_3D('Circle Axis2P3D',#2713,#2714,$) ;
#2720=AXIS2_PLACEMENT_3D('Circle Axis2P3D',#2718,#2719,$) ;
#2732=AXIS2_PLACEMENT_3D('Cylinder Axis2P3D',#2729,#2730,#2731) ;
#2736=AXIS2_PLACEMENT_3D('Circle Axis2P3D',#2734,#2735,$) ;
#2749=AXIS2_PLACEMENT_3D('Torus Axis2P3D',#2746,#2747,#2748) ;
#2753=AXIS2_PLACEMENT_3D('Circle Axis2P3D',#2751,#2752,$) ;
#2766=AXIS2_PLACEMENT_3D('Cylinder Axis2P3D',#2763,#2764,#2765) ;
#2770=AXIS2_PLACEMENT_3D('Circle Axis2P3D',#2768,#2769,$) ;
#2784=AXIS2_PLACEMENT_3D('Sphere Axis2P3D',#2781,#2782,#2783) ;
#2788=AXIS2_PLACEMENT_3D('Circle Axis2P3D',#2786,#2787,$) ;
#2800=AXIS2_PLACEMENT_3D('Cylinder Axis2P3D',#2797,#2798,#2799) ;
#2804=AXIS2_PLACEMENT_3D('Circle Axis2P3D',#2802,#2803,$) ;
#2817=AXIS2_PLACEMENT_3D('Sphere Axis2P3D',#2814,#2815,#2816) ;
#2821=AXIS2_PLACEMENT_3D('Circle Axis2P3D',#2819,#2820,$) ;
#2833=AXIS2_PLACEMENT_3D('Cylinder Axis2P3D',#2830,#2831,#2832) ;
#2837=AXIS2_PLACEMENT_3D('Circle Axis2P3D',#2835,#2836,$) ;
#2851=AXIS2_PLACEMENT_3D('Torus Axis2P3D',#2848,#2849,#2850) ;
#2855=AXIS2_PLACEMENT_3D('Circle Axis2P3D',#2853,#2854,$) ;
#2868=AXIS2_PLACEMENT_3D('Cylinder Axis2P3D',#2865,#2866,#2867) ;
#2872=AXIS2_PLACEMENT_3D('Circle Axis2P3D',#2870,#2871,$) ;
#2885=AXIS2_PLACEMENT_3D('Sphere Axis2P3D',#2882,#2883,#2884) ;
#2896=AXIS2_PLACEMENT_3D('Cylinder Axis2P3D',#2893,#2894,#2895) ;
#40=PRODUCT_DEFINITION_SHAPE(' ',' ',#14) ;
#31=APPROVAL_PERSON_ORGANIZATION(#25,#21,#19) ;
#25=PERSON_AND_ORGANIZATION(#22,#23) ;
#22=PERSON(' ',' ',' ',$,$,$) ;
#23=ORGANIZATION(' ',' ',' ') ;
#21=APPROVAL(#20,' ') ;
#20=APPROVAL_STATUS('not_yet_approved') ;
#19=APPROVAL_ROLE('APPROVER') ;
#13=DATE_AND_TIME(#11,#12) ;
#12=LOCAL_TIME(16,11,3.,#10) ;
#10=COORDINATED_UNIVERSAL_TIME_OFFSET(0,0,.AHEAD.) ;
#86=ORIENTED_EDGE('',*,*,#65,.F.) ;
#87=ORIENTED_EDGE('',*,*,#72,.T.) ;
#88=ORIENTED_EDGE('',*,*,#79,.T.) ;
#89=ORIENTED_EDGE('',*,*,#84,.F.) ;
#103=ORIENTED_EDGE('',*,*,#79,.F.) ;
#104=ORIENTED_EDGE('',*,*,#96,.T.) ;
#105=ORIENTED_EDGE('',*,*,#65,.T.) ;
#106=ORIENTED_EDGE('',*,*,#101,.F.) ;
#143=ORIENTED_EDGE('',*,*,#122,.T.) ;
#144=ORIENTED_EDGE('',*,*,#129,.T.) ;
#145=ORIENTED_EDGE('',*,*,#136,.F.) ;
#146=ORIENTED_EDGE('',*,*,#141,.F.) ;
#160=ORIENTED_EDGE('',*,*,#153,.T.) ;
#161=ORIENTED_EDGE('',*,*,#141,.T.) ;
#162=ORIENTED_EDGE('',*,*,#158,.F.) ;
#163=ORIENTED_EDGE('',*,*,#129,.F.) ;
#200=ORIENTED_EDGE('',*,*,#179,.T.) ;
#201=ORIENTED_EDGE('',*,*,#186,.T.) ;
#202=ORIENTED_EDGE('',*,*,#193,.F.) ;
#203=ORIENTED_EDGE('',*,*,#198,.F.) ;
#217=ORIENTED_EDGE('',*,*,#210,.T.) ;
#218=ORIENTED_EDGE('',*,*,#198,.T.) ;
#219=ORIENTED_EDGE('',*,*,#215,.F.) ;
#220=ORIENTED_EDGE('',*,*,#186,.F.) ;
#257=ORIENTED_EDGE('',*,*,#236,.F.) ;
#258=ORIENTED_EDGE('',*,*,#243,.F.) ;
#259=ORIENTED_EDGE('',*,*,#250,.F.) ;
#260=ORIENTED_EDGE('',*,*,#255,.T.) ;
#274=ORIENTED_EDGE('',*,*,#267,.F.) ;
#275=ORIENTED_EDGE('',*,*,#255,.F.) ;
#276=ORIENTED_EDGE('',*,*,#272,.F.) ;
#277=ORIENTED_EDGE('',*,*,#243,.T.) ;
#314=ORIENTED_EDGE('',*,*,#293,.F.) ;
#315=ORIENTED_EDGE('',*,*,#300,.T.) ;
#316=ORIENTED_EDGE('',*,*,#307,.T.) ;
#317=ORIENTED_EDGE('',*,*,#312,.F.) ;
#345=ORIENTED_EDGE('',*,*,#307,.F.) ;
#346=ORIENTED_EDGE('',*,*,#331,.T.) ;
#347=ORIENTED_EDGE('',*,*,#338,.T.) ;
#348=ORIENTED_EDGE('',*,*,#343,.F.) ;
#385=ORIENTED_EDGE('',*,*,#364,.T.) ;
#386=ORIENTED_EDGE('',*,*,#371,.F.) ;
#387=ORIENTED_EDGE('',*,*,#378,.F.) ;
#388=ORIENTED_EDGE('',*,*,#383,.F.) ;
#416=ORIENTED_EDGE('',*,*,#338,.F.) ;
#417=ORIENTED_EDGE('',*,*,#402,.T.) ;
#418=ORIENTED_EDGE('',*,*,#409,.T.) ;
#419=ORIENTED_EDGE('',*,*,#414,.F.) ;
#447=ORIENTED_EDGE('',*,*,#409,.F.) ;
#448=ORIENTED_EDGE('',*,*,#433,.T.) ;
#449=ORIENTED_EDGE('',*,*,#440,.T.) ;
#450=ORIENTED_EDGE('',*,*,#445,.F.) ;
#487=ORIENTED_EDGE('',*,*,#466,.F.) ;
#488=ORIENTED_EDGE('',*,*,#473,.T.) ;
#489=ORIENTED_EDGE('',*,*,#480,.T.) ;
#490=ORIENTED_EDGE('',*,*,#485,.F.) ;
#504=ORIENTED_EDGE('',*,*,#480,.F.) ;
#505=ORIENTED_EDGE('',*,*,#497,.T.) ;
#506=ORIENTED_EDGE('',*,*,#466,.T.) ;
#507=ORIENTED_EDGE('',*,*,#502,.F.) ;
#544=ORIENTED_EDGE('',*,*,#523,.F.) ;
#545=ORIENTED_EDGE('',*,*,#530,.T.) ;
#546=ORIENTED_EDGE('',*,*,#537,.T.) ;
#547=ORIENTED_EDGE('',*,*,#542,.F.) ;
#561=ORIENTED_EDGE('',*,*,#537,.F.) ;
#562=ORIENTED_EDGE('',*,*,#554,.T.) ;
#563=ORIENTED_EDGE('',*,*,#523,.T.) ;
#564=ORIENTED_EDGE('',*,*,#559,.F.) ;
#601=ORIENTED_EDGE('',*,*,#580,.F.) ;
#602=ORIENTED_EDGE('',*,*,#587,.T.) ;
#603=ORIENTED_EDGE('',*,*,#594,.T.) ;
#604=ORIENTED_EDGE('',*,*,#599,.F.) ;
#632=ORIENTED_EDGE('',*,*,#620,.F.) ;
#633=ORIENTED_EDGE('',*,*,#625,.T.) ;
#634=ORIENTED_EDGE('',*,*,#580,.T.) ;
#635=ORIENTED_EDGE('',*,*,#630,.F.) ;
#658=ORIENTED_EDGE('',*,*,#646,.F.) ;
#659=ORIENTED_EDGE('',*,*,#651,.T.) ;
#660=ORIENTED_EDGE('',*,*,#620,.T.) ;
#661=ORIENTED_EDGE('',*,*,#656,.F.) ;
#693=ORIENTED_EDGE('',*,*,#672,.T.) ;
#694=ORIENTED_EDGE('',*,*,#679,.T.) ;
#695=ORIENTED_EDGE('',*,*,#686,.T.) ;
#696=ORIENTED_EDGE('',*,*,#691,.F.) ;
#710=ORIENTED_EDGE('',*,*,#703,.T.) ;
#711=ORIENTED_EDGE('',*,*,#691,.T.) ;
#712=ORIENTED_EDGE('',*,*,#708,.T.) ;
#713=ORIENTED_EDGE('',*,*,#679,.F.) ;
#741=ORIENTED_EDGE('',*,*,#594,.F.) ;
#742=ORIENTED_EDGE('',*,*,#727,.T.) ;
#743=ORIENTED_EDGE('',*,*,#734,.T.) ;
#744=ORIENTED_EDGE('',*,*,#739,.F.) ;
#776=ORIENTED_EDGE('',*,*,#755,.F.) ;
#777=ORIENTED_EDGE('',*,*,#762,.T.) ;
#778=ORIENTED_EDGE('',*,*,#769,.T.) ;
#779=ORIENTED_EDGE('',*,*,#774,.T.) ;
#811=ORIENTED_EDGE('',*,*,#790,.T.) ;
#812=ORIENTED_EDGE('',*,*,#797,.F.) ;
#813=ORIENTED_EDGE('',*,*,#804,.T.) ;
#814=ORIENTED_EDGE('',*,*,#809,.T.) ;
#828=ORIENTED_EDGE('',*,*,#821,.T.) ;
#829=ORIENTED_EDGE('',*,*,#809,.F.) ;
#830=ORIENTED_EDGE('',*,*,#826,.T.) ;
#831=ORIENTED_EDGE('',*,*,#797,.T.) ;
#863=ORIENTED_EDGE('',*,*,#842,.T.) ;
#864=ORIENTED_EDGE('',*,*,#849,.F.) ;
#865=ORIENTED_EDGE('',*,*,#856,.T.) ;
#866=ORIENTED_EDGE('',*,*,#861,.T.) ;
#880=ORIENTED_EDGE('',*,*,#873,.T.) ;
#881=ORIENTED_EDGE('',*,*,#861,.F.) ;
#882=ORIENTED_EDGE('',*,*,#878,.T.) ;
#883=ORIENTED_EDGE('',*,*,#849,.T.) ;
#937=ORIENTED_EDGE('',*,*,#897,.F.) ;
#938=ORIENTED_EDGE('',*,*,#727,.F.) ;
#939=ORIENTED_EDGE('',*,*,#587,.F.) ;
#940=ORIENTED_EDGE('',*,*,#625,.F.) ;
#941=ORIENTED_EDGE('',*,*,#651,.F.) ;
#942=ORIENTED_EDGE('',*,*,#904,.F.) ;
#943=ORIENTED_EDGE('',*,*,#911,.F.) ;
#944=ORIENTED_EDGE('',*,*,#918,.F.) ;
#945=ORIENTED_EDGE('',*,*,#925,.F.) ;
#946=ORIENTED_EDGE('',*,*,#930,.F.) ;
#947=ORIENTED_EDGE('',*,*,#433,.F.) ;
#948=ORIENTED_EDGE('',*,*,#402,.F.) ;
#949=ORIENTED_EDGE('',*,*,#331,.F.) ;
#950=ORIENTED_EDGE('',*,*,#300,.F.) ;
#951=ORIENTED_EDGE('',*,*,#935,.F.) ;
#954=ORIENTED_EDGE('',*,*,#84,.T.) ;
#955=ORIENTED_EDGE('',*,*,#101,.T.) ;
#958=ORIENTED_EDGE('',*,*,#502,.T.) ;
#959=ORIENTED_EDGE('',*,*,#485,.T.) ;
#962=ORIENTED_EDGE('',*,*,#559,.T.) ;
#963=ORIENTED_EDGE('',*,*,#542,.T.) ;
#1017=ORIENTED_EDGE('',*,*,#979,.T.) ;
#1018=ORIENTED_EDGE('',*,*,#984,.T.) ;
#1019=ORIENTED_EDGE('',*,*,#769,.F.) ;
#1020=ORIENTED_EDGE('',*,*,#991,.T.) ;
#1021=ORIENTED_EDGE('',*,*,#1010,.T.) ;
#1022=ORIENTED_EDGE('',*,*,#1015,.F.) ;
#1043=ORIENTED_EDGE('',*,*,#1036,.T.) ;
#1044=ORIENTED_EDGE('',*,*,#991,.F.) ;
#1045=ORIENTED_EDGE('',*,*,#762,.F.) ;
#1046=ORIENTED_EDGE('',*,*,#1041,.F.) ;
#1049=ORIENTED_EDGE('',*,*,#272,.T.) ;
#1050=ORIENTED_EDGE('',*,*,#250,.T.) ;
#1081=ORIENTED_EDGE('',*,*,#1067,.T.) ;
#1082=ORIENTED_EDGE('',*,*,#1041,.T.) ;
#1083=ORIENTED_EDGE('',*,*,#755,.T.) ;
#1084=ORIENTED_EDGE('',*,*,#1074,.F.) ;
#1085=ORIENTED_EDGE('',*,*,#1079,.T.) ;
#1111=ORIENTED_EDGE('',*,*,#1099,.T.) ;
#1112=ORIENTED_EDGE('',*,*,#656,.T.) ;
#1113=ORIENTED_EDGE('',*,*,#630,.T.) ;
#1114=ORIENTED_EDGE('',*,*,#599,.T.) ;
#1115=ORIENTED_EDGE('',*,*,#739,.T.) ;
#1116=ORIENTED_EDGE('',*,*,#1104,.T.) ;
#1117=ORIENTED_EDGE('',*,*,#1109,.T.) ;
#1120=ORIENTED_EDGE('',*,*,#530,.F.) ;
#1121=ORIENTED_EDGE('',*,*,#554,.F.) ;
#1163=ORIENTED_EDGE('',*,*,#1079,.F.) ;
#1164=ORIENTED_EDGE('',*,*,#1135,.F.) ;
#1165=ORIENTED_EDGE('',*,*,#1142,.T.) ;
#1166=ORIENTED_EDGE('',*,*,#1150,.F.) ;
#1167=ORIENTED_EDGE('',*,*,#1161,.F.) ;
#1194=ORIENTED_EDGE('',*,*,#1181,.F.) ;
#1195=ORIENTED_EDGE('',*,*,#904,.T.) ;
#1196=ORIENTED_EDGE('',*,*,#646,.T.) ;
#1197=ORIENTED_EDGE('',*,*,#1099,.F.) ;
#1198=ORIENTED_EDGE('',*,*,#1187,.T.) ;
#1199=ORIENTED_EDGE('',*,*,#1150,.T.) ;
#1200=ORIENTED_EDGE('',*,*,#1192,.F.) ;
#1209=ORIENTED_EDGE('',*,*,#1036,.F.) ;
#1210=ORIENTED_EDGE('',*,*,#1067,.F.) ;
#1211=ORIENTED_EDGE('',*,*,#1161,.T.) ;
#1212=ORIENTED_EDGE('',*,*,#1187,.F.) ;
#1213=ORIENTED_EDGE('',*,*,#1109,.F.) ;
#1214=ORIENTED_EDGE('',*,*,#1010,.F.) ;
#1263=ORIENTED_EDGE('',*,*,#1223,.F.) ;
#1264=ORIENTED_EDGE('',*,*,#364,.F.) ;
#1265=ORIENTED_EDGE('',*,*,#1230,.F.) ;
#1266=ORIENTED_EDGE('',*,*,#1237,.T.) ;
#1267=ORIENTED_EDGE('',*,*,#1244,.F.) ;
#1268=ORIENTED_EDGE('',*,*,#1261,.T.) ;
#1289=ORIENTED_EDGE('',*,*,#1282,.T.) ;
#1290=ORIENTED_EDGE('',*,*,#371,.T.) ;
#1291=ORIENTED_EDGE('',*,*,#1223,.T.) ;
#1292=ORIENTED_EDGE('',*,*,#1287,.F.) ;
#1295=ORIENTED_EDGE('',*,*,#708,.F.) ;
#1296=ORIENTED_EDGE('',*,*,#686,.F.) ;
#1333=ORIENTED_EDGE('',*,*,#1312,.T.) ;
#1334=ORIENTED_EDGE('',*,*,#1319,.F.) ;
#1335=ORIENTED_EDGE('',*,*,#1326,.T.) ;
#1336=ORIENTED_EDGE('',*,*,#1331,.T.) ;
#1364=ORIENTED_EDGE('',*,*,#1352,.F.) ;
#1365=ORIENTED_EDGE('',*,*,#1357,.F.) ;
#1366=ORIENTED_EDGE('',*,*,#1319,.T.) ;
#1367=ORIENTED_EDGE('',*,*,#1362,.T.) ;
#1395=ORIENTED_EDGE('',*,*,#1381,.T.) ;
#1396=ORIENTED_EDGE('',*,*,#1388,.F.) ;
#1397=ORIENTED_EDGE('',*,*,#1393,.T.) ;
#1398=ORIENTED_EDGE('',*,*,#1352,.T.) ;
#1435=ORIENTED_EDGE('',*,*,#1414,.T.) ;
#1436=ORIENTED_EDGE('',*,*,#1421,.F.) ;
#1437=ORIENTED_EDGE('',*,*,#1428,.T.) ;
#1438=ORIENTED_EDGE('',*,*,#1433,.T.) ;
#1461=ORIENTED_EDGE('',*,*,#1449,.T.) ;
#1462=ORIENTED_EDGE('',*,*,#1454,.T.) ;
#1463=ORIENTED_EDGE('',*,*,#1433,.F.) ;
#1464=ORIENTED_EDGE('',*,*,#1459,.F.) ;
#1492=ORIENTED_EDGE('',*,*,#1478,.T.) ;
#1493=ORIENTED_EDGE('',*,*,#1449,.F.) ;
#1494=ORIENTED_EDGE('',*,*,#1485,.T.) ;
#1495=ORIENTED_EDGE('',*,*,#1490,.T.) ;
#1523=ORIENTED_EDGE('',*,*,#1511,.F.) ;
#1524=ORIENTED_EDGE('',*,*,#1516,.T.) ;
#1525=ORIENTED_EDGE('',*,*,#1490,.F.) ;
#1526=ORIENTED_EDGE('',*,*,#1521,.F.) ;
#1554=ORIENTED_EDGE('',*,*,#1542,.F.) ;
#1555=ORIENTED_EDGE('',*,*,#1547,.F.) ;
#1556=ORIENTED_EDGE('',*,*,#1511,.T.) ;
#1557=ORIENTED_EDGE('',*,*,#1552,.F.) ;
#1580=ORIENTED_EDGE('',*,*,#1568,.F.) ;
#1581=ORIENTED_EDGE('',*,*,#1573,.T.) ;
#1582=ORIENTED_EDGE('',*,*,#1331,.F.) ;
#1583=ORIENTED_EDGE('',*,*,#1578,.F.) ;
#1611=ORIENTED_EDGE('',*,*,#1599,.F.) ;
#1612=ORIENTED_EDGE('',*,*,#1604,.F.) ;
#1613=ORIENTED_EDGE('',*,*,#1568,.T.) ;
#1614=ORIENTED_EDGE('',*,*,#1609,.F.) ;
#1642=ORIENTED_EDGE('',*,*,#1628,.T.) ;
#1643=ORIENTED_EDGE('',*,*,#1421,.T.) ;
#1644=ORIENTED_EDGE('',*,*,#1635,.F.) ;
#1645=ORIENTED_EDGE('',*,*,#1640,.F.) ;
#1671=ORIENTED_EDGE('',*,*,#1659,.T.) ;
#1672=ORIENTED_EDGE('',*,*,#911,.T.) ;
#1673=ORIENTED_EDGE('',*,*,#1181,.T.) ;
#1674=ORIENTED_EDGE('',*,*,#1664,.F.) ;
#1675=ORIENTED_EDGE('',*,*,#1552,.T.) ;
#1676=ORIENTED_EDGE('',*,*,#1521,.T.) ;
#1677=ORIENTED_EDGE('',*,*,#1485,.F.) ;
#1678=ORIENTED_EDGE('',*,*,#1459,.T.) ;
#1679=ORIENTED_EDGE('',*,*,#1428,.F.) ;
#1680=ORIENTED_EDGE('',*,*,#1628,.F.) ;
#1681=ORIENTED_EDGE('',*,*,#1669,.F.) ;
#1684=ORIENTED_EDGE('',*,*,#210,.F.) ;
#1685=ORIENTED_EDGE('',*,*,#179,.F.) ;
#1688=ORIENTED_EDGE('',*,*,#153,.F.) ;
#1689=ORIENTED_EDGE('',*,*,#122,.F.) ;
#1710=ORIENTED_EDGE('',*,*,#1703,.T.) ;
#1711=ORIENTED_EDGE('',*,*,#1708,.F.) ;
#1712=ORIENTED_EDGE('',*,*,#1669,.T.) ;
#1713=ORIENTED_EDGE('',*,*,#1640,.T.) ;
#1736=ORIENTED_EDGE('',*,*,#1722,.T.) ;
#1737=ORIENTED_EDGE('',*,*,#1388,.T.) ;
#1738=ORIENTED_EDGE('',*,*,#1729,.F.) ;
#1739=ORIENTED_EDGE('',*,*,#1734,.F.) ;
#1772=ORIENTED_EDGE('',*,*,#1729,.T.) ;
#1773=ORIENTED_EDGE('',*,*,#1381,.F.) ;
#1774=ORIENTED_EDGE('',*,*,#1362,.F.) ;
#1775=ORIENTED_EDGE('',*,*,#1312,.F.) ;
#1776=ORIENTED_EDGE('',*,*,#1573,.F.) ;
#1777=ORIENTED_EDGE('',*,*,#1604,.T.) ;
#1778=ORIENTED_EDGE('',*,*,#1753,.F.) ;
#1779=ORIENTED_EDGE('',*,*,#1758,.F.) ;
#1780=ORIENTED_EDGE('',*,*,#925,.T.) ;
#1781=ORIENTED_EDGE('',*,*,#1765,.F.) ;
#1782=ORIENTED_EDGE('',*,*,#1770,.F.) ;
#1785=ORIENTED_EDGE('',*,*,#873,.F.) ;
#1786=ORIENTED_EDGE('',*,*,#842,.F.) ;
#1789=ORIENTED_EDGE('',*,*,#821,.F.) ;
#1790=ORIENTED_EDGE('',*,*,#790,.F.) ;
#1811=ORIENTED_EDGE('',*,*,#1770,.T.) ;
#1812=ORIENTED_EDGE('',*,*,#1804,.F.) ;
#1813=ORIENTED_EDGE('',*,*,#1809,.T.) ;
#1814=ORIENTED_EDGE('',*,*,#1734,.T.) ;
#1840=ORIENTED_EDGE('',*,*,#1823,.T.) ;
#1841=ORIENTED_EDGE('',*,*,#378,.T.) ;
#1842=ORIENTED_EDGE('',*,*,#1282,.F.) ;
#1843=ORIENTED_EDGE('',*,*,#1833,.T.) ;
#1844=ORIENTED_EDGE('',*,*,#1838,.T.) ;
#1865=ORIENTED_EDGE('',*,*,#1853,.T.) ;
#1866=ORIENTED_EDGE('',*,*,#1858,.T.) ;
#1867=ORIENTED_EDGE('',*,*,#312,.T.) ;
#1868=ORIENTED_EDGE('',*,*,#343,.T.) ;
#1869=ORIENTED_EDGE('',*,*,#414,.T.) ;
#1870=ORIENTED_EDGE('',*,*,#445,.T.) ;
#1871=ORIENTED_EDGE('',*,*,#1863,.T.) ;
#1874=ORIENTED_EDGE('',*,*,#473,.F.) ;
#1875=ORIENTED_EDGE('',*,*,#497,.F.) ;
#1917=ORIENTED_EDGE('',*,*,#1838,.F.) ;
#1918=ORIENTED_EDGE('',*,*,#1895,.F.) ;
#1919=ORIENTED_EDGE('',*,*,#1903,.F.) ;
#1920=ORIENTED_EDGE('',*,*,#1910,.T.) ;
#1921=ORIENTED_EDGE('',*,*,#1915,.F.) ;
#1941=ORIENTED_EDGE('',*,*,#440,.F.) ;
#1942=ORIENTED_EDGE('',*,*,#930,.T.) ;
#1943=ORIENTED_EDGE('',*,*,#1758,.T.) ;
#1944=ORIENTED_EDGE('',*,*,#1933,.F.) ;
#1945=ORIENTED_EDGE('',*,*,#1903,.T.) ;
#1946=ORIENTED_EDGE('',*,*,#1939,.T.) ;
#1947=ORIENTED_EDGE('',*,*,#1863,.F.) ;
#1956=ORIENTED_EDGE('',*,*,#1853,.F.) ;
#1957=ORIENTED_EDGE('',*,*,#1939,.F.) ;
#1958=ORIENTED_EDGE('',*,*,#1895,.T.) ;
#1959=ORIENTED_EDGE('',*,*,#1833,.F.) ;
#1960=ORIENTED_EDGE('',*,*,#1287,.T.) ;
#1961=ORIENTED_EDGE('',*,*,#1261,.F.) ;
#1975=ORIENTED_EDGE('',*,*,#1230,.T.) ;
#1976=ORIENTED_EDGE('',*,*,#383,.T.) ;
#1977=ORIENTED_EDGE('',*,*,#1823,.F.) ;
#1978=ORIENTED_EDGE('',*,*,#1915,.T.) ;
#1979=ORIENTED_EDGE('',*,*,#1973,.T.) ;
#1982=ORIENTED_EDGE('',*,*,#703,.F.) ;
#1983=ORIENTED_EDGE('',*,*,#672,.F.) ;
#2020=ORIENTED_EDGE('',*,*,#1994,.T.) ;
#2021=ORIENTED_EDGE('',*,*,#2001,.T.) ;
#2022=ORIENTED_EDGE('',*,*,#2008,.T.) ;
#2023=ORIENTED_EDGE('',*,*,#2013,.T.) ;
#2024=ORIENTED_EDGE('',*,*,#1542,.T.) ;
#2025=ORIENTED_EDGE('',*,*,#1664,.T.) ;
#2026=ORIENTED_EDGE('',*,*,#1192,.T.) ;
#2027=ORIENTED_EDGE('',*,*,#1142,.F.) ;
#2028=ORIENTED_EDGE('',*,*,#2018,.T.) ;
#2093=ORIENTED_EDGE('',*,*,#2044,.T.) ;
#2094=ORIENTED_EDGE('',*,*,#2051,.F.) ;
#2095=ORIENTED_EDGE('',*,*,#2058,.T.) ;
#2096=ORIENTED_EDGE('',*,*,#2065,.T.) ;
#2097=ORIENTED_EDGE('',*,*,#2072,.T.) ;
#2098=ORIENTED_EDGE('',*,*,#2079,.F.) ;
#2099=ORIENTED_EDGE('',*,*,#2086,.T.) ;
#2100=ORIENTED_EDGE('',*,*,#2091,.F.) ;
#2142=ORIENTED_EDGE('',*,*,#2116,.F.) ;
#2143=ORIENTED_EDGE('',*,*,#2123,.T.) ;
#2144=ORIENTED_EDGE('',*,*,#2128,.F.) ;
#2145=ORIENTED_EDGE('',*,*,#1804,.T.) ;
#2146=ORIENTED_EDGE('',*,*,#1765,.T.) ;
#2147=ORIENTED_EDGE('',*,*,#918,.T.) ;
#2148=ORIENTED_EDGE('',*,*,#1659,.F.) ;
#2149=ORIENTED_EDGE('',*,*,#1708,.T.) ;
#2150=ORIENTED_EDGE('',*,*,#2135,.T.) ;
#2151=ORIENTED_EDGE('',*,*,#2140,.T.) ;
#2179=ORIENTED_EDGE('',*,*,#2167,.F.) ;
#2180=ORIENTED_EDGE('',*,*,#2172,.F.) ;
#2181=ORIENTED_EDGE('',*,*,#2086,.F.) ;
#2182=ORIENTED_EDGE('',*,*,#2177,.T.) ;
#2205=ORIENTED_EDGE('',*,*,#2116,.T.) ;
#2206=ORIENTED_EDGE('',*,*,#2191,.T.) ;
#2207=ORIENTED_EDGE('',*,*,#2198,.T.) ;
#2208=ORIENTED_EDGE('',*,*,#2203,.T.) ;
#2211=ORIENTED_EDGE('',*,*,#96,.F.) ;
#2212=ORIENTED_EDGE('',*,*,#72,.F.) ;
#2233=ORIENTED_EDGE('',*,*,#2226,.F.) ;
#2234=ORIENTED_EDGE('',*,*,#2231,.F.) ;
#2235=ORIENTED_EDGE('',*,*,#2091,.T.) ;
#2236=ORIENTED_EDGE('',*,*,#2172,.T.) ;
#2257=ORIENTED_EDGE('',*,*,#2250,.F.) ;
#2258=ORIENTED_EDGE('',*,*,#2255,.F.) ;
#2259=ORIENTED_EDGE('',*,*,#2044,.F.) ;
#2260=ORIENTED_EDGE('',*,*,#2231,.T.) ;
#2279=ORIENTED_EDGE('',*,*,#2250,.T.) ;
#2280=ORIENTED_EDGE('',*,*,#2272,.T.) ;
#2281=ORIENTED_EDGE('',*,*,#2277,.F.) ;
#2295=ORIENTED_EDGE('',*,*,#2226,.T.) ;
#2296=ORIENTED_EDGE('',*,*,#2293,.T.) ;
#2297=ORIENTED_EDGE('',*,*,#2198,.F.) ;
#2298=ORIENTED_EDGE('',*,*,#2272,.F.) ;
#2312=ORIENTED_EDGE('',*,*,#2167,.T.) ;
#2313=ORIENTED_EDGE('',*,*,#2310,.T.) ;
#2314=ORIENTED_EDGE('',*,*,#2293,.F.) ;
#2328=ORIENTED_EDGE('',*,*,#2123,.F.) ;
#2329=ORIENTED_EDGE('',*,*,#2203,.F.) ;
#2330=ORIENTED_EDGE('',*,*,#2310,.F.) ;
#2331=ORIENTED_EDGE('',*,*,#2326,.T.) ;
#2345=ORIENTED_EDGE('',*,*,#2140,.F.) ;
#2346=ORIENTED_EDGE('',*,*,#2343,.T.) ;
#2347=ORIENTED_EDGE('',*,*,#2277,.T.) ;
#2348=ORIENTED_EDGE('',*,*,#2191,.F.) ;
#2376=ORIENTED_EDGE('',*,*,#2362,.T.) ;
#2377=ORIENTED_EDGE('',*,*,#979,.F.) ;
#2378=ORIENTED_EDGE('',*,*,#1015,.T.) ;
#2379=ORIENTED_EDGE('',*,*,#1104,.F.) ;
#2380=ORIENTED_EDGE('',*,*,#734,.F.) ;
#2381=ORIENTED_EDGE('',*,*,#897,.T.) ;
#2382=ORIENTED_EDGE('',*,*,#935,.T.) ;
#2383=ORIENTED_EDGE('',*,*,#293,.T.) ;
#2384=ORIENTED_EDGE('',*,*,#1858,.F.) ;
#2385=ORIENTED_EDGE('',*,*,#1244,.T.) ;
#2386=ORIENTED_EDGE('',*,*,#1237,.F.) ;
#2387=ORIENTED_EDGE('',*,*,#2369,.T.) ;
#2388=ORIENTED_EDGE('',*,*,#2374,.F.) ;
#2431=ORIENTED_EDGE('',*,*,#2405,.T.) ;
#2432=ORIENTED_EDGE('',*,*,#2410,.T.) ;
#2433=ORIENTED_EDGE('',*,*,#1910,.F.) ;
#2434=ORIENTED_EDGE('',*,*,#1933,.T.) ;
#2435=ORIENTED_EDGE('',*,*,#1753,.T.) ;
#2436=ORIENTED_EDGE('',*,*,#1599,.T.) ;
#2437=ORIENTED_EDGE('',*,*,#2417,.T.) ;
#2438=ORIENTED_EDGE('',*,*,#2424,.T.) ;
#2439=ORIENTED_EDGE('',*,*,#2429,.T.) ;
#2460=ORIENTED_EDGE('',*,*,#2453,.F.) ;
#2461=ORIENTED_EDGE('',*,*,#2458,.T.) ;
#2462=ORIENTED_EDGE('',*,*,#2369,.F.) ;
#2463=ORIENTED_EDGE('',*,*,#1973,.F.) ;
#2464=ORIENTED_EDGE('',*,*,#2410,.F.) ;
#2492=ORIENTED_EDGE('',*,*,#2480,.T.) ;
#2493=ORIENTED_EDGE('',*,*,#2485,.F.) ;
#2494=ORIENTED_EDGE('',*,*,#2072,.F.) ;
#2495=ORIENTED_EDGE('',*,*,#2490,.T.) ;
#2516=ORIENTED_EDGE('',*,*,#2490,.F.) ;
#2517=ORIENTED_EDGE('',*,*,#2065,.F.) ;
#2518=ORIENTED_EDGE('',*,*,#2509,.T.) ;
#2519=ORIENTED_EDGE('',*,*,#2514,.T.) ;
#2540=ORIENTED_EDGE('',*,*,#2533,.T.) ;
#2541=ORIENTED_EDGE('',*,*,#2509,.F.) ;
#2542=ORIENTED_EDGE('',*,*,#2058,.F.) ;
#2543=ORIENTED_EDGE('',*,*,#2538,.T.) ;
#2557=ORIENTED_EDGE('',*,*,#2555,.T.) ;
#2558=ORIENTED_EDGE('',*,*,#1135,.T.) ;
#2559=ORIENTED_EDGE('',*,*,#1074,.T.) ;
#2560=ORIENTED_EDGE('',*,*,#774,.F.) ;
#2561=ORIENTED_EDGE('',*,*,#984,.F.) ;
#2564=ORIENTED_EDGE('',*,*,#267,.T.) ;
#2565=ORIENTED_EDGE('',*,*,#236,.T.) ;
#2628=ORIENTED_EDGE('',*,*,#2374,.T.) ;
#2629=ORIENTED_EDGE('',*,*,#2458,.F.) ;
#2630=ORIENTED_EDGE('',*,*,#2579,.F.) ;
#2631=ORIENTED_EDGE('',*,*,#2586,.F.) ;
#2632=ORIENTED_EDGE('',*,*,#2593,.F.) ;
#2633=ORIENTED_EDGE('',*,*,#2600,.F.) ;
#2634=ORIENTED_EDGE('',*,*,#2607,.F.) ;
#2635=ORIENTED_EDGE('',*,*,#2614,.F.) ;
#2636=ORIENTED_EDGE('',*,*,#2621,.F.) ;
#2637=ORIENTED_EDGE('',*,*,#2626,.F.) ;
#2651=ORIENTED_EDGE('',*,*,#1609,.T.) ;
#2652=ORIENTED_EDGE('',*,*,#1578,.T.) ;
#2653=ORIENTED_EDGE('',*,*,#1326,.F.) ;
#2654=ORIENTED_EDGE('',*,*,#1357,.T.) ;
#2655=ORIENTED_EDGE('',*,*,#1393,.F.) ;
#2656=ORIENTED_EDGE('',*,*,#1722,.F.) ;
#2657=ORIENTED_EDGE('',*,*,#1809,.F.) ;
#2658=ORIENTED_EDGE('',*,*,#2128,.T.) ;
#2659=ORIENTED_EDGE('',*,*,#2326,.F.) ;
#2660=ORIENTED_EDGE('',*,*,#2177,.F.) ;
#2661=ORIENTED_EDGE('',*,*,#2079,.T.) ;
#2662=ORIENTED_EDGE('',*,*,#2485,.T.) ;
#2663=ORIENTED_EDGE('',*,*,#2649,.T.) ;
#2666=ORIENTED_EDGE('',*,*,#826,.F.) ;
#2667=ORIENTED_EDGE('',*,*,#804,.F.) ;
#2670=ORIENTED_EDGE('',*,*,#878,.F.) ;
#2671=ORIENTED_EDGE('',*,*,#856,.F.) ;
#2685=ORIENTED_EDGE('',*,*,#2683,.T.) ;
#2686=ORIENTED_EDGE('',*,*,#2538,.F.) ;
#2687=ORIENTED_EDGE('',*,*,#2051,.T.) ;
#2688=ORIENTED_EDGE('',*,*,#2255,.T.) ;
#2689=ORIENTED_EDGE('',*,*,#2343,.F.) ;
#2690=ORIENTED_EDGE('',*,*,#2135,.F.) ;
#2691=ORIENTED_EDGE('',*,*,#1703,.F.) ;
#2692=ORIENTED_EDGE('',*,*,#1635,.T.) ;
#2693=ORIENTED_EDGE('',*,*,#1414,.F.) ;
#2694=ORIENTED_EDGE('',*,*,#1454,.F.) ;
#2695=ORIENTED_EDGE('',*,*,#1478,.F.) ;
#2696=ORIENTED_EDGE('',*,*,#1516,.F.) ;
#2697=ORIENTED_EDGE('',*,*,#1547,.T.) ;
#2700=ORIENTED_EDGE('',*,*,#158,.T.) ;
#2701=ORIENTED_EDGE('',*,*,#136,.T.) ;
#2704=ORIENTED_EDGE('',*,*,#215,.T.) ;
#2705=ORIENTED_EDGE('',*,*,#193,.T.) ;
#2724=ORIENTED_EDGE('',*,*,#2717,.T.) ;
#2725=ORIENTED_EDGE('',*,*,#1994,.F.) ;
#2726=ORIENTED_EDGE('',*,*,#2722,.F.) ;
#2740=ORIENTED_EDGE('',*,*,#2621,.T.) ;
#2741=ORIENTED_EDGE('',*,*,#2738,.T.) ;
#2742=ORIENTED_EDGE('',*,*,#2001,.F.) ;
#2743=ORIENTED_EDGE('',*,*,#2717,.F.) ;
#2757=ORIENTED_EDGE('',*,*,#2614,.T.) ;
#2758=ORIENTED_EDGE('',*,*,#2755,.T.) ;
#2759=ORIENTED_EDGE('',*,*,#2008,.F.) ;
#2760=ORIENTED_EDGE('',*,*,#2738,.F.) ;
#2774=ORIENTED_EDGE('',*,*,#2607,.T.) ;
#2775=ORIENTED_EDGE('',*,*,#2772,.T.) ;
#2776=ORIENTED_EDGE('',*,*,#2683,.F.) ;
#2777=ORIENTED_EDGE('',*,*,#2013,.F.) ;
#2778=ORIENTED_EDGE('',*,*,#2755,.F.) ;
#2792=ORIENTED_EDGE('',*,*,#2790,.T.) ;
#2793=ORIENTED_EDGE('',*,*,#2533,.F.) ;
#2794=ORIENTED_EDGE('',*,*,#2772,.F.) ;
#2808=ORIENTED_EDGE('',*,*,#2600,.T.) ;
#2809=ORIENTED_EDGE('',*,*,#2806,.T.) ;
#2810=ORIENTED_EDGE('',*,*,#2514,.F.) ;
#2811=ORIENTED_EDGE('',*,*,#2790,.F.) ;
#2825=ORIENTED_EDGE('',*,*,#2823,.T.) ;
#2826=ORIENTED_EDGE('',*,*,#2480,.F.) ;
#2827=ORIENTED_EDGE('',*,*,#2806,.F.) ;
#2841=ORIENTED_EDGE('',*,*,#2593,.T.) ;
#2842=ORIENTED_EDGE('',*,*,#2839,.T.) ;
#2843=ORIENTED_EDGE('',*,*,#2417,.F.) ;
#2844=ORIENTED_EDGE('',*,*,#2649,.F.) ;
#2845=ORIENTED_EDGE('',*,*,#2823,.F.) ;
#2859=ORIENTED_EDGE('',*,*,#2586,.T.) ;
#2860=ORIENTED_EDGE('',*,*,#2857,.T.) ;
#2861=ORIENTED_EDGE('',*,*,#2424,.F.) ;
#2862=ORIENTED_EDGE('',*,*,#2839,.F.) ;
#2876=ORIENTED_EDGE('',*,*,#2579,.T.) ;
#2877=ORIENTED_EDGE('',*,*,#2874,.T.) ;
#2878=ORIENTED_EDGE('',*,*,#2429,.F.) ;
#2879=ORIENTED_EDGE('',*,*,#2857,.F.) ;
#2888=ORIENTED_EDGE('',*,*,#2405,.F.) ;
#2889=ORIENTED_EDGE('',*,*,#2874,.F.) ;
#2890=ORIENTED_EDGE('',*,*,#2453,.T.) ;
#2899=ORIENTED_EDGE('',*,*,#2362,.F.) ;
#2900=ORIENTED_EDGE('',*,*,#2626,.T.) ;
#2901=ORIENTED_EDGE('',*,*,#2722,.T.) ;
#2902=ORIENTED_EDGE('',*,*,#2018,.F.) ;
#2903=ORIENTED_EDGE('',*,*,#2555,.F.) ;
#956=FACE_BOUND('',#953,.T.) ;
#960=FACE_BOUND('',#957,.T.) ;
#964=FACE_BOUND('',#961,.T.) ;
#1051=FACE_BOUND('',#1048,.T.) ;
#1122=FACE_BOUND('',#1119,.T.) ;
#1297=FACE_BOUND('',#1294,.T.) ;
#1686=FACE_BOUND('',#1683,.T.) ;
#1690=FACE_BOUND('',#1687,.T.) ;
#1787=FACE_BOUND('',#1784,.T.) ;
#1791=FACE_BOUND('',#1788,.T.) ;
#1876=FACE_BOUND('',#1873,.T.) ;
#1984=FACE_BOUND('',#1981,.T.) ;
#2213=FACE_BOUND('',#2210,.T.) ;
#2566=FACE_BOUND('',#2563,.T.) ;
#2668=FACE_BOUND('',#2665,.T.) ;
#2672=FACE_BOUND('',#2669,.T.) ;
#2702=FACE_BOUND('',#2699,.T.) ;
#2706=FACE_BOUND('',#2703,.T.) ;
#51=CLOSED_SHELL('Closed Shell',(#91,#108,#148,#165,#205,#222,#262,#279,#319,#350,#390,#421,#452,#492,#509,#549,#566,#606,#637,#663,#698,#715,#746,#781,#816,#833,#868,#885,#965,#1024,#1052,#1087,#1123,#1169,#1202,#1216,#1270,#1298,#1338,#1369,#1400,#1440,#1466,#1497,#1528,#1559,#1585,#1616,#1647,#1691,#1715,#1741,#1792,#1816,#1846,#1877,#1923,#1949,#1963,#1985,#2030,#2102,#2153,#2184,#2214,#2238,#2262,#2283,#2300,#2316,#2333,#2350,#2390,#2441,#2466,#2497,#2521,#2545,#2567,#2639,#2673,#2707,#2728,#2745,#2762,#2780,#2796,#2813,#2829,#2847,#2864,#2881,#2892,#2905)) ;
#59=VECTOR('Line Direction',#58,1.) ;
#75=VECTOR('Line Direction',#74,1.) ;
#125=VECTOR('Line Direction',#124,1.) ;
#139=VECTOR('Line Direction',#138,1.) ;
#182=VECTOR('Line Direction',#181,1.) ;
#196=VECTOR('Line Direction',#195,1.) ;
#239=VECTOR('Line Direction',#238,1.) ;
#253=VECTOR('Line Direction',#252,1.) ;
#287=VECTOR('Line Direction',#286,1.) ;
#303=VECTOR('Line Direction',#302,1.) ;
#327=VECTOR('Line Direction',#326,1.) ;
#334=VECTOR('Line Direction',#333,1.) ;
#341=VECTOR('Line Direction',#340,1.) ;
#358=VECTOR('Line Direction',#357,1.) ;
#374=VECTOR('Line Direction',#373,1.) ;
#405=VECTOR('Line Direction',#404,1.) ;
#429=VECTOR('Line Direction',#428,1.) ;
#436=VECTOR('Line Direction',#435,1.) ;
#443=VECTOR('Line Direction',#442,1.) ;
#460=VECTOR('Line Direction',#459,1.) ;
#476=VECTOR('Line Direction',#475,1.) ;
#517=VECTOR('Line Direction',#516,1.) ;
#533=VECTOR('Line Direction',#532,1.) ;
#574=VECTOR('Line Direction',#573,1.) ;
#583=VECTOR('Line Direction',#582,1.) ;
#590=VECTOR('Line Direction',#589,1.) ;
#597=VECTOR('Line Direction',#596,1.) ;
#614=VECTOR('Line Direction',#613,1.) ;
#640=VECTOR('Line Direction',#639,1.) ;
#649=VECTOR('Line Direction',#648,1.) ;
#654=VECTOR('Line Direction',#653,1.) ;
#675=VECTOR('Line Direction',#674,1.) ;
#689=VECTOR('Line Direction',#688,1.) ;
#730=VECTOR('Line Direction',#729,1.) ;
#749=VECTOR('Line Direction',#748,1.) ;
#765=VECTOR('Line Direction',#764,1.) ;
#793=VECTOR('Line Direction',#792,1.) ;
#807=VECTOR('Line Direction',#806,1.) ;
#845=VECTOR('Line Direction',#844,1.) ;
#859=VECTOR('Line Direction',#858,1.) ;
#893=VECTOR('Line Direction',#892,1.) ;
#907=VECTOR('Line Direction',#906,1.) ;
#914=VECTOR('Line Direction',#913,1.) ;
#921=VECTOR('Line Direction',#920,1.) ;
#933=VECTOR('Line Direction',#932,1.) ;
#973=VECTOR('Line Direction',#972,1.) ;
#982=VECTOR('Line Direction',#981,1.) ;
#987=VECTOR('Line Direction',#986,1.) ;
#1013=VECTOR('Line Direction',#1012,1.) ;
#1032=VECTOR('Line Direction',#1031,1.) ;
#1039=VECTOR('Line Direction',#1038,1.) ;
#1070=VECTOR('Line Direction',#1069,1.) ;
#1077=VECTOR('Line Direction',#1076,1.) ;
#1102=VECTOR('Line Direction',#1101,1.) ;
#1107=VECTOR('Line Direction',#1106,1.) ;
#1138=VECTOR('Line Direction',#1137,1.) ;
#1177=VECTOR('Line Direction',#1176,1.) ;
#1219=VECTOR('Line Direction',#1218,1.) ;
#1226=VECTOR('Line Direction',#1225,1.) ;
#1233=VECTOR('Line Direction',#1232,1.) ;
#1240=VECTOR('Line Direction',#1239,1.) ;
#1278=VECTOR('Line Direction',#1277,1.) ;
#1285=VECTOR('Line Direction',#1284,1.) ;
#1315=VECTOR('Line Direction',#1314,1.) ;
#1329=VECTOR('Line Direction',#1328,1.) ;
#1346=VECTOR('Line Direction',#1345,1.) ;
#1355=VECTOR('Line Direction',#1354,1.) ;
#1360=VECTOR('Line Direction',#1359,1.) ;
#1384=VECTOR('Line Direction',#1383,1.) ;
#1417=VECTOR('Line Direction',#1416,1.) ;
#1431=VECTOR('Line Direction',#1430,1.) ;
#1443=VECTOR('Line Direction',#1442,1.) ;
#1452=VECTOR('Line Direction',#1451,1.) ;
#1457=VECTOR('Line Direction',#1456,1.) ;
#1488=VECTOR('Line Direction',#1487,1.) ;
#1505=VECTOR('Line Direction',#1504,1.) ;
#1514=VECTOR('Line Direction',#1513,1.) ;
#1519=VECTOR('Line Direction',#1518,1.) ;
#1536=VECTOR('Line Direction',#1535,1.) ;
#1562=VECTOR('Line Direction',#1561,1.) ;
#1571=VECTOR('Line Direction',#1570,1.) ;
#1576=VECTOR('Line Direction',#1575,1.) ;
#1593=VECTOR('Line Direction',#1592,1.) ;
#1624=VECTOR('Line Direction',#1623,1.) ;
#1631=VECTOR('Line Direction',#1630,1.) ;
#1638=VECTOR('Line Direction',#1637,1.) ;
#1655=VECTOR('Line Direction',#1654,1.) ;
#1662=VECTOR('Line Direction',#1661,1.) ;
#1706=VECTOR('Line Direction',#1705,1.) ;
#1718=VECTOR('Line Direction',#1717,1.) ;
#1725=VECTOR('Line Direction',#1724,1.) ;
#1732=VECTOR('Line Direction',#1731,1.) ;
#1749=VECTOR('Line Direction',#1748,1.) ;
#1756=VECTOR('Line Direction',#1755,1.) ;
#1761=VECTOR('Line Direction',#1760,1.) ;
#1800=VECTOR('Line Direction',#1799,1.) ;
#1819=VECTOR('Line Direction',#1818,1.) ;
#1836=VECTOR('Line Direction',#1835,1.) ;
#1849=VECTOR('Line Direction',#1848,1.) ;
#1856=VECTOR('Line Direction',#1855,1.) ;
#1906=VECTOR('Line Direction',#1905,1.) ;
#1971=VECTOR('Line Direction',#1970,1.) ;
#1997=VECTOR('Line Direction',#1996,1.) ;
#2011=VECTOR('Line Direction',#2010,1.) ;
#2016=VECTOR('Line Direction',#2015,1.) ;
#2047=VECTOR('Line Direction',#2046,1.) ;
#2061=VECTOR('Line Direction',#2060,1.) ;
#2075=VECTOR('Line Direction',#2074,1.) ;
#2089=VECTOR('Line Direction',#2088,1.) ;
#2110=VECTOR('Line Direction',#2109,1.) ;
#2126=VECTOR('Line Direction',#2125,1.) ;
#2131=VECTOR('Line Direction',#2130,1.) ;
#2170=VECTOR('Line Direction',#2169,1.) ;
#2175=VECTOR('Line Direction',#2174,1.) ;
#2187=VECTOR('Line Direction',#2186,1.) ;
#2194=VECTOR('Line Direction',#2193,1.) ;
#2201=VECTOR('Line Direction',#2200,1.) ;
#2222=VECTOR('Line Direction',#2221,1.) ;
#2229=VECTOR('Line Direction',#2228,1.) ;
#2253=VECTOR('Line Direction',#2252,1.) ;
#2324=VECTOR('Line Direction',#2323,1.) ;
#2341=VECTOR('Line Direction',#2340,1.) ;
#2372=VECTOR('Line Direction',#2371,1.) ;
#2408=VECTOR('Line Direction',#2407,1.) ;
#2413=VECTOR('Line Direction',#2412,1.) ;
#2427=VECTOR('Line Direction',#2426,1.) ;
#2456=VECTOR('Line Direction',#2455,1.) ;
#2483=VECTOR('Line Direction',#2482,1.) ;
#2488=VECTOR('Line Direction',#2487,1.) ;
#2505=VECTOR('Line Direction',#2504,1.) ;
#2512=VECTOR('Line Direction',#2511,1.) ;
#2536=VECTOR('Line Direction',#2535,1.) ;
#2553=VECTOR('Line Direction',#2552,1.) ;
#2575=VECTOR('Line Direction',#2574,1.) ;
#2589=VECTOR('Line Direction',#2588,1.) ;
#2596=VECTOR('Line Direction',#2595,1.) ;
#2603=VECTOR('Line Direction',#2602,1.) ;
#2617=VECTOR('Line Direction',#2616,1.) ;
#2624=VECTOR('Line Direction',#2623,1.) ;
#2647=VECTOR('Line Direction',#2646,1.) ;
#2681=VECTOR('Line Direction',#2680,1.) ;
#2907=ADVANCED_BREP_SHAPE_REPRESENTATION('NONE',(#2906),#46) ;
#49=SHAPE_REPRESENTATION(' ',(#48),#46) ;
#91=ADVANCED_FACE('PartBody',(#90),#56,.F.) ;
#108=ADVANCED_FACE('PartBody',(#107),#56,.F.) ;
#148=ADVANCED_FACE('PartBody',(#147),#113,.F.) ;
#165=ADVANCED_FACE('PartBody',(#164),#113,.F.) ;
#205=ADVANCED_FACE('PartBody',(#204),#170,.F.) ;
#222=ADVANCED_FACE('PartBody',(#221),#170,.F.) ;
#262=ADVANCED_FACE('PartBody',(#261),#227,.F.) ;
#279=ADVANCED_FACE('PartBody',(#278),#227,.F.) ;
#319=ADVANCED_FACE('PartBody',(#318),#284,.T.) ;
#350=ADVANCED_FACE('PartBody',(#349),#324,.T.) ;
#390=ADVANCED_FACE('PartBody',(#389),#355,.T.) ;
#421=ADVANCED_FACE('PartBody',(#420),#395,.T.) ;
#452=ADVANCED_FACE('PartBody',(#451),#426,.T.) ;
#492=ADVANCED_FACE('PartBody',(#491),#457,.F.) ;
#509=ADVANCED_FACE('PartBody',(#508),#457,.F.) ;
#549=ADVANCED_FACE('PartBody',(#548),#514,.F.) ;
#566=ADVANCED_FACE('PartBody',(#565),#514,.F.) ;
#606=ADVANCED_FACE('PartBody',(#605),#571,.T.) ;
#637=ADVANCED_FACE('PartBody',(#636),#611,.T.) ;
#663=ADVANCED_FACE('PartBody',(#662),#426,.T.) ;
#698=ADVANCED_FACE('PartBody',(#697),#227,.F.) ;
#715=ADVANCED_FACE('PartBody',(#714),#227,.F.) ;
#746=ADVANCED_FACE('PartBody',(#745),#720,.T.) ;
#781=ADVANCED_FACE('PartBody',(#780),#355,.T.) ;
#816=ADVANCED_FACE('PartBody',(#815),#113,.F.) ;
#833=ADVANCED_FACE('PartBody',(#832),#113,.F.) ;
#868=ADVANCED_FACE('PartBody',(#867),#170,.F.) ;
#885=ADVANCED_FACE('PartBody',(#884),#170,.F.) ;
#965=ADVANCED_FACE('PartBody',(#952,#956,#960,#964),#890,.F.) ;
#1024=ADVANCED_FACE('PartBody',(#1023),#970,.F.) ;
#1052=ADVANCED_FACE('PartBody',(#1047,#1051),#1029,.F.) ;
#1087=ADVANCED_FACE('PartBody',(#1086),#1057,.T.) ;
#1123=ADVANCED_FACE('PartBody',(#1118,#1122),#1092,.T.) ;
#1169=ADVANCED_FACE('PartBody',(#1168),#1128,.F.) ;
#1202=ADVANCED_FACE('PartBody',(#1201),#1174,.F.) ;
#1216=ADVANCED_FACE('PartBody',(#1215),#1207,.F.) ;
#1270=ADVANCED_FACE('PartBody',(#1269),#970,.F.) ;
#1298=ADVANCED_FACE('PartBody',(#1293,#1297),#1275,.T.) ;
#1338=ADVANCED_FACE('PartBody',(#1337),#1303,.T.) ;
#1369=ADVANCED_FACE('PartBody',(#1368),#1343,.F.) ;
#1400=ADVANCED_FACE('PartBody',(#1399),#1374,.T.) ;
#1440=ADVANCED_FACE('PartBody',(#1439),#1405,.T.) ;
#1466=ADVANCED_FACE('PartBody',(#1465),#1343,.F.) ;
#1497=ADVANCED_FACE('PartBody',(#1496),#1471,.T.) ;
#1528=ADVANCED_FACE('PartBody',(#1527),#1502,.F.) ;
#1559=ADVANCED_FACE('PartBody',(#1558),#1533,.F.) ;
#1585=ADVANCED_FACE('PartBody',(#1584),#1502,.F.) ;
#1616=ADVANCED_FACE('PartBody',(#1615),#1590,.F.) ;
#1647=ADVANCED_FACE('PartBody',(#1646),#1621,.T.) ;
#1691=ADVANCED_FACE('PartBody',(#1682,#1686,#1690),#1652,.T.) ;
#1715=ADVANCED_FACE('PartBody',(#1714),#1696,.T.) ;
#1741=ADVANCED_FACE('PartBody',(#1740),#1621,.T.) ;
#1792=ADVANCED_FACE('PartBody',(#1783,#1787,#1791),#1746,.T.) ;
#1816=ADVANCED_FACE('PartBody',(#1815),#1797,.T.) ;
#1846=ADVANCED_FACE('PartBody',(#1845),#1057,.T.) ;
#1877=ADVANCED_FACE('PartBody',(#1872,#1876),#1092,.T.) ;
#1923=ADVANCED_FACE('PartBody',(#1922),#1882,.F.) ;
#1949=ADVANCED_FACE('PartBody',(#1948),#1928,.F.) ;
#1963=ADVANCED_FACE('PartBody',(#1962),#1954,.F.) ;
#1985=ADVANCED_FACE('PartBody',(#1980,#1984),#1968,.T.) ;
#2030=ADVANCED_FACE('PartBody',(#2029),#1092,.T.) ;
#2102=ADVANCED_FACE('PartBody',(#2101),#2035,.T.) ;
#2153=ADVANCED_FACE('PartBody',(#2152),#2107,.T.) ;
#2184=ADVANCED_FACE('PartBody',(#2183),#2158,.F.) ;
#2214=ADVANCED_FACE('PartBody',(#2209,#2213),#1092,.T.) ;
#2238=ADVANCED_FACE('PartBody',(#2237),#2219,.F.) ;
#2262=ADVANCED_FACE('PartBody',(#2261),#2243,.F.) ;
#2283=ADVANCED_FACE('PartBody',(#2282),#2267,.F.) ;
#2300=ADVANCED_FACE('PartBody',(#2299),#2288,.F.) ;
#2316=ADVANCED_FACE('PartBody',(#2315),#2305,.F.) ;
#2333=ADVANCED_FACE('PartBody',(#2332),#2321,.F.) ;
#2350=ADVANCED_FACE('PartBody',(#2349),#2338,.F.) ;
#2390=ADVANCED_FACE('PartBody',(#2389),#2355,.T.) ;
#2441=ADVANCED_FACE('PartBody',(#2440),#1092,.T.) ;
#2466=ADVANCED_FACE('PartBody',(#2465),#2446,.F.) ;
#2497=ADVANCED_FACE('PartBody',(#2496),#2471,.F.) ;
#2521=ADVANCED_FACE('PartBody',(#2520),#2502,.T.) ;
#2545=ADVANCED_FACE('PartBody',(#2544),#2526,.F.) ;
#2567=ADVANCED_FACE('PartBody',(#2562,#2566),#2550,.F.) ;
#2639=ADVANCED_FACE('PartBody',(#2638),#2572,.T.) ;
#2673=ADVANCED_FACE('PartBody',(#2664,#2668,#2672),#2644,.T.) ;
#2707=ADVANCED_FACE('PartBody',(#2698,#2702,#2706),#2678,.F.) ;
#2728=ADVANCED_FACE('PartBody',(#2727),#2712,.F.) ;
#2745=ADVANCED_FACE('PartBody',(#2744),#2733,.F.) ;
#2762=ADVANCED_FACE('PartBody',(#2761),#2750,.F.) ;
#2780=ADVANCED_FACE('PartBody',(#2779),#2767,.F.) ;
#2796=ADVANCED_FACE('PartBody',(#2795),#2785,.F.) ;
#2813=ADVANCED_FACE('PartBody',(#2812),#2801,.F.) ;
#2829=ADVANCED_FACE('PartBody',(#2828),#2818,.F.) ;
#2847=ADVANCED_FACE('PartBody',(#2846),#2834,.F.) ;
#2864=ADVANCED_FACE('PartBody',(#2863),#2852,.F.) ;
#2881=ADVANCED_FACE('PartBody',(#2880),#2869,.F.) ;
#2892=ADVANCED_FACE('PartBody',(#2891),#2886,.F.) ;
#2905=ADVANCED_FACE('PartBody',(#2904),#2897,.F.) ;
#4=APPLICATION_PROTOCOL_DEFINITION('international standard','config_control_design',1994,#1) ;
#32=APPROVAL_DATE_TIME(#13,#21) ;
#992=B_SPLINE_CURVE_WITH_KNOTS('',5,(#993,#994,#995,#996,#997,#998,#999,#1000,#1001,#1002,#1003,#1004,#1005,#1006,#1007),.UNSPECIFIED.,.F.,.U.,(6,3,3,3,6),(0.,3.42831710362,6.83397117016,10.2031205124,11.2510042217),.UNSPECIFIED.) ;
#1058=B_SPLINE_CURVE_WITH_KNOTS('',5,(#1059,#1060,#1061,#1062,#1063,#1064),.UNSPECIFIED.,.F.,.U.,(6,6),(0.,1.63069921279),.UNSPECIFIED.) ;
#1143=B_SPLINE_CURVE_WITH_KNOTS('',3,(#1144,#1145,#1146,#1147),.UNSPECIFIED.,.F.,.U.,(4,4),(0.,2.39011428445),.UNSPECIFIED.) ;
#1151=B_SPLINE_CURVE_WITH_KNOTS('',5,(#1152,#1153,#1154,#1155,#1156,#1157,#1158,#1159,#1160),.UNSPECIFIED.,.F.,.U.,(6,3,6),(0.,4.14526947611,9.80071567228),.UNSPECIFIED.) ;
#1182=B_SPLINE_CURVE_WITH_KNOTS('',3,(#1183,#1184,#1185,#1186),.UNSPECIFIED.,.F.,.U.,(4,4),(0.,1.77172215072),.UNSPECIFIED.) ;
#1245=B_SPLINE_CURVE_WITH_KNOTS('',5,(#1246,#1247,#1248,#1249,#1250,#1251,#1252,#1253,#1254,#1255,#1256,#1257,#1258,#1259,#1260),.UNSPECIFIED.,.F.,.U.,(6,3,3,3,6),(0.,3.42831710363,6.83397117019,10.2031205124,11.2510042217),.UNSPECIFIED.) ;
#1824=B_SPLINE_CURVE_WITH_KNOTS('',5,(#1825,#1826,#1827,#1828,#1829,#1830),.UNSPECIFIED.,.F.,.U.,(6,6),(0.,1.63069921278),.UNSPECIFIED.) ;
#1883=B_SPLINE_CURVE_WITH_KNOTS('',5,(#1884,#1885,#1886,#1887,#1888,#1889,#1890,#1891,#1892),.UNSPECIFIED.,.F.,.U.,(6,3,6),(0.,4.1452694761,9.80071567218),.UNSPECIFIED.) ;
#1896=B_SPLINE_CURVE_WITH_KNOTS('',3,(#1897,#1898,#1899,#1900),.UNSPECIFIED.,.F.,.U.,(4,4),(0.,2.39011428444),.UNSPECIFIED.) ;
#1934=B_SPLINE_CURVE_WITH_KNOTS('',3,(#1935,#1936,#1937,#1938),.UNSPECIFIED.,.F.,.U.,(4,4),(0.,1.77172215071),.UNSPECIFIED.) ;
#2391=B_SPLINE_CURVE_WITH_KNOTS('',5,(#2392,#2393,#2394,#2395,#2396,#2397,#2398,#2399,#2400),.UNSPECIFIED.,.F.,.U.,(6,3,6),(0.,1.71094892967,1.80483011804),.UNSPECIFIED.) ;
#2906=MANIFOLD_SOLID_BREP('PartBody',#51) ;
#11=CALENDAR_DATE(2026,6,10) ;
#30=CC_DESIGN_APPROVAL(#21,(#16,#6,#14)) ;
#18=CC_DESIGN_DATE_AND_TIME_ASSIGNMENT(#13,#17,(#16)) ;
#29=CC_DESIGN_DATE_AND_TIME_ASSIGNMENT(#13,#28,(#14)) ;
#17=DATE_TIME_ROLE('classification_date') ;
#28=DATE_TIME_ROLE('creation_date') ;
#27=CC_DESIGN_PERSON_AND_ORGANIZATION_ASSIGNMENT(#25,#26,(#16)) ;
#33=CC_DESIGN_PERSON_AND_ORGANIZATION_ASSIGNMENT(#25,#34,(#6)) ;
#35=CC_DESIGN_PERSON_AND_ORGANIZATION_ASSIGNMENT(#25,#36,(#6,#14)) ;
#37=CC_DESIGN_PERSON_AND_ORGANIZATION_ASSIGNMENT(#25,#38,(#5)) ;
#26=PERSON_AND_ORGANIZATION_ROLE('classification_officer') ;
#34=PERSON_AND_ORGANIZATION_ROLE('design_supplier') ;
#36=PERSON_AND_ORGANIZATION_ROLE('creator') ;
#38=PERSON_AND_ORGANIZATION_ROLE('design_owner') ;
#39=CC_DESIGN_SECURITY_CLASSIFICATION(#16,(#6)) ;
#69=CIRCLE('generated circle',#68,3.2) ;
#83=CIRCLE('generated circle',#82,3.2) ;
#95=CIRCLE('generated circle',#94,3.2) ;
#100=CIRCLE('generated circle',#99,3.2) ;
#117=CIRCLE('generated circle',#116,2.75) ;
#133=CIRCLE('generated circle',#132,2.75) ;
#152=CIRCLE('generated circle',#151,2.75) ;
#157=CIRCLE('generated circle',#156,2.75) ;
#174=CIRCLE('generated circle',#173,2.75) ;
#190=CIRCLE('generated circle',#189,2.75) ;
#209=CIRCLE('generated circle',#208,2.75) ;
#214=CIRCLE('generated circle',#213,2.75) ;
#231=CIRCLE('generated circle',#230,4.) ;
#247=CIRCLE('generated circle',#246,4.) ;
#266=CIRCLE('generated circle',#265,4.) ;
#271=CIRCLE('generated circle',#270,4.) ;
#297=CIRCLE('generated circle',#296,8.) ;
#311=CIRCLE('generated circle',#310,8.) ;
#368=CIRCLE('generated circle',#367,11.5) ;
#382=CIRCLE('generated circle',#381,11.5) ;
#399=CIRCLE('generated circle',#398,8.) ;
#413=CIRCLE('generated circle',#412,8.) ;
#470=CIRCLE('generated circle',#469,3.2) ;
#484=CIRCLE('generated circle',#483,3.2) ;
#496=CIRCLE('generated circle',#495,3.2) ;
#501=CIRCLE('generated circle',#500,3.2) ;
#527=CIRCLE('generated circle',#526,3.2) ;
#541=CIRCLE('generated circle',#540,3.2) ;
#553=CIRCLE('generated circle',#552,3.2) ;
#558=CIRCLE('generated circle',#557,3.2) ;
#624=CIRCLE('generated circle',#623,8.) ;
#629=CIRCLE('generated circle',#628,8.) ;
#667=CIRCLE('generated circle',#666,4.) ;
#683=CIRCLE('generated circle',#682,4.) ;
#702=CIRCLE('generated circle',#701,4.) ;
#707=CIRCLE('generated circle',#706,4.) ;
#724=CIRCLE('generated circle',#723,8.) ;
#738=CIRCLE('generated circle',#737,8.) ;
#759=CIRCLE('generated circle',#758,11.5) ;
#773=CIRCLE('generated circle',#772,11.5) ;
#785=CIRCLE('generated circle',#784,2.75) ;
#801=CIRCLE('generated circle',#800,2.75) ;
#820=CIRCLE('generated circle',#819,2.75) ;
#825=CIRCLE('generated circle',#824,2.75) ;
#837=CIRCLE('generated circle',#836,2.75) ;
#853=CIRCLE('generated circle',#852,2.75) ;
#872=CIRCLE('generated circle',#871,2.75) ;
#877=CIRCLE('generated circle',#876,2.75) ;
#901=CIRCLE('generated circle',#900,16.) ;
#929=CIRCLE('generated circle',#928,16.) ;
#1096=CIRCLE('generated circle',#1095,16.) ;
#1132=CIRCLE('generated circle',#1131,5.) ;
#1191=CIRCLE('generated circle',#1190,16.) ;
#1307=CIRCLE('generated circle',#1306,5.) ;
#1323=CIRCLE('generated circle',#1322,5.) ;
#1378=CIRCLE('generated circle',#1377,5.) ;
#1392=CIRCLE('generated circle',#1391,5.) ;
#1409=CIRCLE('generated circle',#1408,5.) ;
#1425=CIRCLE('generated circle',#1424,5.) ;
#1475=CIRCLE('generated circle',#1474,5.) ;
#1482=CIRCLE('generated circle',#1481,5.) ;
#1546=CIRCLE('generated circle',#1545,5.) ;
#1551=CIRCLE('generated circle',#1550,5.) ;
#1603=CIRCLE('generated circle',#1602,5.) ;
#1608=CIRCLE('generated circle',#1607,5.) ;
#1668=CIRCLE('generated circle',#1667,5.) ;
#1700=CIRCLE('generated circle',#1699,5.) ;
#1769=CIRCLE('generated circle',#1768,5.) ;
#1808=CIRCLE('generated circle',#1807,5.) ;
#1862=CIRCLE('generated circle',#1861,16.) ;
#1914=CIRCLE('generated circle',#1913,5.) ;
#1932=CIRCLE('generated circle',#1931,16.) ;
#1989=CIRCLE('generated circle',#1988,2.5) ;
#2005=CIRCLE('generated circle',#2004,2.5) ;
#2039=CIRCLE('generated circle',#2038,2.5) ;
#2055=CIRCLE('generated circle',#2054,2.5) ;
#2069=CIRCLE('generated circle',#2068,2.5) ;
#2083=CIRCLE('generated circle',#2082,2.5) ;
#2120=CIRCLE('generated circle',#2119,2.5) ;
#2139=CIRCLE('generated circle',#2138,2.5) ;
#2162=CIRCLE('generated circle',#2161,2.5) ;
#2247=CIRCLE('generated circle',#2246,2.5) ;
#2271=CIRCLE('generated circle',#2270,2.5) ;
#2276=CIRCLE('generated circle',#2275,2.5) ;
#2292=CIRCLE('generated circle',#2291,2.5) ;
#2309=CIRCLE('generated circle',#2308,2.5) ;
#2359=CIRCLE('generated circle',#2358,2.5) ;
#2366=CIRCLE('generated circle',#2365,2.5) ;
#2421=CIRCLE('generated circle',#2420,2.5) ;
#2450=CIRCLE('generated circle',#2449,2.5) ;
#2475=CIRCLE('generated circle',#2474,2.5) ;
#2530=CIRCLE('generated circle',#2529,2.5) ;
#2583=CIRCLE('generated circle',#2582,5.) ;
#2611=CIRCLE('generated circle',#2610,5.) ;
#2716=CIRCLE('generated circle',#2715,2.5) ;
#2721=CIRCLE('generated circle',#2720,2.5) ;
#2737=CIRCLE('generated circle',#2736,2.5) ;
#2754=CIRCLE('generated circle',#2753,2.5) ;
#2771=CIRCLE('generated circle',#2770,2.5) ;
#2789=CIRCLE('generated circle',#2788,2.5) ;
#2805=CIRCLE('generated circle',#2804,2.5) ;
#2822=CIRCLE('generated circle',#2821,2.5) ;
#2838=CIRCLE('generated circle',#2837,2.5) ;
#2856=CIRCLE('generated circle',#2855,2.5) ;
#2873=CIRCLE('generated circle',#2872,2.5) ;
#2908=SHAPE_REPRESENTATION_RELATIONSHIP(' ',' ',#49,#2907) ;
#2912=SHAPE_REPRESENTATION_RELATIONSHIP(' ',' ',#49,#2910) ;
#56=CYLINDRICAL_SURFACE('generated cylinder',#55,3.2) ;
#113=CYLINDRICAL_SURFACE('generated cylinder',#112,2.75) ;
#170=CYLINDRICAL_SURFACE('generated cylinder',#169,2.75) ;
#227=CYLINDRICAL_SURFACE('generated cylinder',#226,4.) ;
#284=CYLINDRICAL_SURFACE('generated cylinder',#283,8.) ;
#355=CYLINDRICAL_SURFACE('generated cylinder',#354,11.5) ;
#395=CYLINDRICAL_SURFACE('generated cylinder',#394,8.) ;
#457=CYLINDRICAL_SURFACE('generated cylinder',#456,3.2) ;
#514=CYLINDRICAL_SURFACE('generated cylinder',#513,3.2) ;
#611=CYLINDRICAL_SURFACE('generated cylinder',#610,8.) ;
#720=CYLINDRICAL_SURFACE('generated cylinder',#719,8.) ;
#1128=CYLINDRICAL_SURFACE('generated cylinder',#1127,5.) ;
#1174=CYLINDRICAL_SURFACE('generated cylinder',#1173,16.) ;
#1207=CYLINDRICAL_SURFACE('generated cylinder',#1206,5.) ;
#1303=CYLINDRICAL_SURFACE('generated cylinder',#1302,5.) ;
#1374=CYLINDRICAL_SURFACE('generated cylinder',#1373,5.) ;
#1405=CYLINDRICAL_SURFACE('generated cylinder',#1404,5.) ;
#1471=CYLINDRICAL_SURFACE('generated cylinder',#1470,5.) ;
#1533=CYLINDRICAL_SURFACE('generated cylinder',#1532,5.) ;
#1590=CYLINDRICAL_SURFACE('generated cylinder',#1589,5.) ;
#1696=CYLINDRICAL_SURFACE('generated cylinder',#1695,5.) ;
#1797=CYLINDRICAL_SURFACE('generated cylinder',#1796,5.) ;
#1882=CYLINDRICAL_SURFACE('generated cylinder',#1881,5.) ;
#1928=CYLINDRICAL_SURFACE('generated cylinder',#1927,16.) ;
#1954=CYLINDRICAL_SURFACE('generated cylinder',#1953,5.) ;
#2158=CYLINDRICAL_SURFACE('generated cylinder',#2157,2.5) ;
#2243=CYLINDRICAL_SURFACE('generated cylinder',#2242,2.5) ;
#2288=CYLINDRICAL_SURFACE('generated cylinder',#2287,2.5) ;
#2321=CYLINDRICAL_SURFACE('generated cylinder',#2320,2.5) ;
#2338=CYLINDRICAL_SURFACE('generated cylinder',#2337,2.5) ;
#2446=CYLINDRICAL_SURFACE('generated cylinder',#2445,2.5) ;
#2471=CYLINDRICAL_SURFACE('generated cylinder',#2470,2.5) ;
#2526=CYLINDRICAL_SURFACE('generated cylinder',#2525,2.5) ;
#2733=CYLINDRICAL_SURFACE('generated cylinder',#2732,2.5) ;
#2767=CYLINDRICAL_SURFACE('generated cylinder',#2766,2.5) ;
#2801=CYLINDRICAL_SURFACE('generated cylinder',#2800,2.5) ;
#2834=CYLINDRICAL_SURFACE('generated cylinder',#2833,2.5) ;
#2869=CYLINDRICAL_SURFACE('generated cylinder',#2868,2.5) ;
#2897=CYLINDRICAL_SURFACE('generated cylinder',#2896,2.5) ;
#2750=TOROIDAL_SURFACE('homeo Torus',#2749,5.,2.5) ;
#2852=TOROIDAL_SURFACE('homeo Torus',#2851,5.,2.5) ;
#3=DESIGN_CONTEXT(' ',#1,'design') ;
#65=EDGE_CURVE('',#62,#64,#60,.F.) ;
#72=EDGE_CURVE('',#62,#71,#69,.T.) ;
#79=EDGE_CURVE('',#71,#78,#76,.F.) ;
#84=EDGE_CURVE('',#64,#78,#83,.T.) ;
#96=EDGE_CURVE('',#71,#62,#95,.T.) ;
#101=EDGE_CURVE('',#78,#64,#100,.T.) ;
#122=EDGE_CURVE('',#119,#121,#117,.F.) ;
#129=EDGE_CURVE('',#121,#128,#126,.T.) ;
#136=EDGE_CURVE('',#135,#128,#133,.F.) ;
#141=EDGE_CURVE('',#119,#135,#140,.T.) ;
#153=EDGE_CURVE('',#121,#119,#152,.F.) ;
#158=EDGE_CURVE('',#128,#135,#157,.F.) ;
#179=EDGE_CURVE('',#176,#178,#174,.F.) ;
#186=EDGE_CURVE('',#178,#185,#183,.T.) ;
#193=EDGE_CURVE('',#192,#185,#190,.F.) ;
#198=EDGE_CURVE('',#176,#192,#197,.T.) ;
#210=EDGE_CURVE('',#178,#176,#209,.F.) ;
#215=EDGE_CURVE('',#185,#192,#214,.F.) ;
#236=EDGE_CURVE('',#233,#235,#231,.F.) ;
#243=EDGE_CURVE('',#242,#233,#240,.T.) ;
#250=EDGE_CURVE('',#249,#242,#247,.T.) ;
#255=EDGE_CURVE('',#249,#235,#254,.T.) ;
#267=EDGE_CURVE('',#235,#233,#266,.F.) ;
#272=EDGE_CURVE('',#242,#249,#271,.T.) ;
#293=EDGE_CURVE('',#290,#292,#288,.T.) ;
#300=EDGE_CURVE('',#290,#299,#297,.T.) ;
#307=EDGE_CURVE('',#299,#306,#304,.T.) ;
#312=EDGE_CURVE('',#292,#306,#311,.T.) ;
#331=EDGE_CURVE('',#299,#330,#328,.T.) ;
#338=EDGE_CURVE('',#330,#337,#335,.T.) ;
#343=EDGE_CURVE('',#306,#337,#342,.T.) ;
#364=EDGE_CURVE('',#361,#363,#359,.T.) ;
#371=EDGE_CURVE('',#370,#363,#368,.T.) ;
#378=EDGE_CURVE('',#377,#370,#375,.T.) ;
#383=EDGE_CURVE('',#361,#377,#382,.F.) ;
#402=EDGE_CURVE('',#330,#401,#399,.T.) ;
#409=EDGE_CURVE('',#401,#408,#406,.T.) ;
#414=EDGE_CURVE('',#337,#408,#413,.T.) ;
#433=EDGE_CURVE('',#401,#432,#430,.T.) ;
#440=EDGE_CURVE('',#432,#439,#437,.T.) ;
#445=EDGE_CURVE('',#408,#439,#444,.T.) ;
#466=EDGE_CURVE('',#463,#465,#461,.F.) ;
#473=EDGE_CURVE('',#463,#472,#470,.T.) ;
#480=EDGE_CURVE('',#472,#479,#477,.F.) ;
#485=EDGE_CURVE('',#465,#479,#484,.T.) ;
#497=EDGE_CURVE('',#472,#463,#496,.T.) ;
#502=EDGE_CURVE('',#479,#465,#501,.T.) ;
#523=EDGE_CURVE('',#520,#522,#518,.F.) ;
#530=EDGE_CURVE('',#520,#529,#527,.T.) ;
#537=EDGE_CURVE('',#529,#536,#534,.F.) ;
#542=EDGE_CURVE('',#522,#536,#541,.T.) ;
#554=EDGE_CURVE('',#529,#520,#553,.T.) ;
#559=EDGE_CURVE('',#536,#522,#558,.T.) ;
#580=EDGE_CURVE('',#577,#579,#575,.T.) ;
#587=EDGE_CURVE('',#577,#586,#584,.T.) ;
#594=EDGE_CURVE('',#586,#593,#591,.T.) ;
#599=EDGE_CURVE('',#579,#593,#598,.T.) ;
#620=EDGE_CURVE('',#617,#619,#615,.T.) ;
#625=EDGE_CURVE('',#617,#577,#624,.T.) ;
#630=EDGE_CURVE('',#619,#579,#629,.T.) ;
#646=EDGE_CURVE('',#643,#645,#641,.T.) ;
#651=EDGE_CURVE('',#643,#617,#650,.T.) ;
#656=EDGE_CURVE('',#645,#619,#655,.T.) ;
#672=EDGE_CURVE('',#669,#671,#667,.F.) ;
#679=EDGE_CURVE('',#671,#678,#676,.T.) ;
#686=EDGE_CURVE('',#678,#685,#683,.T.) ;
#691=EDGE_CURVE('',#669,#685,#690,.T.) ;
#703=EDGE_CURVE('',#671,#669,#702,.F.) ;
#708=EDGE_CURVE('',#685,#678,#707,.T.) ;
#727=EDGE_CURVE('',#586,#726,#724,.T.) ;
#734=EDGE_CURVE('',#726,#733,#731,.T.) ;
#739=EDGE_CURVE('',#593,#733,#738,.T.) ;
#755=EDGE_CURVE('',#752,#754,#750,.T.) ;
#762=EDGE_CURVE('',#752,#761,#759,.T.) ;
#769=EDGE_CURVE('',#761,#768,#766,.T.) ;
#774=EDGE_CURVE('',#768,#754,#773,.F.) ;
#790=EDGE_CURVE('',#787,#789,#785,.T.) ;
#797=EDGE_CURVE('',#796,#789,#794,.T.) ;
#804=EDGE_CURVE('',#796,#803,#801,.F.) ;
#809=EDGE_CURVE('',#803,#787,#808,.T.) ;
#821=EDGE_CURVE('',#789,#787,#820,.T.) ;
#826=EDGE_CURVE('',#803,#796,#825,.F.) ;
#842=EDGE_CURVE('',#839,#841,#837,.T.) ;
#849=EDGE_CURVE('',#848,#841,#846,.T.) ;
#856=EDGE_CURVE('',#848,#855,#853,.F.) ;
#861=EDGE_CURVE('',#855,#839,#860,.T.) ;
#873=EDGE_CURVE('',#841,#839,#872,.T.) ;
#878=EDGE_CURVE('',#855,#848,#877,.F.) ;
#897=EDGE_CURVE('',#726,#896,#894,.T.) ;
#904=EDGE_CURVE('',#903,#643,#901,.F.) ;
#911=EDGE_CURVE('',#910,#903,#908,.T.) ;
#918=EDGE_CURVE('',#917,#910,#915,.T.) ;
#925=EDGE_CURVE('',#924,#917,#922,.T.) ;
#930=EDGE_CURVE('',#432,#924,#929,.F.) ;
#935=EDGE_CURVE('',#896,#290,#934,.T.) ;
#979=EDGE_CURVE('',#976,#978,#974,.T.) ;
#984=EDGE_CURVE('',#978,#768,#983,.T.) ;
#991=EDGE_CURVE('',#761,#990,#988,.F.) ;
#1010=EDGE_CURVE('',#990,#1009,#992,.T.) ;
#1015=EDGE_CURVE('',#976,#1009,#1014,.F.) ;
#1036=EDGE_CURVE('',#1035,#990,#1033,.F.) ;
#1041=EDGE_CURVE('',#1035,#752,#1040,.T.) ;
#1067=EDGE_CURVE('',#1066,#1035,#1058,.F.) ;
#1074=EDGE_CURVE('',#1073,#754,#1071,.T.) ;
#1079=EDGE_CURVE('',#1073,#1066,#1078,.F.) ;
#1099=EDGE_CURVE('',#1098,#645,#1096,.F.) ;
#1104=EDGE_CURVE('',#733,#1009,#1103,.T.) ;
#1109=EDGE_CURVE('',#1009,#1098,#1108,.T.) ;
#1135=EDGE_CURVE('',#1134,#1073,#1132,.F.) ;
#1142=EDGE_CURVE('',#1134,#1141,#1139,.F.) ;
#1150=EDGE_CURVE('',#1149,#1141,#1143,.F.) ;
#1161=EDGE_CURVE('',#1066,#1149,#1151,.T.) ;
#1181=EDGE_CURVE('',#903,#1180,#1178,.T.) ;
#1187=EDGE_CURVE('',#1098,#1149,#1182,.T.) ;
#1192=EDGE_CURVE('',#1180,#1141,#1191,.F.) ;
#1223=EDGE_CURVE('',#363,#1222,#1220,.F.) ;
#1230=EDGE_CURVE('',#1229,#361,#1227,.T.) ;
#1237=EDGE_CURVE('',#1229,#1236,#1234,.T.) ;
#1244=EDGE_CURVE('',#1243,#1236,#1241,.F.) ;
#1261=EDGE_CURVE('',#1243,#1222,#1245,.F.) ;
#1282=EDGE_CURVE('',#1281,#370,#1279,.T.) ;
#1287=EDGE_CURVE('',#1281,#1222,#1286,.F.) ;
#1312=EDGE_CURVE('',#1309,#1311,#1307,.F.) ;
#1319=EDGE_CURVE('',#1318,#1311,#1316,.T.) ;
#1326=EDGE_CURVE('',#1318,#1325,#1323,.T.) ;
#1331=EDGE_CURVE('',#1325,#1309,#1330,.T.) ;
#1352=EDGE_CURVE('',#1349,#1351,#1347,.T.) ;
#1357=EDGE_CURVE('',#1318,#1349,#1356,.T.) ;
#1362=EDGE_CURVE('',#1311,#1351,#1361,.T.) ;
#1381=EDGE_CURVE('',#1351,#1380,#1378,.F.) ;
#1388=EDGE_CURVE('',#1387,#1380,#1385,.T.) ;
#1393=EDGE_CURVE('',#1387,#1349,#1392,.T.) ;
#1414=EDGE_CURVE('',#1411,#1413,#1409,.F.) ;
#1421=EDGE_CURVE('',#1420,#1413,#1418,.T.) ;
#1428=EDGE_CURVE('',#1420,#1427,#1425,.T.) ;
#1433=EDGE_CURVE('',#1427,#1411,#1432,.T.) ;
#1449=EDGE_CURVE('',#1446,#1448,#1444,.T.) ;
#1454=EDGE_CURVE('',#1448,#1411,#1453,.T.) ;
#1459=EDGE_CURVE('',#1446,#1427,#1458,.T.) ;
#1478=EDGE_CURVE('',#1477,#1448,#1475,.F.) ;
#1485=EDGE_CURVE('',#1446,#1484,#1482,.T.) ;
#1490=EDGE_CURVE('',#1484,#1477,#1489,.T.) ;
#1511=EDGE_CURVE('',#1508,#1510,#1506,.F.) ;
#1516=EDGE_CURVE('',#1508,#1477,#1515,.T.) ;
#1521=EDGE_CURVE('',#1510,#1484,#1520,.T.) ;
#1542=EDGE_CURVE('',#1539,#1541,#1537,.F.) ;
#1547=EDGE_CURVE('',#1508,#1539,#1546,.F.) ;
#1552=EDGE_CURVE('',#1541,#1510,#1551,.T.) ;
#1568=EDGE_CURVE('',#1565,#1567,#1563,.F.) ;
#1573=EDGE_CURVE('',#1565,#1309,#1572,.T.) ;
#1578=EDGE_CURVE('',#1567,#1325,#1577,.T.) ;
#1599=EDGE_CURVE('',#1596,#1598,#1594,.F.) ;
#1604=EDGE_CURVE('',#1565,#1596,#1603,.F.) ;
#1609=EDGE_CURVE('',#1598,#1567,#1608,.T.) ;
#1628=EDGE_CURVE('',#1627,#1420,#1625,.T.) ;
#1635=EDGE_CURVE('',#1634,#1413,#1632,.T.) ;
#1640=EDGE_CURVE('',#1627,#1634,#1639,.T.) ;
#1659=EDGE_CURVE('',#1658,#910,#1656,.T.) ;
#1664=EDGE_CURVE('',#1541,#1180,#1663,.T.) ;
#1669=EDGE_CURVE('',#1658,#1627,#1668,.F.) ;
#1703=EDGE_CURVE('',#1634,#1702,#1700,.F.) ;
#1708=EDGE_CURVE('',#1658,#1702,#1707,.T.) ;
#1722=EDGE_CURVE('',#1721,#1387,#1719,.T.) ;
#1729=EDGE_CURVE('',#1728,#1380,#1726,.T.) ;
#1734=EDGE_CURVE('',#1721,#1728,#1733,.T.) ;
#1753=EDGE_CURVE('',#1752,#1596,#1750,.T.) ;
#1758=EDGE_CURVE('',#924,#1752,#1757,.T.) ;
#1765=EDGE_CURVE('',#1764,#917,#1762,.T.) ;
#1770=EDGE_CURVE('',#1728,#1764,#1769,.F.) ;
#1804=EDGE_CURVE('',#1803,#1764,#1801,.T.) ;
#1809=EDGE_CURVE('',#1803,#1721,#1808,.T.) ;
#1823=EDGE_CURVE('',#1822,#377,#1820,.T.) ;
#1833=EDGE_CURVE('',#1281,#1832,#1824,.T.) ;
#1838=EDGE_CURVE('',#1832,#1822,#1837,.F.) ;
#1853=EDGE_CURVE('',#1852,#1243,#1850,.F.) ;
#1858=EDGE_CURVE('',#1243,#292,#1857,.T.) ;
#1863=EDGE_CURVE('',#439,#1852,#1862,.F.) ;
#1895=EDGE_CURVE('',#1894,#1832,#1883,.F.) ;
#1903=EDGE_CURVE('',#1902,#1894,#1896,.T.) ;
#1910=EDGE_CURVE('',#1902,#1909,#1907,.F.) ;
#1915=EDGE_CURVE('',#1822,#1909,#1914,.T.) ;
#1933=EDGE_CURVE('',#1902,#1752,#1932,.F.) ;
#1939=EDGE_CURVE('',#1894,#1852,#1934,.F.) ;
#1973=EDGE_CURVE('',#1909,#1229,#1972,.F.) ;
#1994=EDGE_CURVE('',#1991,#1993,#1989,.F.) ;
#2001=EDGE_CURVE('',#1993,#2000,#1998,.T.) ;
#2008=EDGE_CURVE('',#2000,#2007,#2005,.T.) ;
#2013=EDGE_CURVE('',#2007,#1539,#2012,.T.) ;
#2018=EDGE_CURVE('',#1134,#1991,#2017,.T.) ;
#2044=EDGE_CURVE('',#2041,#2043,#2039,.F.) ;
#2051=EDGE_CURVE('',#2050,#2043,#2048,.T.) ;
#2058=EDGE_CURVE('',#2050,#2057,#2055,.F.) ;
#2065=EDGE_CURVE('',#2057,#2064,#2062,.T.) ;
#2072=EDGE_CURVE('',#2064,#2071,#2069,.F.) ;
#2079=EDGE_CURVE('',#2078,#2071,#2076,.F.) ;
#2086=EDGE_CURVE('',#2078,#2085,#2083,.F.) ;
#2091=EDGE_CURVE('',#2041,#2085,#2090,.T.) ;
#2116=EDGE_CURVE('',#2113,#2115,#2111,.T.) ;
#2123=EDGE_CURVE('',#2113,#2122,#2120,.F.) ;
#2128=EDGE_CURVE('',#1803,#2122,#2127,.T.) ;
#2135=EDGE_CURVE('',#1702,#2134,#2132,.T.) ;
#2140=EDGE_CURVE('',#2134,#2115,#2139,.F.) ;
#2167=EDGE_CURVE('',#2164,#2166,#2162,.T.) ;
#2172=EDGE_CURVE('',#2085,#2164,#2171,.F.) ;
#2177=EDGE_CURVE('',#2078,#2166,#2176,.F.) ;
#2191=EDGE_CURVE('',#2115,#2190,#2188,.T.) ;
#2198=EDGE_CURVE('',#2190,#2197,#2195,.F.) ;
#2203=EDGE_CURVE('',#2197,#2113,#2202,.F.) ;
#2226=EDGE_CURVE('',#2225,#2164,#2223,.F.) ;
#2231=EDGE_CURVE('',#2041,#2225,#2230,.F.) ;
#2250=EDGE_CURVE('',#2249,#2225,#2247,.T.) ;
#2255=EDGE_CURVE('',#2043,#2249,#2254,.F.) ;
#2272=EDGE_CURVE('',#2225,#2190,#2271,.T.) ;
#2277=EDGE_CURVE('',#2249,#2190,#2276,.T.) ;
#2293=EDGE_CURVE('',#2164,#2197,#2292,.F.) ;
#2310=EDGE_CURVE('',#2166,#2197,#2309,.T.) ;
#2326=EDGE_CURVE('',#2166,#2122,#2325,.F.) ;
#2343=EDGE_CURVE('',#2134,#2249,#2342,.T.) ;
#2362=EDGE_CURVE('',#2361,#978,#2359,.F.) ;
#2369=EDGE_CURVE('',#1229,#2368,#2366,.F.) ;
#2374=EDGE_CURVE('',#2361,#2368,#2373,.T.) ;
#2405=EDGE_CURVE('',#2402,#2404,#2391,.F.) ;
#2410=EDGE_CURVE('',#2404,#1909,#2409,.F.) ;
#2417=EDGE_CURVE('',#1598,#2416,#2414,.F.) ;
#2424=EDGE_CURVE('',#2416,#2423,#2421,.T.) ;
#2429=EDGE_CURVE('',#2423,#2402,#2428,.F.) ;
#2453=EDGE_CURVE('',#2452,#2404,#2450,.F.) ;
#2458=EDGE_CURVE('',#2452,#2368,#2457,.F.) ;
#2480=EDGE_CURVE('',#2477,#2479,#2475,.F.) ;
#2485=EDGE_CURVE('',#2071,#2479,#2484,.F.) ;
#2490=EDGE_CURVE('',#2064,#2477,#2489,.F.) ;
#2509=EDGE_CURVE('',#2057,#2508,#2506,.F.) ;
#2514=EDGE_CURVE('',#2508,#2477,#2513,.T.) ;
#2533=EDGE_CURVE('',#2532,#2508,#2530,.F.) ;
#2538=EDGE_CURVE('',#2050,#2532,#2537,.F.) ;
#2555=EDGE_CURVE('',#978,#1134,#2554,.T.) ;
#2579=EDGE_CURVE('',#2578,#2452,#2576,.F.) ;
#2586=EDGE_CURVE('',#2585,#2578,#2583,.T.) ;
#2593=EDGE_CURVE('',#2592,#2585,#2590,.F.) ;
#2600=EDGE_CURVE('',#2599,#2592,#2597,.T.) ;
#2607=EDGE_CURVE('',#2606,#2599,#2604,.T.) ;
#2614=EDGE_CURVE('',#2613,#2606,#2611,.T.) ;
#2621=EDGE_CURVE('',#2620,#2613,#2618,.T.) ;
#2626=EDGE_CURVE('',#2361,#2620,#2625,.T.) ;
#2649=EDGE_CURVE('',#2479,#1598,#2648,.F.) ;
#2683=EDGE_CURVE('',#1539,#2532,#2682,.T.) ;
#2717=EDGE_CURVE('',#2620,#1993,#2716,.F.) ;
#2722=EDGE_CURVE('',#2620,#1991,#2721,.F.) ;
#2738=EDGE_CURVE('',#2613,#2000,#2737,.T.) ;
#2755=EDGE_CURVE('',#2606,#2007,#2754,.F.) ;
#2772=EDGE_CURVE('',#2599,#2532,#2771,.T.) ;
#2790=EDGE_CURVE('',#2599,#2508,#2789,.F.) ;
#2806=EDGE_CURVE('',#2592,#2477,#2805,.T.) ;
#2823=EDGE_CURVE('',#2592,#2479,#2822,.F.) ;
#2839=EDGE_CURVE('',#2585,#2416,#2838,.F.) ;
#2857=EDGE_CURVE('',#2578,#2423,#2856,.F.) ;
#2874=EDGE_CURVE('',#2452,#2402,#2873,.F.) ;
#85=EDGE_LOOP('',(#86,#87,#88,#89)) ;
#102=EDGE_LOOP('',(#103,#104,#105,#106)) ;
#142=EDGE_LOOP('',(#143,#144,#145,#146)) ;
#159=EDGE_LOOP('',(#160,#161,#162,#163)) ;
#199=EDGE_LOOP('',(#200,#201,#202,#203)) ;
#216=EDGE_LOOP('',(#217,#218,#219,#220)) ;
#256=EDGE_LOOP('',(#257,#258,#259,#260)) ;
#273=EDGE_LOOP('',(#274,#275,#276,#277)) ;
#313=EDGE_LOOP('',(#314,#315,#316,#317)) ;
#344=EDGE_LOOP('',(#345,#346,#347,#348)) ;
#384=EDGE_LOOP('',(#385,#386,#387,#388)) ;
#415=EDGE_LOOP('',(#416,#417,#418,#419)) ;
#446=EDGE_LOOP('',(#447,#448,#449,#450)) ;
#486=EDGE_LOOP('',(#487,#488,#489,#490)) ;
#503=EDGE_LOOP('',(#504,#505,#506,#507)) ;
#543=EDGE_LOOP('',(#544,#545,#546,#547)) ;
#560=EDGE_LOOP('',(#561,#562,#563,#564)) ;
#600=EDGE_LOOP('',(#601,#602,#603,#604)) ;
#631=EDGE_LOOP('',(#632,#633,#634,#635)) ;
#657=EDGE_LOOP('',(#658,#659,#660,#661)) ;
#692=EDGE_LOOP('',(#693,#694,#695,#696)) ;
#709=EDGE_LOOP('',(#710,#711,#712,#713)) ;
#740=EDGE_LOOP('',(#741,#742,#743,#744)) ;
#775=EDGE_LOOP('',(#776,#777,#778,#779)) ;
#810=EDGE_LOOP('',(#811,#812,#813,#814)) ;
#827=EDGE_LOOP('',(#828,#829,#830,#831)) ;
#862=EDGE_LOOP('',(#863,#864,#865,#866)) ;
#879=EDGE_LOOP('',(#880,#881,#882,#883)) ;
#936=EDGE_LOOP('',(#937,#938,#939,#940,#941,#942,#943,#944,#945,#946,#947,#948,#949,#950,#951)) ;
#953=EDGE_LOOP('',(#954,#955)) ;
#957=EDGE_LOOP('',(#958,#959)) ;
#961=EDGE_LOOP('',(#962,#963)) ;
#1016=EDGE_LOOP('',(#1017,#1018,#1019,#1020,#1021,#1022)) ;
#1042=EDGE_LOOP('',(#1043,#1044,#1045,#1046)) ;
#1048=EDGE_LOOP('',(#1049,#1050)) ;
#1080=EDGE_LOOP('',(#1081,#1082,#1083,#1084,#1085)) ;
#1110=EDGE_LOOP('',(#1111,#1112,#1113,#1114,#1115,#1116,#1117)) ;
#1119=EDGE_LOOP('',(#1120,#1121)) ;
#1162=EDGE_LOOP('',(#1163,#1164,#1165,#1166,#1167)) ;
#1193=EDGE_LOOP('',(#1194,#1195,#1196,#1197,#1198,#1199,#1200)) ;
#1208=EDGE_LOOP('',(#1209,#1210,#1211,#1212,#1213,#1214)) ;
#1262=EDGE_LOOP('',(#1263,#1264,#1265,#1266,#1267,#1268)) ;
#1288=EDGE_LOOP('',(#1289,#1290,#1291,#1292)) ;
#1294=EDGE_LOOP('',(#1295,#1296)) ;
#1332=EDGE_LOOP('',(#1333,#1334,#1335,#1336)) ;
#1363=EDGE_LOOP('',(#1364,#1365,#1366,#1367)) ;
#1394=EDGE_LOOP('',(#1395,#1396,#1397,#1398)) ;
#1434=EDGE_LOOP('',(#1435,#1436,#1437,#1438)) ;
#1460=EDGE_LOOP('',(#1461,#1462,#1463,#1464)) ;
#1491=EDGE_LOOP('',(#1492,#1493,#1494,#1495)) ;
#1522=EDGE_LOOP('',(#1523,#1524,#1525,#1526)) ;
#1553=EDGE_LOOP('',(#1554,#1555,#1556,#1557)) ;
#1579=EDGE_LOOP('',(#1580,#1581,#1582,#1583)) ;
#1610=EDGE_LOOP('',(#1611,#1612,#1613,#1614)) ;
#1641=EDGE_LOOP('',(#1642,#1643,#1644,#1645)) ;
#1670=EDGE_LOOP('',(#1671,#1672,#1673,#1674,#1675,#1676,#1677,#1678,#1679,#1680,#1681)) ;
#1683=EDGE_LOOP('',(#1684,#1685)) ;
#1687=EDGE_LOOP('',(#1688,#1689)) ;
#1709=EDGE_LOOP('',(#1710,#1711,#1712,#1713)) ;
#1735=EDGE_LOOP('',(#1736,#1737,#1738,#1739)) ;
#1771=EDGE_LOOP('',(#1772,#1773,#1774,#1775,#1776,#1777,#1778,#1779,#1780,#1781,#1782)) ;
#1784=EDGE_LOOP('',(#1785,#1786)) ;
#1788=EDGE_LOOP('',(#1789,#1790)) ;
#1810=EDGE_LOOP('',(#1811,#1812,#1813,#1814)) ;
#1839=EDGE_LOOP('',(#1840,#1841,#1842,#1843,#1844)) ;
#1864=EDGE_LOOP('',(#1865,#1866,#1867,#1868,#1869,#1870,#1871)) ;
#1873=EDGE_LOOP('',(#1874,#1875)) ;
#1916=EDGE_LOOP('',(#1917,#1918,#1919,#1920,#1921)) ;
#1940=EDGE_LOOP('',(#1941,#1942,#1943,#1944,#1945,#1946,#1947)) ;
#1955=EDGE_LOOP('',(#1956,#1957,#1958,#1959,#1960,#1961)) ;
#1974=EDGE_LOOP('',(#1975,#1976,#1977,#1978,#1979)) ;
#1981=EDGE_LOOP('',(#1982,#1983)) ;
#2019=EDGE_LOOP('',(#2020,#2021,#2022,#2023,#2024,#2025,#2026,#2027,#2028)) ;
#2092=EDGE_LOOP('',(#2093,#2094,#2095,#2096,#2097,#2098,#2099,#2100)) ;
#2141=EDGE_LOOP('',(#2142,#2143,#2144,#2145,#2146,#2147,#2148,#2149,#2150,#2151)) ;
#2178=EDGE_LOOP('',(#2179,#2180,#2181,#2182)) ;
#2204=EDGE_LOOP('',(#2205,#2206,#2207,#2208)) ;
#2210=EDGE_LOOP('',(#2211,#2212)) ;
#2232=EDGE_LOOP('',(#2233,#2234,#2235,#2236)) ;
#2256=EDGE_LOOP('',(#2257,#2258,#2259,#2260)) ;
#2278=EDGE_LOOP('',(#2279,#2280,#2281)) ;
#2294=EDGE_LOOP('',(#2295,#2296,#2297,#2298)) ;
#2311=EDGE_LOOP('',(#2312,#2313,#2314)) ;
#2327=EDGE_LOOP('',(#2328,#2329,#2330,#2331)) ;
#2344=EDGE_LOOP('',(#2345,#2346,#2347,#2348)) ;
#2375=EDGE_LOOP('',(#2376,#2377,#2378,#2379,#2380,#2381,#2382,#2383,#2384,#2385,#2386,#2387,#2388)) ;
#2430=EDGE_LOOP('',(#2431,#2432,#2433,#2434,#2435,#2436,#2437,#2438,#2439)) ;
#2459=EDGE_LOOP('',(#2460,#2461,#2462,#2463,#2464)) ;
#2491=EDGE_LOOP('',(#2492,#2493,#2494,#2495)) ;
#2515=EDGE_LOOP('',(#2516,#2517,#2518,#2519)) ;
#2539=EDGE_LOOP('',(#2540,#2541,#2542,#2543)) ;
#2556=EDGE_LOOP('',(#2557,#2558,#2559,#2560,#2561)) ;
#2563=EDGE_LOOP('',(#2564,#2565)) ;
#2627=EDGE_LOOP('',(#2628,#2629,#2630,#2631,#2632,#2633,#2634,#2635,#2636,#2637)) ;
#2650=EDGE_LOOP('',(#2651,#2652,#2653,#2654,#2655,#2656,#2657,#2658,#2659,#2660,#2661,#2662,#2663)) ;
#2665=EDGE_LOOP('',(#2666,#2667)) ;
#2669=EDGE_LOOP('',(#2670,#2671)) ;
#2684=EDGE_LOOP('',(#2685,#2686,#2687,#2688,#2689,#2690,#2691,#2692,#2693,#2694,#2695,#2696,#2697)) ;
#2699=EDGE_LOOP('',(#2700,#2701)) ;
#2703=EDGE_LOOP('',(#2704,#2705)) ;
#2723=EDGE_LOOP('',(#2724,#2725,#2726)) ;
#2739=EDGE_LOOP('',(#2740,#2741,#2742,#2743)) ;
#2756=EDGE_LOOP('',(#2757,#2758,#2759,#2760)) ;
#2773=EDGE_LOOP('',(#2774,#2775,#2776,#2777,#2778)) ;
#2791=EDGE_LOOP('',(#2792,#2793,#2794)) ;
#2807=EDGE_LOOP('',(#2808,#2809,#2810,#2811)) ;
#2824=EDGE_LOOP('',(#2825,#2826,#2827)) ;
#2840=EDGE_LOOP('',(#2841,#2842,#2843,#2844,#2845)) ;
#2858=EDGE_LOOP('',(#2859,#2860,#2861,#2862)) ;
#2875=EDGE_LOOP('',(#2876,#2877,#2878,#2879)) ;
#2887=EDGE_LOOP('',(#2888,#2889,#2890)) ;
#2898=EDGE_LOOP('',(#2899,#2900,#2901,#2902,#2903)) ;
#90=FACE_OUTER_BOUND('',#85,.T.) ;
#107=FACE_OUTER_BOUND('',#102,.T.) ;
#147=FACE_OUTER_BOUND('',#142,.T.) ;
#164=FACE_OUTER_BOUND('',#159,.T.) ;
#204=FACE_OUTER_BOUND('',#199,.T.) ;
#221=FACE_OUTER_BOUND('',#216,.T.) ;
#261=FACE_OUTER_BOUND('',#256,.T.) ;
#278=FACE_OUTER_BOUND('',#273,.T.) ;
#318=FACE_OUTER_BOUND('',#313,.T.) ;
#349=FACE_OUTER_BOUND('',#344,.T.) ;
#389=FACE_OUTER_BOUND('',#384,.T.) ;
#420=FACE_OUTER_BOUND('',#415,.T.) ;
#451=FACE_OUTER_BOUND('',#446,.T.) ;
#491=FACE_OUTER_BOUND('',#486,.T.) ;
#508=FACE_OUTER_BOUND('',#503,.T.) ;
#548=FACE_OUTER_BOUND('',#543,.T.) ;
#565=FACE_OUTER_BOUND('',#560,.T.) ;
#605=FACE_OUTER_BOUND('',#600,.T.) ;
#636=FACE_OUTER_BOUND('',#631,.T.) ;
#662=FACE_OUTER_BOUND('',#657,.T.) ;
#697=FACE_OUTER_BOUND('',#692,.T.) ;
#714=FACE_OUTER_BOUND('',#709,.T.) ;
#745=FACE_OUTER_BOUND('',#740,.T.) ;
#780=FACE_OUTER_BOUND('',#775,.T.) ;
#815=FACE_OUTER_BOUND('',#810,.T.) ;
#832=FACE_OUTER_BOUND('',#827,.T.) ;
#867=FACE_OUTER_BOUND('',#862,.T.) ;
#884=FACE_OUTER_BOUND('',#879,.T.) ;
#952=FACE_OUTER_BOUND('',#936,.T.) ;
#1023=FACE_OUTER_BOUND('',#1016,.T.) ;
#1047=FACE_OUTER_BOUND('',#1042,.T.) ;
#1086=FACE_OUTER_BOUND('',#1080,.T.) ;
#1118=FACE_OUTER_BOUND('',#1110,.T.) ;
#1168=FACE_OUTER_BOUND('',#1162,.T.) ;
#1201=FACE_OUTER_BOUND('',#1193,.T.) ;
#1215=FACE_OUTER_BOUND('',#1208,.T.) ;
#1269=FACE_OUTER_BOUND('',#1262,.T.) ;
#1293=FACE_OUTER_BOUND('',#1288,.T.) ;
#1337=FACE_OUTER_BOUND('',#1332,.T.) ;
#1368=FACE_OUTER_BOUND('',#1363,.T.) ;
#1399=FACE_OUTER_BOUND('',#1394,.T.) ;
#1439=FACE_OUTER_BOUND('',#1434,.T.) ;
#1465=FACE_OUTER_BOUND('',#1460,.T.) ;
#1496=FACE_OUTER_BOUND('',#1491,.T.) ;
#1527=FACE_OUTER_BOUND('',#1522,.T.) ;
#1558=FACE_OUTER_BOUND('',#1553,.T.) ;
#1584=FACE_OUTER_BOUND('',#1579,.T.) ;
#1615=FACE_OUTER_BOUND('',#1610,.T.) ;
#1646=FACE_OUTER_BOUND('',#1641,.T.) ;
#1682=FACE_OUTER_BOUND('',#1670,.T.) ;
#1714=FACE_OUTER_BOUND('',#1709,.T.) ;
#1740=FACE_OUTER_BOUND('',#1735,.T.) ;
#1783=FACE_OUTER_BOUND('',#1771,.T.) ;
#1815=FACE_OUTER_BOUND('',#1810,.T.) ;
#1845=FACE_OUTER_BOUND('',#1839,.T.) ;
#1872=FACE_OUTER_BOUND('',#1864,.T.) ;
#1922=FACE_OUTER_BOUND('',#1916,.T.) ;
#1948=FACE_OUTER_BOUND('',#1940,.T.) ;
#1962=FACE_OUTER_BOUND('',#1955,.T.) ;
#1980=FACE_OUTER_BOUND('',#1974,.T.) ;
#2029=FACE_OUTER_BOUND('',#2019,.T.) ;
#2101=FACE_OUTER_BOUND('',#2092,.T.) ;
#2152=FACE_OUTER_BOUND('',#2141,.T.) ;
#2183=FACE_OUTER_BOUND('',#2178,.T.) ;
#2209=FACE_OUTER_BOUND('',#2204,.T.) ;
#2237=FACE_OUTER_BOUND('',#2232,.T.) ;
#2261=FACE_OUTER_BOUND('',#2256,.T.) ;
#2282=FACE_OUTER_BOUND('',#2278,.T.) ;
#2299=FACE_OUTER_BOUND('',#2294,.T.) ;
#2315=FACE_OUTER_BOUND('',#2311,.T.) ;
#2332=FACE_OUTER_BOUND('',#2327,.T.) ;
#2349=FACE_OUTER_BOUND('',#2344,.T.) ;
#2389=FACE_OUTER_BOUND('',#2375,.T.) ;
#2440=FACE_OUTER_BOUND('',#2430,.T.) ;
#2465=FACE_OUTER_BOUND('',#2459,.T.) ;
#2496=FACE_OUTER_BOUND('',#2491,.T.) ;
#2520=FACE_OUTER_BOUND('',#2515,.T.) ;
#2544=FACE_OUTER_BOUND('',#2539,.T.) ;
#2562=FACE_OUTER_BOUND('',#2556,.T.) ;
#2638=FACE_OUTER_BOUND('',#2627,.T.) ;
#2664=FACE_OUTER_BOUND('',#2650,.T.) ;
#2698=FACE_OUTER_BOUND('',#2684,.T.) ;
#2727=FACE_OUTER_BOUND('',#2723,.T.) ;
#2744=FACE_OUTER_BOUND('',#2739,.T.) ;
#2761=FACE_OUTER_BOUND('',#2756,.T.) ;
#2779=FACE_OUTER_BOUND('',#2773,.T.) ;
#2795=FACE_OUTER_BOUND('',#2791,.T.) ;
#2812=FACE_OUTER_BOUND('',#2807,.T.) ;
#2828=FACE_OUTER_BOUND('',#2824,.T.) ;
#2846=FACE_OUTER_BOUND('',#2840,.T.) ;
#2863=FACE_OUTER_BOUND('',#2858,.T.) ;
#2880=FACE_OUTER_BOUND('',#2875,.T.) ;
#2891=FACE_OUTER_BOUND('',#2887,.T.) ;
#2904=FACE_OUTER_BOUND('',#2898,.T.) ;
#2911=GEOMETRIC_SET('NONE',(#2909,#2913,#2914)) ;
#2910=GEOMETRICALLY_BOUNDED_SURFACE_SHAPE_REPRESENTATION('NONE',(#2911),#46) ;
#45=UNCERTAINTY_MEASURE_WITH_UNIT(LENGTH_MEASURE(0.005),#41,'distance_accuracy_value','CONFUSED CURVE UNCERTAINTY') ;
#60=LINE('Line',#57,#59) ;
#76=LINE('Line',#73,#75) ;
#126=LINE('Line',#123,#125) ;
#140=LINE('Line',#137,#139) ;
#183=LINE('Line',#180,#182) ;
#197=LINE('Line',#194,#196) ;
#240=LINE('Line',#237,#239) ;
#254=LINE('Line',#251,#253) ;
#288=LINE('Line',#285,#287) ;
#304=LINE('Line',#301,#303) ;
#328=LINE('Line',#325,#327) ;
#335=LINE('Line',#332,#334) ;
#342=LINE('Line',#339,#341) ;
#359=LINE('Line',#356,#358) ;
#375=LINE('Line',#372,#374) ;
#406=LINE('Line',#403,#405) ;
#430=LINE('Line',#427,#429) ;
#437=LINE('Line',#434,#436) ;
#444=LINE('Line',#441,#443) ;
#461=LINE('Line',#458,#460) ;
#477=LINE('Line',#474,#476) ;
#518=LINE('Line',#515,#517) ;
#534=LINE('Line',#531,#533) ;
#575=LINE('Line',#572,#574) ;
#584=LINE('Line',#581,#583) ;
#591=LINE('Line',#588,#590) ;
#598=LINE('Line',#595,#597) ;
#615=LINE('Line',#612,#614) ;
#641=LINE('Line',#638,#640) ;
#650=LINE('Line',#647,#649) ;
#655=LINE('Line',#652,#654) ;
#676=LINE('Line',#673,#675) ;
#690=LINE('Line',#687,#689) ;
#731=LINE('Line',#728,#730) ;
#750=LINE('Line',#747,#749) ;
#766=LINE('Line',#763,#765) ;
#794=LINE('Line',#791,#793) ;
#808=LINE('Line',#805,#807) ;
#846=LINE('Line',#843,#845) ;
#860=LINE('Line',#857,#859) ;
#894=LINE('Line',#891,#893) ;
#908=LINE('Line',#905,#907) ;
#915=LINE('Line',#912,#914) ;
#922=LINE('Line',#919,#921) ;
#934=LINE('Line',#931,#933) ;
#974=LINE('Line',#971,#973) ;
#983=LINE('Line',#980,#982) ;
#988=LINE('Line',#985,#987) ;
#1014=LINE('Line',#1011,#1013) ;
#1033=LINE('Line',#1030,#1032) ;
#1040=LINE('Line',#1037,#1039) ;
#1071=LINE('Line',#1068,#1070) ;
#1078=LINE('Line',#1075,#1077) ;
#1103=LINE('Line',#1100,#1102) ;
#1108=LINE('Line',#1105,#1107) ;
#1139=LINE('Line',#1136,#1138) ;
#1178=LINE('Line',#1175,#1177) ;
#1220=LINE('Line',#1217,#1219) ;
#1227=LINE('Line',#1224,#1226) ;
#1234=LINE('Line',#1231,#1233) ;
#1241=LINE('Line',#1238,#1240) ;
#1279=LINE('Line',#1276,#1278) ;
#1286=LINE('Line',#1283,#1285) ;
#1316=LINE('Line',#1313,#1315) ;
#1330=LINE('Line',#1327,#1329) ;
#1347=LINE('Line',#1344,#1346) ;
#1356=LINE('Line',#1353,#1355) ;
#1361=LINE('Line',#1358,#1360) ;
#1385=LINE('Line',#1382,#1384) ;
#1418=LINE('Line',#1415,#1417) ;
#1432=LINE('Line',#1429,#1431) ;
#1444=LINE('Line',#1441,#1443) ;
#1453=LINE('Line',#1450,#1452) ;
#1458=LINE('Line',#1455,#1457) ;
#1489=LINE('Line',#1486,#1488) ;
#1506=LINE('Line',#1503,#1505) ;
#1515=LINE('Line',#1512,#1514) ;
#1520=LINE('Line',#1517,#1519) ;
#1537=LINE('Line',#1534,#1536) ;
#1563=LINE('Line',#1560,#1562) ;
#1572=LINE('Line',#1569,#1571) ;
#1577=LINE('Line',#1574,#1576) ;
#1594=LINE('Line',#1591,#1593) ;
#1625=LINE('Line',#1622,#1624) ;
#1632=LINE('Line',#1629,#1631) ;
#1639=LINE('Line',#1636,#1638) ;
#1656=LINE('Line',#1653,#1655) ;
#1663=LINE('Line',#1660,#1662) ;
#1707=LINE('Line',#1704,#1706) ;
#1719=LINE('Line',#1716,#1718) ;
#1726=LINE('Line',#1723,#1725) ;
#1733=LINE('Line',#1730,#1732) ;
#1750=LINE('Line',#1747,#1749) ;
#1757=LINE('Line',#1754,#1756) ;
#1762=LINE('Line',#1759,#1761) ;
#1801=LINE('Line',#1798,#1800) ;
#1820=LINE('Line',#1817,#1819) ;
#1837=LINE('Line',#1834,#1836) ;
#1850=LINE('Line',#1847,#1849) ;
#1857=LINE('Line',#1854,#1856) ;
#1907=LINE('Line',#1904,#1906) ;
#1972=LINE('Line',#1969,#1971) ;
#1998=LINE('Line',#1995,#1997) ;
#2012=LINE('Line',#2009,#2011) ;
#2017=LINE('Line',#2014,#2016) ;
#2048=LINE('Line',#2045,#2047) ;
#2062=LINE('Line',#2059,#2061) ;
#2076=LINE('Line',#2073,#2075) ;
#2090=LINE('Line',#2087,#2089) ;
#2111=LINE('Line',#2108,#2110) ;
#2127=LINE('Line',#2124,#2126) ;
#2132=LINE('Line',#2129,#2131) ;
#2171=LINE('Line',#2168,#2170) ;
#2176=LINE('Line',#2173,#2175) ;
#2188=LINE('Line',#2185,#2187) ;
#2195=LINE('Line',#2192,#2194) ;
#2202=LINE('Line',#2199,#2201) ;
#2223=LINE('Line',#2220,#2222) ;
#2230=LINE('Line',#2227,#2229) ;
#2254=LINE('Line',#2251,#2253) ;
#2325=LINE('Line',#2322,#2324) ;
#2342=LINE('Line',#2339,#2341) ;
#2373=LINE('Line',#2370,#2372) ;
#2409=LINE('Line',#2406,#2408) ;
#2414=LINE('Line',#2411,#2413) ;
#2428=LINE('Line',#2425,#2427) ;
#2457=LINE('Line',#2454,#2456) ;
#2484=LINE('Line',#2481,#2483) ;
#2489=LINE('Line',#2486,#2488) ;
#2506=LINE('Line',#2503,#2505) ;
#2513=LINE('Line',#2510,#2512) ;
#2537=LINE('Line',#2534,#2536) ;
#2554=LINE('Line',#2551,#2553) ;
#2576=LINE('Line',#2573,#2575) ;
#2590=LINE('Line',#2587,#2589) ;
#2597=LINE('Line',#2594,#2596) ;
#2604=LINE('Line',#2601,#2603) ;
#2618=LINE('Line',#2615,#2617) ;
#2625=LINE('Line',#2622,#2624) ;
#2648=LINE('Line',#2645,#2647) ;
#2682=LINE('Line',#2679,#2681) ;
#2=MECHANICAL_CONTEXT(' ',#1,'mechanical') ;
#24=PERSONAL_ADDRESS(' ',' ',' ',' ',' ',' ',' ',' ',' ',' ',' ',' ',(#22),' ') ;
#324=PLANE('',#323) ;
#426=PLANE('',#425) ;
#571=PLANE('',#570) ;
#890=PLANE('',#889) ;
#970=PLANE('',#969) ;
#1029=PLANE('',#1028) ;
#1057=PLANE('',#1056) ;
#1092=PLANE('',#1091) ;
#1275=PLANE('',#1274) ;
#1343=PLANE('',#1342) ;
#1502=PLANE('',#1501) ;
#1621=PLANE('',#1620) ;
#1652=PLANE('',#1651) ;
#1746=PLANE('',#1745) ;
#1968=PLANE('',#1967) ;
#2035=PLANE('',#2034) ;
#2107=PLANE('',#2106) ;
#2219=PLANE('',#2218) ;
#2355=PLANE('',#2354) ;
#2502=PLANE('',#2501) ;
#2550=PLANE('',#2549) ;
#2572=PLANE('',#2571) ;
#2644=PLANE('',#2643) ;
#2678=PLANE('',#2677) ;
#43=PLANE_ANGLE_MEASURE_WITH_UNIT(PLANE_ANGLE_MEASURE(0.0174532925199),#42) ;
#7=PRODUCT_CATEGORY('part',$) ;
#9=PRODUCT_CATEGORY_RELATIONSHIP(' ',' ',#7,#8) ;
#6=PRODUCT_DEFINITION_FORMATION_WITH_SPECIFIED_SOURCE('',' ',#5,.NOT_KNOWN.) ;
#8=PRODUCT_RELATED_PRODUCT_CATEGORY('detail',$,(#5)) ;
#50=SHAPE_DEFINITION_REPRESENTATION(#40,#49) ;
#2267=SPHERICAL_SURFACE('',#2266,2.5) ;
#2305=SPHERICAL_SURFACE('',#2304,2.5) ;
#2712=SPHERICAL_SURFACE('',#2711,2.5) ;
#2785=SPHERICAL_SURFACE('',#2784,2.5) ;
#2818=SPHERICAL_SURFACE('',#2817,2.5) ;
#2886=SPHERICAL_SURFACE('',#2885,2.5) ;
#62=VERTEX_POINT('',#61) ;
#64=VERTEX_POINT('',#63) ;
#71=VERTEX_POINT('',#70) ;
#78=VERTEX_POINT('',#77) ;
#119=VERTEX_POINT('',#118) ;
#121=VERTEX_POINT('',#120) ;
#128=VERTEX_POINT('',#127) ;
#135=VERTEX_POINT('',#134) ;
#176=VERTEX_POINT('',#175) ;
#178=VERTEX_POINT('',#177) ;
#185=VERTEX_POINT('',#184) ;
#192=VERTEX_POINT('',#191) ;
#233=VERTEX_POINT('',#232) ;
#235=VERTEX_POINT('',#234) ;
#242=VERTEX_POINT('',#241) ;
#249=VERTEX_POINT('',#248) ;
#290=VERTEX_POINT('',#289) ;
#292=VERTEX_POINT('',#291) ;
#299=VERTEX_POINT('',#298) ;
#306=VERTEX_POINT('',#305) ;
#330=VERTEX_POINT('',#329) ;
#337=VERTEX_POINT('',#336) ;
#361=VERTEX_POINT('',#360) ;
#363=VERTEX_POINT('',#362) ;
#370=VERTEX_POINT('',#369) ;
#377=VERTEX_POINT('',#376) ;
#401=VERTEX_POINT('',#400) ;
#408=VERTEX_POINT('',#407) ;
#432=VERTEX_POINT('',#431) ;
#439=VERTEX_POINT('',#438) ;
#463=VERTEX_POINT('',#462) ;
#465=VERTEX_POINT('',#464) ;
#472=VERTEX_POINT('',#471) ;
#479=VERTEX_POINT('',#478) ;
#520=VERTEX_POINT('',#519) ;
#522=VERTEX_POINT('',#521) ;
#529=VERTEX_POINT('',#528) ;
#536=VERTEX_POINT('',#535) ;
#577=VERTEX_POINT('',#576) ;
#579=VERTEX_POINT('',#578) ;
#586=VERTEX_POINT('',#585) ;
#593=VERTEX_POINT('',#592) ;
#617=VERTEX_POINT('',#616) ;
#619=VERTEX_POINT('',#618) ;
#643=VERTEX_POINT('',#642) ;
#645=VERTEX_POINT('',#644) ;
#669=VERTEX_POINT('',#668) ;
#671=VERTEX_POINT('',#670) ;
#678=VERTEX_POINT('',#677) ;
#685=VERTEX_POINT('',#684) ;
#726=VERTEX_POINT('',#725) ;
#733=VERTEX_POINT('',#732) ;
#752=VERTEX_POINT('',#751) ;
#754=VERTEX_POINT('',#753) ;
#761=VERTEX_POINT('',#760) ;
#768=VERTEX_POINT('',#767) ;
#787=VERTEX_POINT('',#786) ;
#789=VERTEX_POINT('',#788) ;
#796=VERTEX_POINT('',#795) ;
#803=VERTEX_POINT('',#802) ;
#839=VERTEX_POINT('',#838) ;
#841=VERTEX_POINT('',#840) ;
#848=VERTEX_POINT('',#847) ;
#855=VERTEX_POINT('',#854) ;
#896=VERTEX_POINT('',#895) ;
#903=VERTEX_POINT('',#902) ;
#910=VERTEX_POINT('',#909) ;
#917=VERTEX_POINT('',#916) ;
#924=VERTEX_POINT('',#923) ;
#976=VERTEX_POINT('',#975) ;
#978=VERTEX_POINT('',#977) ;
#990=VERTEX_POINT('',#989) ;
#1009=VERTEX_POINT('',#1008) ;
#1035=VERTEX_POINT('',#1034) ;
#1066=VERTEX_POINT('',#1065) ;
#1073=VERTEX_POINT('',#1072) ;
#1098=VERTEX_POINT('',#1097) ;
#1134=VERTEX_POINT('',#1133) ;
#1141=VERTEX_POINT('',#1140) ;
#1149=VERTEX_POINT('',#1148) ;
#1180=VERTEX_POINT('',#1179) ;
#1222=VERTEX_POINT('',#1221) ;
#1229=VERTEX_POINT('',#1228) ;
#1236=VERTEX_POINT('',#1235) ;
#1243=VERTEX_POINT('',#1242) ;
#1281=VERTEX_POINT('',#1280) ;
#1309=VERTEX_POINT('',#1308) ;
#1311=VERTEX_POINT('',#1310) ;
#1318=VERTEX_POINT('',#1317) ;
#1325=VERTEX_POINT('',#1324) ;
#1349=VERTEX_POINT('',#1348) ;
#1351=VERTEX_POINT('',#1350) ;
#1380=VERTEX_POINT('',#1379) ;
#1387=VERTEX_POINT('',#1386) ;
#1411=VERTEX_POINT('',#1410) ;
#1413=VERTEX_POINT('',#1412) ;
#1420=VERTEX_POINT('',#1419) ;
#1427=VERTEX_POINT('',#1426) ;
#1446=VERTEX_POINT('',#1445) ;
#1448=VERTEX_POINT('',#1447) ;
#1477=VERTEX_POINT('',#1476) ;
#1484=VERTEX_POINT('',#1483) ;
#1508=VERTEX_POINT('',#1507) ;
#1510=VERTEX_POINT('',#1509) ;
#1539=VERTEX_POINT('',#1538) ;
#1541=VERTEX_POINT('',#1540) ;
#1565=VERTEX_POINT('',#1564) ;
#1567=VERTEX_POINT('',#1566) ;
#1596=VERTEX_POINT('',#1595) ;
#1598=VERTEX_POINT('',#1597) ;
#1627=VERTEX_POINT('',#1626) ;
#1634=VERTEX_POINT('',#1633) ;
#1658=VERTEX_POINT('',#1657) ;
#1702=VERTEX_POINT('',#1701) ;
#1721=VERTEX_POINT('',#1720) ;
#1728=VERTEX_POINT('',#1727) ;
#1752=VERTEX_POINT('',#1751) ;
#1764=VERTEX_POINT('',#1763) ;
#1803=VERTEX_POINT('',#1802) ;
#1822=VERTEX_POINT('',#1821) ;
#1832=VERTEX_POINT('',#1831) ;
#1852=VERTEX_POINT('',#1851) ;
#1894=VERTEX_POINT('',#1893) ;
#1902=VERTEX_POINT('',#1901) ;
#1909=VERTEX_POINT('',#1908) ;
#1991=VERTEX_POINT('',#1990) ;
#1993=VERTEX_POINT('',#1992) ;
#2000=VERTEX_POINT('',#1999) ;
#2007=VERTEX_POINT('',#2006) ;
#2041=VERTEX_POINT('',#2040) ;
#2043=VERTEX_POINT('',#2042) ;
#2050=VERTEX_POINT('',#2049) ;
#2057=VERTEX_POINT('',#2056) ;
#2064=VERTEX_POINT('',#2063) ;
#2071=VERTEX_POINT('',#2070) ;
#2078=VERTEX_POINT('',#2077) ;
#2085=VERTEX_POINT('',#2084) ;
#2113=VERTEX_POINT('',#2112) ;
#2115=VERTEX_POINT('',#2114) ;
#2122=VERTEX_POINT('',#2121) ;
#2134=VERTEX_POINT('',#2133) ;
#2164=VERTEX_POINT('',#2163) ;
#2166=VERTEX_POINT('',#2165) ;
#2190=VERTEX_POINT('',#2189) ;
#2197=VERTEX_POINT('',#2196) ;
#2225=VERTEX_POINT('',#2224) ;
#2249=VERTEX_POINT('',#2248) ;
#2361=VERTEX_POINT('',#2360) ;
#2368=VERTEX_POINT('',#2367) ;
#2402=VERTEX_POINT('',#2401) ;
#2404=VERTEX_POINT('',#2403) ;
#2416=VERTEX_POINT('',#2415) ;
#2423=VERTEX_POINT('',#2422) ;
#2452=VERTEX_POINT('',#2451) ;
#2477=VERTEX_POINT('',#2476) ;
#2479=VERTEX_POINT('',#2478) ;
#2508=VERTEX_POINT('',#2507) ;
#2532=VERTEX_POINT('',#2531) ;
#2578=VERTEX_POINT('',#2577) ;
#2585=VERTEX_POINT('',#2584) ;
#2592=VERTEX_POINT('',#2591) ;
#2599=VERTEX_POINT('',#2598) ;
#2606=VERTEX_POINT('',#2605) ;
#2613=VERTEX_POINT('',#2612) ;
#2620=VERTEX_POINT('',#2619) ;
#41=(LENGTH_UNIT()NAMED_UNIT(*)SI_UNIT(.MILLI.,.METRE.)) ;
#42=(NAMED_UNIT(*)PLANE_ANGLE_UNIT()SI_UNIT($,.RADIAN.)) ;
#44=(NAMED_UNIT(*)SI_UNIT($,.STERADIAN.)SOLID_ANGLE_UNIT()) ;
#46=(GEOMETRIC_REPRESENTATION_CONTEXT(3)GLOBAL_UNCERTAINTY_ASSIGNED_CONTEXT((#45))GLOBAL_UNIT_ASSIGNED_CONTEXT((#41,#42,#44))REPRESENTATION_CONTEXT(' ',' ')) ;
ENDSEC;
END-ISO-10303-21;
