ISO-10303-21;
HEADER;
FILE_DESCRIPTION(('CATIA V5 STEP Exchange'),'2;1');

FILE_NAME('C:\\Users\\Hashaam\\Documents\\CAD_Project\\review\\Pedal_Body_live.stp','2026-10-06T14:44:23+00:00',('none'),('none'),'CATIA Version 5 Release 21 GA (IN-10)','CATIA V5 STEP AP203','none');

FILE_SCHEMA(('CONFIG_CONTROL_DESIGN'));

ENDSEC;
/* file written by CATIA V5R21 */
DATA;
#5=PRODUCT('Part15','','',(#2)) ;
#1=APPLICATION_CONTEXT('configuration controlled 3D design of mechanical parts and assemblies') ;
#14=PRODUCT_DEFINITION('',' ',#6,#3) ;
#16=SECURITY_CLASSIFICATION(' ',' ',#15) ;
#15=SECURITY_CLASSIFICATION_LEVEL('unclassified') ;
#47=CARTESIAN_POINT(' ',(0.,0.,0.)) ;
#52=CARTESIAN_POINT('Axis2P3D Location',(-447.363739726,-71.5,188.67448908)) ;
#57=CARTESIAN_POINT('Line Origine',(-447.363739726,-61.5,188.67448908)) ;
#61=CARTESIAN_POINT('Vertex',(-447.363739726,-71.5,188.67448908)) ;
#63=CARTESIAN_POINT('Vertex',(-447.363739726,-51.5,188.67448908)) ;
#66=CARTESIAN_POINT('Line Origine',(-439.300572773,-71.5,200.149064042)) ;
#70=CARTESIAN_POINT('Vertex',(-431.237405819,-71.5,211.623639004)) ;
#73=CARTESIAN_POINT('Line Origine',(-431.237405819,-61.5,211.623639004)) ;
#77=CARTESIAN_POINT('Vertex',(-431.237405819,-51.5,211.623639004)) ;
#80=CARTESIAN_POINT('Line Origine',(-439.300572773,-51.5,200.149064042)) ;
#92=CARTESIAN_POINT('Axis2P3D Location',(-428.430551531,-61.5,209.651266622)) ;
#97=CARTESIAN_POINT('Axis2P3D Location',(-428.430551531,-71.5,209.651266622)) ;
#101=CARTESIAN_POINT('Vertex',(-425.,-71.5,209.651266621)) ;
#104=CARTESIAN_POINT('Line Origine',(-425.,-61.5,209.651266621)) ;
#108=CARTESIAN_POINT('Vertex',(-425.,-51.5,209.651266621)) ;
#111=CARTESIAN_POINT('Axis2P3D Location',(-428.430551531,-51.5,209.651266622)) ;
#123=CARTESIAN_POINT('Axis2P3D Location',(-425.,-71.5,209.651266621)) ;
#128=CARTESIAN_POINT('Line Origine',(-425.,-71.5,175.075633311)) ;
#132=CARTESIAN_POINT('Vertex',(-425.,-71.5,140.5)) ;
#135=CARTESIAN_POINT('Line Origine',(-425.,-61.5,140.5)) ;
#139=CARTESIAN_POINT('Vertex',(-425.,-51.5,140.5)) ;
#142=CARTESIAN_POINT('Line Origine',(-425.,-51.5,175.075633311)) ;
#154=CARTESIAN_POINT('Axis2P3D Location',(-425.,-71.5,140.5)) ;
#159=CARTESIAN_POINT('Line Origine',(-428.004769373,-71.5,75.2928729615)) ;
#163=CARTESIAN_POINT('Vertex',(-431.009538746,-71.5,10.085745923)) ;
#166=CARTESIAN_POINT('Line Origine',(-431.009538746,-61.5,10.085745923)) ;
#170=CARTESIAN_POINT('Vertex',(-431.009538746,-51.5,10.085745923)) ;
#173=CARTESIAN_POINT('Line Origine',(-428.004769373,-51.5,75.2928729615)) ;
#185=CARTESIAN_POINT('Axis2P3D Location',(-440.,-61.5,10.4999999961)) ;
#190=CARTESIAN_POINT('Axis2P3D Location',(-440.,-71.5,10.4999999961)) ;
#194=CARTESIAN_POINT('Vertex',(-449.,-71.5,10.4999999945)) ;
#197=CARTESIAN_POINT('Line Origine',(-449.,-61.5,10.4999999945)) ;
#201=CARTESIAN_POINT('Vertex',(-449.,-51.5,10.4999999945)) ;
#204=CARTESIAN_POINT('Axis2P3D Location',(-440.,-51.5,10.4999999961)) ;
#216=CARTESIAN_POINT('Axis2P3D Location',(-449.,-71.5,10.4999999945)) ;
#221=CARTESIAN_POINT('Line Origine',(-449.,-71.5,96.9999999945)) ;
#225=CARTESIAN_POINT('Vertex',(-449.,-71.5,183.499999994)) ;
#228=CARTESIAN_POINT('Line Origine',(-449.,-61.5,183.499999994)) ;
#232=CARTESIAN_POINT('Vertex',(-449.,-51.5,183.499999994)) ;
#235=CARTESIAN_POINT('Line Origine',(-449.,-51.5,96.9999999945)) ;
#247=CARTESIAN_POINT('Axis2P3D Location',(-440.000000005,-61.5,183.500000001)) ;
#252=CARTESIAN_POINT('Axis2P3D Location',(-440.000000005,-71.5,183.500000001)) ;
#257=CARTESIAN_POINT('Axis2P3D Location',(-440.000000005,-51.5,183.500000001)) ;
#269=CARTESIAN_POINT('Axis2P3D Location',(-427.689437365,-51.5,142.886332048)) ;
#274=CARTESIAN_POINT('Line Origine',(-427.689437365,-56.,142.886332048)) ;
#278=CARTESIAN_POINT('Vertex',(-427.689437365,-51.5,142.886332048)) ;
#280=CARTESIAN_POINT('Vertex',(-427.689437365,-60.5,142.886332048)) ;
#283=CARTESIAN_POINT('Line Origine',(-436.01019422,-51.5,132.53645113)) ;
#287=CARTESIAN_POINT('Vertex',(-444.330951074,-51.5,122.186570212)) ;
#290=CARTESIAN_POINT('Line Origine',(-444.330951074,-56.,122.186570212)) ;
#294=CARTESIAN_POINT('Vertex',(-444.330951074,-60.5,122.186570212)) ;
#297=CARTESIAN_POINT('Line Origine',(-436.01019422,-60.5,132.53645113)) ;
#309=CARTESIAN_POINT('Axis2P3D Location',(-428.858486289,-56.,143.826185553)) ;
#314=CARTESIAN_POINT('Line Origine',(-427.610947423,-61.5,144.659040147)) ;
#318=CARTESIAN_POINT('Vertex',(-427.610947423,-51.5,144.659040147)) ;
#320=CARTESIAN_POINT('Vertex',(-427.610947423,-60.5,144.659040147)) ;
#323=CARTESIAN_POINT('Axis2P3D Location',(-428.858486289,-51.5,143.826185553)) ;
#328=CARTESIAN_POINT('Axis2P3D Location',(-428.858486289,-60.5,143.826185553)) ;
#340=CARTESIAN_POINT('Axis2P3D Location',(-445.499999999,-56.,123.126423719)) ;
#345=CARTESIAN_POINT('Axis2P3D Location',(-445.499999999,-51.5,123.126423719)) ;
#349=CARTESIAN_POINT('Vertex',(-447.,-51.5,123.126423717)) ;
#352=CARTESIAN_POINT('Line Origine',(-447.,-61.5,123.126423717)) ;
#356=CARTESIAN_POINT('Vertex',(-447.,-60.5,123.126423717)) ;
#359=CARTESIAN_POINT('Axis2P3D Location',(-445.499999999,-60.5,123.126423719)) ;
#371=CARTESIAN_POINT('Axis2P3D Location',(-440.,-60.5,10.5)) ;
#376=CARTESIAN_POINT('Line Origine',(-447.,-60.5,145.940025991)) ;
#380=CARTESIAN_POINT('Vertex',(-447.,-60.5,168.753628264)) ;
#383=CARTESIAN_POINT('Axis2P3D Location',(-445.500000001,-60.5,168.753628268)) ;
#387=CARTESIAN_POINT('Vertex',(-444.252461132,-60.5,169.586482858)) ;
#390=CARTESIAN_POINT('Line Origine',(-435.931704277,-60.5,157.122761503)) ;
#404=CARTESIAN_POINT('Axis2P3D Location',(-444.252461132,-51.5,169.586482858)) ;
#409=CARTESIAN_POINT('Line Origine',(-444.252461132,-56.,169.586482858)) ;
#413=CARTESIAN_POINT('Vertex',(-444.252461132,-51.5,169.586482858)) ;
#416=CARTESIAN_POINT('Line Origine',(-435.931704277,-51.5,157.122761503)) ;
#428=CARTESIAN_POINT('Axis2P3D Location',(-446.999999999,-51.5,107.699596063)) ;
#433=CARTESIAN_POINT('Line Origine',(-446.999999999,-51.5,145.940025991)) ;
#437=CARTESIAN_POINT('Vertex',(-447.,-51.5,168.753628266)) ;
#440=CARTESIAN_POINT('Line Origine',(-446.999999999,-56.,168.753628264)) ;
#452=CARTESIAN_POINT('Axis2P3D Location',(-445.500000001,-56.,168.753628268)) ;
#457=CARTESIAN_POINT('Axis2P3D Location',(-445.500000001,-51.5,168.753628268)) ;
#469=CARTESIAN_POINT('Axis2P3D Location',(-445.499999999,-56.,107.699596062)) ;
#474=CARTESIAN_POINT('Line Origine',(-446.999999999,-61.5,107.69959606)) ;
#478=CARTESIAN_POINT('Vertex',(-446.999999999,-51.5,107.69959606)) ;
#480=CARTESIAN_POINT('Vertex',(-446.999999999,-60.5,107.69959606)) ;
#483=CARTESIAN_POINT('Axis2P3D Location',(-445.499999999,-51.5,107.699596062)) ;
#487=CARTESIAN_POINT('Vertex',(-444.2895991,-51.5,108.585558625)) ;
#490=CARTESIAN_POINT('Line Origine',(-444.289599098,-61.5,108.585558623)) ;
#494=CARTESIAN_POINT('Vertex',(-444.289599098,-60.5,108.585558623)) ;
#497=CARTESIAN_POINT('Axis2P3D Location',(-445.499999999,-60.5,107.699596062)) ;
#509=CARTESIAN_POINT('Line Origine',(-446.999999999,-56.,70.6360690957)) ;
#513=CARTESIAN_POINT('Vertex',(-446.999999999,-51.5,70.6360690957)) ;
#515=CARTESIAN_POINT('Vertex',(-446.999999999,-60.5,70.6360690957)) ;
#518=CARTESIAN_POINT('Line Origine',(-446.999999999,-51.5,89.1678325792)) ;
#523=CARTESIAN_POINT('Line Origine',(-446.999999999,-60.5,89.1678325792)) ;
#535=CARTESIAN_POINT('Axis2P3D Location',(-444.2895991,-51.5,108.585558625)) ;
#540=CARTESIAN_POINT('Line Origine',(-437.189474202,-51.5,98.8853772285)) ;
#544=CARTESIAN_POINT('Vertex',(-430.089349305,-51.5,89.185195832)) ;
#547=CARTESIAN_POINT('Line Origine',(-430.089349305,-56.,89.185195832)) ;
#551=CARTESIAN_POINT('Vertex',(-430.089349305,-60.5,89.185195832)) ;
#554=CARTESIAN_POINT('Line Origine',(-437.189474202,-60.5,98.8853772285)) ;
#566=CARTESIAN_POINT('Axis2P3D Location',(-431.299750204,-60.5,88.2992332697)) ;
#570=CARTESIAN_POINT('Vertex',(-430.130701281,-60.5,87.3593797637)) ;
#573=CARTESIAN_POINT('Line Origine',(-437.230826177,-60.5,78.5277976777)) ;
#577=CARTESIAN_POINT('Vertex',(-444.330951074,-60.5,69.6962155917)) ;
#580=CARTESIAN_POINT('Axis2P3D Location',(-445.499999999,-60.5,70.636069096)) ;
#594=CARTESIAN_POINT('Axis2P3D Location',(-445.499999999,-56.,70.636069096)) ;
#599=CARTESIAN_POINT('Line Origine',(-444.330951074,-61.5,69.6962155917)) ;
#603=CARTESIAN_POINT('Vertex',(-444.330951074,-51.5,69.6962155917)) ;
#606=CARTESIAN_POINT('Axis2P3D Location',(-445.499999999,-51.5,70.636069096)) ;
#618=CARTESIAN_POINT('Axis2P3D Location',(-431.299750204,-56.,88.2992332697)) ;
#623=CARTESIAN_POINT('Axis2P3D Location',(-431.299750204,-51.5,88.2992332697)) ;
#627=CARTESIAN_POINT('Vertex',(-430.130701281,-51.5,87.3593797637)) ;
#630=CARTESIAN_POINT('Line Origine',(-430.130701281,-61.5,87.3593797637)) ;
#642=CARTESIAN_POINT('Axis2P3D Location',(-430.130701281,-51.5,87.3593797637)) ;
#647=CARTESIAN_POINT('Line Origine',(-437.230826177,-51.5,78.5277976777)) ;
#659=CARTESIAN_POINT('Axis2P3D Location',(-432.406221623,-51.5,37.9778380728)) ;
#664=CARTESIAN_POINT('Line Origine',(-432.406221623,-56.,37.9778380728)) ;
#668=CARTESIAN_POINT('Vertex',(-432.406221623,-51.5,37.9778380728)) ;
#670=CARTESIAN_POINT('Vertex',(-432.406221623,-60.5,37.9778380728)) ;
#673=CARTESIAN_POINT('Line Origine',(-438.368586348,-51.5,30.5614736738)) ;
#677=CARTESIAN_POINT('Vertex',(-444.330951075,-51.5,23.1451092738)) ;
#680=CARTESIAN_POINT('Line Origine',(-444.330951074,-56.,23.1451092748)) ;
#684=CARTESIAN_POINT('Vertex',(-444.330951074,-60.5,23.1451092748)) ;
#687=CARTESIAN_POINT('Line Origine',(-438.368586348,-60.5,30.5614736738)) ;
#699=CARTESIAN_POINT('Axis2P3D Location',(-433.575270548,-56.,38.9176915771)) ;
#704=CARTESIAN_POINT('Line Origine',(-432.364869649,-61.5,39.80365414)) ;
#708=CARTESIAN_POINT('Vertex',(-432.364869649,-51.5,39.80365414)) ;
#710=CARTESIAN_POINT('Vertex',(-432.364869649,-60.5,39.80365414)) ;
#713=CARTESIAN_POINT('Axis2P3D Location',(-433.575270548,-51.5,38.9176915771)) ;
#718=CARTESIAN_POINT('Axis2P3D Location',(-433.575270548,-60.5,38.9176915771)) ;
#730=CARTESIAN_POINT('Axis2P3D Location',(-445.499999999,-56.,24.0849627811)) ;
#735=CARTESIAN_POINT('Axis2P3D Location',(-445.499999999,-51.5,24.0849627811)) ;
#739=CARTESIAN_POINT('Vertex',(-447.,-51.5,24.084962781)) ;
#742=CARTESIAN_POINT('Line Origine',(-447.,-61.5,24.0849627794)) ;
#746=CARTESIAN_POINT('Vertex',(-447.,-60.5,24.0849627794)) ;
#749=CARTESIAN_POINT('Axis2P3D Location',(-445.499999999,-60.5,24.0849627811)) ;
#761=CARTESIAN_POINT('Line Origine',(-447.,-60.5,41.941556483)) ;
#765=CARTESIAN_POINT('Vertex',(-447.,-60.5,59.798150185)) ;
#768=CARTESIAN_POINT('Line Origine',(-439.682434824,-60.5,49.8009021625)) ;
#781=CARTESIAN_POINT('Axis2P3D Location',(-447.,-51.5,59.798150185)) ;
#786=CARTESIAN_POINT('Line Origine',(-447.,-56.,59.798150185)) ;
#790=CARTESIAN_POINT('Vertex',(-447.,-51.5,59.798150185)) ;
#793=CARTESIAN_POINT('Line Origine',(-439.682434824,-51.5,49.8009021625)) ;
#805=CARTESIAN_POINT('Line Origine',(-446.999999999,-51.5,41.941556483)) ;
#817=CARTESIAN_POINT('Axis2P3D Location',(-446.278825042,-51.5,64.0813405728)) ;
#822=CARTESIAN_POINT('Line Origine',(-446.278825042,-56.,64.0813405728)) ;
#826=CARTESIAN_POINT('Vertex',(-446.278825042,-51.5,64.0813405728)) ;
#828=CARTESIAN_POINT('Vertex',(-446.278825042,-60.5,64.0813405728)) ;
#831=CARTESIAN_POINT('Line Origine',(-439.361673865,-51.5,72.6853284343)) ;
#835=CARTESIAN_POINT('Vertex',(-432.444522687,-51.5,81.2893162958)) ;
#838=CARTESIAN_POINT('Line Origine',(-432.444522687,-56.,81.2893162958)) ;
#842=CARTESIAN_POINT('Vertex',(-432.444522687,-60.5,81.2893162958)) ;
#845=CARTESIAN_POINT('Line Origine',(-439.361673865,-60.5,72.6853284343)) ;
#857=CARTESIAN_POINT('Axis2P3D Location',(-445.109776116,-56.,63.1414870688)) ;
#862=CARTESIAN_POINT('Line Origine',(-446.320177016,-61.5,62.2555245064)) ;
#866=CARTESIAN_POINT('Vertex',(-446.320177016,-51.5,62.2555245064)) ;
#868=CARTESIAN_POINT('Vertex',(-446.320177015,-60.5,62.255524505)) ;
#871=CARTESIAN_POINT('Axis2P3D Location',(-445.109776116,-51.5,63.1414870688)) ;
#876=CARTESIAN_POINT('Axis2P3D Location',(-445.109776116,-60.5,63.1414870688)) ;
#888=CARTESIAN_POINT('Axis2P3D Location',(-431.275473762,-56.,80.3494627889)) ;
#893=CARTESIAN_POINT('Axis2P3D Location',(-431.275473762,-51.5,80.3494627889)) ;
#897=CARTESIAN_POINT('Vertex',(-429.777063781,-51.5,80.2804154851)) ;
#900=CARTESIAN_POINT('Line Origine',(-429.777063781,-61.5,80.2804154851)) ;
#904=CARTESIAN_POINT('Vertex',(-429.777063781,-60.5,80.2804154851)) ;
#907=CARTESIAN_POINT('Axis2P3D Location',(-431.275473762,-60.5,80.3494627889)) ;
#919=CARTESIAN_POINT('Line Origine',(-430.559734782,-60.5,63.2955087881)) ;
#923=CARTESIAN_POINT('Vertex',(-431.342405784,-60.5,46.3106020911)) ;
#926=CARTESIAN_POINT('Axis2P3D Location',(-432.840815764,-60.5,46.3796493964)) ;
#930=CARTESIAN_POINT('Vertex',(-434.051216664,-60.5,45.493686834)) ;
#933=CARTESIAN_POINT('Line Origine',(-440.18569684,-60.5,53.8746056695)) ;
#947=CARTESIAN_POINT('Axis2P3D Location',(-434.051216664,-51.5,45.493686834)) ;
#952=CARTESIAN_POINT('Line Origine',(-434.051216664,-56.,45.493686834)) ;
#956=CARTESIAN_POINT('Vertex',(-434.051216664,-51.5,45.493686834)) ;
#959=CARTESIAN_POINT('Line Origine',(-440.18569684,-51.5,53.8746056695)) ;
#971=CARTESIAN_POINT('Axis2P3D Location',(-431.342405784,-51.5,46.3106020911)) ;
#976=CARTESIAN_POINT('Line Origine',(-430.559734782,-51.5,63.2955087881)) ;
#980=CARTESIAN_POINT('Vertex',(-431.342405784,-51.5,46.3106020911)) ;
#983=CARTESIAN_POINT('Line Origine',(-431.342405784,-56.,46.3106020911)) ;
#995=CARTESIAN_POINT('Axis2P3D Location',(-432.840815764,-56.,46.3796493964)) ;
#1000=CARTESIAN_POINT('Axis2P3D Location',(-432.840815764,-51.5,46.3796493964)) ;
#1012=CARTESIAN_POINT('Axis2P3D Location',(-431.775696322,-51.5,94.875228526)) ;
#1017=CARTESIAN_POINT('Line Origine',(-431.775696322,-56.,94.875228526)) ;
#1021=CARTESIAN_POINT('Vertex',(-431.775696322,-51.5,94.875228526)) ;
#1023=CARTESIAN_POINT('Vertex',(-431.775696322,-60.5,94.875228526)) ;
#1026=CARTESIAN_POINT('Line Origine',(-439.047936668,-51.5,104.810553827)) ;
#1030=CARTESIAN_POINT('Vertex',(-446.320177014,-51.5,114.745879126)) ;
#1033=CARTESIAN_POINT('Line Origine',(-446.320177015,-56.,114.745879127)) ;
#1037=CARTESIAN_POINT('Vertex',(-446.320177015,-60.5,114.745879127)) ;
#1040=CARTESIAN_POINT('Line Origine',(-439.047936668,-60.5,104.810553827)) ;
#1052=CARTESIAN_POINT('Axis2P3D Location',(-430.565295421,-56.,95.761191086)) ;
#1057=CARTESIAN_POINT('Line Origine',(-429.06688544,-61.5,95.6921437822)) ;
#1061=CARTESIAN_POINT('Vertex',(-429.06688544,-51.5,95.6921437822)) ;
#1063=CARTESIAN_POINT('Vertex',(-429.06688544,-60.5,95.6921437822)) ;
#1066=CARTESIAN_POINT('Axis2P3D Location',(-430.565295421,-51.5,95.761191086)) ;
#1071=CARTESIAN_POINT('Axis2P3D Location',(-430.565295421,-60.5,95.761191086)) ;
#1083=CARTESIAN_POINT('Axis2P3D Location',(-445.109776115,-56.,115.631841688)) ;
#1088=CARTESIAN_POINT('Axis2P3D Location',(-445.109776115,-51.5,115.631841688)) ;
#1092=CARTESIAN_POINT('Vertex',(-446.278825039,-51.5,116.571695193)) ;
#1095=CARTESIAN_POINT('Line Origine',(-446.27882504,-61.5,116.571695193)) ;
#1099=CARTESIAN_POINT('Vertex',(-446.27882504,-60.5,116.571695193)) ;
#1102=CARTESIAN_POINT('Axis2P3D Location',(-445.109776115,-60.5,115.631841688)) ;
#1114=CARTESIAN_POINT('Line Origine',(-438.078751938,-60.5,126.771462066)) ;
#1118=CARTESIAN_POINT('Vertex',(-429.878678836,-60.5,136.971228938)) ;
#1121=CARTESIAN_POINT('Axis2P3D Location',(-428.709629911,-60.5,136.031375433)) ;
#1125=CARTESIAN_POINT('Vertex',(-427.211219931,-60.5,135.962328128)) ;
#1128=CARTESIAN_POINT('Line Origine',(-428.139052685,-60.5,115.827235955)) ;
#1142=CARTESIAN_POINT('Line Origine',(-427.211219934,-56.,135.962328128)) ;
#1146=CARTESIAN_POINT('Vertex',(-427.211219931,-51.5,135.962328128)) ;
#1149=CARTESIAN_POINT('Line Origine',(-428.139052688,-51.5,115.827235955)) ;
#1161=CARTESIAN_POINT('Axis2P3D Location',(-446.278825039,-51.5,116.571695193)) ;
#1166=CARTESIAN_POINT('Line Origine',(-438.078751938,-51.5,126.771462066)) ;
#1170=CARTESIAN_POINT('Vertex',(-429.878678836,-51.5,136.971228938)) ;
#1173=CARTESIAN_POINT('Line Origine',(-429.878678836,-56.,136.971228938)) ;
#1185=CARTESIAN_POINT('Axis2P3D Location',(-428.709629911,-56.,136.031375433)) ;
#1190=CARTESIAN_POINT('Axis2P3D Location',(-428.709629911,-51.5,136.031375433)) ;
#1202=CARTESIAN_POINT('Axis2P3D Location',(-442.841493067,-51.5,21.8058040443)) ;
#1207=CARTESIAN_POINT('Line Origine',(-442.841493067,-56.,21.8058040443)) ;
#1211=CARTESIAN_POINT('Vertex',(-442.841493067,-51.5,21.8058040443)) ;
#1213=CARTESIAN_POINT('Vertex',(-442.841493067,-60.5,21.8058040443)) ;
#1216=CARTESIAN_POINT('Line Origine',(-438.780768048,-51.5,26.8567893238)) ;
#1220=CARTESIAN_POINT('Vertex',(-434.720043029,-51.5,31.9077746033)) ;
#1223=CARTESIAN_POINT('Line Origine',(-434.720043029,-56.,31.9077746033)) ;
#1227=CARTESIAN_POINT('Vertex',(-434.720043029,-60.5,31.9077746033)) ;
#1230=CARTESIAN_POINT('Line Origine',(-438.780768048,-60.5,26.8567893238)) ;
#1242=CARTESIAN_POINT('Axis2P3D Location',(-441.672444143,-56.,20.8659505384)) ;
#1247=CARTESIAN_POINT('Line Origine',(-441.433523551,-61.5,19.3851004624)) ;
#1251=CARTESIAN_POINT('Vertex',(-441.433523551,-51.5,19.3851004624)) ;
#1253=CARTESIAN_POINT('Vertex',(-441.433523544,-60.5,19.3851004636)) ;
#1256=CARTESIAN_POINT('Axis2P3D Location',(-441.672444143,-51.5,20.8659505384)) ;
#1261=CARTESIAN_POINT('Axis2P3D Location',(-441.672444143,-60.5,20.8659505384)) ;
#1273=CARTESIAN_POINT('Axis2P3D Location',(-433.550994103,-56.,30.9679210983)) ;
#1278=CARTESIAN_POINT('Axis2P3D Location',(-433.550994103,-51.5,30.9679210983)) ;
#1282=CARTESIAN_POINT('Vertex',(-432.052584123,-51.5,30.898873793)) ;
#1285=CARTESIAN_POINT('Line Origine',(-432.052584123,-61.5,30.898873793)) ;
#1289=CARTESIAN_POINT('Vertex',(-432.052584123,-60.5,30.898873793)) ;
#1292=CARTESIAN_POINT('Axis2P3D Location',(-433.550994103,-60.5,30.9679210983)) ;
#1304=CARTESIAN_POINT('Line Origine',(-432.304494552,-60.5,25.4321130205)) ;
#1308=CARTESIAN_POINT('Vertex',(-432.55640498,-60.5,19.965352248)) ;
#1311=CARTESIAN_POINT('Axis2P3D Location',(-434.554284955,-60.5,20.0574153237)) ;
#1315=CARTESIAN_POINT('Vertex',(-435.544399138,-60.5,18.3196944288)) ;
#1318=CARTESIAN_POINT('Axis2P3D Location',(-439.999999996,-60.5,10.5000000188)) ;
#1332=CARTESIAN_POINT('Axis2P3D Location',(-439.999999996,-56.,10.5000000188)) ;
#1337=CARTESIAN_POINT('Line Origine',(-435.544399138,-61.5,18.3196944288)) ;
#1341=CARTESIAN_POINT('Vertex',(-435.544399138,-51.5,18.3196944288)) ;
#1344=CARTESIAN_POINT('Axis2P3D Location',(-439.999999996,-51.5,10.5000000188)) ;
#1356=CARTESIAN_POINT('Line Origine',(-432.304494551,-51.5,25.4321130205)) ;
#1360=CARTESIAN_POINT('Vertex',(-432.55640498,-51.5,19.965352248)) ;
#1363=CARTESIAN_POINT('Line Origine',(-432.55640498,-56.,19.965352248)) ;
#1375=CARTESIAN_POINT('Axis2P3D Location',(-434.554284955,-56.,20.0574153237)) ;
#1380=CARTESIAN_POINT('Axis2P3D Location',(-434.554284955,-51.5,20.0574153237)) ;
#1392=CARTESIAN_POINT('Axis2P3D Location',(-439.999999999,-56.,183.500000007)) ;
#1397=CARTESIAN_POINT('Line Origine',(-435.90910616,-61.5,191.516519667)) ;
#1401=CARTESIAN_POINT('Vertex',(-435.90910616,-51.5,191.516519667)) ;
#1403=CARTESIAN_POINT('Vertex',(-435.90910616,-60.5,191.516519667)) ;
#1406=CARTESIAN_POINT('Axis2P3D Location',(-439.999999999,-51.5,183.500000007)) ;
#1410=CARTESIAN_POINT('Vertex',(-438.738101369,-51.5,192.411094873)) ;
#1413=CARTESIAN_POINT('Line Origine',(-438.738101369,-61.5,192.411094873)) ;
#1417=CARTESIAN_POINT('Vertex',(-438.738101369,-60.5,192.411094873)) ;
#1420=CARTESIAN_POINT('Axis2P3D Location',(-439.999999999,-60.5,183.500000007)) ;
#1432=CARTESIAN_POINT('Axis2P3D Location',(-438.457696326,-60.5,194.391340569)) ;
#1436=CARTESIAN_POINT('Vertex',(-440.094082934,-60.5,195.54122703)) ;
#1439=CARTESIAN_POINT('Line Origine',(-435.365234771,-60.5,202.270781689)) ;
#1443=CARTESIAN_POINT('Vertex',(-430.636386608,-60.5,209.000336348)) ;
#1446=CARTESIAN_POINT('Axis2P3D Location',(-429.000000001,-60.5,207.850449887)) ;
#1450=CARTESIAN_POINT('Vertex',(-427.000000001,-60.5,207.850449885)) ;
#1453=CARTESIAN_POINT('Line Origine',(-427.000000001,-60.5,180.088052845)) ;
#1457=CARTESIAN_POINT('Vertex',(-427.000000001,-60.5,152.325655806)) ;
#1460=CARTESIAN_POINT('Axis2P3D Location',(-428.5,-60.5,152.325655803)) ;
#1464=CARTESIAN_POINT('Vertex',(-429.747538868,-60.5,151.492801212)) ;
#1467=CARTESIAN_POINT('Line Origine',(-436.749776253,-60.5,161.9815028)) ;
#1471=CARTESIAN_POINT('Vertex',(-443.752013639,-60.5,172.470204389)) ;
#1474=CARTESIAN_POINT('Axis2P3D Location',(-442.504474773,-60.5,173.303058984)) ;
#1478=CARTESIAN_POINT('Vertex',(-442.146692665,-60.5,174.759764843)) ;
#1481=CARTESIAN_POINT('Axis2P3D Location',(-440.000000011,-60.5,183.500000004)) ;
#1498=CARTESIAN_POINT('Axis2P3D Location',(-438.457696326,-56.,194.391340569)) ;
#1503=CARTESIAN_POINT('Axis2P3D Location',(-438.457696326,-51.5,194.391340569)) ;
#1507=CARTESIAN_POINT('Vertex',(-440.094082934,-51.5,195.54122703)) ;
#1510=CARTESIAN_POINT('Line Origine',(-440.094082934,-61.5,195.54122703)) ;
#1522=CARTESIAN_POINT('Axis2P3D Location',(-440.000000011,-56.,183.500000004)) ;
#1527=CARTESIAN_POINT('Line Origine',(-442.146692671,-61.5,174.759764844)) ;
#1531=CARTESIAN_POINT('Vertex',(-442.146692671,-51.5,174.759764844)) ;
#1534=CARTESIAN_POINT('Axis2P3D Location',(-440.000000011,-51.5,183.500000004)) ;
#1546=CARTESIAN_POINT('Axis2P3D Location',(-430.636386608,-51.5,209.000336348)) ;
#1551=CARTESIAN_POINT('Line Origine',(-435.365234771,-51.5,202.270781689)) ;
#1555=CARTESIAN_POINT('Vertex',(-430.636386608,-51.5,209.000336348)) ;
#1558=CARTESIAN_POINT('Line Origine',(-430.636386608,-56.,209.000336348)) ;
#1570=CARTESIAN_POINT('Axis2P3D Location',(-429.000000001,-56.,207.850449887)) ;
#1575=CARTESIAN_POINT('Axis2P3D Location',(-429.000000001,-51.5,207.850449887)) ;
#1579=CARTESIAN_POINT('Vertex',(-427.000000001,-51.5,207.850449885)) ;
#1582=CARTESIAN_POINT('Line Origine',(-427.000000001,-61.5,207.850449885)) ;
#1594=CARTESIAN_POINT('Axis2P3D Location',(-427.000000001,-51.5,152.325655806)) ;
#1599=CARTESIAN_POINT('Line Origine',(-427.000000001,-51.5,180.088052845)) ;
#1603=CARTESIAN_POINT('Vertex',(-427.000000001,-51.5,152.325655806)) ;
#1606=CARTESIAN_POINT('Line Origine',(-427.000000001,-56.,152.325655806)) ;
#1618=CARTESIAN_POINT('Axis2P3D Location',(-428.5,-56.,152.325655803)) ;
#1623=CARTESIAN_POINT('Axis2P3D Location',(-428.5,-51.5,152.325655803)) ;
#1627=CARTESIAN_POINT('Vertex',(-429.747538868,-51.5,151.492801212)) ;
#1630=CARTESIAN_POINT('Line Origine',(-429.747538868,-61.5,151.492801212)) ;
#1642=CARTESIAN_POINT('Axis2P3D Location',(-429.747538868,-51.5,151.492801212)) ;
#1647=CARTESIAN_POINT('Line Origine',(-436.749776253,-51.5,161.9815028)) ;
#1651=CARTESIAN_POINT('Vertex',(-443.752013641,-51.5,172.470204391)) ;
#1654=CARTESIAN_POINT('Line Origine',(-443.752013639,-56.,172.470204389)) ;
#1666=CARTESIAN_POINT('Axis2P3D Location',(-442.504474773,-56.,173.303058984)) ;
#1671=CARTESIAN_POINT('Axis2P3D Location',(-442.504474773,-51.5,173.303058984)) ;
#1683=CARTESIAN_POINT('Line Origine',(-436.01019422,-62.5,132.53645113)) ;
#1687=CARTESIAN_POINT('Vertex',(-427.689437365,-62.5,142.886332048)) ;
#1689=CARTESIAN_POINT('Vertex',(-444.330951074,-62.5,122.186570212)) ;
#1692=CARTESIAN_POINT('Line Origine',(-444.330951074,-67.,122.186570212)) ;
#1696=CARTESIAN_POINT('Vertex',(-444.330951074,-71.5,122.186570212)) ;
#1699=CARTESIAN_POINT('Line Origine',(-436.01019422,-71.5,132.53645113)) ;
#1703=CARTESIAN_POINT('Vertex',(-427.689437365,-71.5,142.886332048)) ;
#1706=CARTESIAN_POINT('Line Origine',(-427.689437365,-67.,142.886332048)) ;
#1718=CARTESIAN_POINT('Axis2P3D Location',(-428.858486289,-62.5,143.826185553)) ;
#1722=CARTESIAN_POINT('Vertex',(-427.610947423,-62.5,144.659040147)) ;
#1725=CARTESIAN_POINT('Axis2P3D Location',(-428.858486289,-71.5,143.826185553)) ;
#1729=CARTESIAN_POINT('Vertex',(-427.610947423,-71.5,144.659040147)) ;
#1732=CARTESIAN_POINT('Line Origine',(-427.610947423,-61.5,144.659040147)) ;
#1744=CARTESIAN_POINT('Axis2P3D Location',(-445.499999999,-62.5,123.126423719)) ;
#1748=CARTESIAN_POINT('Vertex',(-447.,-62.5,123.126423717)) ;
#1751=CARTESIAN_POINT('Line Origine',(-447.,-61.5,123.126423717)) ;
#1755=CARTESIAN_POINT('Vertex',(-447.,-71.5,123.126423717)) ;
#1758=CARTESIAN_POINT('Axis2P3D Location',(-445.499999999,-71.5,123.126423719)) ;
#1770=CARTESIAN_POINT('Axis2P3D Location',(-440.,-62.5,10.5)) ;
#1775=CARTESIAN_POINT('Line Origine',(-435.931704277,-62.5,157.122761503)) ;
#1779=CARTESIAN_POINT('Vertex',(-444.252461132,-62.5,169.586482858)) ;
#1782=CARTESIAN_POINT('Axis2P3D Location',(-445.500000001,-62.5,168.753628268)) ;
#1786=CARTESIAN_POINT('Vertex',(-447.,-62.5,168.753628264)) ;
#1789=CARTESIAN_POINT('Line Origine',(-447.,-62.5,145.940025991)) ;
#1803=CARTESIAN_POINT('Line Origine',(-435.931704277,-71.5,157.122761503)) ;
#1807=CARTESIAN_POINT('Vertex',(-444.252461132,-71.5,169.586482858)) ;
#1810=CARTESIAN_POINT('Line Origine',(-444.252461132,-67.,169.586482858)) ;
#1822=CARTESIAN_POINT('Line Origine',(-446.999999999,-67.,168.753628264)) ;
#1826=CARTESIAN_POINT('Vertex',(-447.,-71.5,168.753628266)) ;
#1829=CARTESIAN_POINT('Line Origine',(-446.999999999,-71.5,145.940025991)) ;
#1841=CARTESIAN_POINT('Axis2P3D Location',(-445.500000001,-71.5,168.753628268)) ;
#1853=CARTESIAN_POINT('Axis2P3D Location',(-445.499999999,-62.5,107.699596062)) ;
#1857=CARTESIAN_POINT('Vertex',(-446.999999999,-62.5,107.69959606)) ;
#1859=CARTESIAN_POINT('Vertex',(-444.289599098,-62.5,108.585558623)) ;
#1862=CARTESIAN_POINT('Line Origine',(-444.289599098,-61.5,108.585558623)) ;
#1866=CARTESIAN_POINT('Vertex',(-444.2895991,-71.5,108.585558625)) ;
#1869=CARTESIAN_POINT('Axis2P3D Location',(-445.499999999,-71.5,107.699596062)) ;
#1873=CARTESIAN_POINT('Vertex',(-446.999999999,-71.5,107.69959606)) ;
#1876=CARTESIAN_POINT('Line Origine',(-446.999999999,-61.5,107.69959606)) ;
#1888=CARTESIAN_POINT('Line Origine',(-446.999999999,-62.5,89.1678325792)) ;
#1892=CARTESIAN_POINT('Vertex',(-446.999999999,-62.5,70.6360690957)) ;
#1895=CARTESIAN_POINT('Line Origine',(-446.999999999,-71.5,89.1678325792)) ;
#1899=CARTESIAN_POINT('Vertex',(-446.999999999,-71.5,70.6360690957)) ;
#1902=CARTESIAN_POINT('Line Origine',(-446.999999999,-67.,70.6360690957)) ;
#1914=CARTESIAN_POINT('Line Origine',(-437.189474202,-62.5,98.8853772285)) ;
#1918=CARTESIAN_POINT('Vertex',(-430.089349305,-62.5,89.185195832)) ;
#1921=CARTESIAN_POINT('Line Origine',(-430.089349305,-67.,89.185195832)) ;
#1925=CARTESIAN_POINT('Vertex',(-430.089349305,-71.5,89.185195832)) ;
#1928=CARTESIAN_POINT('Line Origine',(-437.189474202,-71.5,98.8853772285)) ;
#1940=CARTESIAN_POINT('Axis2P3D Location',(-445.499999999,-62.5,70.636069096)) ;
#1944=CARTESIAN_POINT('Vertex',(-444.330951074,-62.5,69.6962155917)) ;
#1947=CARTESIAN_POINT('Line Origine',(-437.230826177,-62.5,78.5277976777)) ;
#1951=CARTESIAN_POINT('Vertex',(-430.130701281,-62.5,87.3593797637)) ;
#1954=CARTESIAN_POINT('Axis2P3D Location',(-431.299750204,-62.5,88.2992332697)) ;
#1968=CARTESIAN_POINT('Axis2P3D Location',(-445.499999999,-71.5,70.636069096)) ;
#1972=CARTESIAN_POINT('Vertex',(-444.330951074,-71.5,69.6962155917)) ;
#1975=CARTESIAN_POINT('Line Origine',(-444.330951074,-61.5,69.6962155917)) ;
#1987=CARTESIAN_POINT('Line Origine',(-430.130701281,-61.5,87.3593797637)) ;
#1991=CARTESIAN_POINT('Vertex',(-430.130701281,-71.5,87.3593797637)) ;
#1994=CARTESIAN_POINT('Axis2P3D Location',(-431.299750204,-71.5,88.2992332697)) ;
#2006=CARTESIAN_POINT('Line Origine',(-437.230826177,-71.5,78.5277976777)) ;
#2018=CARTESIAN_POINT('Line Origine',(-438.368586348,-62.5,30.5614736738)) ;
#2022=CARTESIAN_POINT('Vertex',(-432.406221623,-62.5,37.9778380728)) ;
#2024=CARTESIAN_POINT('Vertex',(-444.330951074,-62.5,23.1451092748)) ;
#2027=CARTESIAN_POINT('Line Origine',(-444.330951074,-67.,23.1451092748)) ;
#2031=CARTESIAN_POINT('Vertex',(-444.330951075,-71.5,23.1451092738)) ;
#2034=CARTESIAN_POINT('Line Origine',(-438.368586348,-71.5,30.5614736738)) ;
#2038=CARTESIAN_POINT('Vertex',(-432.406221623,-71.5,37.9778380728)) ;
#2041=CARTESIAN_POINT('Line Origine',(-432.406221623,-67.,37.9778380728)) ;
#2053=CARTESIAN_POINT('Axis2P3D Location',(-433.575270548,-62.5,38.9176915771)) ;
#2057=CARTESIAN_POINT('Vertex',(-432.364869649,-62.5,39.80365414)) ;
#2060=CARTESIAN_POINT('Axis2P3D Location',(-433.575270548,-71.5,38.9176915771)) ;
#2064=CARTESIAN_POINT('Vertex',(-432.364869649,-71.5,39.80365414)) ;
#2067=CARTESIAN_POINT('Line Origine',(-432.364869649,-61.5,39.80365414)) ;
#2079=CARTESIAN_POINT('Axis2P3D Location',(-445.499999999,-62.5,24.0849627811)) ;
#2083=CARTESIAN_POINT('Vertex',(-447.,-62.5,24.0849627794)) ;
#2086=CARTESIAN_POINT('Line Origine',(-447.,-61.5,24.0849627794)) ;
#2090=CARTESIAN_POINT('Vertex',(-447.,-71.5,24.084962781)) ;
#2093=CARTESIAN_POINT('Axis2P3D Location',(-445.499999999,-71.5,24.0849627811)) ;
#2105=CARTESIAN_POINT('Line Origine',(-439.682434824,-62.5,49.8009021625)) ;
#2109=CARTESIAN_POINT('Vertex',(-447.,-62.5,59.798150185)) ;
#2112=CARTESIAN_POINT('Line Origine',(-447.,-62.5,41.941556483)) ;
#2125=CARTESIAN_POINT('Line Origine',(-439.682434824,-71.5,49.8009021625)) ;
#2129=CARTESIAN_POINT('Vertex',(-447.,-71.5,59.798150185)) ;
#2132=CARTESIAN_POINT('Line Origine',(-447.,-67.,59.798150185)) ;
#2144=CARTESIAN_POINT('Line Origine',(-446.999999999,-71.5,41.941556483)) ;
#2156=CARTESIAN_POINT('Line Origine',(-439.361673865,-62.5,72.6853284343)) ;
#2160=CARTESIAN_POINT('Vertex',(-446.278825042,-62.5,64.0813405728)) ;
#2162=CARTESIAN_POINT('Vertex',(-432.444522687,-62.5,81.2893162958)) ;
#2165=CARTESIAN_POINT('Line Origine',(-432.444522687,-67.,81.2893162958)) ;
#2169=CARTESIAN_POINT('Vertex',(-432.444522687,-71.5,81.2893162958)) ;
#2172=CARTESIAN_POINT('Line Origine',(-439.361673865,-71.5,72.6853284343)) ;
#2176=CARTESIAN_POINT('Vertex',(-446.278825042,-71.5,64.0813405728)) ;
#2179=CARTESIAN_POINT('Line Origine',(-446.278825042,-67.,64.0813405728)) ;
#2191=CARTESIAN_POINT('Axis2P3D Location',(-445.109776116,-62.5,63.1414870688)) ;
#2195=CARTESIAN_POINT('Vertex',(-446.320177015,-62.5,62.255524505)) ;
#2198=CARTESIAN_POINT('Axis2P3D Location',(-445.109776116,-71.5,63.1414870688)) ;
#2202=CARTESIAN_POINT('Vertex',(-446.320177016,-71.5,62.2555245064)) ;
#2205=CARTESIAN_POINT('Line Origine',(-446.320177016,-61.5,62.2555245064)) ;
#2217=CARTESIAN_POINT('Axis2P3D Location',(-431.275473762,-62.5,80.3494627889)) ;
#2221=CARTESIAN_POINT('Vertex',(-429.777063781,-62.5,80.2804154851)) ;
#2224=CARTESIAN_POINT('Line Origine',(-429.777063781,-61.5,80.2804154851)) ;
#2228=CARTESIAN_POINT('Vertex',(-429.777063781,-71.5,80.2804154851)) ;
#2231=CARTESIAN_POINT('Axis2P3D Location',(-431.275473762,-71.5,80.3494627889)) ;
#2243=CARTESIAN_POINT('Line Origine',(-440.18569684,-62.5,53.8746056695)) ;
#2247=CARTESIAN_POINT('Vertex',(-434.051216664,-62.5,45.493686834)) ;
#2250=CARTESIAN_POINT('Axis2P3D Location',(-432.840815764,-62.5,46.3796493964)) ;
#2254=CARTESIAN_POINT('Vertex',(-431.342405784,-62.5,46.3106020911)) ;
#2257=CARTESIAN_POINT('Line Origine',(-430.559734782,-62.5,63.2955087881)) ;
#2271=CARTESIAN_POINT('Line Origine',(-440.18569684,-71.5,53.8746056695)) ;
#2275=CARTESIAN_POINT('Vertex',(-434.051216664,-71.5,45.493686834)) ;
#2278=CARTESIAN_POINT('Line Origine',(-434.051216664,-67.,45.493686834)) ;
#2290=CARTESIAN_POINT('Line Origine',(-431.342405784,-67.,46.3106020911)) ;
#2294=CARTESIAN_POINT('Vertex',(-431.342405784,-71.5,46.3106020911)) ;
#2297=CARTESIAN_POINT('Line Origine',(-430.559734782,-71.5,63.2955087881)) ;
#2309=CARTESIAN_POINT('Axis2P3D Location',(-432.840815764,-71.5,46.3796493964)) ;
#2321=CARTESIAN_POINT('Line Origine',(-439.047936668,-62.5,104.810553827)) ;
#2325=CARTESIAN_POINT('Vertex',(-431.775696322,-62.5,94.875228526)) ;
#2327=CARTESIAN_POINT('Vertex',(-446.320177015,-62.5,114.745879127)) ;
#2330=CARTESIAN_POINT('Line Origine',(-446.320177015,-67.,114.745879127)) ;
#2334=CARTESIAN_POINT('Vertex',(-446.320177014,-71.5,114.745879126)) ;
#2337=CARTESIAN_POINT('Line Origine',(-439.047936668,-71.5,104.810553827)) ;
#2341=CARTESIAN_POINT('Vertex',(-431.775696322,-71.5,94.875228526)) ;
#2344=CARTESIAN_POINT('Line Origine',(-431.775696322,-67.,94.875228526)) ;
#2356=CARTESIAN_POINT('Axis2P3D Location',(-430.565295421,-62.5,95.761191086)) ;
#2360=CARTESIAN_POINT('Vertex',(-429.06688544,-62.5,95.6921437822)) ;
#2363=CARTESIAN_POINT('Axis2P3D Location',(-430.565295421,-71.5,95.761191086)) ;
#2367=CARTESIAN_POINT('Vertex',(-429.06688544,-71.5,95.6921437822)) ;
#2370=CARTESIAN_POINT('Line Origine',(-429.06688544,-61.5,95.6921437822)) ;
#2382=CARTESIAN_POINT('Axis2P3D Location',(-445.109776115,-62.5,115.631841688)) ;
#2386=CARTESIAN_POINT('Vertex',(-446.27882504,-62.5,116.571695193)) ;
#2389=CARTESIAN_POINT('Line Origine',(-446.27882504,-61.5,116.571695193)) ;
#2393=CARTESIAN_POINT('Vertex',(-446.278825039,-71.5,116.571695193)) ;
#2396=CARTESIAN_POINT('Axis2P3D Location',(-445.109776115,-71.5,115.631841688)) ;
#2408=CARTESIAN_POINT('Line Origine',(-428.139052685,-62.5,115.827235955)) ;
#2412=CARTESIAN_POINT('Vertex',(-427.211219931,-62.5,135.962328128)) ;
#2415=CARTESIAN_POINT('Axis2P3D Location',(-428.709629911,-62.5,136.031375433)) ;
#2419=CARTESIAN_POINT('Vertex',(-429.878678836,-62.5,136.971228938)) ;
#2422=CARTESIAN_POINT('Line Origine',(-438.078751938,-62.5,126.771462066)) ;
#2436=CARTESIAN_POINT('Line Origine',(-428.139052688,-71.5,115.827235955)) ;
#2440=CARTESIAN_POINT('Vertex',(-427.211219931,-71.5,135.962328128)) ;
#2443=CARTESIAN_POINT('Line Origine',(-427.211219934,-67.,135.962328128)) ;
#2455=CARTESIAN_POINT('Line Origine',(-429.878678836,-67.,136.971228938)) ;
#2459=CARTESIAN_POINT('Vertex',(-429.878678836,-71.5,136.971228938)) ;
#2462=CARTESIAN_POINT('Line Origine',(-438.078751938,-71.5,126.771462066)) ;
#2474=CARTESIAN_POINT('Axis2P3D Location',(-428.709629911,-71.5,136.031375433)) ;
#2486=CARTESIAN_POINT('Line Origine',(-438.780768048,-62.5,26.8567893238)) ;
#2490=CARTESIAN_POINT('Vertex',(-442.841493067,-62.5,21.8058040443)) ;
#2492=CARTESIAN_POINT('Vertex',(-434.720043029,-62.5,31.9077746033)) ;
#2495=CARTESIAN_POINT('Line Origine',(-434.720043029,-67.,31.9077746033)) ;
#2499=CARTESIAN_POINT('Vertex',(-434.720043029,-71.5,31.9077746033)) ;
#2502=CARTESIAN_POINT('Line Origine',(-438.780768048,-71.5,26.8567893238)) ;
#2506=CARTESIAN_POINT('Vertex',(-442.841493067,-71.5,21.8058040443)) ;
#2509=CARTESIAN_POINT('Line Origine',(-442.841493067,-67.,21.8058040443)) ;
#2521=CARTESIAN_POINT('Axis2P3D Location',(-441.672444143,-62.5,20.8659505384)) ;
#2525=CARTESIAN_POINT('Vertex',(-441.433523544,-62.5,19.3851004636)) ;
#2528=CARTESIAN_POINT('Axis2P3D Location',(-441.672444143,-71.5,20.8659505384)) ;
#2532=CARTESIAN_POINT('Vertex',(-441.433523551,-71.5,19.3851004624)) ;
#2535=CARTESIAN_POINT('Line Origine',(-441.433523551,-61.5,19.3851004624)) ;
#2547=CARTESIAN_POINT('Axis2P3D Location',(-433.550994103,-62.5,30.9679210983)) ;
#2551=CARTESIAN_POINT('Vertex',(-432.052584123,-62.5,30.898873793)) ;
#2554=CARTESIAN_POINT('Line Origine',(-432.052584123,-61.5,30.898873793)) ;
#2558=CARTESIAN_POINT('Vertex',(-432.052584123,-71.5,30.898873793)) ;
#2561=CARTESIAN_POINT('Axis2P3D Location',(-433.550994103,-71.5,30.9679210983)) ;
#2573=CARTESIAN_POINT('Axis2P3D Location',(-439.999999996,-62.5,10.5000000188)) ;
#2577=CARTESIAN_POINT('Vertex',(-435.544399138,-62.5,18.3196944288)) ;
#2580=CARTESIAN_POINT('Axis2P3D Location',(-434.554284955,-62.5,20.0574153237)) ;
#2584=CARTESIAN_POINT('Vertex',(-432.55640498,-62.5,19.965352248)) ;
#2587=CARTESIAN_POINT('Line Origine',(-432.304494552,-62.5,25.4321130205)) ;
#2601=CARTESIAN_POINT('Axis2P3D Location',(-439.999999996,-71.5,10.5000000188)) ;
#2605=CARTESIAN_POINT('Vertex',(-435.544399138,-71.5,18.3196944288)) ;
#2608=CARTESIAN_POINT('Line Origine',(-435.544399138,-61.5,18.3196944288)) ;
#2620=CARTESIAN_POINT('Line Origine',(-432.55640498,-67.,19.965352248)) ;
#2624=CARTESIAN_POINT('Vertex',(-432.55640498,-71.5,19.965352248)) ;
#2627=CARTESIAN_POINT('Line Origine',(-432.304494551,-71.5,25.4321130205)) ;
#2639=CARTESIAN_POINT('Axis2P3D Location',(-434.554284955,-71.5,20.0574153237)) ;
#2651=CARTESIAN_POINT('Axis2P3D Location',(-439.999999999,-62.5,183.500000007)) ;
#2655=CARTESIAN_POINT('Vertex',(-435.90910616,-62.5,191.516519667)) ;
#2657=CARTESIAN_POINT('Vertex',(-438.738101369,-62.5,192.411094873)) ;
#2660=CARTESIAN_POINT('Line Origine',(-438.738101369,-61.5,192.411094873)) ;
#2664=CARTESIAN_POINT('Vertex',(-438.738101369,-71.5,192.411094873)) ;
#2667=CARTESIAN_POINT('Axis2P3D Location',(-439.999999999,-71.5,183.500000007)) ;
#2671=CARTESIAN_POINT('Vertex',(-435.90910616,-71.5,191.516519667)) ;
#2674=CARTESIAN_POINT('Line Origine',(-435.90910616,-61.5,191.516519667)) ;
#2686=CARTESIAN_POINT('Axis2P3D Location',(-440.000000011,-62.5,183.500000004)) ;
#2690=CARTESIAN_POINT('Vertex',(-442.146692665,-62.5,174.759764843)) ;
#2693=CARTESIAN_POINT('Axis2P3D Location',(-442.504474773,-62.5,173.303058984)) ;
#2697=CARTESIAN_POINT('Vertex',(-443.752013639,-62.5,172.470204389)) ;
#2700=CARTESIAN_POINT('Line Origine',(-436.749776253,-62.5,161.9815028)) ;
#2704=CARTESIAN_POINT('Vertex',(-429.747538868,-62.5,151.492801212)) ;
#2707=CARTESIAN_POINT('Axis2P3D Location',(-428.5,-62.5,152.325655803)) ;
#2711=CARTESIAN_POINT('Vertex',(-427.000000001,-62.5,152.325655806)) ;
#2714=CARTESIAN_POINT('Line Origine',(-427.000000001,-62.5,180.088052845)) ;
#2718=CARTESIAN_POINT('Vertex',(-427.000000001,-62.5,207.850449885)) ;
#2721=CARTESIAN_POINT('Axis2P3D Location',(-429.000000001,-62.5,207.850449887)) ;
#2725=CARTESIAN_POINT('Vertex',(-430.636386608,-62.5,209.000336348)) ;
#2728=CARTESIAN_POINT('Line Origine',(-435.365234771,-62.5,202.270781689)) ;
#2732=CARTESIAN_POINT('Vertex',(-440.094082934,-62.5,195.54122703)) ;
#2735=CARTESIAN_POINT('Axis2P3D Location',(-438.457696326,-62.5,194.391340569)) ;
#2752=CARTESIAN_POINT('Line Origine',(-440.094082934,-61.5,195.54122703)) ;
#2756=CARTESIAN_POINT('Vertex',(-440.094082934,-71.5,195.54122703)) ;
#2759=CARTESIAN_POINT('Axis2P3D Location',(-438.457696326,-71.5,194.391340569)) ;
#2771=CARTESIAN_POINT('Axis2P3D Location',(-440.000000011,-71.5,183.500000004)) ;
#2775=CARTESIAN_POINT('Vertex',(-442.146692671,-71.5,174.759764844)) ;
#2778=CARTESIAN_POINT('Line Origine',(-442.146692671,-61.5,174.759764844)) ;
#2790=CARTESIAN_POINT('Line Origine',(-430.636386608,-67.,209.000336348)) ;
#2794=CARTESIAN_POINT('Vertex',(-430.636386608,-71.5,209.000336348)) ;
#2797=CARTESIAN_POINT('Line Origine',(-435.365234771,-71.5,202.270781689)) ;
#2809=CARTESIAN_POINT('Line Origine',(-427.000000001,-61.5,207.850449885)) ;
#2813=CARTESIAN_POINT('Vertex',(-427.000000001,-71.5,207.850449885)) ;
#2816=CARTESIAN_POINT('Axis2P3D Location',(-429.000000001,-71.5,207.850449887)) ;
#2828=CARTESIAN_POINT('Line Origine',(-427.000000001,-67.,152.325655806)) ;
#2832=CARTESIAN_POINT('Vertex',(-427.000000001,-71.5,152.325655806)) ;
#2835=CARTESIAN_POINT('Line Origine',(-427.000000001,-71.5,180.088052845)) ;
#2847=CARTESIAN_POINT('Line Origine',(-429.747538868,-61.5,151.492801212)) ;
#2851=CARTESIAN_POINT('Vertex',(-429.747538868,-71.5,151.492801212)) ;
#2854=CARTESIAN_POINT('Axis2P3D Location',(-428.5,-71.5,152.325655803)) ;
#2866=CARTESIAN_POINT('Line Origine',(-443.752013639,-67.,172.470204389)) ;
#2870=CARTESIAN_POINT('Vertex',(-443.752013641,-71.5,172.470204391)) ;
#2873=CARTESIAN_POINT('Line Origine',(-436.749776253,-71.5,161.9815028)) ;
#2885=CARTESIAN_POINT('Axis2P3D Location',(-442.504474773,-71.5,173.303058984)) ;
#2897=CARTESIAN_POINT('Axis2P3D Location',(-440.,-71.5,10.5)) ;
#2969=CARTESIAN_POINT('Axis2P3D Location',(-440.,-71.5,10.5)) ;
#2973=CARTESIAN_POINT('Vertex',(-436.,-71.5,10.5)) ;
#2975=CARTESIAN_POINT('Vertex',(-444.,-71.5,10.5)) ;
#2978=CARTESIAN_POINT('Axis2P3D Location',(-440.,-71.5,10.5)) ;
#2987=CARTESIAN_POINT('Axis2P3D Location',(-440.,-71.5,183.5)) ;
#2991=CARTESIAN_POINT('Vertex',(-435.,-71.5,183.5)) ;
#2993=CARTESIAN_POINT('Vertex',(-445.,-71.5,183.5)) ;
#2996=CARTESIAN_POINT('Axis2P3D Location',(-440.,-71.5,183.5)) ;
#3006=CARTESIAN_POINT('Axis2P3D Location',(-440.,-51.5,10.5)) ;
#3078=CARTESIAN_POINT('Axis2P3D Location',(-440.,-51.5,10.5)) ;
#3082=CARTESIAN_POINT('Vertex',(-444.,-51.5,10.5)) ;
#3084=CARTESIAN_POINT('Vertex',(-436.,-51.5,10.5)) ;
#3087=CARTESIAN_POINT('Axis2P3D Location',(-440.,-51.5,10.5)) ;
#3096=CARTESIAN_POINT('Axis2P3D Location',(-440.,-51.5,183.5)) ;
#3100=CARTESIAN_POINT('Vertex',(-445.,-51.5,183.5)) ;
#3102=CARTESIAN_POINT('Vertex',(-435.,-51.5,183.5)) ;
#3105=CARTESIAN_POINT('Axis2P3D Location',(-440.,-51.5,183.5)) ;
#3115=CARTESIAN_POINT('Axis2P3D Location',(-440.,-61.5,183.5)) ;
#3120=CARTESIAN_POINT('Line Origine',(-445.,-61.5,183.5)) ;
#3125=CARTESIAN_POINT('Line Origine',(-435.,-61.5,183.5)) ;
#3144=CARTESIAN_POINT('Axis2P3D Location',(-440.,-61.5,10.5)) ;
#3149=CARTESIAN_POINT('Line Origine',(-444.,-61.5,10.5)) ;
#3154=CARTESIAN_POINT('Line Origine',(-436.,-61.5,10.5)) ;
#53=DIRECTION('Axis2P3D Direction',(-0.81819330305,0.,0.574943230976)) ;
#54=DIRECTION('Axis2P3D XDirection',(0.574943230976,0.,0.81819330305)) ;
#58=DIRECTION('Vector Direction',(0.,1.,0.)) ;
#67=DIRECTION('Vector Direction',(0.574943230976,0.,0.81819330305)) ;
#74=DIRECTION('Vector Direction',(0.,1.,0.)) ;
#81=DIRECTION('Vector Direction',(0.574943230976,0.,0.81819330305)) ;
#93=DIRECTION('Axis2P3D Direction',(0.,1.,-0.)) ;
#94=DIRECTION('Axis2P3D XDirection',(-0.818193303031,0.,0.574943231002)) ;
#98=DIRECTION('Axis2P3D Direction',(0.,1.,-0.)) ;
#105=DIRECTION('Vector Direction',(0.,1.,0.)) ;
#112=DIRECTION('Axis2P3D Direction',(0.,1.,-0.)) ;
#124=DIRECTION('Axis2P3D Direction',(1.,-0.,0.)) ;
#125=DIRECTION('Axis2P3D XDirection',(0.,0.,-1.)) ;
#129=DIRECTION('Vector Direction',(0.,0.,-1.)) ;
#136=DIRECTION('Vector Direction',(0.,1.,0.)) ;
#143=DIRECTION('Vector Direction',(0.,0.,-1.)) ;
#155=DIRECTION('Axis2P3D Direction',(0.998939986989,0.,-0.0460315369606)) ;
#156=DIRECTION('Axis2P3D XDirection',(-0.0460315369606,0.,-0.998939986989)) ;
#160=DIRECTION('Vector Direction',(-0.0460315369606,0.,-0.998939986989)) ;
#167=DIRECTION('Vector Direction',(0.,1.,0.)) ;
#174=DIRECTION('Vector Direction',(-0.0460315369606,0.,-0.998939986989)) ;
#186=DIRECTION('Axis2P3D Direction',(0.,1.,-0.)) ;
#187=DIRECTION('Axis2P3D XDirection',(0.998940139353,-0.,-0.0460282303433)) ;
#191=DIRECTION('Axis2P3D Direction',(0.,1.,-0.)) ;
#198=DIRECTION('Vector Direction',(0.,1.,0.)) ;
#205=DIRECTION('Axis2P3D Direction',(0.,1.,-0.)) ;
#217=DIRECTION('Axis2P3D Direction',(-1.,0.,0.)) ;
#218=DIRECTION('Axis2P3D XDirection',(0.,0.,1.)) ;
#222=DIRECTION('Vector Direction',(0.,0.,1.)) ;
#229=DIRECTION('Vector Direction',(0.,1.,0.)) ;
#236=DIRECTION('Vector Direction',(0.,0.,1.)) ;
#248=DIRECTION('Axis2P3D Direction',(0.,1.,-0.)) ;
#249=DIRECTION('Axis2P3D XDirection',(-1.,0.,-1.79587256849E-010)) ;
#253=DIRECTION('Axis2P3D Direction',(0.,1.,-0.)) ;
#258=DIRECTION('Axis2P3D Direction',(0.,1.,-0.)) ;
#270=DIRECTION('Axis2P3D Direction',(-0.779365950054,0.,0.626569003301)) ;
#271=DIRECTION('Axis2P3D XDirection',(-0.626569003301,0.,-0.779365950054)) ;
#275=DIRECTION('Vector Direction',(0.,-1.,0.)) ;
#284=DIRECTION('Vector Direction',(-0.626569003301,0.,-0.779365950054)) ;
#291=DIRECTION('Vector Direction',(0.,-1.,0.)) ;
#298=DIRECTION('Vector Direction',(-0.626569003301,0.,-0.779365950054)) ;
#310=DIRECTION('Axis2P3D Direction',(0.,1.,-0.)) ;
#311=DIRECTION('Axis2P3D XDirection',(0.831692577832,0.,0.555236396482)) ;
#315=DIRECTION('Vector Direction',(0.,1.,0.)) ;
#324=DIRECTION('Axis2P3D Direction',(0.,1.,-0.)) ;
#329=DIRECTION('Axis2P3D Direction',(0.,1.,-0.)) ;
#341=DIRECTION('Axis2P3D Direction',(0.,1.,-0.)) ;
#342=DIRECTION('Axis2P3D XDirection',(0.779365949135,-0.,-0.626569004443)) ;
#346=DIRECTION('Axis2P3D Direction',(0.,1.,-0.)) ;
#353=DIRECTION('Vector Direction',(0.,1.,0.)) ;
#360=DIRECTION('Axis2P3D Direction',(0.,1.,-0.)) ;
#372=DIRECTION('Axis2P3D Direction',(0.,1.,-0.)) ;
#373=DIRECTION('Axis2P3D XDirection',(-1.,0.,0.)) ;
#377=DIRECTION('Vector Direction',(0.,0.,-1.)) ;
#384=DIRECTION('Axis2P3D Direction',(0.,1.,-0.)) ;
#391=DIRECTION('Vector Direction',(0.555236395686,0.,-0.831692578364)) ;
#405=DIRECTION('Axis2P3D Direction',(-0.831692578364,-0.,-0.555236395686)) ;
#406=DIRECTION('Axis2P3D XDirection',(0.555236395686,-0.,-0.831692578364)) ;
#410=DIRECTION('Vector Direction',(0.,-1.,0.)) ;
#417=DIRECTION('Vector Direction',(0.555236395686,0.,-0.831692578364)) ;
#429=DIRECTION('Axis2P3D Direction',(-1.,-0.,-0.)) ;
#430=DIRECTION('Axis2P3D XDirection',(0.,0.,-1.)) ;
#434=DIRECTION('Vector Direction',(0.,0.,-1.)) ;
#441=DIRECTION('Vector Direction',(0.,-1.,0.)) ;
#453=DIRECTION('Axis2P3D Direction',(0.,1.,-0.)) ;
#454=DIRECTION('Axis2P3D XDirection',(-1.,0.,-1.1795953332E-009)) ;
#458=DIRECTION('Axis2P3D Direction',(0.,1.,-0.)) ;
#470=DIRECTION('Axis2P3D Direction',(0.,1.,-0.)) ;
#471=DIRECTION('Axis2P3D XDirection',(-1.,0.,-1.17958645141E-009)) ;
#475=DIRECTION('Vector Direction',(0.,1.,0.)) ;
#484=DIRECTION('Axis2P3D Direction',(0.,1.,-0.)) ;
#491=DIRECTION('Vector Direction',(0.,1.,0.)) ;
#498=DIRECTION('Axis2P3D Direction',(0.,1.,-0.)) ;
#510=DIRECTION('Vector Direction',(0.,-1.,0.)) ;
#519=DIRECTION('Vector Direction',(0.,0.,-1.)) ;
#524=DIRECTION('Vector Direction',(0.,0.,-1.)) ;
#536=DIRECTION('Axis2P3D Direction',(-0.8069339332,-0.,-0.590641708187)) ;
#537=DIRECTION('Axis2P3D XDirection',(0.590641708187,-0.,-0.8069339332)) ;
#541=DIRECTION('Vector Direction',(0.590641708187,0.,-0.8069339332)) ;
#548=DIRECTION('Vector Direction',(0.,-1.,0.)) ;
#555=DIRECTION('Vector Direction',(0.590641708187,0.,-0.8069339332)) ;
#567=DIRECTION('Axis2P3D Direction',(0.,1.,-0.)) ;
#574=DIRECTION('Vector Direction',(-0.626569003319,0.,-0.779365950039)) ;
#581=DIRECTION('Axis2P3D Direction',(0.,1.,-0.)) ;
#595=DIRECTION('Axis2P3D Direction',(0.,1.,-0.)) ;
#596=DIRECTION('Axis2P3D XDirection',(0.779365950388,-0.,-0.626569002885)) ;
#600=DIRECTION('Vector Direction',(0.,1.,0.)) ;
#607=DIRECTION('Axis2P3D Direction',(0.,1.,-0.)) ;
#619=DIRECTION('Axis2P3D Direction',(0.,1.,-0.)) ;
#620=DIRECTION('Axis2P3D XDirection',(0.806933932901,0.,0.590641708596)) ;
#624=DIRECTION('Axis2P3D Direction',(0.,1.,-0.)) ;
#631=DIRECTION('Vector Direction',(0.,1.,0.)) ;
#643=DIRECTION('Axis2P3D Direction',(-0.779365950039,0.,0.626569003319)) ;
#644=DIRECTION('Axis2P3D XDirection',(-0.626569003319,0.,-0.779365950039)) ;
#648=DIRECTION('Vector Direction',(-0.626569003319,0.,-0.779365950039)) ;
#660=DIRECTION('Axis2P3D Direction',(-0.779365950102,0.,0.62656900324)) ;
#661=DIRECTION('Axis2P3D XDirection',(-0.62656900324,0.,-0.779365950102)) ;
#665=DIRECTION('Vector Direction',(0.,-1.,0.)) ;
#674=DIRECTION('Vector Direction',(-0.62656900324,0.,-0.779365950102)) ;
#681=DIRECTION('Vector Direction',(0.,-1.,0.)) ;
#688=DIRECTION('Vector Direction',(-0.62656900324,0.,-0.779365950102)) ;
#700=DIRECTION('Axis2P3D Direction',(0.,1.,-0.)) ;
#701=DIRECTION('Axis2P3D XDirection',(0.806933932901,0.,0.590641708596)) ;
#705=DIRECTION('Vector Direction',(0.,1.,0.)) ;
#714=DIRECTION('Axis2P3D Direction',(0.,1.,-0.)) ;
#719=DIRECTION('Axis2P3D Direction',(0.,1.,-0.)) ;
#731=DIRECTION('Axis2P3D Direction',(0.,1.,-0.)) ;
#732=DIRECTION('Axis2P3D XDirection',(0.779365949135,-0.,-0.626569004443)) ;
#736=DIRECTION('Axis2P3D Direction',(0.,1.,-0.)) ;
#743=DIRECTION('Vector Direction',(0.,1.,0.)) ;
#750=DIRECTION('Axis2P3D Direction',(0.,1.,-0.)) ;
#762=DIRECTION('Vector Direction',(0.,0.,-1.)) ;
#769=DIRECTION('Vector Direction',(0.590641708144,0.,-0.806933933232)) ;
#782=DIRECTION('Axis2P3D Direction',(-0.806933933232,-0.,-0.590641708144)) ;
#783=DIRECTION('Axis2P3D XDirection',(0.590641708144,-0.,-0.806933933232)) ;
#787=DIRECTION('Vector Direction',(0.,-1.,0.)) ;
#794=DIRECTION('Vector Direction',(0.590641708144,0.,-0.806933933232)) ;
#806=DIRECTION('Vector Direction',(0.,0.,-1.)) ;
#818=DIRECTION('Axis2P3D Direction',(0.779365950035,0.,-0.626569003324)) ;
#819=DIRECTION('Axis2P3D XDirection',(0.626569003324,0.,0.779365950035)) ;
#823=DIRECTION('Vector Direction',(0.,-1.,0.)) ;
#832=DIRECTION('Vector Direction',(0.626569003324,0.,0.779365950035)) ;
#839=DIRECTION('Vector Direction',(0.,-1.,0.)) ;
#846=DIRECTION('Vector Direction',(0.626569003324,0.,0.779365950035)) ;
#858=DIRECTION('Axis2P3D Direction',(0.,1.,-0.)) ;
#859=DIRECTION('Axis2P3D XDirection',(-0.806933933143,0.,-0.590641708265)) ;
#863=DIRECTION('Vector Direction',(0.,1.,0.)) ;
#872=DIRECTION('Axis2P3D Direction',(0.,1.,-0.)) ;
#877=DIRECTION('Axis2P3D Direction',(0.,1.,-0.)) ;
#889=DIRECTION('Axis2P3D Direction',(0.,1.,-0.)) ;
#890=DIRECTION('Axis2P3D XDirection',(-0.779365949392,0.,0.626569004124)) ;
#894=DIRECTION('Axis2P3D Direction',(0.,1.,-0.)) ;
#901=DIRECTION('Vector Direction',(0.,1.,0.)) ;
#908=DIRECTION('Axis2P3D Direction',(0.,1.,-0.)) ;
#920=DIRECTION('Vector Direction',(0.0460315369406,0.,0.99893998699)) ;
#927=DIRECTION('Axis2P3D Direction',(0.,1.,-0.)) ;
#934=DIRECTION('Vector Direction',(-0.590641708108,0.,0.806933933258)) ;
#948=DIRECTION('Axis2P3D Direction',(0.806933933258,0.,0.590641708108)) ;
#949=DIRECTION('Axis2P3D XDirection',(-0.590641708108,0.,0.806933933258)) ;
#953=DIRECTION('Vector Direction',(0.,-1.,0.)) ;
#960=DIRECTION('Vector Direction',(-0.590641708108,0.,0.806933933258)) ;
#972=DIRECTION('Axis2P3D Direction',(0.99893998699,0.,-0.0460315369406)) ;
#973=DIRECTION('Axis2P3D XDirection',(0.0460315369406,0.,0.99893998699)) ;
#977=DIRECTION('Vector Direction',(0.0460315369406,0.,0.99893998699)) ;
#984=DIRECTION('Vector Direction',(0.,-1.,0.)) ;
#996=DIRECTION('Axis2P3D Direction',(0.,1.,-0.)) ;
#997=DIRECTION('Axis2P3D XDirection',(0.998939986995,-0.,-0.0460315368349)) ;
#1001=DIRECTION('Axis2P3D Direction',(0.,1.,-0.)) ;
#1013=DIRECTION('Axis2P3D Direction',(0.806933933243,0.,0.590641708128)) ;
#1014=DIRECTION('Axis2P3D XDirection',(-0.590641708128,0.,0.806933933243)) ;
#1018=DIRECTION('Vector Direction',(0.,-1.,0.)) ;
#1027=DIRECTION('Vector Direction',(-0.590641708128,0.,0.806933933243)) ;
#1034=DIRECTION('Vector Direction',(0.,-1.,0.)) ;
#1041=DIRECTION('Vector Direction',(-0.590641708128,0.,0.806933933243)) ;
#1053=DIRECTION('Axis2P3D Direction',(0.,1.,-0.)) ;
#1054=DIRECTION('Axis2P3D XDirection',(0.998939987041,-0.,-0.0460315358359)) ;
#1058=DIRECTION('Vector Direction',(0.,1.,0.)) ;
#1067=DIRECTION('Axis2P3D Direction',(0.,1.,-0.)) ;
#1072=DIRECTION('Axis2P3D Direction',(0.,1.,-0.)) ;
#1084=DIRECTION('Axis2P3D Direction',(0.,1.,-0.)) ;
#1085=DIRECTION('Axis2P3D XDirection',(-0.806933933143,0.,-0.590641708265)) ;
#1089=DIRECTION('Axis2P3D Direction',(0.,1.,-0.)) ;
#1096=DIRECTION('Vector Direction',(0.,1.,0.)) ;
#1103=DIRECTION('Axis2P3D Direction',(0.,1.,-0.)) ;
#1115=DIRECTION('Vector Direction',(0.626569003304,0.,0.779365950051)) ;
#1122=DIRECTION('Axis2P3D Direction',(0.,1.,-0.)) ;
#1129=DIRECTION('Vector Direction',(0.0460315369676,0.,0.998939986988)) ;
#1143=DIRECTION('Vector Direction',(0.,-1.,0.)) ;
#1150=DIRECTION('Vector Direction',(0.0460315369406,0.,0.99893998699)) ;
#1162=DIRECTION('Axis2P3D Direction',(0.779365950051,0.,-0.626569003304)) ;
#1163=DIRECTION('Axis2P3D XDirection',(0.626569003304,0.,0.779365950051)) ;
#1167=DIRECTION('Vector Direction',(0.626569003304,0.,0.779365950051)) ;
#1174=DIRECTION('Vector Direction',(0.,-1.,0.)) ;
#1186=DIRECTION('Axis2P3D Direction',(0.,1.,-0.)) ;
#1187=DIRECTION('Axis2P3D XDirection',(-0.779365950018,0.,0.626569003344)) ;
#1191=DIRECTION('Axis2P3D Direction',(0.,1.,-0.)) ;
#1203=DIRECTION('Axis2P3D Direction',(0.779365950046,0.,-0.62656900331)) ;
#1204=DIRECTION('Axis2P3D XDirection',(0.62656900331,0.,0.779365950046)) ;
#1208=DIRECTION('Vector Direction',(0.,-1.,0.)) ;
#1217=DIRECTION('Vector Direction',(0.62656900331,0.,0.779365950046)) ;
#1224=DIRECTION('Vector Direction',(0.,-1.,0.)) ;
#1231=DIRECTION('Vector Direction',(0.62656900331,0.,0.779365950046)) ;
#1243=DIRECTION('Axis2P3D Direction',(0.,1.,-0.)) ;
#1244=DIRECTION('Axis2P3D XDirection',(0.159280395085,-0.,-0.987233384637)) ;
#1248=DIRECTION('Vector Direction',(0.,1.,0.)) ;
#1257=DIRECTION('Axis2P3D Direction',(0.,1.,-0.)) ;
#1262=DIRECTION('Axis2P3D Direction',(0.,1.,-0.)) ;
#1274=DIRECTION('Axis2P3D Direction',(0.,1.,-0.)) ;
#1275=DIRECTION('Axis2P3D XDirection',(-0.779365950018,0.,0.626569003344)) ;
#1279=DIRECTION('Axis2P3D Direction',(0.,1.,-0.)) ;
#1286=DIRECTION('Vector Direction',(0.,1.,0.)) ;
#1293=DIRECTION('Axis2P3D Direction',(0.,1.,-0.)) ;
#1305=DIRECTION('Vector Direction',(0.0460315368901,0.,0.998939986992)) ;
#1312=DIRECTION('Axis2P3D Direction',(0.,1.,-0.)) ;
#1319=DIRECTION('Axis2P3D Direction',(0.,1.,-0.)) ;
#1333=DIRECTION('Axis2P3D Direction',(0.,1.,-0.)) ;
#1334=DIRECTION('Axis2P3D XDirection',(-0.159280394503,0.,0.987233384731)) ;
#1338=DIRECTION('Vector Direction',(0.,1.,0.)) ;
#1345=DIRECTION('Axis2P3D Direction',(0.,1.,-0.)) ;
#1357=DIRECTION('Vector Direction',(0.0460315369406,0.,0.99893998699)) ;
#1364=DIRECTION('Vector Direction',(0.,-1.,0.)) ;
#1376=DIRECTION('Axis2P3D Direction',(0.,1.,-0.)) ;
#1377=DIRECTION('Axis2P3D XDirection',(0.998939986948,-0.,-0.0460315378338)) ;
#1381=DIRECTION('Axis2P3D Direction',(0.,1.,-0.)) ;
#1393=DIRECTION('Axis2P3D Direction',(0.,1.,-0.)) ;
#1394=DIRECTION('Axis2P3D XDirection',(0.14021095899,0.,0.990121652616)) ;
#1398=DIRECTION('Vector Direction',(0.,1.,0.)) ;
#1407=DIRECTION('Axis2P3D Direction',(0.,1.,-0.)) ;
#1414=DIRECTION('Vector Direction',(0.,1.,0.)) ;
#1421=DIRECTION('Axis2P3D Direction',(0.,1.,-0.)) ;
#1433=DIRECTION('Axis2P3D Direction',(0.,1.,-0.)) ;
#1440=DIRECTION('Vector Direction',(-0.574943230919,0.,-0.818193303089)) ;
#1447=DIRECTION('Axis2P3D Direction',(0.,1.,-0.)) ;
#1454=DIRECTION('Vector Direction',(0.,0.,1.)) ;
#1461=DIRECTION('Axis2P3D Direction',(0.,1.,-0.)) ;
#1468=DIRECTION('Vector Direction',(-0.555236395689,0.,0.831692578362)) ;
#1475=DIRECTION('Axis2P3D Direction',(0.,1.,-0.)) ;
#1482=DIRECTION('Axis2P3D Direction',(0.,1.,-0.)) ;
#1499=DIRECTION('Axis2P3D Direction',(0.,1.,-0.)) ;
#1500=DIRECTION('Axis2P3D XDirection',(-0.140202521575,0.,-0.9901228474)) ;
#1504=DIRECTION('Axis2P3D Direction',(0.,1.,-0.)) ;
#1511=DIRECTION('Vector Direction',(0.,1.,0.)) ;
#1523=DIRECTION('Axis2P3D Direction',(0.,1.,-0.)) ;
#1524=DIRECTION('Axis2P3D XDirection',(0.454543761213,0.,0.890724406953)) ;
#1528=DIRECTION('Vector Direction',(0.,1.,0.)) ;
#1535=DIRECTION('Axis2P3D Direction',(0.,1.,-0.)) ;
#1547=DIRECTION('Axis2P3D Direction',(-0.818193303089,0.,0.574943230919)) ;
#1548=DIRECTION('Axis2P3D XDirection',(-0.574943230919,0.,-0.818193303089)) ;
#1552=DIRECTION('Vector Direction',(-0.574943230919,0.,-0.818193303089)) ;
#1559=DIRECTION('Vector Direction',(0.,-1.,0.)) ;
#1571=DIRECTION('Axis2P3D Direction',(0.,1.,-0.)) ;
#1572=DIRECTION('Axis2P3D XDirection',(-0.818193303606,0.,0.574943230184)) ;
#1576=DIRECTION('Axis2P3D Direction',(0.,1.,-0.)) ;
#1583=DIRECTION('Vector Direction',(0.,1.,0.)) ;
#1595=DIRECTION('Axis2P3D Direction',(1.,0.,-0.)) ;
#1596=DIRECTION('Axis2P3D XDirection',(0.,0.,1.)) ;
#1600=DIRECTION('Vector Direction',(0.,0.,1.)) ;
#1607=DIRECTION('Vector Direction',(0.,-1.,0.)) ;
#1619=DIRECTION('Axis2P3D Direction',(0.,1.,-0.)) ;
#1620=DIRECTION('Axis2P3D XDirection',(1.,0.,1.58979686116E-009)) ;
#1624=DIRECTION('Axis2P3D Direction',(0.,1.,-0.)) ;
#1631=DIRECTION('Vector Direction',(0.,1.,0.)) ;
#1643=DIRECTION('Axis2P3D Direction',(0.831692578362,0.,0.555236395689)) ;
#1644=DIRECTION('Axis2P3D XDirection',(-0.555236395689,0.,0.831692578362)) ;
#1648=DIRECTION('Vector Direction',(-0.555236395689,0.,0.831692578362)) ;
#1655=DIRECTION('Vector Direction',(0.,-1.,0.)) ;
#1667=DIRECTION('Axis2P3D Direction',(0.,1.,-0.)) ;
#1668=DIRECTION('Axis2P3D XDirection',(-0.831692578615,0.,-0.555236395309)) ;
#1672=DIRECTION('Axis2P3D Direction',(0.,1.,-0.)) ;
#1684=DIRECTION('Vector Direction',(-0.626569003301,0.,-0.779365950054)) ;
#1693=DIRECTION('Vector Direction',(0.,1.,0.)) ;
#1700=DIRECTION('Vector Direction',(-0.626569003301,0.,-0.779365950054)) ;
#1707=DIRECTION('Vector Direction',(0.,1.,0.)) ;
#1719=DIRECTION('Axis2P3D Direction',(0.,1.,-0.)) ;
#1726=DIRECTION('Axis2P3D Direction',(0.,1.,-0.)) ;
#1733=DIRECTION('Vector Direction',(0.,1.,0.)) ;
#1745=DIRECTION('Axis2P3D Direction',(0.,1.,-0.)) ;
#1752=DIRECTION('Vector Direction',(0.,1.,0.)) ;
#1759=DIRECTION('Axis2P3D Direction',(0.,1.,-0.)) ;
#1771=DIRECTION('Axis2P3D Direction',(0.,1.,-0.)) ;
#1772=DIRECTION('Axis2P3D XDirection',(-1.,0.,0.)) ;
#1776=DIRECTION('Vector Direction',(0.555236395686,0.,-0.831692578364)) ;
#1783=DIRECTION('Axis2P3D Direction',(0.,1.,-0.)) ;
#1790=DIRECTION('Vector Direction',(0.,0.,-1.)) ;
#1804=DIRECTION('Vector Direction',(0.555236395686,0.,-0.831692578364)) ;
#1811=DIRECTION('Vector Direction',(0.,1.,0.)) ;
#1823=DIRECTION('Vector Direction',(0.,1.,0.)) ;
#1830=DIRECTION('Vector Direction',(0.,0.,-1.)) ;
#1842=DIRECTION('Axis2P3D Direction',(0.,1.,-0.)) ;
#1854=DIRECTION('Axis2P3D Direction',(0.,1.,-0.)) ;
#1863=DIRECTION('Vector Direction',(0.,1.,0.)) ;
#1870=DIRECTION('Axis2P3D Direction',(0.,1.,-0.)) ;
#1877=DIRECTION('Vector Direction',(0.,1.,0.)) ;
#1889=DIRECTION('Vector Direction',(0.,0.,-1.)) ;
#1896=DIRECTION('Vector Direction',(0.,0.,-1.)) ;
#1903=DIRECTION('Vector Direction',(0.,1.,0.)) ;
#1915=DIRECTION('Vector Direction',(0.590641708187,0.,-0.8069339332)) ;
#1922=DIRECTION('Vector Direction',(0.,1.,0.)) ;
#1929=DIRECTION('Vector Direction',(0.590641708187,0.,-0.8069339332)) ;
#1941=DIRECTION('Axis2P3D Direction',(0.,1.,-0.)) ;
#1948=DIRECTION('Vector Direction',(-0.626569003319,0.,-0.779365950039)) ;
#1955=DIRECTION('Axis2P3D Direction',(0.,1.,-0.)) ;
#1969=DIRECTION('Axis2P3D Direction',(0.,1.,-0.)) ;
#1976=DIRECTION('Vector Direction',(0.,1.,0.)) ;
#1988=DIRECTION('Vector Direction',(0.,1.,0.)) ;
#1995=DIRECTION('Axis2P3D Direction',(0.,1.,-0.)) ;
#2007=DIRECTION('Vector Direction',(-0.626569003319,0.,-0.779365950039)) ;
#2019=DIRECTION('Vector Direction',(-0.62656900324,0.,-0.779365950102)) ;
#2028=DIRECTION('Vector Direction',(0.,1.,0.)) ;
#2035=DIRECTION('Vector Direction',(-0.62656900324,0.,-0.779365950102)) ;
#2042=DIRECTION('Vector Direction',(0.,1.,0.)) ;
#2054=DIRECTION('Axis2P3D Direction',(0.,1.,-0.)) ;
#2061=DIRECTION('Axis2P3D Direction',(0.,1.,-0.)) ;
#2068=DIRECTION('Vector Direction',(0.,1.,0.)) ;
#2080=DIRECTION('Axis2P3D Direction',(0.,1.,-0.)) ;
#2087=DIRECTION('Vector Direction',(0.,1.,0.)) ;
#2094=DIRECTION('Axis2P3D Direction',(0.,1.,-0.)) ;
#2106=DIRECTION('Vector Direction',(0.590641708144,0.,-0.806933933232)) ;
#2113=DIRECTION('Vector Direction',(0.,0.,-1.)) ;
#2126=DIRECTION('Vector Direction',(0.590641708144,0.,-0.806933933232)) ;
#2133=DIRECTION('Vector Direction',(0.,1.,0.)) ;
#2145=DIRECTION('Vector Direction',(0.,0.,-1.)) ;
#2157=DIRECTION('Vector Direction',(0.626569003324,0.,0.779365950035)) ;
#2166=DIRECTION('Vector Direction',(0.,1.,0.)) ;
#2173=DIRECTION('Vector Direction',(0.626569003324,0.,0.779365950035)) ;
#2180=DIRECTION('Vector Direction',(0.,1.,0.)) ;
#2192=DIRECTION('Axis2P3D Direction',(0.,1.,-0.)) ;
#2199=DIRECTION('Axis2P3D Direction',(0.,1.,-0.)) ;
#2206=DIRECTION('Vector Direction',(0.,1.,0.)) ;
#2218=DIRECTION('Axis2P3D Direction',(0.,1.,-0.)) ;
#2225=DIRECTION('Vector Direction',(0.,1.,0.)) ;
#2232=DIRECTION('Axis2P3D Direction',(0.,1.,-0.)) ;
#2244=DIRECTION('Vector Direction',(-0.590641708108,0.,0.806933933258)) ;
#2251=DIRECTION('Axis2P3D Direction',(0.,1.,-0.)) ;
#2258=DIRECTION('Vector Direction',(0.0460315369406,0.,0.99893998699)) ;
#2272=DIRECTION('Vector Direction',(-0.590641708108,0.,0.806933933258)) ;
#2279=DIRECTION('Vector Direction',(0.,1.,0.)) ;
#2291=DIRECTION('Vector Direction',(0.,1.,0.)) ;
#2298=DIRECTION('Vector Direction',(0.0460315369406,0.,0.99893998699)) ;
#2310=DIRECTION('Axis2P3D Direction',(0.,1.,-0.)) ;
#2322=DIRECTION('Vector Direction',(-0.590641708128,0.,0.806933933243)) ;
#2331=DIRECTION('Vector Direction',(0.,1.,0.)) ;
#2338=DIRECTION('Vector Direction',(-0.590641708128,0.,0.806933933243)) ;
#2345=DIRECTION('Vector Direction',(0.,1.,0.)) ;
#2357=DIRECTION('Axis2P3D Direction',(0.,1.,-0.)) ;
#2364=DIRECTION('Axis2P3D Direction',(0.,1.,-0.)) ;
#2371=DIRECTION('Vector Direction',(0.,1.,0.)) ;
#2383=DIRECTION('Axis2P3D Direction',(0.,1.,-0.)) ;
#2390=DIRECTION('Vector Direction',(0.,1.,0.)) ;
#2397=DIRECTION('Axis2P3D Direction',(0.,1.,-0.)) ;
#2409=DIRECTION('Vector Direction',(0.0460315369676,0.,0.998939986988)) ;
#2416=DIRECTION('Axis2P3D Direction',(0.,1.,-0.)) ;
#2423=DIRECTION('Vector Direction',(0.626569003304,0.,0.779365950051)) ;
#2437=DIRECTION('Vector Direction',(0.0460315369406,0.,0.99893998699)) ;
#2444=DIRECTION('Vector Direction',(0.,1.,0.)) ;
#2456=DIRECTION('Vector Direction',(0.,1.,0.)) ;
#2463=DIRECTION('Vector Direction',(0.626569003304,0.,0.779365950051)) ;
#2475=DIRECTION('Axis2P3D Direction',(0.,1.,-0.)) ;
#2487=DIRECTION('Vector Direction',(0.62656900331,0.,0.779365950046)) ;
#2496=DIRECTION('Vector Direction',(0.,1.,0.)) ;
#2503=DIRECTION('Vector Direction',(0.62656900331,0.,0.779365950046)) ;
#2510=DIRECTION('Vector Direction',(0.,1.,0.)) ;
#2522=DIRECTION('Axis2P3D Direction',(0.,1.,-0.)) ;
#2529=DIRECTION('Axis2P3D Direction',(0.,1.,-0.)) ;
#2536=DIRECTION('Vector Direction',(0.,1.,0.)) ;
#2548=DIRECTION('Axis2P3D Direction',(0.,1.,-0.)) ;
#2555=DIRECTION('Vector Direction',(0.,1.,0.)) ;
#2562=DIRECTION('Axis2P3D Direction',(0.,1.,-0.)) ;
#2574=DIRECTION('Axis2P3D Direction',(0.,1.,-0.)) ;
#2581=DIRECTION('Axis2P3D Direction',(0.,1.,-0.)) ;
#2588=DIRECTION('Vector Direction',(0.0460315368901,0.,0.998939986992)) ;
#2602=DIRECTION('Axis2P3D Direction',(0.,1.,-0.)) ;
#2609=DIRECTION('Vector Direction',(0.,1.,0.)) ;
#2621=DIRECTION('Vector Direction',(0.,1.,0.)) ;
#2628=DIRECTION('Vector Direction',(0.0460315369406,0.,0.99893998699)) ;
#2640=DIRECTION('Axis2P3D Direction',(0.,1.,-0.)) ;
#2652=DIRECTION('Axis2P3D Direction',(0.,1.,-0.)) ;
#2661=DIRECTION('Vector Direction',(0.,1.,0.)) ;
#2668=DIRECTION('Axis2P3D Direction',(0.,1.,-0.)) ;
#2675=DIRECTION('Vector Direction',(0.,1.,0.)) ;
#2687=DIRECTION('Axis2P3D Direction',(0.,1.,-0.)) ;
#2694=DIRECTION('Axis2P3D Direction',(0.,1.,-0.)) ;
#2701=DIRECTION('Vector Direction',(-0.555236395689,0.,0.831692578362)) ;
#2708=DIRECTION('Axis2P3D Direction',(0.,1.,-0.)) ;
#2715=DIRECTION('Vector Direction',(0.,0.,1.)) ;
#2722=DIRECTION('Axis2P3D Direction',(0.,1.,-0.)) ;
#2729=DIRECTION('Vector Direction',(-0.574943230919,0.,-0.818193303089)) ;
#2736=DIRECTION('Axis2P3D Direction',(0.,1.,-0.)) ;
#2753=DIRECTION('Vector Direction',(0.,1.,0.)) ;
#2760=DIRECTION('Axis2P3D Direction',(0.,1.,-0.)) ;
#2772=DIRECTION('Axis2P3D Direction',(0.,1.,-0.)) ;
#2779=DIRECTION('Vector Direction',(0.,1.,0.)) ;
#2791=DIRECTION('Vector Direction',(0.,1.,0.)) ;
#2798=DIRECTION('Vector Direction',(-0.574943230919,0.,-0.818193303089)) ;
#2810=DIRECTION('Vector Direction',(0.,1.,0.)) ;
#2817=DIRECTION('Axis2P3D Direction',(0.,1.,-0.)) ;
#2829=DIRECTION('Vector Direction',(0.,1.,0.)) ;
#2836=DIRECTION('Vector Direction',(0.,0.,1.)) ;
#2848=DIRECTION('Vector Direction',(0.,1.,0.)) ;
#2855=DIRECTION('Axis2P3D Direction',(0.,1.,-0.)) ;
#2867=DIRECTION('Vector Direction',(0.,1.,0.)) ;
#2874=DIRECTION('Vector Direction',(-0.555236395689,0.,0.831692578362)) ;
#2886=DIRECTION('Axis2P3D Direction',(0.,1.,-0.)) ;
#2898=DIRECTION('Axis2P3D Direction',(0.,1.,-0.)) ;
#2899=DIRECTION('Axis2P3D XDirection',(-1.,0.,0.)) ;
#2970=DIRECTION('Axis2P3D Direction',(0.,1.,-0.)) ;
#2979=DIRECTION('Axis2P3D Direction',(0.,1.,-0.)) ;
#2988=DIRECTION('Axis2P3D Direction',(0.,1.,-0.)) ;
#2997=DIRECTION('Axis2P3D Direction',(0.,1.,-0.)) ;
#3007=DIRECTION('Axis2P3D Direction',(0.,1.,-0.)) ;
#3008=DIRECTION('Axis2P3D XDirection',(-1.,0.,0.)) ;
#3079=DIRECTION('Axis2P3D Direction',(0.,1.,-0.)) ;
#3088=DIRECTION('Axis2P3D Direction',(0.,1.,-0.)) ;
#3097=DIRECTION('Axis2P3D Direction',(0.,1.,-0.)) ;
#3106=DIRECTION('Axis2P3D Direction',(0.,1.,-0.)) ;
#3116=DIRECTION('Axis2P3D Direction',(0.,1.,-0.)) ;
#3117=DIRECTION('Axis2P3D XDirection',(-1.,0.,0.)) ;
#3121=DIRECTION('Vector Direction',(0.,1.,0.)) ;
#3126=DIRECTION('Vector Direction',(0.,1.,0.)) ;
#3145=DIRECTION('Axis2P3D Direction',(0.,1.,-0.)) ;
#3146=DIRECTION('Axis2P3D XDirection',(-1.,0.,0.)) ;
#3150=DIRECTION('Vector Direction',(0.,1.,0.)) ;
#3155=DIRECTION('Vector Direction',(0.,1.,0.)) ;
#48=AXIS2_PLACEMENT_3D(' ',#47,$,$) ;
#55=AXIS2_PLACEMENT_3D('Plane Axis2P3D',#52,#53,#54) ;
#95=AXIS2_PLACEMENT_3D('Cylinder Axis2P3D',#92,#93,#94) ;
#99=AXIS2_PLACEMENT_3D('Circle Axis2P3D',#97,#98,$) ;
#113=AXIS2_PLACEMENT_3D('Circle Axis2P3D',#111,#112,$) ;
#126=AXIS2_PLACEMENT_3D('Plane Axis2P3D',#123,#124,#125) ;
#157=AXIS2_PLACEMENT_3D('Plane Axis2P3D',#154,#155,#156) ;
#188=AXIS2_PLACEMENT_3D('Cylinder Axis2P3D',#185,#186,#187) ;
#192=AXIS2_PLACEMENT_3D('Circle Axis2P3D',#190,#191,$) ;
#206=AXIS2_PLACEMENT_3D('Circle Axis2P3D',#204,#205,$) ;
#219=AXIS2_PLACEMENT_3D('Plane Axis2P3D',#216,#217,#218) ;
#250=AXIS2_PLACEMENT_3D('Cylinder Axis2P3D',#247,#248,#249) ;
#254=AXIS2_PLACEMENT_3D('Circle Axis2P3D',#252,#253,$) ;
#259=AXIS2_PLACEMENT_3D('Circle Axis2P3D',#257,#258,$) ;
#272=AXIS2_PLACEMENT_3D('Plane Axis2P3D',#269,#270,#271) ;
#312=AXIS2_PLACEMENT_3D('Cylinder Axis2P3D',#309,#310,#311) ;
#325=AXIS2_PLACEMENT_3D('Circle Axis2P3D',#323,#324,$) ;
#330=AXIS2_PLACEMENT_3D('Circle Axis2P3D',#328,#329,$) ;
#343=AXIS2_PLACEMENT_3D('Cylinder Axis2P3D',#340,#341,#342) ;
#347=AXIS2_PLACEMENT_3D('Circle Axis2P3D',#345,#346,$) ;
#361=AXIS2_PLACEMENT_3D('Circle Axis2P3D',#359,#360,$) ;
#374=AXIS2_PLACEMENT_3D('Plane Axis2P3D',#371,#372,#373) ;
#385=AXIS2_PLACEMENT_3D('Circle Axis2P3D',#383,#384,$) ;
#407=AXIS2_PLACEMENT_3D('Plane Axis2P3D',#404,#405,#406) ;
#431=AXIS2_PLACEMENT_3D('Plane Axis2P3D',#428,#429,#430) ;
#455=AXIS2_PLACEMENT_3D('Cylinder Axis2P3D',#452,#453,#454) ;
#459=AXIS2_PLACEMENT_3D('Circle Axis2P3D',#457,#458,$) ;
#472=AXIS2_PLACEMENT_3D('Cylinder Axis2P3D',#469,#470,#471) ;
#485=AXIS2_PLACEMENT_3D('Circle Axis2P3D',#483,#484,$) ;
#499=AXIS2_PLACEMENT_3D('Circle Axis2P3D',#497,#498,$) ;
#538=AXIS2_PLACEMENT_3D('Plane Axis2P3D',#535,#536,#537) ;
#568=AXIS2_PLACEMENT_3D('Circle Axis2P3D',#566,#567,$) ;
#582=AXIS2_PLACEMENT_3D('Circle Axis2P3D',#580,#581,$) ;
#597=AXIS2_PLACEMENT_3D('Cylinder Axis2P3D',#594,#595,#596) ;
#608=AXIS2_PLACEMENT_3D('Circle Axis2P3D',#606,#607,$) ;
#621=AXIS2_PLACEMENT_3D('Cylinder Axis2P3D',#618,#619,#620) ;
#625=AXIS2_PLACEMENT_3D('Circle Axis2P3D',#623,#624,$) ;
#645=AXIS2_PLACEMENT_3D('Plane Axis2P3D',#642,#643,#644) ;
#662=AXIS2_PLACEMENT_3D('Plane Axis2P3D',#659,#660,#661) ;
#702=AXIS2_PLACEMENT_3D('Cylinder Axis2P3D',#699,#700,#701) ;
#715=AXIS2_PLACEMENT_3D('Circle Axis2P3D',#713,#714,$) ;
#720=AXIS2_PLACEMENT_3D('Circle Axis2P3D',#718,#719,$) ;
#733=AXIS2_PLACEMENT_3D('Cylinder Axis2P3D',#730,#731,#732) ;
#737=AXIS2_PLACEMENT_3D('Circle Axis2P3D',#735,#736,$) ;
#751=AXIS2_PLACEMENT_3D('Circle Axis2P3D',#749,#750,$) ;
#784=AXIS2_PLACEMENT_3D('Plane Axis2P3D',#781,#782,#783) ;
#820=AXIS2_PLACEMENT_3D('Plane Axis2P3D',#817,#818,#819) ;
#860=AXIS2_PLACEMENT_3D('Cylinder Axis2P3D',#857,#858,#859) ;
#873=AXIS2_PLACEMENT_3D('Circle Axis2P3D',#871,#872,$) ;
#878=AXIS2_PLACEMENT_3D('Circle Axis2P3D',#876,#877,$) ;
#891=AXIS2_PLACEMENT_3D('Cylinder Axis2P3D',#888,#889,#890) ;
#895=AXIS2_PLACEMENT_3D('Circle Axis2P3D',#893,#894,$) ;
#909=AXIS2_PLACEMENT_3D('Circle Axis2P3D',#907,#908,$) ;
#928=AXIS2_PLACEMENT_3D('Circle Axis2P3D',#926,#927,$) ;
#950=AXIS2_PLACEMENT_3D('Plane Axis2P3D',#947,#948,#949) ;
#974=AXIS2_PLACEMENT_3D('Plane Axis2P3D',#971,#972,#973) ;
#998=AXIS2_PLACEMENT_3D('Cylinder Axis2P3D',#995,#996,#997) ;
#1002=AXIS2_PLACEMENT_3D('Circle Axis2P3D',#1000,#1001,$) ;
#1015=AXIS2_PLACEMENT_3D('Plane Axis2P3D',#1012,#1013,#1014) ;
#1055=AXIS2_PLACEMENT_3D('Cylinder Axis2P3D',#1052,#1053,#1054) ;
#1068=AXIS2_PLACEMENT_3D('Circle Axis2P3D',#1066,#1067,$) ;
#1073=AXIS2_PLACEMENT_3D('Circle Axis2P3D',#1071,#1072,$) ;
#1086=AXIS2_PLACEMENT_3D('Cylinder Axis2P3D',#1083,#1084,#1085) ;
#1090=AXIS2_PLACEMENT_3D('Circle Axis2P3D',#1088,#1089,$) ;
#1104=AXIS2_PLACEMENT_3D('Circle Axis2P3D',#1102,#1103,$) ;
#1123=AXIS2_PLACEMENT_3D('Circle Axis2P3D',#1121,#1122,$) ;
#1164=AXIS2_PLACEMENT_3D('Plane Axis2P3D',#1161,#1162,#1163) ;
#1188=AXIS2_PLACEMENT_3D('Cylinder Axis2P3D',#1185,#1186,#1187) ;
#1192=AXIS2_PLACEMENT_3D('Circle Axis2P3D',#1190,#1191,$) ;
#1205=AXIS2_PLACEMENT_3D('Plane Axis2P3D',#1202,#1203,#1204) ;
#1245=AXIS2_PLACEMENT_3D('Cylinder Axis2P3D',#1242,#1243,#1244) ;
#1258=AXIS2_PLACEMENT_3D('Circle Axis2P3D',#1256,#1257,$) ;
#1263=AXIS2_PLACEMENT_3D('Circle Axis2P3D',#1261,#1262,$) ;
#1276=AXIS2_PLACEMENT_3D('Cylinder Axis2P3D',#1273,#1274,#1275) ;
#1280=AXIS2_PLACEMENT_3D('Circle Axis2P3D',#1278,#1279,$) ;
#1294=AXIS2_PLACEMENT_3D('Circle Axis2P3D',#1292,#1293,$) ;
#1313=AXIS2_PLACEMENT_3D('Circle Axis2P3D',#1311,#1312,$) ;
#1320=AXIS2_PLACEMENT_3D('Circle Axis2P3D',#1318,#1319,$) ;
#1335=AXIS2_PLACEMENT_3D('Cylinder Axis2P3D',#1332,#1333,#1334) ;
#1346=AXIS2_PLACEMENT_3D('Circle Axis2P3D',#1344,#1345,$) ;
#1378=AXIS2_PLACEMENT_3D('Cylinder Axis2P3D',#1375,#1376,#1377) ;
#1382=AXIS2_PLACEMENT_3D('Circle Axis2P3D',#1380,#1381,$) ;
#1395=AXIS2_PLACEMENT_3D('Cylinder Axis2P3D',#1392,#1393,#1394) ;
#1408=AXIS2_PLACEMENT_3D('Circle Axis2P3D',#1406,#1407,$) ;
#1422=AXIS2_PLACEMENT_3D('Circle Axis2P3D',#1420,#1421,$) ;
#1434=AXIS2_PLACEMENT_3D('Circle Axis2P3D',#1432,#1433,$) ;
#1448=AXIS2_PLACEMENT_3D('Circle Axis2P3D',#1446,#1447,$) ;
#1462=AXIS2_PLACEMENT_3D('Circle Axis2P3D',#1460,#1461,$) ;
#1476=AXIS2_PLACEMENT_3D('Circle Axis2P3D',#1474,#1475,$) ;
#1483=AXIS2_PLACEMENT_3D('Circle Axis2P3D',#1481,#1482,$) ;
#1501=AXIS2_PLACEMENT_3D('Cylinder Axis2P3D',#1498,#1499,#1500) ;
#1505=AXIS2_PLACEMENT_3D('Circle Axis2P3D',#1503,#1504,$) ;
#1525=AXIS2_PLACEMENT_3D('Cylinder Axis2P3D',#1522,#1523,#1524) ;
#1536=AXIS2_PLACEMENT_3D('Circle Axis2P3D',#1534,#1535,$) ;
#1549=AXIS2_PLACEMENT_3D('Plane Axis2P3D',#1546,#1547,#1548) ;
#1573=AXIS2_PLACEMENT_3D('Cylinder Axis2P3D',#1570,#1571,#1572) ;
#1577=AXIS2_PLACEMENT_3D('Circle Axis2P3D',#1575,#1576,$) ;
#1597=AXIS2_PLACEMENT_3D('Plane Axis2P3D',#1594,#1595,#1596) ;
#1621=AXIS2_PLACEMENT_3D('Cylinder Axis2P3D',#1618,#1619,#1620) ;
#1625=AXIS2_PLACEMENT_3D('Circle Axis2P3D',#1623,#1624,$) ;
#1645=AXIS2_PLACEMENT_3D('Plane Axis2P3D',#1642,#1643,#1644) ;
#1669=AXIS2_PLACEMENT_3D('Cylinder Axis2P3D',#1666,#1667,#1668) ;
#1673=AXIS2_PLACEMENT_3D('Circle Axis2P3D',#1671,#1672,$) ;
#1720=AXIS2_PLACEMENT_3D('Circle Axis2P3D',#1718,#1719,$) ;
#1727=AXIS2_PLACEMENT_3D('Circle Axis2P3D',#1725,#1726,$) ;
#1746=AXIS2_PLACEMENT_3D('Circle Axis2P3D',#1744,#1745,$) ;
#1760=AXIS2_PLACEMENT_3D('Circle Axis2P3D',#1758,#1759,$) ;
#1773=AXIS2_PLACEMENT_3D('Plane Axis2P3D',#1770,#1771,#1772) ;
#1784=AXIS2_PLACEMENT_3D('Circle Axis2P3D',#1782,#1783,$) ;
#1843=AXIS2_PLACEMENT_3D('Circle Axis2P3D',#1841,#1842,$) ;
#1855=AXIS2_PLACEMENT_3D('Circle Axis2P3D',#1853,#1854,$) ;
#1871=AXIS2_PLACEMENT_3D('Circle Axis2P3D',#1869,#1870,$) ;
#1942=AXIS2_PLACEMENT_3D('Circle Axis2P3D',#1940,#1941,$) ;
#1956=AXIS2_PLACEMENT_3D('Circle Axis2P3D',#1954,#1955,$) ;
#1970=AXIS2_PLACEMENT_3D('Circle Axis2P3D',#1968,#1969,$) ;
#1996=AXIS2_PLACEMENT_3D('Circle Axis2P3D',#1994,#1995,$) ;
#2055=AXIS2_PLACEMENT_3D('Circle Axis2P3D',#2053,#2054,$) ;
#2062=AXIS2_PLACEMENT_3D('Circle Axis2P3D',#2060,#2061,$) ;
#2081=AXIS2_PLACEMENT_3D('Circle Axis2P3D',#2079,#2080,$) ;
#2095=AXIS2_PLACEMENT_3D('Circle Axis2P3D',#2093,#2094,$) ;
#2193=AXIS2_PLACEMENT_3D('Circle Axis2P3D',#2191,#2192,$) ;
#2200=AXIS2_PLACEMENT_3D('Circle Axis2P3D',#2198,#2199,$) ;
#2219=AXIS2_PLACEMENT_3D('Circle Axis2P3D',#2217,#2218,$) ;
#2233=AXIS2_PLACEMENT_3D('Circle Axis2P3D',#2231,#2232,$) ;
#2252=AXIS2_PLACEMENT_3D('Circle Axis2P3D',#2250,#2251,$) ;
#2311=AXIS2_PLACEMENT_3D('Circle Axis2P3D',#2309,#2310,$) ;
#2358=AXIS2_PLACEMENT_3D('Circle Axis2P3D',#2356,#2357,$) ;
#2365=AXIS2_PLACEMENT_3D('Circle Axis2P3D',#2363,#2364,$) ;
#2384=AXIS2_PLACEMENT_3D('Circle Axis2P3D',#2382,#2383,$) ;
#2398=AXIS2_PLACEMENT_3D('Circle Axis2P3D',#2396,#2397,$) ;
#2417=AXIS2_PLACEMENT_3D('Circle Axis2P3D',#2415,#2416,$) ;
#2476=AXIS2_PLACEMENT_3D('Circle Axis2P3D',#2474,#2475,$) ;
#2523=AXIS2_PLACEMENT_3D('Circle Axis2P3D',#2521,#2522,$) ;
#2530=AXIS2_PLACEMENT_3D('Circle Axis2P3D',#2528,#2529,$) ;
#2549=AXIS2_PLACEMENT_3D('Circle Axis2P3D',#2547,#2548,$) ;
#2563=AXIS2_PLACEMENT_3D('Circle Axis2P3D',#2561,#2562,$) ;
#2575=AXIS2_PLACEMENT_3D('Circle Axis2P3D',#2573,#2574,$) ;
#2582=AXIS2_PLACEMENT_3D('Circle Axis2P3D',#2580,#2581,$) ;
#2603=AXIS2_PLACEMENT_3D('Circle Axis2P3D',#2601,#2602,$) ;
#2641=AXIS2_PLACEMENT_3D('Circle Axis2P3D',#2639,#2640,$) ;
#2653=AXIS2_PLACEMENT_3D('Circle Axis2P3D',#2651,#2652,$) ;
#2669=AXIS2_PLACEMENT_3D('Circle Axis2P3D',#2667,#2668,$) ;
#2688=AXIS2_PLACEMENT_3D('Circle Axis2P3D',#2686,#2687,$) ;
#2695=AXIS2_PLACEMENT_3D('Circle Axis2P3D',#2693,#2694,$) ;
#2709=AXIS2_PLACEMENT_3D('Circle Axis2P3D',#2707,#2708,$) ;
#2723=AXIS2_PLACEMENT_3D('Circle Axis2P3D',#2721,#2722,$) ;
#2737=AXIS2_PLACEMENT_3D('Circle Axis2P3D',#2735,#2736,$) ;
#2761=AXIS2_PLACEMENT_3D('Circle Axis2P3D',#2759,#2760,$) ;
#2773=AXIS2_PLACEMENT_3D('Circle Axis2P3D',#2771,#2772,$) ;
#2818=AXIS2_PLACEMENT_3D('Circle Axis2P3D',#2816,#2817,$) ;
#2856=AXIS2_PLACEMENT_3D('Circle Axis2P3D',#2854,#2855,$) ;
#2887=AXIS2_PLACEMENT_3D('Circle Axis2P3D',#2885,#2886,$) ;
#2900=AXIS2_PLACEMENT_3D('Plane Axis2P3D',#2897,#2898,#2899) ;
#2971=AXIS2_PLACEMENT_3D('Circle Axis2P3D',#2969,#2970,$) ;
#2980=AXIS2_PLACEMENT_3D('Circle Axis2P3D',#2978,#2979,$) ;
#2989=AXIS2_PLACEMENT_3D('Circle Axis2P3D',#2987,#2988,$) ;
#2998=AXIS2_PLACEMENT_3D('Circle Axis2P3D',#2996,#2997,$) ;
#3009=AXIS2_PLACEMENT_3D('Plane Axis2P3D',#3006,#3007,#3008) ;
#3080=AXIS2_PLACEMENT_3D('Circle Axis2P3D',#3078,#3079,$) ;
#3089=AXIS2_PLACEMENT_3D('Circle Axis2P3D',#3087,#3088,$) ;
#3098=AXIS2_PLACEMENT_3D('Circle Axis2P3D',#3096,#3097,$) ;
#3107=AXIS2_PLACEMENT_3D('Circle Axis2P3D',#3105,#3106,$) ;
#3118=AXIS2_PLACEMENT_3D('Cylinder Axis2P3D',#3115,#3116,#3117) ;
#3147=AXIS2_PLACEMENT_3D('Cylinder Axis2P3D',#3144,#3145,#3146) ;
#40=PRODUCT_DEFINITION_SHAPE(' ',' ',#14) ;
#31=APPROVAL_PERSON_ORGANIZATION(#25,#21,#19) ;
#25=PERSON_AND_ORGANIZATION(#22,#23) ;
#22=PERSON(' ',' ',' ',$,$,$) ;
#23=ORGANIZATION(' ',' ',' ') ;
#21=APPROVAL(#20,' ') ;
#20=APPROVAL_STATUS('not_yet_approved') ;
#19=APPROVAL_ROLE('APPROVER') ;
#13=DATE_AND_TIME(#11,#12) ;
#12=LOCAL_TIME(16,44,9.,#10) ;
#10=COORDINATED_UNIVERSAL_TIME_OFFSET(0,0,.AHEAD.) ;
#86=ORIENTED_EDGE('',*,*,#65,.F.) ;
#87=ORIENTED_EDGE('',*,*,#72,.T.) ;
#88=ORIENTED_EDGE('',*,*,#79,.T.) ;
#89=ORIENTED_EDGE('',*,*,#84,.F.) ;
#117=ORIENTED_EDGE('',*,*,#79,.F.) ;
#118=ORIENTED_EDGE('',*,*,#103,.T.) ;
#119=ORIENTED_EDGE('',*,*,#110,.T.) ;
#120=ORIENTED_EDGE('',*,*,#115,.F.) ;
#148=ORIENTED_EDGE('',*,*,#110,.F.) ;
#149=ORIENTED_EDGE('',*,*,#134,.T.) ;
#150=ORIENTED_EDGE('',*,*,#141,.T.) ;
#151=ORIENTED_EDGE('',*,*,#146,.F.) ;
#179=ORIENTED_EDGE('',*,*,#141,.F.) ;
#180=ORIENTED_EDGE('',*,*,#165,.T.) ;
#181=ORIENTED_EDGE('',*,*,#172,.T.) ;
#182=ORIENTED_EDGE('',*,*,#177,.F.) ;
#210=ORIENTED_EDGE('',*,*,#172,.F.) ;
#211=ORIENTED_EDGE('',*,*,#196,.T.) ;
#212=ORIENTED_EDGE('',*,*,#203,.T.) ;
#213=ORIENTED_EDGE('',*,*,#208,.F.) ;
#241=ORIENTED_EDGE('',*,*,#203,.F.) ;
#242=ORIENTED_EDGE('',*,*,#227,.T.) ;
#243=ORIENTED_EDGE('',*,*,#234,.T.) ;
#244=ORIENTED_EDGE('',*,*,#239,.F.) ;
#263=ORIENTED_EDGE('',*,*,#234,.F.) ;
#264=ORIENTED_EDGE('',*,*,#256,.T.) ;
#265=ORIENTED_EDGE('',*,*,#65,.T.) ;
#266=ORIENTED_EDGE('',*,*,#261,.F.) ;
#303=ORIENTED_EDGE('',*,*,#282,.F.) ;
#304=ORIENTED_EDGE('',*,*,#289,.T.) ;
#305=ORIENTED_EDGE('',*,*,#296,.T.) ;
#306=ORIENTED_EDGE('',*,*,#301,.F.) ;
#334=ORIENTED_EDGE('',*,*,#322,.F.) ;
#335=ORIENTED_EDGE('',*,*,#327,.T.) ;
#336=ORIENTED_EDGE('',*,*,#282,.T.) ;
#337=ORIENTED_EDGE('',*,*,#332,.F.) ;
#365=ORIENTED_EDGE('',*,*,#296,.F.) ;
#366=ORIENTED_EDGE('',*,*,#351,.T.) ;
#367=ORIENTED_EDGE('',*,*,#358,.T.) ;
#368=ORIENTED_EDGE('',*,*,#363,.F.) ;
#396=ORIENTED_EDGE('',*,*,#301,.T.) ;
#397=ORIENTED_EDGE('',*,*,#363,.T.) ;
#398=ORIENTED_EDGE('',*,*,#382,.T.) ;
#399=ORIENTED_EDGE('',*,*,#389,.T.) ;
#400=ORIENTED_EDGE('',*,*,#394,.T.) ;
#401=ORIENTED_EDGE('',*,*,#332,.T.) ;
#422=ORIENTED_EDGE('',*,*,#415,.F.) ;
#423=ORIENTED_EDGE('',*,*,#420,.T.) ;
#424=ORIENTED_EDGE('',*,*,#322,.T.) ;
#425=ORIENTED_EDGE('',*,*,#394,.F.) ;
#446=ORIENTED_EDGE('',*,*,#358,.F.) ;
#447=ORIENTED_EDGE('',*,*,#439,.T.) ;
#448=ORIENTED_EDGE('',*,*,#444,.T.) ;
#449=ORIENTED_EDGE('',*,*,#382,.F.) ;
#463=ORIENTED_EDGE('',*,*,#444,.F.) ;
#464=ORIENTED_EDGE('',*,*,#461,.T.) ;
#465=ORIENTED_EDGE('',*,*,#415,.T.) ;
#466=ORIENTED_EDGE('',*,*,#389,.F.) ;
#503=ORIENTED_EDGE('',*,*,#482,.F.) ;
#504=ORIENTED_EDGE('',*,*,#489,.T.) ;
#505=ORIENTED_EDGE('',*,*,#496,.T.) ;
#506=ORIENTED_EDGE('',*,*,#501,.F.) ;
#529=ORIENTED_EDGE('',*,*,#517,.F.) ;
#530=ORIENTED_EDGE('',*,*,#522,.T.) ;
#531=ORIENTED_EDGE('',*,*,#482,.T.) ;
#532=ORIENTED_EDGE('',*,*,#527,.F.) ;
#560=ORIENTED_EDGE('',*,*,#496,.F.) ;
#561=ORIENTED_EDGE('',*,*,#546,.T.) ;
#562=ORIENTED_EDGE('',*,*,#553,.T.) ;
#563=ORIENTED_EDGE('',*,*,#558,.F.) ;
#586=ORIENTED_EDGE('',*,*,#501,.T.) ;
#587=ORIENTED_EDGE('',*,*,#558,.T.) ;
#588=ORIENTED_EDGE('',*,*,#572,.T.) ;
#589=ORIENTED_EDGE('',*,*,#579,.T.) ;
#590=ORIENTED_EDGE('',*,*,#584,.T.) ;
#591=ORIENTED_EDGE('',*,*,#527,.T.) ;
#612=ORIENTED_EDGE('',*,*,#605,.F.) ;
#613=ORIENTED_EDGE('',*,*,#610,.T.) ;
#614=ORIENTED_EDGE('',*,*,#517,.T.) ;
#615=ORIENTED_EDGE('',*,*,#584,.F.) ;
#636=ORIENTED_EDGE('',*,*,#553,.F.) ;
#637=ORIENTED_EDGE('',*,*,#629,.T.) ;
#638=ORIENTED_EDGE('',*,*,#634,.T.) ;
#639=ORIENTED_EDGE('',*,*,#572,.F.) ;
#653=ORIENTED_EDGE('',*,*,#634,.F.) ;
#654=ORIENTED_EDGE('',*,*,#651,.T.) ;
#655=ORIENTED_EDGE('',*,*,#605,.T.) ;
#656=ORIENTED_EDGE('',*,*,#579,.F.) ;
#693=ORIENTED_EDGE('',*,*,#672,.F.) ;
#694=ORIENTED_EDGE('',*,*,#679,.T.) ;
#695=ORIENTED_EDGE('',*,*,#686,.T.) ;
#696=ORIENTED_EDGE('',*,*,#691,.F.) ;
#724=ORIENTED_EDGE('',*,*,#712,.F.) ;
#725=ORIENTED_EDGE('',*,*,#717,.T.) ;
#726=ORIENTED_EDGE('',*,*,#672,.T.) ;
#727=ORIENTED_EDGE('',*,*,#722,.F.) ;
#755=ORIENTED_EDGE('',*,*,#686,.F.) ;
#756=ORIENTED_EDGE('',*,*,#741,.T.) ;
#757=ORIENTED_EDGE('',*,*,#748,.T.) ;
#758=ORIENTED_EDGE('',*,*,#753,.F.) ;
#774=ORIENTED_EDGE('',*,*,#691,.T.) ;
#775=ORIENTED_EDGE('',*,*,#753,.T.) ;
#776=ORIENTED_EDGE('',*,*,#767,.T.) ;
#777=ORIENTED_EDGE('',*,*,#772,.T.) ;
#778=ORIENTED_EDGE('',*,*,#722,.T.) ;
#799=ORIENTED_EDGE('',*,*,#792,.F.) ;
#800=ORIENTED_EDGE('',*,*,#797,.T.) ;
#801=ORIENTED_EDGE('',*,*,#712,.T.) ;
#802=ORIENTED_EDGE('',*,*,#772,.F.) ;
#811=ORIENTED_EDGE('',*,*,#748,.F.) ;
#812=ORIENTED_EDGE('',*,*,#809,.T.) ;
#813=ORIENTED_EDGE('',*,*,#792,.T.) ;
#814=ORIENTED_EDGE('',*,*,#767,.F.) ;
#851=ORIENTED_EDGE('',*,*,#830,.F.) ;
#852=ORIENTED_EDGE('',*,*,#837,.T.) ;
#853=ORIENTED_EDGE('',*,*,#844,.T.) ;
#854=ORIENTED_EDGE('',*,*,#849,.F.) ;
#882=ORIENTED_EDGE('',*,*,#870,.F.) ;
#883=ORIENTED_EDGE('',*,*,#875,.T.) ;
#884=ORIENTED_EDGE('',*,*,#830,.T.) ;
#885=ORIENTED_EDGE('',*,*,#880,.F.) ;
#913=ORIENTED_EDGE('',*,*,#844,.F.) ;
#914=ORIENTED_EDGE('',*,*,#899,.T.) ;
#915=ORIENTED_EDGE('',*,*,#906,.T.) ;
#916=ORIENTED_EDGE('',*,*,#911,.F.) ;
#939=ORIENTED_EDGE('',*,*,#849,.T.) ;
#940=ORIENTED_EDGE('',*,*,#911,.T.) ;
#941=ORIENTED_EDGE('',*,*,#925,.T.) ;
#942=ORIENTED_EDGE('',*,*,#932,.T.) ;
#943=ORIENTED_EDGE('',*,*,#937,.T.) ;
#944=ORIENTED_EDGE('',*,*,#880,.T.) ;
#965=ORIENTED_EDGE('',*,*,#958,.F.) ;
#966=ORIENTED_EDGE('',*,*,#963,.T.) ;
#967=ORIENTED_EDGE('',*,*,#870,.T.) ;
#968=ORIENTED_EDGE('',*,*,#937,.F.) ;
#989=ORIENTED_EDGE('',*,*,#906,.F.) ;
#990=ORIENTED_EDGE('',*,*,#982,.T.) ;
#991=ORIENTED_EDGE('',*,*,#987,.T.) ;
#992=ORIENTED_EDGE('',*,*,#925,.F.) ;
#1006=ORIENTED_EDGE('',*,*,#987,.F.) ;
#1007=ORIENTED_EDGE('',*,*,#1004,.T.) ;
#1008=ORIENTED_EDGE('',*,*,#958,.T.) ;
#1009=ORIENTED_EDGE('',*,*,#932,.F.) ;
#1046=ORIENTED_EDGE('',*,*,#1025,.F.) ;
#1047=ORIENTED_EDGE('',*,*,#1032,.T.) ;
#1048=ORIENTED_EDGE('',*,*,#1039,.T.) ;
#1049=ORIENTED_EDGE('',*,*,#1044,.F.) ;
#1077=ORIENTED_EDGE('',*,*,#1065,.F.) ;
#1078=ORIENTED_EDGE('',*,*,#1070,.T.) ;
#1079=ORIENTED_EDGE('',*,*,#1025,.T.) ;
#1080=ORIENTED_EDGE('',*,*,#1075,.F.) ;
#1108=ORIENTED_EDGE('',*,*,#1039,.F.) ;
#1109=ORIENTED_EDGE('',*,*,#1094,.T.) ;
#1110=ORIENTED_EDGE('',*,*,#1101,.T.) ;
#1111=ORIENTED_EDGE('',*,*,#1106,.F.) ;
#1134=ORIENTED_EDGE('',*,*,#1044,.T.) ;
#1135=ORIENTED_EDGE('',*,*,#1106,.T.) ;
#1136=ORIENTED_EDGE('',*,*,#1120,.T.) ;
#1137=ORIENTED_EDGE('',*,*,#1127,.T.) ;
#1138=ORIENTED_EDGE('',*,*,#1132,.T.) ;
#1139=ORIENTED_EDGE('',*,*,#1075,.T.) ;
#1155=ORIENTED_EDGE('',*,*,#1148,.F.) ;
#1156=ORIENTED_EDGE('',*,*,#1153,.T.) ;
#1157=ORIENTED_EDGE('',*,*,#1065,.T.) ;
#1158=ORIENTED_EDGE('',*,*,#1132,.F.) ;
#1179=ORIENTED_EDGE('',*,*,#1101,.F.) ;
#1180=ORIENTED_EDGE('',*,*,#1172,.T.) ;
#1181=ORIENTED_EDGE('',*,*,#1177,.T.) ;
#1182=ORIENTED_EDGE('',*,*,#1120,.F.) ;
#1196=ORIENTED_EDGE('',*,*,#1177,.F.) ;
#1197=ORIENTED_EDGE('',*,*,#1194,.T.) ;
#1198=ORIENTED_EDGE('',*,*,#1148,.T.) ;
#1199=ORIENTED_EDGE('',*,*,#1127,.F.) ;
#1236=ORIENTED_EDGE('',*,*,#1215,.F.) ;
#1237=ORIENTED_EDGE('',*,*,#1222,.T.) ;
#1238=ORIENTED_EDGE('',*,*,#1229,.T.) ;
#1239=ORIENTED_EDGE('',*,*,#1234,.F.) ;
#1267=ORIENTED_EDGE('',*,*,#1255,.F.) ;
#1268=ORIENTED_EDGE('',*,*,#1260,.T.) ;
#1269=ORIENTED_EDGE('',*,*,#1215,.T.) ;
#1270=ORIENTED_EDGE('',*,*,#1265,.F.) ;
#1298=ORIENTED_EDGE('',*,*,#1229,.F.) ;
#1299=ORIENTED_EDGE('',*,*,#1284,.T.) ;
#1300=ORIENTED_EDGE('',*,*,#1291,.T.) ;
#1301=ORIENTED_EDGE('',*,*,#1296,.F.) ;
#1324=ORIENTED_EDGE('',*,*,#1234,.T.) ;
#1325=ORIENTED_EDGE('',*,*,#1296,.T.) ;
#1326=ORIENTED_EDGE('',*,*,#1310,.T.) ;
#1327=ORIENTED_EDGE('',*,*,#1317,.T.) ;
#1328=ORIENTED_EDGE('',*,*,#1322,.T.) ;
#1329=ORIENTED_EDGE('',*,*,#1265,.T.) ;
#1350=ORIENTED_EDGE('',*,*,#1343,.F.) ;
#1351=ORIENTED_EDGE('',*,*,#1348,.T.) ;
#1352=ORIENTED_EDGE('',*,*,#1255,.T.) ;
#1353=ORIENTED_EDGE('',*,*,#1322,.F.) ;
#1369=ORIENTED_EDGE('',*,*,#1291,.F.) ;
#1370=ORIENTED_EDGE('',*,*,#1362,.T.) ;
#1371=ORIENTED_EDGE('',*,*,#1367,.T.) ;
#1372=ORIENTED_EDGE('',*,*,#1310,.F.) ;
#1386=ORIENTED_EDGE('',*,*,#1367,.F.) ;
#1387=ORIENTED_EDGE('',*,*,#1384,.T.) ;
#1388=ORIENTED_EDGE('',*,*,#1343,.T.) ;
#1389=ORIENTED_EDGE('',*,*,#1317,.F.) ;
#1426=ORIENTED_EDGE('',*,*,#1405,.F.) ;
#1427=ORIENTED_EDGE('',*,*,#1412,.T.) ;
#1428=ORIENTED_EDGE('',*,*,#1419,.T.) ;
#1429=ORIENTED_EDGE('',*,*,#1424,.F.) ;
#1487=ORIENTED_EDGE('',*,*,#1424,.T.) ;
#1488=ORIENTED_EDGE('',*,*,#1438,.T.) ;
#1489=ORIENTED_EDGE('',*,*,#1445,.T.) ;
#1490=ORIENTED_EDGE('',*,*,#1452,.T.) ;
#1491=ORIENTED_EDGE('',*,*,#1459,.T.) ;
#1492=ORIENTED_EDGE('',*,*,#1466,.T.) ;
#1493=ORIENTED_EDGE('',*,*,#1473,.T.) ;
#1494=ORIENTED_EDGE('',*,*,#1480,.T.) ;
#1495=ORIENTED_EDGE('',*,*,#1485,.T.) ;
#1516=ORIENTED_EDGE('',*,*,#1419,.F.) ;
#1517=ORIENTED_EDGE('',*,*,#1509,.T.) ;
#1518=ORIENTED_EDGE('',*,*,#1514,.T.) ;
#1519=ORIENTED_EDGE('',*,*,#1438,.F.) ;
#1540=ORIENTED_EDGE('',*,*,#1533,.F.) ;
#1541=ORIENTED_EDGE('',*,*,#1538,.T.) ;
#1542=ORIENTED_EDGE('',*,*,#1405,.T.) ;
#1543=ORIENTED_EDGE('',*,*,#1485,.F.) ;
#1564=ORIENTED_EDGE('',*,*,#1514,.F.) ;
#1565=ORIENTED_EDGE('',*,*,#1557,.T.) ;
#1566=ORIENTED_EDGE('',*,*,#1562,.T.) ;
#1567=ORIENTED_EDGE('',*,*,#1445,.F.) ;
#1588=ORIENTED_EDGE('',*,*,#1562,.F.) ;
#1589=ORIENTED_EDGE('',*,*,#1581,.T.) ;
#1590=ORIENTED_EDGE('',*,*,#1586,.T.) ;
#1591=ORIENTED_EDGE('',*,*,#1452,.F.) ;
#1612=ORIENTED_EDGE('',*,*,#1586,.F.) ;
#1613=ORIENTED_EDGE('',*,*,#1605,.T.) ;
#1614=ORIENTED_EDGE('',*,*,#1610,.T.) ;
#1615=ORIENTED_EDGE('',*,*,#1459,.F.) ;
#1636=ORIENTED_EDGE('',*,*,#1610,.F.) ;
#1637=ORIENTED_EDGE('',*,*,#1629,.T.) ;
#1638=ORIENTED_EDGE('',*,*,#1634,.T.) ;
#1639=ORIENTED_EDGE('',*,*,#1466,.F.) ;
#1660=ORIENTED_EDGE('',*,*,#1634,.F.) ;
#1661=ORIENTED_EDGE('',*,*,#1653,.T.) ;
#1662=ORIENTED_EDGE('',*,*,#1658,.T.) ;
#1663=ORIENTED_EDGE('',*,*,#1473,.F.) ;
#1677=ORIENTED_EDGE('',*,*,#1658,.F.) ;
#1678=ORIENTED_EDGE('',*,*,#1675,.T.) ;
#1679=ORIENTED_EDGE('',*,*,#1533,.T.) ;
#1680=ORIENTED_EDGE('',*,*,#1480,.F.) ;
#1712=ORIENTED_EDGE('',*,*,#1691,.T.) ;
#1713=ORIENTED_EDGE('',*,*,#1698,.F.) ;
#1714=ORIENTED_EDGE('',*,*,#1705,.F.) ;
#1715=ORIENTED_EDGE('',*,*,#1710,.T.) ;
#1738=ORIENTED_EDGE('',*,*,#1724,.T.) ;
#1739=ORIENTED_EDGE('',*,*,#1710,.F.) ;
#1740=ORIENTED_EDGE('',*,*,#1731,.F.) ;
#1741=ORIENTED_EDGE('',*,*,#1736,.T.) ;
#1764=ORIENTED_EDGE('',*,*,#1750,.T.) ;
#1765=ORIENTED_EDGE('',*,*,#1757,.F.) ;
#1766=ORIENTED_EDGE('',*,*,#1762,.F.) ;
#1767=ORIENTED_EDGE('',*,*,#1698,.T.) ;
#1795=ORIENTED_EDGE('',*,*,#1724,.F.) ;
#1796=ORIENTED_EDGE('',*,*,#1781,.F.) ;
#1797=ORIENTED_EDGE('',*,*,#1788,.F.) ;
#1798=ORIENTED_EDGE('',*,*,#1793,.F.) ;
#1799=ORIENTED_EDGE('',*,*,#1750,.F.) ;
#1800=ORIENTED_EDGE('',*,*,#1691,.F.) ;
#1816=ORIENTED_EDGE('',*,*,#1781,.T.) ;
#1817=ORIENTED_EDGE('',*,*,#1736,.F.) ;
#1818=ORIENTED_EDGE('',*,*,#1809,.F.) ;
#1819=ORIENTED_EDGE('',*,*,#1814,.T.) ;
#1835=ORIENTED_EDGE('',*,*,#1793,.T.) ;
#1836=ORIENTED_EDGE('',*,*,#1828,.F.) ;
#1837=ORIENTED_EDGE('',*,*,#1833,.F.) ;
#1838=ORIENTED_EDGE('',*,*,#1757,.T.) ;
#1847=ORIENTED_EDGE('',*,*,#1788,.T.) ;
#1848=ORIENTED_EDGE('',*,*,#1814,.F.) ;
#1849=ORIENTED_EDGE('',*,*,#1845,.F.) ;
#1850=ORIENTED_EDGE('',*,*,#1828,.T.) ;
#1882=ORIENTED_EDGE('',*,*,#1861,.T.) ;
#1883=ORIENTED_EDGE('',*,*,#1868,.F.) ;
#1884=ORIENTED_EDGE('',*,*,#1875,.F.) ;
#1885=ORIENTED_EDGE('',*,*,#1880,.T.) ;
#1908=ORIENTED_EDGE('',*,*,#1894,.T.) ;
#1909=ORIENTED_EDGE('',*,*,#1880,.F.) ;
#1910=ORIENTED_EDGE('',*,*,#1901,.F.) ;
#1911=ORIENTED_EDGE('',*,*,#1906,.T.) ;
#1934=ORIENTED_EDGE('',*,*,#1920,.T.) ;
#1935=ORIENTED_EDGE('',*,*,#1927,.F.) ;
#1936=ORIENTED_EDGE('',*,*,#1932,.F.) ;
#1937=ORIENTED_EDGE('',*,*,#1868,.T.) ;
#1960=ORIENTED_EDGE('',*,*,#1894,.F.) ;
#1961=ORIENTED_EDGE('',*,*,#1946,.F.) ;
#1962=ORIENTED_EDGE('',*,*,#1953,.F.) ;
#1963=ORIENTED_EDGE('',*,*,#1958,.F.) ;
#1964=ORIENTED_EDGE('',*,*,#1920,.F.) ;
#1965=ORIENTED_EDGE('',*,*,#1861,.F.) ;
#1981=ORIENTED_EDGE('',*,*,#1946,.T.) ;
#1982=ORIENTED_EDGE('',*,*,#1906,.F.) ;
#1983=ORIENTED_EDGE('',*,*,#1974,.F.) ;
#1984=ORIENTED_EDGE('',*,*,#1979,.T.) ;
#2000=ORIENTED_EDGE('',*,*,#1958,.T.) ;
#2001=ORIENTED_EDGE('',*,*,#1993,.F.) ;
#2002=ORIENTED_EDGE('',*,*,#1998,.F.) ;
#2003=ORIENTED_EDGE('',*,*,#1927,.T.) ;
#2012=ORIENTED_EDGE('',*,*,#1953,.T.) ;
#2013=ORIENTED_EDGE('',*,*,#1979,.F.) ;
#2014=ORIENTED_EDGE('',*,*,#2010,.F.) ;
#2015=ORIENTED_EDGE('',*,*,#1993,.T.) ;
#2047=ORIENTED_EDGE('',*,*,#2026,.T.) ;
#2048=ORIENTED_EDGE('',*,*,#2033,.F.) ;
#2049=ORIENTED_EDGE('',*,*,#2040,.F.) ;
#2050=ORIENTED_EDGE('',*,*,#2045,.T.) ;
#2073=ORIENTED_EDGE('',*,*,#2059,.T.) ;
#2074=ORIENTED_EDGE('',*,*,#2045,.F.) ;
#2075=ORIENTED_EDGE('',*,*,#2066,.F.) ;
#2076=ORIENTED_EDGE('',*,*,#2071,.T.) ;
#2099=ORIENTED_EDGE('',*,*,#2085,.T.) ;
#2100=ORIENTED_EDGE('',*,*,#2092,.F.) ;
#2101=ORIENTED_EDGE('',*,*,#2097,.F.) ;
#2102=ORIENTED_EDGE('',*,*,#2033,.T.) ;
#2118=ORIENTED_EDGE('',*,*,#2059,.F.) ;
#2119=ORIENTED_EDGE('',*,*,#2111,.F.) ;
#2120=ORIENTED_EDGE('',*,*,#2116,.F.) ;
#2121=ORIENTED_EDGE('',*,*,#2085,.F.) ;
#2122=ORIENTED_EDGE('',*,*,#2026,.F.) ;
#2138=ORIENTED_EDGE('',*,*,#2111,.T.) ;
#2139=ORIENTED_EDGE('',*,*,#2071,.F.) ;
#2140=ORIENTED_EDGE('',*,*,#2131,.F.) ;
#2141=ORIENTED_EDGE('',*,*,#2136,.T.) ;
#2150=ORIENTED_EDGE('',*,*,#2116,.T.) ;
#2151=ORIENTED_EDGE('',*,*,#2136,.F.) ;
#2152=ORIENTED_EDGE('',*,*,#2148,.F.) ;
#2153=ORIENTED_EDGE('',*,*,#2092,.T.) ;
#2185=ORIENTED_EDGE('',*,*,#2164,.T.) ;
#2186=ORIENTED_EDGE('',*,*,#2171,.F.) ;
#2187=ORIENTED_EDGE('',*,*,#2178,.F.) ;
#2188=ORIENTED_EDGE('',*,*,#2183,.T.) ;
#2211=ORIENTED_EDGE('',*,*,#2197,.T.) ;
#2212=ORIENTED_EDGE('',*,*,#2183,.F.) ;
#2213=ORIENTED_EDGE('',*,*,#2204,.F.) ;
#2214=ORIENTED_EDGE('',*,*,#2209,.T.) ;
#2237=ORIENTED_EDGE('',*,*,#2223,.T.) ;
#2238=ORIENTED_EDGE('',*,*,#2230,.F.) ;
#2239=ORIENTED_EDGE('',*,*,#2235,.F.) ;
#2240=ORIENTED_EDGE('',*,*,#2171,.T.) ;
#2263=ORIENTED_EDGE('',*,*,#2197,.F.) ;
#2264=ORIENTED_EDGE('',*,*,#2249,.F.) ;
#2265=ORIENTED_EDGE('',*,*,#2256,.F.) ;
#2266=ORIENTED_EDGE('',*,*,#2261,.F.) ;
#2267=ORIENTED_EDGE('',*,*,#2223,.F.) ;
#2268=ORIENTED_EDGE('',*,*,#2164,.F.) ;
#2284=ORIENTED_EDGE('',*,*,#2249,.T.) ;
#2285=ORIENTED_EDGE('',*,*,#2209,.F.) ;
#2286=ORIENTED_EDGE('',*,*,#2277,.F.) ;
#2287=ORIENTED_EDGE('',*,*,#2282,.T.) ;
#2303=ORIENTED_EDGE('',*,*,#2261,.T.) ;
#2304=ORIENTED_EDGE('',*,*,#2296,.F.) ;
#2305=ORIENTED_EDGE('',*,*,#2301,.F.) ;
#2306=ORIENTED_EDGE('',*,*,#2230,.T.) ;
#2315=ORIENTED_EDGE('',*,*,#2256,.T.) ;
#2316=ORIENTED_EDGE('',*,*,#2282,.F.) ;
#2317=ORIENTED_EDGE('',*,*,#2313,.F.) ;
#2318=ORIENTED_EDGE('',*,*,#2296,.T.) ;
#2350=ORIENTED_EDGE('',*,*,#2329,.T.) ;
#2351=ORIENTED_EDGE('',*,*,#2336,.F.) ;
#2352=ORIENTED_EDGE('',*,*,#2343,.F.) ;
#2353=ORIENTED_EDGE('',*,*,#2348,.T.) ;
#2376=ORIENTED_EDGE('',*,*,#2362,.T.) ;
#2377=ORIENTED_EDGE('',*,*,#2348,.F.) ;
#2378=ORIENTED_EDGE('',*,*,#2369,.F.) ;
#2379=ORIENTED_EDGE('',*,*,#2374,.T.) ;
#2402=ORIENTED_EDGE('',*,*,#2388,.T.) ;
#2403=ORIENTED_EDGE('',*,*,#2395,.F.) ;
#2404=ORIENTED_EDGE('',*,*,#2400,.F.) ;
#2405=ORIENTED_EDGE('',*,*,#2336,.T.) ;
#2428=ORIENTED_EDGE('',*,*,#2362,.F.) ;
#2429=ORIENTED_EDGE('',*,*,#2414,.F.) ;
#2430=ORIENTED_EDGE('',*,*,#2421,.F.) ;
#2431=ORIENTED_EDGE('',*,*,#2426,.F.) ;
#2432=ORIENTED_EDGE('',*,*,#2388,.F.) ;
#2433=ORIENTED_EDGE('',*,*,#2329,.F.) ;
#2449=ORIENTED_EDGE('',*,*,#2414,.T.) ;
#2450=ORIENTED_EDGE('',*,*,#2374,.F.) ;
#2451=ORIENTED_EDGE('',*,*,#2442,.F.) ;
#2452=ORIENTED_EDGE('',*,*,#2447,.T.) ;
#2468=ORIENTED_EDGE('',*,*,#2426,.T.) ;
#2469=ORIENTED_EDGE('',*,*,#2461,.F.) ;
#2470=ORIENTED_EDGE('',*,*,#2466,.F.) ;
#2471=ORIENTED_EDGE('',*,*,#2395,.T.) ;
#2480=ORIENTED_EDGE('',*,*,#2421,.T.) ;
#2481=ORIENTED_EDGE('',*,*,#2447,.F.) ;
#2482=ORIENTED_EDGE('',*,*,#2478,.F.) ;
#2483=ORIENTED_EDGE('',*,*,#2461,.T.) ;
#2515=ORIENTED_EDGE('',*,*,#2494,.T.) ;
#2516=ORIENTED_EDGE('',*,*,#2501,.F.) ;
#2517=ORIENTED_EDGE('',*,*,#2508,.F.) ;
#2518=ORIENTED_EDGE('',*,*,#2513,.T.) ;
#2541=ORIENTED_EDGE('',*,*,#2527,.T.) ;
#2542=ORIENTED_EDGE('',*,*,#2513,.F.) ;
#2543=ORIENTED_EDGE('',*,*,#2534,.F.) ;
#2544=ORIENTED_EDGE('',*,*,#2539,.T.) ;
#2567=ORIENTED_EDGE('',*,*,#2553,.T.) ;
#2568=ORIENTED_EDGE('',*,*,#2560,.F.) ;
#2569=ORIENTED_EDGE('',*,*,#2565,.F.) ;
#2570=ORIENTED_EDGE('',*,*,#2501,.T.) ;
#2593=ORIENTED_EDGE('',*,*,#2527,.F.) ;
#2594=ORIENTED_EDGE('',*,*,#2579,.F.) ;
#2595=ORIENTED_EDGE('',*,*,#2586,.F.) ;
#2596=ORIENTED_EDGE('',*,*,#2591,.F.) ;
#2597=ORIENTED_EDGE('',*,*,#2553,.F.) ;
#2598=ORIENTED_EDGE('',*,*,#2494,.F.) ;
#2614=ORIENTED_EDGE('',*,*,#2579,.T.) ;
#2615=ORIENTED_EDGE('',*,*,#2539,.F.) ;
#2616=ORIENTED_EDGE('',*,*,#2607,.F.) ;
#2617=ORIENTED_EDGE('',*,*,#2612,.T.) ;
#2633=ORIENTED_EDGE('',*,*,#2591,.T.) ;
#2634=ORIENTED_EDGE('',*,*,#2626,.F.) ;
#2635=ORIENTED_EDGE('',*,*,#2631,.F.) ;
#2636=ORIENTED_EDGE('',*,*,#2560,.T.) ;
#2645=ORIENTED_EDGE('',*,*,#2586,.T.) ;
#2646=ORIENTED_EDGE('',*,*,#2612,.F.) ;
#2647=ORIENTED_EDGE('',*,*,#2643,.F.) ;
#2648=ORIENTED_EDGE('',*,*,#2626,.T.) ;
#2680=ORIENTED_EDGE('',*,*,#2659,.T.) ;
#2681=ORIENTED_EDGE('',*,*,#2666,.F.) ;
#2682=ORIENTED_EDGE('',*,*,#2673,.F.) ;
#2683=ORIENTED_EDGE('',*,*,#2678,.T.) ;
#2741=ORIENTED_EDGE('',*,*,#2692,.F.) ;
#2742=ORIENTED_EDGE('',*,*,#2699,.F.) ;
#2743=ORIENTED_EDGE('',*,*,#2706,.F.) ;
#2744=ORIENTED_EDGE('',*,*,#2713,.F.) ;
#2745=ORIENTED_EDGE('',*,*,#2720,.F.) ;
#2746=ORIENTED_EDGE('',*,*,#2727,.F.) ;
#2747=ORIENTED_EDGE('',*,*,#2734,.F.) ;
#2748=ORIENTED_EDGE('',*,*,#2739,.F.) ;
#2749=ORIENTED_EDGE('',*,*,#2659,.F.) ;
#2765=ORIENTED_EDGE('',*,*,#2739,.T.) ;
#2766=ORIENTED_EDGE('',*,*,#2758,.F.) ;
#2767=ORIENTED_EDGE('',*,*,#2763,.F.) ;
#2768=ORIENTED_EDGE('',*,*,#2666,.T.) ;
#2784=ORIENTED_EDGE('',*,*,#2692,.T.) ;
#2785=ORIENTED_EDGE('',*,*,#2678,.F.) ;
#2786=ORIENTED_EDGE('',*,*,#2777,.F.) ;
#2787=ORIENTED_EDGE('',*,*,#2782,.T.) ;
#2803=ORIENTED_EDGE('',*,*,#2734,.T.) ;
#2804=ORIENTED_EDGE('',*,*,#2796,.F.) ;
#2805=ORIENTED_EDGE('',*,*,#2801,.F.) ;
#2806=ORIENTED_EDGE('',*,*,#2758,.T.) ;
#2822=ORIENTED_EDGE('',*,*,#2727,.T.) ;
#2823=ORIENTED_EDGE('',*,*,#2815,.F.) ;
#2824=ORIENTED_EDGE('',*,*,#2820,.F.) ;
#2825=ORIENTED_EDGE('',*,*,#2796,.T.) ;
#2841=ORIENTED_EDGE('',*,*,#2720,.T.) ;
#2842=ORIENTED_EDGE('',*,*,#2834,.F.) ;
#2843=ORIENTED_EDGE('',*,*,#2839,.F.) ;
#2844=ORIENTED_EDGE('',*,*,#2815,.T.) ;
#2860=ORIENTED_EDGE('',*,*,#2713,.T.) ;
#2861=ORIENTED_EDGE('',*,*,#2853,.F.) ;
#2862=ORIENTED_EDGE('',*,*,#2858,.F.) ;
#2863=ORIENTED_EDGE('',*,*,#2834,.T.) ;
#2879=ORIENTED_EDGE('',*,*,#2706,.T.) ;
#2880=ORIENTED_EDGE('',*,*,#2872,.F.) ;
#2881=ORIENTED_EDGE('',*,*,#2877,.F.) ;
#2882=ORIENTED_EDGE('',*,*,#2853,.T.) ;
#2891=ORIENTED_EDGE('',*,*,#2699,.T.) ;
#2892=ORIENTED_EDGE('',*,*,#2782,.F.) ;
#2893=ORIENTED_EDGE('',*,*,#2889,.F.) ;
#2894=ORIENTED_EDGE('',*,*,#2872,.T.) ;
#2903=ORIENTED_EDGE('',*,*,#256,.F.) ;
#2904=ORIENTED_EDGE('',*,*,#227,.F.) ;
#2905=ORIENTED_EDGE('',*,*,#196,.F.) ;
#2906=ORIENTED_EDGE('',*,*,#165,.F.) ;
#2907=ORIENTED_EDGE('',*,*,#134,.F.) ;
#2908=ORIENTED_EDGE('',*,*,#103,.F.) ;
#2909=ORIENTED_EDGE('',*,*,#72,.F.) ;
#2912=ORIENTED_EDGE('',*,*,#2777,.T.) ;
#2913=ORIENTED_EDGE('',*,*,#2673,.T.) ;
#2914=ORIENTED_EDGE('',*,*,#2763,.T.) ;
#2915=ORIENTED_EDGE('',*,*,#2801,.T.) ;
#2916=ORIENTED_EDGE('',*,*,#2820,.T.) ;
#2917=ORIENTED_EDGE('',*,*,#2839,.T.) ;
#2918=ORIENTED_EDGE('',*,*,#2858,.T.) ;
#2919=ORIENTED_EDGE('',*,*,#2877,.T.) ;
#2920=ORIENTED_EDGE('',*,*,#2889,.T.) ;
#2923=ORIENTED_EDGE('',*,*,#1901,.T.) ;
#2924=ORIENTED_EDGE('',*,*,#1875,.T.) ;
#2925=ORIENTED_EDGE('',*,*,#1932,.T.) ;
#2926=ORIENTED_EDGE('',*,*,#1998,.T.) ;
#2927=ORIENTED_EDGE('',*,*,#2010,.T.) ;
#2928=ORIENTED_EDGE('',*,*,#1974,.T.) ;
#2931=ORIENTED_EDGE('',*,*,#2204,.T.) ;
#2932=ORIENTED_EDGE('',*,*,#2178,.T.) ;
#2933=ORIENTED_EDGE('',*,*,#2235,.T.) ;
#2934=ORIENTED_EDGE('',*,*,#2301,.T.) ;
#2935=ORIENTED_EDGE('',*,*,#2313,.T.) ;
#2936=ORIENTED_EDGE('',*,*,#2277,.T.) ;
#2939=ORIENTED_EDGE('',*,*,#2534,.T.) ;
#2940=ORIENTED_EDGE('',*,*,#2508,.T.) ;
#2941=ORIENTED_EDGE('',*,*,#2565,.T.) ;
#2942=ORIENTED_EDGE('',*,*,#2631,.T.) ;
#2943=ORIENTED_EDGE('',*,*,#2643,.T.) ;
#2944=ORIENTED_EDGE('',*,*,#2607,.T.) ;
#2947=ORIENTED_EDGE('',*,*,#2066,.T.) ;
#2948=ORIENTED_EDGE('',*,*,#2040,.T.) ;
#2949=ORIENTED_EDGE('',*,*,#2097,.T.) ;
#2950=ORIENTED_EDGE('',*,*,#2148,.T.) ;
#2951=ORIENTED_EDGE('',*,*,#2131,.T.) ;
#2954=ORIENTED_EDGE('',*,*,#1731,.T.) ;
#2955=ORIENTED_EDGE('',*,*,#1705,.T.) ;
#2956=ORIENTED_EDGE('',*,*,#1762,.T.) ;
#2957=ORIENTED_EDGE('',*,*,#1833,.T.) ;
#2958=ORIENTED_EDGE('',*,*,#1845,.T.) ;
#2959=ORIENTED_EDGE('',*,*,#1809,.T.) ;
#2962=ORIENTED_EDGE('',*,*,#2369,.T.) ;
#2963=ORIENTED_EDGE('',*,*,#2343,.T.) ;
#2964=ORIENTED_EDGE('',*,*,#2400,.T.) ;
#2965=ORIENTED_EDGE('',*,*,#2466,.T.) ;
#2966=ORIENTED_EDGE('',*,*,#2478,.T.) ;
#2967=ORIENTED_EDGE('',*,*,#2442,.T.) ;
#2984=ORIENTED_EDGE('',*,*,#2977,.T.) ;
#2985=ORIENTED_EDGE('',*,*,#2982,.T.) ;
#3002=ORIENTED_EDGE('',*,*,#2995,.T.) ;
#3003=ORIENTED_EDGE('',*,*,#3000,.T.) ;
#3012=ORIENTED_EDGE('',*,*,#84,.T.) ;
#3013=ORIENTED_EDGE('',*,*,#115,.T.) ;
#3014=ORIENTED_EDGE('',*,*,#146,.T.) ;
#3015=ORIENTED_EDGE('',*,*,#177,.T.) ;
#3016=ORIENTED_EDGE('',*,*,#208,.T.) ;
#3017=ORIENTED_EDGE('',*,*,#239,.T.) ;
#3018=ORIENTED_EDGE('',*,*,#261,.T.) ;
#3021=ORIENTED_EDGE('',*,*,#1675,.F.) ;
#3022=ORIENTED_EDGE('',*,*,#1653,.F.) ;
#3023=ORIENTED_EDGE('',*,*,#1629,.F.) ;
#3024=ORIENTED_EDGE('',*,*,#1605,.F.) ;
#3025=ORIENTED_EDGE('',*,*,#1581,.F.) ;
#3026=ORIENTED_EDGE('',*,*,#1557,.F.) ;
#3027=ORIENTED_EDGE('',*,*,#1509,.F.) ;
#3028=ORIENTED_EDGE('',*,*,#1412,.F.) ;
#3029=ORIENTED_EDGE('',*,*,#1538,.F.) ;
#3032=ORIENTED_EDGE('',*,*,#610,.F.) ;
#3033=ORIENTED_EDGE('',*,*,#651,.F.) ;
#3034=ORIENTED_EDGE('',*,*,#629,.F.) ;
#3035=ORIENTED_EDGE('',*,*,#546,.F.) ;
#3036=ORIENTED_EDGE('',*,*,#489,.F.) ;
#3037=ORIENTED_EDGE('',*,*,#522,.F.) ;
#3040=ORIENTED_EDGE('',*,*,#963,.F.) ;
#3041=ORIENTED_EDGE('',*,*,#1004,.F.) ;
#3042=ORIENTED_EDGE('',*,*,#982,.F.) ;
#3043=ORIENTED_EDGE('',*,*,#899,.F.) ;
#3044=ORIENTED_EDGE('',*,*,#837,.F.) ;
#3045=ORIENTED_EDGE('',*,*,#875,.F.) ;
#3048=ORIENTED_EDGE('',*,*,#1348,.F.) ;
#3049=ORIENTED_EDGE('',*,*,#1384,.F.) ;
#3050=ORIENTED_EDGE('',*,*,#1362,.F.) ;
#3051=ORIENTED_EDGE('',*,*,#1284,.F.) ;
#3052=ORIENTED_EDGE('',*,*,#1222,.F.) ;
#3053=ORIENTED_EDGE('',*,*,#1260,.F.) ;
#3056=ORIENTED_EDGE('',*,*,#797,.F.) ;
#3057=ORIENTED_EDGE('',*,*,#809,.F.) ;
#3058=ORIENTED_EDGE('',*,*,#741,.F.) ;
#3059=ORIENTED_EDGE('',*,*,#679,.F.) ;
#3060=ORIENTED_EDGE('',*,*,#717,.F.) ;
#3063=ORIENTED_EDGE('',*,*,#420,.F.) ;
#3064=ORIENTED_EDGE('',*,*,#461,.F.) ;
#3065=ORIENTED_EDGE('',*,*,#439,.F.) ;
#3066=ORIENTED_EDGE('',*,*,#351,.F.) ;
#3067=ORIENTED_EDGE('',*,*,#289,.F.) ;
#3068=ORIENTED_EDGE('',*,*,#327,.F.) ;
#3071=ORIENTED_EDGE('',*,*,#1153,.F.) ;
#3072=ORIENTED_EDGE('',*,*,#1194,.F.) ;
#3073=ORIENTED_EDGE('',*,*,#1172,.F.) ;
#3074=ORIENTED_EDGE('',*,*,#1094,.F.) ;
#3075=ORIENTED_EDGE('',*,*,#1032,.F.) ;
#3076=ORIENTED_EDGE('',*,*,#1070,.F.) ;
#3093=ORIENTED_EDGE('',*,*,#3086,.F.) ;
#3094=ORIENTED_EDGE('',*,*,#3091,.F.) ;
#3111=ORIENTED_EDGE('',*,*,#3104,.F.) ;
#3112=ORIENTED_EDGE('',*,*,#3109,.F.) ;
#3131=ORIENTED_EDGE('',*,*,#3124,.F.) ;
#3132=ORIENTED_EDGE('',*,*,#3104,.T.) ;
#3133=ORIENTED_EDGE('',*,*,#3129,.T.) ;
#3134=ORIENTED_EDGE('',*,*,#3000,.F.) ;
#3138=ORIENTED_EDGE('',*,*,#3129,.F.) ;
#3139=ORIENTED_EDGE('',*,*,#3109,.T.) ;
#3140=ORIENTED_EDGE('',*,*,#3124,.T.) ;
#3141=ORIENTED_EDGE('',*,*,#2995,.F.) ;
#3160=ORIENTED_EDGE('',*,*,#3153,.F.) ;
#3161=ORIENTED_EDGE('',*,*,#3086,.T.) ;
#3162=ORIENTED_EDGE('',*,*,#3158,.T.) ;
#3163=ORIENTED_EDGE('',*,*,#2982,.F.) ;
#3167=ORIENTED_EDGE('',*,*,#3158,.F.) ;
#3168=ORIENTED_EDGE('',*,*,#3091,.T.) ;
#3169=ORIENTED_EDGE('',*,*,#3153,.T.) ;
#3170=ORIENTED_EDGE('',*,*,#2977,.F.) ;
#2921=FACE_BOUND('',#2911,.T.) ;
#2929=FACE_BOUND('',#2922,.T.) ;
#2937=FACE_BOUND('',#2930,.T.) ;
#2945=FACE_BOUND('',#2938,.T.) ;
#2952=FACE_BOUND('',#2946,.T.) ;
#2960=FACE_BOUND('',#2953,.T.) ;
#2968=FACE_BOUND('',#2961,.T.) ;
#2986=FACE_BOUND('',#2983,.T.) ;
#3004=FACE_BOUND('',#3001,.T.) ;
#3030=FACE_BOUND('',#3020,.T.) ;
#3038=FACE_BOUND('',#3031,.T.) ;
#3046=FACE_BOUND('',#3039,.T.) ;
#3054=FACE_BOUND('',#3047,.T.) ;
#3061=FACE_BOUND('',#3055,.T.) ;
#3069=FACE_BOUND('',#3062,.T.) ;
#3077=FACE_BOUND('',#3070,.T.) ;
#3095=FACE_BOUND('',#3092,.T.) ;
#3113=FACE_BOUND('',#3110,.T.) ;
#51=CLOSED_SHELL('Closed Shell',(#91,#122,#153,#184,#215,#246,#268,#308,#339,#370,#403,#427,#451,#468,#508,#534,#565,#593,#617,#641,#658,#698,#729,#760,#780,#804,#816,#856,#887,#918,#946,#970,#994,#1011,#1051,#1082,#1113,#1141,#1160,#1184,#1201,#1241,#1272,#1303,#1331,#1355,#1374,#1391,#1431,#1497,#1521,#1545,#1569,#1593,#1617,#1641,#1665,#1682,#1717,#1743,#1769,#1802,#1821,#1840,#1852,#1887,#1913,#1939,#1967,#1986,#2005,#2017,#2052,#2078,#2104,#2124,#2143,#2155,#2190,#2216,#2242,#2270,#2289,#2308,#2320,#2355,#2381,#2407,#2435,#2454,#2473,#2485,#2520,#2546,#2572,#2600,#2619,#2638,#2650,#2685,#2751,#2770,#2789,#2808,#2827,#2846,#2865,#2884,#2896,#3005,#3114,#3136,#3143,#3165,#3172)) ;
#59=VECTOR('Line Direction',#58,1.) ;
#68=VECTOR('Line Direction',#67,1.) ;
#75=VECTOR('Line Direction',#74,1.) ;
#82=VECTOR('Line Direction',#81,1.) ;
#106=VECTOR('Line Direction',#105,1.) ;
#130=VECTOR('Line Direction',#129,1.) ;
#137=VECTOR('Line Direction',#136,1.) ;
#144=VECTOR('Line Direction',#143,1.) ;
#161=VECTOR('Line Direction',#160,1.) ;
#168=VECTOR('Line Direction',#167,1.) ;
#175=VECTOR('Line Direction',#174,1.) ;
#199=VECTOR('Line Direction',#198,1.) ;
#223=VECTOR('Line Direction',#222,1.) ;
#230=VECTOR('Line Direction',#229,1.) ;
#237=VECTOR('Line Direction',#236,1.) ;
#276=VECTOR('Line Direction',#275,1.) ;
#285=VECTOR('Line Direction',#284,1.) ;
#292=VECTOR('Line Direction',#291,1.) ;
#299=VECTOR('Line Direction',#298,1.) ;
#316=VECTOR('Line Direction',#315,1.) ;
#354=VECTOR('Line Direction',#353,1.) ;
#378=VECTOR('Line Direction',#377,1.) ;
#392=VECTOR('Line Direction',#391,1.) ;
#411=VECTOR('Line Direction',#410,1.) ;
#418=VECTOR('Line Direction',#417,1.) ;
#435=VECTOR('Line Direction',#434,1.) ;
#442=VECTOR('Line Direction',#441,1.) ;
#476=VECTOR('Line Direction',#475,1.) ;
#492=VECTOR('Line Direction',#491,1.) ;
#511=VECTOR('Line Direction',#510,1.) ;
#520=VECTOR('Line Direction',#519,1.) ;
#525=VECTOR('Line Direction',#524,1.) ;
#542=VECTOR('Line Direction',#541,1.) ;
#549=VECTOR('Line Direction',#548,1.) ;
#556=VECTOR('Line Direction',#555,1.) ;
#575=VECTOR('Line Direction',#574,1.) ;
#601=VECTOR('Line Direction',#600,1.) ;
#632=VECTOR('Line Direction',#631,1.) ;
#649=VECTOR('Line Direction',#648,1.) ;
#666=VECTOR('Line Direction',#665,1.) ;
#675=VECTOR('Line Direction',#674,1.) ;
#682=VECTOR('Line Direction',#681,1.) ;
#689=VECTOR('Line Direction',#688,1.) ;
#706=VECTOR('Line Direction',#705,1.) ;
#744=VECTOR('Line Direction',#743,1.) ;
#763=VECTOR('Line Direction',#762,1.) ;
#770=VECTOR('Line Direction',#769,1.) ;
#788=VECTOR('Line Direction',#787,1.) ;
#795=VECTOR('Line Direction',#794,1.) ;
#807=VECTOR('Line Direction',#806,1.) ;
#824=VECTOR('Line Direction',#823,1.) ;
#833=VECTOR('Line Direction',#832,1.) ;
#840=VECTOR('Line Direction',#839,1.) ;
#847=VECTOR('Line Direction',#846,1.) ;
#864=VECTOR('Line Direction',#863,1.) ;
#902=VECTOR('Line Direction',#901,1.) ;
#921=VECTOR('Line Direction',#920,1.) ;
#935=VECTOR('Line Direction',#934,1.) ;
#954=VECTOR('Line Direction',#953,1.) ;
#961=VECTOR('Line Direction',#960,1.) ;
#978=VECTOR('Line Direction',#977,1.) ;
#985=VECTOR('Line Direction',#984,1.) ;
#1019=VECTOR('Line Direction',#1018,1.) ;
#1028=VECTOR('Line Direction',#1027,1.) ;
#1035=VECTOR('Line Direction',#1034,1.) ;
#1042=VECTOR('Line Direction',#1041,1.) ;
#1059=VECTOR('Line Direction',#1058,1.) ;
#1097=VECTOR('Line Direction',#1096,1.) ;
#1116=VECTOR('Line Direction',#1115,1.) ;
#1130=VECTOR('Line Direction',#1129,1.) ;
#1144=VECTOR('Line Direction',#1143,1.) ;
#1151=VECTOR('Line Direction',#1150,1.) ;
#1168=VECTOR('Line Direction',#1167,1.) ;
#1175=VECTOR('Line Direction',#1174,1.) ;
#1209=VECTOR('Line Direction',#1208,1.) ;
#1218=VECTOR('Line Direction',#1217,1.) ;
#1225=VECTOR('Line Direction',#1224,1.) ;
#1232=VECTOR('Line Direction',#1231,1.) ;
#1249=VECTOR('Line Direction',#1248,1.) ;
#1287=VECTOR('Line Direction',#1286,1.) ;
#1306=VECTOR('Line Direction',#1305,1.) ;
#1339=VECTOR('Line Direction',#1338,1.) ;
#1358=VECTOR('Line Direction',#1357,1.) ;
#1365=VECTOR('Line Direction',#1364,1.) ;
#1399=VECTOR('Line Direction',#1398,1.) ;
#1415=VECTOR('Line Direction',#1414,1.) ;
#1441=VECTOR('Line Direction',#1440,1.) ;
#1455=VECTOR('Line Direction',#1454,1.) ;
#1469=VECTOR('Line Direction',#1468,1.) ;
#1512=VECTOR('Line Direction',#1511,1.) ;
#1529=VECTOR('Line Direction',#1528,1.) ;
#1553=VECTOR('Line Direction',#1552,1.) ;
#1560=VECTOR('Line Direction',#1559,1.) ;
#1584=VECTOR('Line Direction',#1583,1.) ;
#1601=VECTOR('Line Direction',#1600,1.) ;
#1608=VECTOR('Line Direction',#1607,1.) ;
#1632=VECTOR('Line Direction',#1631,1.) ;
#1649=VECTOR('Line Direction',#1648,1.) ;
#1656=VECTOR('Line Direction',#1655,1.) ;
#1685=VECTOR('Line Direction',#1684,1.) ;
#1694=VECTOR('Line Direction',#1693,1.) ;
#1701=VECTOR('Line Direction',#1700,1.) ;
#1708=VECTOR('Line Direction',#1707,1.) ;
#1734=VECTOR('Line Direction',#1733,1.) ;
#1753=VECTOR('Line Direction',#1752,1.) ;
#1777=VECTOR('Line Direction',#1776,1.) ;
#1791=VECTOR('Line Direction',#1790,1.) ;
#1805=VECTOR('Line Direction',#1804,1.) ;
#1812=VECTOR('Line Direction',#1811,1.) ;
#1824=VECTOR('Line Direction',#1823,1.) ;
#1831=VECTOR('Line Direction',#1830,1.) ;
#1864=VECTOR('Line Direction',#1863,1.) ;
#1878=VECTOR('Line Direction',#1877,1.) ;
#1890=VECTOR('Line Direction',#1889,1.) ;
#1897=VECTOR('Line Direction',#1896,1.) ;
#1904=VECTOR('Line Direction',#1903,1.) ;
#1916=VECTOR('Line Direction',#1915,1.) ;
#1923=VECTOR('Line Direction',#1922,1.) ;
#1930=VECTOR('Line Direction',#1929,1.) ;
#1949=VECTOR('Line Direction',#1948,1.) ;
#1977=VECTOR('Line Direction',#1976,1.) ;
#1989=VECTOR('Line Direction',#1988,1.) ;
#2008=VECTOR('Line Direction',#2007,1.) ;
#2020=VECTOR('Line Direction',#2019,1.) ;
#2029=VECTOR('Line Direction',#2028,1.) ;
#2036=VECTOR('Line Direction',#2035,1.) ;
#2043=VECTOR('Line Direction',#2042,1.) ;
#2069=VECTOR('Line Direction',#2068,1.) ;
#2088=VECTOR('Line Direction',#2087,1.) ;
#2107=VECTOR('Line Direction',#2106,1.) ;
#2114=VECTOR('Line Direction',#2113,1.) ;
#2127=VECTOR('Line Direction',#2126,1.) ;
#2134=VECTOR('Line Direction',#2133,1.) ;
#2146=VECTOR('Line Direction',#2145,1.) ;
#2158=VECTOR('Line Direction',#2157,1.) ;
#2167=VECTOR('Line Direction',#2166,1.) ;
#2174=VECTOR('Line Direction',#2173,1.) ;
#2181=VECTOR('Line Direction',#2180,1.) ;
#2207=VECTOR('Line Direction',#2206,1.) ;
#2226=VECTOR('Line Direction',#2225,1.) ;
#2245=VECTOR('Line Direction',#2244,1.) ;
#2259=VECTOR('Line Direction',#2258,1.) ;
#2273=VECTOR('Line Direction',#2272,1.) ;
#2280=VECTOR('Line Direction',#2279,1.) ;
#2292=VECTOR('Line Direction',#2291,1.) ;
#2299=VECTOR('Line Direction',#2298,1.) ;
#2323=VECTOR('Line Direction',#2322,1.) ;
#2332=VECTOR('Line Direction',#2331,1.) ;
#2339=VECTOR('Line Direction',#2338,1.) ;
#2346=VECTOR('Line Direction',#2345,1.) ;
#2372=VECTOR('Line Direction',#2371,1.) ;
#2391=VECTOR('Line Direction',#2390,1.) ;
#2410=VECTOR('Line Direction',#2409,1.) ;
#2424=VECTOR('Line Direction',#2423,1.) ;
#2438=VECTOR('Line Direction',#2437,1.) ;
#2445=VECTOR('Line Direction',#2444,1.) ;
#2457=VECTOR('Line Direction',#2456,1.) ;
#2464=VECTOR('Line Direction',#2463,1.) ;
#2488=VECTOR('Line Direction',#2487,1.) ;
#2497=VECTOR('Line Direction',#2496,1.) ;
#2504=VECTOR('Line Direction',#2503,1.) ;
#2511=VECTOR('Line Direction',#2510,1.) ;
#2537=VECTOR('Line Direction',#2536,1.) ;
#2556=VECTOR('Line Direction',#2555,1.) ;
#2589=VECTOR('Line Direction',#2588,1.) ;
#2610=VECTOR('Line Direction',#2609,1.) ;
#2622=VECTOR('Line Direction',#2621,1.) ;
#2629=VECTOR('Line Direction',#2628,1.) ;
#2662=VECTOR('Line Direction',#2661,1.) ;
#2676=VECTOR('Line Direction',#2675,1.) ;
#2702=VECTOR('Line Direction',#2701,1.) ;
#2716=VECTOR('Line Direction',#2715,1.) ;
#2730=VECTOR('Line Direction',#2729,1.) ;
#2754=VECTOR('Line Direction',#2753,1.) ;
#2780=VECTOR('Line Direction',#2779,1.) ;
#2792=VECTOR('Line Direction',#2791,1.) ;
#2799=VECTOR('Line Direction',#2798,1.) ;
#2811=VECTOR('Line Direction',#2810,1.) ;
#2830=VECTOR('Line Direction',#2829,1.) ;
#2837=VECTOR('Line Direction',#2836,1.) ;
#2849=VECTOR('Line Direction',#2848,1.) ;
#2868=VECTOR('Line Direction',#2867,1.) ;
#2875=VECTOR('Line Direction',#2874,1.) ;
#3122=VECTOR('Line Direction',#3121,1.) ;
#3127=VECTOR('Line Direction',#3126,1.) ;
#3151=VECTOR('Line Direction',#3150,1.) ;
#3156=VECTOR('Line Direction',#3155,1.) ;
#3174=ADVANCED_BREP_SHAPE_REPRESENTATION('NONE',(#3173),#46) ;
#49=SHAPE_REPRESENTATION(' ',(#48),#46) ;
#91=ADVANCED_FACE('MAIN',(#90),#56,.T.) ;
#122=ADVANCED_FACE('MAIN',(#121),#96,.T.) ;
#153=ADVANCED_FACE('MAIN',(#152),#127,.T.) ;
#184=ADVANCED_FACE('MAIN',(#183),#158,.T.) ;
#215=ADVANCED_FACE('MAIN',(#214),#189,.T.) ;
#246=ADVANCED_FACE('MAIN',(#245),#220,.T.) ;
#268=ADVANCED_FACE('MAIN',(#267),#251,.T.) ;
#308=ADVANCED_FACE('MAIN',(#307),#273,.T.) ;
#339=ADVANCED_FACE('MAIN',(#338),#313,.F.) ;
#370=ADVANCED_FACE('MAIN',(#369),#344,.F.) ;
#403=ADVANCED_FACE('MAIN',(#402),#375,.T.) ;
#427=ADVANCED_FACE('MAIN',(#426),#408,.T.) ;
#451=ADVANCED_FACE('MAIN',(#450),#432,.F.) ;
#468=ADVANCED_FACE('MAIN',(#467),#456,.F.) ;
#508=ADVANCED_FACE('MAIN',(#507),#473,.F.) ;
#534=ADVANCED_FACE('MAIN',(#533),#432,.F.) ;
#565=ADVANCED_FACE('MAIN',(#564),#539,.T.) ;
#593=ADVANCED_FACE('MAIN',(#592),#375,.T.) ;
#617=ADVANCED_FACE('MAIN',(#616),#598,.F.) ;
#641=ADVANCED_FACE('MAIN',(#640),#622,.F.) ;
#658=ADVANCED_FACE('MAIN',(#657),#646,.T.) ;
#698=ADVANCED_FACE('MAIN',(#697),#663,.T.) ;
#729=ADVANCED_FACE('MAIN',(#728),#703,.F.) ;
#760=ADVANCED_FACE('MAIN',(#759),#734,.F.) ;
#780=ADVANCED_FACE('MAIN',(#779),#375,.T.) ;
#804=ADVANCED_FACE('MAIN',(#803),#785,.T.) ;
#816=ADVANCED_FACE('MAIN',(#815),#432,.F.) ;
#856=ADVANCED_FACE('MAIN',(#855),#821,.T.) ;
#887=ADVANCED_FACE('MAIN',(#886),#861,.F.) ;
#918=ADVANCED_FACE('MAIN',(#917),#892,.F.) ;
#946=ADVANCED_FACE('MAIN',(#945),#375,.T.) ;
#970=ADVANCED_FACE('MAIN',(#969),#951,.T.) ;
#994=ADVANCED_FACE('MAIN',(#993),#975,.F.) ;
#1011=ADVANCED_FACE('MAIN',(#1010),#999,.F.) ;
#1051=ADVANCED_FACE('MAIN',(#1050),#1016,.T.) ;
#1082=ADVANCED_FACE('MAIN',(#1081),#1056,.F.) ;
#1113=ADVANCED_FACE('MAIN',(#1112),#1087,.F.) ;
#1141=ADVANCED_FACE('MAIN',(#1140),#375,.T.) ;
#1160=ADVANCED_FACE('MAIN',(#1159),#975,.F.) ;
#1184=ADVANCED_FACE('MAIN',(#1183),#1165,.T.) ;
#1201=ADVANCED_FACE('MAIN',(#1200),#1189,.F.) ;
#1241=ADVANCED_FACE('MAIN',(#1240),#1206,.T.) ;
#1272=ADVANCED_FACE('MAIN',(#1271),#1246,.F.) ;
#1303=ADVANCED_FACE('MAIN',(#1302),#1277,.F.) ;
#1331=ADVANCED_FACE('MAIN',(#1330),#375,.T.) ;
#1355=ADVANCED_FACE('MAIN',(#1354),#1336,.T.) ;
#1374=ADVANCED_FACE('MAIN',(#1373),#975,.F.) ;
#1391=ADVANCED_FACE('MAIN',(#1390),#1379,.F.) ;
#1431=ADVANCED_FACE('MAIN',(#1430),#1396,.T.) ;
#1497=ADVANCED_FACE('MAIN',(#1496),#375,.T.) ;
#1521=ADVANCED_FACE('MAIN',(#1520),#1502,.F.) ;
#1545=ADVANCED_FACE('MAIN',(#1544),#1526,.T.) ;
#1569=ADVANCED_FACE('MAIN',(#1568),#1550,.F.) ;
#1593=ADVANCED_FACE('MAIN',(#1592),#1574,.F.) ;
#1617=ADVANCED_FACE('MAIN',(#1616),#1598,.F.) ;
#1641=ADVANCED_FACE('MAIN',(#1640),#1622,.F.) ;
#1665=ADVANCED_FACE('MAIN',(#1664),#1646,.T.) ;
#1682=ADVANCED_FACE('MAIN',(#1681),#1670,.F.) ;
#1717=ADVANCED_FACE('MAIN',(#1716),#273,.T.) ;
#1743=ADVANCED_FACE('MAIN',(#1742),#313,.F.) ;
#1769=ADVANCED_FACE('MAIN',(#1768),#344,.F.) ;
#1802=ADVANCED_FACE('MAIN',(#1801),#1774,.F.) ;
#1821=ADVANCED_FACE('MAIN',(#1820),#408,.T.) ;
#1840=ADVANCED_FACE('MAIN',(#1839),#432,.F.) ;
#1852=ADVANCED_FACE('MAIN',(#1851),#456,.F.) ;
#1887=ADVANCED_FACE('MAIN',(#1886),#473,.F.) ;
#1913=ADVANCED_FACE('MAIN',(#1912),#432,.F.) ;
#1939=ADVANCED_FACE('MAIN',(#1938),#539,.T.) ;
#1967=ADVANCED_FACE('MAIN',(#1966),#1774,.F.) ;
#1986=ADVANCED_FACE('MAIN',(#1985),#598,.F.) ;
#2005=ADVANCED_FACE('MAIN',(#2004),#622,.F.) ;
#2017=ADVANCED_FACE('MAIN',(#2016),#646,.T.) ;
#2052=ADVANCED_FACE('MAIN',(#2051),#663,.T.) ;
#2078=ADVANCED_FACE('MAIN',(#2077),#703,.F.) ;
#2104=ADVANCED_FACE('MAIN',(#2103),#734,.F.) ;
#2124=ADVANCED_FACE('MAIN',(#2123),#1774,.F.) ;
#2143=ADVANCED_FACE('MAIN',(#2142),#785,.T.) ;
#2155=ADVANCED_FACE('MAIN',(#2154),#432,.F.) ;
#2190=ADVANCED_FACE('MAIN',(#2189),#821,.T.) ;
#2216=ADVANCED_FACE('MAIN',(#2215),#861,.F.) ;
#2242=ADVANCED_FACE('MAIN',(#2241),#892,.F.) ;
#2270=ADVANCED_FACE('MAIN',(#2269),#1774,.F.) ;
#2289=ADVANCED_FACE('MAIN',(#2288),#951,.T.) ;
#2308=ADVANCED_FACE('MAIN',(#2307),#975,.F.) ;
#2320=ADVANCED_FACE('MAIN',(#2319),#999,.F.) ;
#2355=ADVANCED_FACE('MAIN',(#2354),#1016,.T.) ;
#2381=ADVANCED_FACE('MAIN',(#2380),#1056,.F.) ;
#2407=ADVANCED_FACE('MAIN',(#2406),#1087,.F.) ;
#2435=ADVANCED_FACE('MAIN',(#2434),#1774,.F.) ;
#2454=ADVANCED_FACE('MAIN',(#2453),#975,.F.) ;
#2473=ADVANCED_FACE('MAIN',(#2472),#1165,.T.) ;
#2485=ADVANCED_FACE('MAIN',(#2484),#1189,.F.) ;
#2520=ADVANCED_FACE('MAIN',(#2519),#1206,.T.) ;
#2546=ADVANCED_FACE('MAIN',(#2545),#1246,.F.) ;
#2572=ADVANCED_FACE('MAIN',(#2571),#1277,.F.) ;
#2600=ADVANCED_FACE('MAIN',(#2599),#1774,.F.) ;
#2619=ADVANCED_FACE('MAIN',(#2618),#1336,.T.) ;
#2638=ADVANCED_FACE('MAIN',(#2637),#975,.F.) ;
#2650=ADVANCED_FACE('MAIN',(#2649),#1379,.F.) ;
#2685=ADVANCED_FACE('MAIN',(#2684),#1396,.T.) ;
#2751=ADVANCED_FACE('MAIN',(#2750),#1774,.F.) ;
#2770=ADVANCED_FACE('MAIN',(#2769),#1502,.F.) ;
#2789=ADVANCED_FACE('MAIN',(#2788),#1526,.T.) ;
#2808=ADVANCED_FACE('MAIN',(#2807),#1550,.F.) ;
#2827=ADVANCED_FACE('MAIN',(#2826),#1574,.F.) ;
#2846=ADVANCED_FACE('MAIN',(#2845),#1598,.F.) ;
#2865=ADVANCED_FACE('MAIN',(#2864),#1622,.F.) ;
#2884=ADVANCED_FACE('MAIN',(#2883),#1646,.T.) ;
#2896=ADVANCED_FACE('MAIN',(#2895),#1670,.F.) ;
#3005=ADVANCED_FACE('MAIN',(#2910,#2921,#2929,#2937,#2945,#2952,#2960,#2968,#2986,#3004),#2901,.F.) ;
#3114=ADVANCED_FACE('MAIN',(#3019,#3030,#3038,#3046,#3054,#3061,#3069,#3077,#3095,#3113),#3010,.T.) ;
#3136=ADVANCED_FACE('MAIN',(#3135),#3119,.F.) ;
#3143=ADVANCED_FACE('MAIN',(#3142),#3119,.F.) ;
#3165=ADVANCED_FACE('MAIN',(#3164),#3148,.F.) ;
#3172=ADVANCED_FACE('MAIN',(#3171),#3148,.F.) ;
#4=APPLICATION_PROTOCOL_DEFINITION('international standard','config_control_design',1994,#1) ;
#32=APPROVAL_DATE_TIME(#13,#21) ;
#3173=MANIFOLD_SOLID_BREP('MAIN',#51) ;
#11=CALENDAR_DATE(2026,6,10) ;
#30=CC_DESIGN_APPROVAL(#21,(#16,#6,#14)) ;
#18=CC_DESIGN_DATE_AND_TIME_ASSIGNMENT(#13,#17,(#16)) ;
#29=CC_DESIGN_DATE_AND_TIME_ASSIGNMENT(#13,#28,(#14)) ;
#17=DATE_TIME_ROLE('classification_date') ;
#28=DATE_TIME_ROLE('creation_date') ;
#27=CC_DESIGN_PERSON_AND_ORGANIZATION_ASSIGNMENT(#25,#26,(#16)) ;
#33=CC_DESIGN_PERSON_AND_ORGANIZATION_ASSIGNMENT(#25,#34,(#6)) ;
#35=CC_DESIGN_PERSON_AND_ORGANIZATION_ASSIGNMENT(#25,#36,(#6,#14)) ;
#37=CC_DESIGN_PERSON_AND_ORGANIZATION_ASSIGNMENT(#25,#38,(#5)) ;
#26=PERSON_AND_ORGANIZATION_ROLE('classification_officer') ;
#34=PERSON_AND_ORGANIZATION_ROLE('design_supplier') ;
#36=PERSON_AND_ORGANIZATION_ROLE('creator') ;
#38=PERSON_AND_ORGANIZATION_ROLE('design_owner') ;
#39=CC_DESIGN_SECURITY_CLASSIFICATION(#16,(#6)) ;
#100=CIRCLE('generated circle',#99,3.430551531) ;
#114=CIRCLE('generated circle',#113,3.430551531) ;
#193=CIRCLE('generated circle',#192,9.) ;
#207=CIRCLE('generated circle',#206,9.) ;
#255=CIRCLE('generated circle',#254,8.999999995) ;
#260=CIRCLE('generated circle',#259,8.999999995) ;
#326=CIRCLE('generated circle',#325,1.499999999) ;
#331=CIRCLE('generated circle',#330,1.499999999) ;
#348=CIRCLE('generated circle',#347,1.500000001) ;
#362=CIRCLE('generated circle',#361,1.500000001) ;
#386=CIRCLE('generated circle',#385,1.499999999) ;
#460=CIRCLE('generated circle',#459,1.499999999) ;
#486=CIRCLE('generated circle',#485,1.5) ;
#500=CIRCLE('generated circle',#499,1.5) ;
#569=CIRCLE('generated circle',#568,1.499999999) ;
#583=CIRCLE('generated circle',#582,1.5) ;
#609=CIRCLE('generated circle',#608,1.5) ;
#626=CIRCLE('generated circle',#625,1.499999999) ;
#716=CIRCLE('generated circle',#715,1.5) ;
#721=CIRCLE('generated circle',#720,1.5) ;
#738=CIRCLE('generated circle',#737,1.500000001) ;
#752=CIRCLE('generated circle',#751,1.500000001) ;
#874=CIRCLE('generated circle',#873,1.5) ;
#879=CIRCLE('generated circle',#878,1.5) ;
#896=CIRCLE('generated circle',#895,1.500000001) ;
#910=CIRCLE('generated circle',#909,1.500000001) ;
#929=CIRCLE('generated circle',#928,1.5) ;
#1003=CIRCLE('generated circle',#1002,1.5) ;
#1069=CIRCLE('generated circle',#1068,1.5) ;
#1074=CIRCLE('generated circle',#1073,1.5) ;
#1091=CIRCLE('generated circle',#1090,1.5) ;
#1105=CIRCLE('generated circle',#1104,1.5) ;
#1124=CIRCLE('generated circle',#1123,1.5) ;
#1193=CIRCLE('generated circle',#1192,1.5) ;
#1259=CIRCLE('generated circle',#1258,1.499999999) ;
#1264=CIRCLE('generated circle',#1263,1.499999999) ;
#1281=CIRCLE('generated circle',#1280,1.5) ;
#1295=CIRCLE('generated circle',#1294,1.5) ;
#1314=CIRCLE('generated circle',#1313,2.000000001) ;
#1321=CIRCLE('generated circle',#1320,8.999999982) ;
#1347=CIRCLE('generated circle',#1346,8.999999982) ;
#1383=CIRCLE('generated circle',#1382,2.000000001) ;
#1409=CIRCLE('generated circle',#1408,8.999999993) ;
#1423=CIRCLE('generated circle',#1422,8.999999993) ;
#1435=CIRCLE('generated circle',#1434,2.000000001) ;
#1449=CIRCLE('generated circle',#1448,2.) ;
#1463=CIRCLE('generated circle',#1462,1.499999999) ;
#1477=CIRCLE('generated circle',#1476,1.499999999) ;
#1484=CIRCLE('generated circle',#1483,9.000000001) ;
#1506=CIRCLE('generated circle',#1505,2.000000001) ;
#1537=CIRCLE('generated circle',#1536,9.000000001) ;
#1578=CIRCLE('generated circle',#1577,2.) ;
#1626=CIRCLE('generated circle',#1625,1.499999999) ;
#1674=CIRCLE('generated circle',#1673,1.499999999) ;
#1721=CIRCLE('generated circle',#1720,1.499999999) ;
#1728=CIRCLE('generated circle',#1727,1.499999999) ;
#1747=CIRCLE('generated circle',#1746,1.500000001) ;
#1761=CIRCLE('generated circle',#1760,1.500000001) ;
#1785=CIRCLE('generated circle',#1784,1.499999999) ;
#1844=CIRCLE('generated circle',#1843,1.499999999) ;
#1856=CIRCLE('generated circle',#1855,1.5) ;
#1872=CIRCLE('generated circle',#1871,1.5) ;
#1943=CIRCLE('generated circle',#1942,1.5) ;
#1957=CIRCLE('generated circle',#1956,1.499999999) ;
#1971=CIRCLE('generated circle',#1970,1.5) ;
#1997=CIRCLE('generated circle',#1996,1.499999999) ;
#2056=CIRCLE('generated circle',#2055,1.5) ;
#2063=CIRCLE('generated circle',#2062,1.5) ;
#2082=CIRCLE('generated circle',#2081,1.500000001) ;
#2096=CIRCLE('generated circle',#2095,1.500000001) ;
#2194=CIRCLE('generated circle',#2193,1.5) ;
#2201=CIRCLE('generated circle',#2200,1.5) ;
#2220=CIRCLE('generated circle',#2219,1.500000001) ;
#2234=CIRCLE('generated circle',#2233,1.500000001) ;
#2253=CIRCLE('generated circle',#2252,1.5) ;
#2312=CIRCLE('generated circle',#2311,1.5) ;
#2359=CIRCLE('generated circle',#2358,1.5) ;
#2366=CIRCLE('generated circle',#2365,1.5) ;
#2385=CIRCLE('generated circle',#2384,1.5) ;
#2399=CIRCLE('generated circle',#2398,1.5) ;
#2418=CIRCLE('generated circle',#2417,1.5) ;
#2477=CIRCLE('generated circle',#2476,1.5) ;
#2524=CIRCLE('generated circle',#2523,1.499999999) ;
#2531=CIRCLE('generated circle',#2530,1.499999999) ;
#2550=CIRCLE('generated circle',#2549,1.5) ;
#2564=CIRCLE('generated circle',#2563,1.5) ;
#2576=CIRCLE('generated circle',#2575,8.999999982) ;
#2583=CIRCLE('generated circle',#2582,2.000000001) ;
#2604=CIRCLE('generated circle',#2603,8.999999982) ;
#2642=CIRCLE('generated circle',#2641,2.000000001) ;
#2654=CIRCLE('generated circle',#2653,8.999999993) ;
#2670=CIRCLE('generated circle',#2669,8.999999993) ;
#2689=CIRCLE('generated circle',#2688,9.000000001) ;
#2696=CIRCLE('generated circle',#2695,1.499999999) ;
#2710=CIRCLE('generated circle',#2709,1.499999999) ;
#2724=CIRCLE('generated circle',#2723,2.) ;
#2738=CIRCLE('generated circle',#2737,2.000000001) ;
#2762=CIRCLE('generated circle',#2761,2.000000001) ;
#2774=CIRCLE('generated circle',#2773,9.000000001) ;
#2819=CIRCLE('generated circle',#2818,2.) ;
#2857=CIRCLE('generated circle',#2856,1.499999999) ;
#2888=CIRCLE('generated circle',#2887,1.499999999) ;
#2972=CIRCLE('generated circle',#2971,4.) ;
#2981=CIRCLE('generated circle',#2980,4.) ;
#2990=CIRCLE('generated circle',#2989,5.) ;
#2999=CIRCLE('generated circle',#2998,5.) ;
#3081=CIRCLE('generated circle',#3080,4.) ;
#3090=CIRCLE('generated circle',#3089,4.) ;
#3099=CIRCLE('generated circle',#3098,5.) ;
#3108=CIRCLE('generated circle',#3107,5.) ;
#3175=SHAPE_REPRESENTATION_RELATIONSHIP(' ',' ',#49,#3174) ;
#96=CYLINDRICAL_SURFACE('generated cylinder',#95,3.430551531) ;
#189=CYLINDRICAL_SURFACE('generated cylinder',#188,9.) ;
#251=CYLINDRICAL_SURFACE('generated cylinder',#250,8.999999995) ;
#313=CYLINDRICAL_SURFACE('generated cylinder',#312,1.499999999) ;
#344=CYLINDRICAL_SURFACE('generated cylinder',#343,1.500000001) ;
#456=CYLINDRICAL_SURFACE('generated cylinder',#455,1.499999999) ;
#473=CYLINDRICAL_SURFACE('generated cylinder',#472,1.5) ;
#598=CYLINDRICAL_SURFACE('generated cylinder',#597,1.5) ;
#622=CYLINDRICAL_SURFACE('generated cylinder',#621,1.499999999) ;
#703=CYLINDRICAL_SURFACE('generated cylinder',#702,1.5) ;
#734=CYLINDRICAL_SURFACE('generated cylinder',#733,1.500000001) ;
#861=CYLINDRICAL_SURFACE('generated cylinder',#860,1.5) ;
#892=CYLINDRICAL_SURFACE('generated cylinder',#891,1.500000001) ;
#999=CYLINDRICAL_SURFACE('generated cylinder',#998,1.5) ;
#1056=CYLINDRICAL_SURFACE('generated cylinder',#1055,1.5) ;
#1087=CYLINDRICAL_SURFACE('generated cylinder',#1086,1.5) ;
#1189=CYLINDRICAL_SURFACE('generated cylinder',#1188,1.5) ;
#1246=CYLINDRICAL_SURFACE('generated cylinder',#1245,1.499999999) ;
#1277=CYLINDRICAL_SURFACE('generated cylinder',#1276,1.5) ;
#1336=CYLINDRICAL_SURFACE('generated cylinder',#1335,8.999999982) ;
#1379=CYLINDRICAL_SURFACE('generated cylinder',#1378,2.000000001) ;
#1396=CYLINDRICAL_SURFACE('generated cylinder',#1395,8.999999993) ;
#1502=CYLINDRICAL_SURFACE('generated cylinder',#1501,2.000000001) ;
#1526=CYLINDRICAL_SURFACE('generated cylinder',#1525,9.000000001) ;
#1574=CYLINDRICAL_SURFACE('generated cylinder',#1573,2.) ;
#1622=CYLINDRICAL_SURFACE('generated cylinder',#1621,1.499999999) ;
#1670=CYLINDRICAL_SURFACE('generated cylinder',#1669,1.499999999) ;
#3119=CYLINDRICAL_SURFACE('generated cylinder',#3118,5.) ;
#3148=CYLINDRICAL_SURFACE('generated cylinder',#3147,4.) ;
#3=DESIGN_CONTEXT(' ',#1,'design') ;
#65=EDGE_CURVE('',#62,#64,#60,.T.) ;
#72=EDGE_CURVE('',#62,#71,#69,.T.) ;
#79=EDGE_CURVE('',#71,#78,#76,.T.) ;
#84=EDGE_CURVE('',#64,#78,#83,.T.) ;
#103=EDGE_CURVE('',#71,#102,#100,.T.) ;
#110=EDGE_CURVE('',#102,#109,#107,.T.) ;
#115=EDGE_CURVE('',#78,#109,#114,.T.) ;
#134=EDGE_CURVE('',#102,#133,#131,.T.) ;
#141=EDGE_CURVE('',#133,#140,#138,.T.) ;
#146=EDGE_CURVE('',#109,#140,#145,.T.) ;
#165=EDGE_CURVE('',#133,#164,#162,.T.) ;
#172=EDGE_CURVE('',#164,#171,#169,.T.) ;
#177=EDGE_CURVE('',#140,#171,#176,.T.) ;
#196=EDGE_CURVE('',#164,#195,#193,.T.) ;
#203=EDGE_CURVE('',#195,#202,#200,.T.) ;
#208=EDGE_CURVE('',#171,#202,#207,.T.) ;
#227=EDGE_CURVE('',#195,#226,#224,.T.) ;
#234=EDGE_CURVE('',#226,#233,#231,.T.) ;
#239=EDGE_CURVE('',#202,#233,#238,.T.) ;
#256=EDGE_CURVE('',#226,#62,#255,.T.) ;
#261=EDGE_CURVE('',#233,#64,#260,.T.) ;
#282=EDGE_CURVE('',#279,#281,#277,.T.) ;
#289=EDGE_CURVE('',#279,#288,#286,.T.) ;
#296=EDGE_CURVE('',#288,#295,#293,.T.) ;
#301=EDGE_CURVE('',#281,#295,#300,.T.) ;
#322=EDGE_CURVE('',#319,#321,#317,.F.) ;
#327=EDGE_CURVE('',#319,#279,#326,.T.) ;
#332=EDGE_CURVE('',#321,#281,#331,.T.) ;
#351=EDGE_CURVE('',#288,#350,#348,.T.) ;
#358=EDGE_CURVE('',#350,#357,#355,.F.) ;
#363=EDGE_CURVE('',#295,#357,#362,.T.) ;
#382=EDGE_CURVE('',#357,#381,#379,.F.) ;
#389=EDGE_CURVE('',#381,#388,#386,.T.) ;
#394=EDGE_CURVE('',#388,#321,#393,.T.) ;
#415=EDGE_CURVE('',#414,#388,#412,.T.) ;
#420=EDGE_CURVE('',#414,#319,#419,.T.) ;
#439=EDGE_CURVE('',#350,#438,#436,.F.) ;
#444=EDGE_CURVE('',#438,#381,#443,.T.) ;
#461=EDGE_CURVE('',#438,#414,#460,.T.) ;
#482=EDGE_CURVE('',#479,#481,#477,.F.) ;
#489=EDGE_CURVE('',#479,#488,#486,.T.) ;
#496=EDGE_CURVE('',#488,#495,#493,.F.) ;
#501=EDGE_CURVE('',#481,#495,#500,.T.) ;
#517=EDGE_CURVE('',#514,#516,#512,.T.) ;
#522=EDGE_CURVE('',#514,#479,#521,.F.) ;
#527=EDGE_CURVE('',#516,#481,#526,.F.) ;
#546=EDGE_CURVE('',#488,#545,#543,.T.) ;
#553=EDGE_CURVE('',#545,#552,#550,.T.) ;
#558=EDGE_CURVE('',#495,#552,#557,.T.) ;
#572=EDGE_CURVE('',#552,#571,#569,.T.) ;
#579=EDGE_CURVE('',#571,#578,#576,.T.) ;
#584=EDGE_CURVE('',#578,#516,#583,.T.) ;
#605=EDGE_CURVE('',#604,#578,#602,.F.) ;
#610=EDGE_CURVE('',#604,#514,#609,.T.) ;
#629=EDGE_CURVE('',#545,#628,#626,.T.) ;
#634=EDGE_CURVE('',#628,#571,#633,.F.) ;
#651=EDGE_CURVE('',#628,#604,#650,.T.) ;
#672=EDGE_CURVE('',#669,#671,#667,.T.) ;
#679=EDGE_CURVE('',#669,#678,#676,.T.) ;
#686=EDGE_CURVE('',#678,#685,#683,.T.) ;
#691=EDGE_CURVE('',#671,#685,#690,.T.) ;
#712=EDGE_CURVE('',#709,#711,#707,.F.) ;
#717=EDGE_CURVE('',#709,#669,#716,.T.) ;
#722=EDGE_CURVE('',#711,#671,#721,.T.) ;
#741=EDGE_CURVE('',#678,#740,#738,.T.) ;
#748=EDGE_CURVE('',#740,#747,#745,.F.) ;
#753=EDGE_CURVE('',#685,#747,#752,.T.) ;
#767=EDGE_CURVE('',#747,#766,#764,.F.) ;
#772=EDGE_CURVE('',#766,#711,#771,.T.) ;
#792=EDGE_CURVE('',#791,#766,#789,.T.) ;
#797=EDGE_CURVE('',#791,#709,#796,.T.) ;
#809=EDGE_CURVE('',#740,#791,#808,.F.) ;
#830=EDGE_CURVE('',#827,#829,#825,.T.) ;
#837=EDGE_CURVE('',#827,#836,#834,.T.) ;
#844=EDGE_CURVE('',#836,#843,#841,.T.) ;
#849=EDGE_CURVE('',#829,#843,#848,.T.) ;
#870=EDGE_CURVE('',#867,#869,#865,.F.) ;
#875=EDGE_CURVE('',#867,#827,#874,.T.) ;
#880=EDGE_CURVE('',#869,#829,#879,.T.) ;
#899=EDGE_CURVE('',#836,#898,#896,.T.) ;
#906=EDGE_CURVE('',#898,#905,#903,.F.) ;
#911=EDGE_CURVE('',#843,#905,#910,.T.) ;
#925=EDGE_CURVE('',#905,#924,#922,.F.) ;
#932=EDGE_CURVE('',#924,#931,#929,.T.) ;
#937=EDGE_CURVE('',#931,#869,#936,.T.) ;
#958=EDGE_CURVE('',#957,#931,#955,.T.) ;
#963=EDGE_CURVE('',#957,#867,#962,.T.) ;
#982=EDGE_CURVE('',#898,#981,#979,.F.) ;
#987=EDGE_CURVE('',#981,#924,#986,.T.) ;
#1004=EDGE_CURVE('',#981,#957,#1003,.T.) ;
#1025=EDGE_CURVE('',#1022,#1024,#1020,.T.) ;
#1032=EDGE_CURVE('',#1022,#1031,#1029,.T.) ;
#1039=EDGE_CURVE('',#1031,#1038,#1036,.T.) ;
#1044=EDGE_CURVE('',#1024,#1038,#1043,.T.) ;
#1065=EDGE_CURVE('',#1062,#1064,#1060,.F.) ;
#1070=EDGE_CURVE('',#1062,#1022,#1069,.T.) ;
#1075=EDGE_CURVE('',#1064,#1024,#1074,.T.) ;
#1094=EDGE_CURVE('',#1031,#1093,#1091,.T.) ;
#1101=EDGE_CURVE('',#1093,#1100,#1098,.F.) ;
#1106=EDGE_CURVE('',#1038,#1100,#1105,.T.) ;
#1120=EDGE_CURVE('',#1100,#1119,#1117,.T.) ;
#1127=EDGE_CURVE('',#1119,#1126,#1124,.T.) ;
#1132=EDGE_CURVE('',#1126,#1064,#1131,.F.) ;
#1148=EDGE_CURVE('',#1147,#1126,#1145,.T.) ;
#1153=EDGE_CURVE('',#1147,#1062,#1152,.F.) ;
#1172=EDGE_CURVE('',#1093,#1171,#1169,.T.) ;
#1177=EDGE_CURVE('',#1171,#1119,#1176,.T.) ;
#1194=EDGE_CURVE('',#1171,#1147,#1193,.T.) ;
#1215=EDGE_CURVE('',#1212,#1214,#1210,.T.) ;
#1222=EDGE_CURVE('',#1212,#1221,#1219,.T.) ;
#1229=EDGE_CURVE('',#1221,#1228,#1226,.T.) ;
#1234=EDGE_CURVE('',#1214,#1228,#1233,.T.) ;
#1255=EDGE_CURVE('',#1252,#1254,#1250,.F.) ;
#1260=EDGE_CURVE('',#1252,#1212,#1259,.T.) ;
#1265=EDGE_CURVE('',#1254,#1214,#1264,.T.) ;
#1284=EDGE_CURVE('',#1221,#1283,#1281,.T.) ;
#1291=EDGE_CURVE('',#1283,#1290,#1288,.F.) ;
#1296=EDGE_CURVE('',#1228,#1290,#1295,.T.) ;
#1310=EDGE_CURVE('',#1290,#1309,#1307,.F.) ;
#1317=EDGE_CURVE('',#1309,#1316,#1314,.T.) ;
#1322=EDGE_CURVE('',#1316,#1254,#1321,.F.) ;
#1343=EDGE_CURVE('',#1342,#1316,#1340,.F.) ;
#1348=EDGE_CURVE('',#1342,#1252,#1347,.F.) ;
#1362=EDGE_CURVE('',#1283,#1361,#1359,.F.) ;
#1367=EDGE_CURVE('',#1361,#1309,#1366,.T.) ;
#1384=EDGE_CURVE('',#1361,#1342,#1383,.T.) ;
#1405=EDGE_CURVE('',#1402,#1404,#1400,.F.) ;
#1412=EDGE_CURVE('',#1402,#1411,#1409,.F.) ;
#1419=EDGE_CURVE('',#1411,#1418,#1416,.F.) ;
#1424=EDGE_CURVE('',#1404,#1418,#1423,.F.) ;
#1438=EDGE_CURVE('',#1418,#1437,#1435,.T.) ;
#1445=EDGE_CURVE('',#1437,#1444,#1442,.F.) ;
#1452=EDGE_CURVE('',#1444,#1451,#1449,.T.) ;
#1459=EDGE_CURVE('',#1451,#1458,#1456,.F.) ;
#1466=EDGE_CURVE('',#1458,#1465,#1463,.T.) ;
#1473=EDGE_CURVE('',#1465,#1472,#1470,.T.) ;
#1480=EDGE_CURVE('',#1472,#1479,#1477,.T.) ;
#1485=EDGE_CURVE('',#1479,#1404,#1484,.F.) ;
#1509=EDGE_CURVE('',#1411,#1508,#1506,.T.) ;
#1514=EDGE_CURVE('',#1508,#1437,#1513,.F.) ;
#1533=EDGE_CURVE('',#1532,#1479,#1530,.F.) ;
#1538=EDGE_CURVE('',#1532,#1402,#1537,.F.) ;
#1557=EDGE_CURVE('',#1508,#1556,#1554,.F.) ;
#1562=EDGE_CURVE('',#1556,#1444,#1561,.T.) ;
#1581=EDGE_CURVE('',#1556,#1580,#1578,.T.) ;
#1586=EDGE_CURVE('',#1580,#1451,#1585,.F.) ;
#1605=EDGE_CURVE('',#1580,#1604,#1602,.F.) ;
#1610=EDGE_CURVE('',#1604,#1458,#1609,.T.) ;
#1629=EDGE_CURVE('',#1604,#1628,#1626,.T.) ;
#1634=EDGE_CURVE('',#1628,#1465,#1633,.F.) ;
#1653=EDGE_CURVE('',#1628,#1652,#1650,.T.) ;
#1658=EDGE_CURVE('',#1652,#1472,#1657,.T.) ;
#1675=EDGE_CURVE('',#1652,#1532,#1674,.T.) ;
#1691=EDGE_CURVE('',#1688,#1690,#1686,.T.) ;
#1698=EDGE_CURVE('',#1697,#1690,#1695,.T.) ;
#1705=EDGE_CURVE('',#1704,#1697,#1702,.T.) ;
#1710=EDGE_CURVE('',#1704,#1688,#1709,.T.) ;
#1724=EDGE_CURVE('',#1723,#1688,#1721,.T.) ;
#1731=EDGE_CURVE('',#1730,#1704,#1728,.T.) ;
#1736=EDGE_CURVE('',#1730,#1723,#1735,.T.) ;
#1750=EDGE_CURVE('',#1690,#1749,#1747,.T.) ;
#1757=EDGE_CURVE('',#1756,#1749,#1754,.T.) ;
#1762=EDGE_CURVE('',#1697,#1756,#1761,.T.) ;
#1781=EDGE_CURVE('',#1780,#1723,#1778,.T.) ;
#1788=EDGE_CURVE('',#1787,#1780,#1785,.T.) ;
#1793=EDGE_CURVE('',#1749,#1787,#1792,.F.) ;
#1809=EDGE_CURVE('',#1808,#1730,#1806,.T.) ;
#1814=EDGE_CURVE('',#1808,#1780,#1813,.T.) ;
#1828=EDGE_CURVE('',#1827,#1787,#1825,.T.) ;
#1833=EDGE_CURVE('',#1756,#1827,#1832,.F.) ;
#1845=EDGE_CURVE('',#1827,#1808,#1844,.T.) ;
#1861=EDGE_CURVE('',#1858,#1860,#1856,.T.) ;
#1868=EDGE_CURVE('',#1867,#1860,#1865,.T.) ;
#1875=EDGE_CURVE('',#1874,#1867,#1872,.T.) ;
#1880=EDGE_CURVE('',#1874,#1858,#1879,.T.) ;
#1894=EDGE_CURVE('',#1893,#1858,#1891,.F.) ;
#1901=EDGE_CURVE('',#1900,#1874,#1898,.F.) ;
#1906=EDGE_CURVE('',#1900,#1893,#1905,.T.) ;
#1920=EDGE_CURVE('',#1860,#1919,#1917,.T.) ;
#1927=EDGE_CURVE('',#1926,#1919,#1924,.T.) ;
#1932=EDGE_CURVE('',#1867,#1926,#1931,.T.) ;
#1946=EDGE_CURVE('',#1945,#1893,#1943,.T.) ;
#1953=EDGE_CURVE('',#1952,#1945,#1950,.T.) ;
#1958=EDGE_CURVE('',#1919,#1952,#1957,.T.) ;
#1974=EDGE_CURVE('',#1973,#1900,#1971,.T.) ;
#1979=EDGE_CURVE('',#1973,#1945,#1978,.T.) ;
#1993=EDGE_CURVE('',#1992,#1952,#1990,.T.) ;
#1998=EDGE_CURVE('',#1926,#1992,#1997,.T.) ;
#2010=EDGE_CURVE('',#1992,#1973,#2009,.T.) ;
#2026=EDGE_CURVE('',#2023,#2025,#2021,.T.) ;
#2033=EDGE_CURVE('',#2032,#2025,#2030,.T.) ;
#2040=EDGE_CURVE('',#2039,#2032,#2037,.T.) ;
#2045=EDGE_CURVE('',#2039,#2023,#2044,.T.) ;
#2059=EDGE_CURVE('',#2058,#2023,#2056,.T.) ;
#2066=EDGE_CURVE('',#2065,#2039,#2063,.T.) ;
#2071=EDGE_CURVE('',#2065,#2058,#2070,.T.) ;
#2085=EDGE_CURVE('',#2025,#2084,#2082,.T.) ;
#2092=EDGE_CURVE('',#2091,#2084,#2089,.T.) ;
#2097=EDGE_CURVE('',#2032,#2091,#2096,.T.) ;
#2111=EDGE_CURVE('',#2110,#2058,#2108,.T.) ;
#2116=EDGE_CURVE('',#2084,#2110,#2115,.F.) ;
#2131=EDGE_CURVE('',#2130,#2065,#2128,.T.) ;
#2136=EDGE_CURVE('',#2130,#2110,#2135,.T.) ;
#2148=EDGE_CURVE('',#2091,#2130,#2147,.F.) ;
#2164=EDGE_CURVE('',#2161,#2163,#2159,.T.) ;
#2171=EDGE_CURVE('',#2170,#2163,#2168,.T.) ;
#2178=EDGE_CURVE('',#2177,#2170,#2175,.T.) ;
#2183=EDGE_CURVE('',#2177,#2161,#2182,.T.) ;
#2197=EDGE_CURVE('',#2196,#2161,#2194,.T.) ;
#2204=EDGE_CURVE('',#2203,#2177,#2201,.T.) ;
#2209=EDGE_CURVE('',#2203,#2196,#2208,.T.) ;
#2223=EDGE_CURVE('',#2163,#2222,#2220,.T.) ;
#2230=EDGE_CURVE('',#2229,#2222,#2227,.T.) ;
#2235=EDGE_CURVE('',#2170,#2229,#2234,.T.) ;
#2249=EDGE_CURVE('',#2248,#2196,#2246,.T.) ;
#2256=EDGE_CURVE('',#2255,#2248,#2253,.T.) ;
#2261=EDGE_CURVE('',#2222,#2255,#2260,.F.) ;
#2277=EDGE_CURVE('',#2276,#2203,#2274,.T.) ;
#2282=EDGE_CURVE('',#2276,#2248,#2281,.T.) ;
#2296=EDGE_CURVE('',#2295,#2255,#2293,.T.) ;
#2301=EDGE_CURVE('',#2229,#2295,#2300,.F.) ;
#2313=EDGE_CURVE('',#2295,#2276,#2312,.T.) ;
#2329=EDGE_CURVE('',#2326,#2328,#2324,.T.) ;
#2336=EDGE_CURVE('',#2335,#2328,#2333,.T.) ;
#2343=EDGE_CURVE('',#2342,#2335,#2340,.T.) ;
#2348=EDGE_CURVE('',#2342,#2326,#2347,.T.) ;
#2362=EDGE_CURVE('',#2361,#2326,#2359,.T.) ;
#2369=EDGE_CURVE('',#2368,#2342,#2366,.T.) ;
#2374=EDGE_CURVE('',#2368,#2361,#2373,.T.) ;
#2388=EDGE_CURVE('',#2328,#2387,#2385,.T.) ;
#2395=EDGE_CURVE('',#2394,#2387,#2392,.T.) ;
#2400=EDGE_CURVE('',#2335,#2394,#2399,.T.) ;
#2414=EDGE_CURVE('',#2413,#2361,#2411,.F.) ;
#2421=EDGE_CURVE('',#2420,#2413,#2418,.T.) ;
#2426=EDGE_CURVE('',#2387,#2420,#2425,.T.) ;
#2442=EDGE_CURVE('',#2441,#2368,#2439,.F.) ;
#2447=EDGE_CURVE('',#2441,#2413,#2446,.T.) ;
#2461=EDGE_CURVE('',#2460,#2420,#2458,.T.) ;
#2466=EDGE_CURVE('',#2394,#2460,#2465,.T.) ;
#2478=EDGE_CURVE('',#2460,#2441,#2477,.T.) ;
#2494=EDGE_CURVE('',#2491,#2493,#2489,.T.) ;
#2501=EDGE_CURVE('',#2500,#2493,#2498,.T.) ;
#2508=EDGE_CURVE('',#2507,#2500,#2505,.T.) ;
#2513=EDGE_CURVE('',#2507,#2491,#2512,.T.) ;
#2527=EDGE_CURVE('',#2526,#2491,#2524,.T.) ;
#2534=EDGE_CURVE('',#2533,#2507,#2531,.T.) ;
#2539=EDGE_CURVE('',#2533,#2526,#2538,.T.) ;
#2553=EDGE_CURVE('',#2493,#2552,#2550,.T.) ;
#2560=EDGE_CURVE('',#2559,#2552,#2557,.T.) ;
#2565=EDGE_CURVE('',#2500,#2559,#2564,.T.) ;
#2579=EDGE_CURVE('',#2578,#2526,#2576,.F.) ;
#2586=EDGE_CURVE('',#2585,#2578,#2583,.T.) ;
#2591=EDGE_CURVE('',#2552,#2585,#2590,.F.) ;
#2607=EDGE_CURVE('',#2606,#2533,#2604,.F.) ;
#2612=EDGE_CURVE('',#2606,#2578,#2611,.T.) ;
#2626=EDGE_CURVE('',#2625,#2585,#2623,.T.) ;
#2631=EDGE_CURVE('',#2559,#2625,#2630,.F.) ;
#2643=EDGE_CURVE('',#2625,#2606,#2642,.T.) ;
#2659=EDGE_CURVE('',#2656,#2658,#2654,.F.) ;
#2666=EDGE_CURVE('',#2665,#2658,#2663,.T.) ;
#2673=EDGE_CURVE('',#2672,#2665,#2670,.F.) ;
#2678=EDGE_CURVE('',#2672,#2656,#2677,.T.) ;
#2692=EDGE_CURVE('',#2691,#2656,#2689,.F.) ;
#2699=EDGE_CURVE('',#2698,#2691,#2696,.T.) ;
#2706=EDGE_CURVE('',#2705,#2698,#2703,.T.) ;
#2713=EDGE_CURVE('',#2712,#2705,#2710,.T.) ;
#2720=EDGE_CURVE('',#2719,#2712,#2717,.F.) ;
#2727=EDGE_CURVE('',#2726,#2719,#2724,.T.) ;
#2734=EDGE_CURVE('',#2733,#2726,#2731,.F.) ;
#2739=EDGE_CURVE('',#2658,#2733,#2738,.T.) ;
#2758=EDGE_CURVE('',#2757,#2733,#2755,.T.) ;
#2763=EDGE_CURVE('',#2665,#2757,#2762,.T.) ;
#2777=EDGE_CURVE('',#2776,#2672,#2774,.F.) ;
#2782=EDGE_CURVE('',#2776,#2691,#2781,.T.) ;
#2796=EDGE_CURVE('',#2795,#2726,#2793,.T.) ;
#2801=EDGE_CURVE('',#2757,#2795,#2800,.F.) ;
#2815=EDGE_CURVE('',#2814,#2719,#2812,.T.) ;
#2820=EDGE_CURVE('',#2795,#2814,#2819,.T.) ;
#2834=EDGE_CURVE('',#2833,#2712,#2831,.T.) ;
#2839=EDGE_CURVE('',#2814,#2833,#2838,.F.) ;
#2853=EDGE_CURVE('',#2852,#2705,#2850,.T.) ;
#2858=EDGE_CURVE('',#2833,#2852,#2857,.T.) ;
#2872=EDGE_CURVE('',#2871,#2698,#2869,.T.) ;
#2877=EDGE_CURVE('',#2852,#2871,#2876,.T.) ;
#2889=EDGE_CURVE('',#2871,#2776,#2888,.T.) ;
#2977=EDGE_CURVE('',#2974,#2976,#2972,.T.) ;
#2982=EDGE_CURVE('',#2976,#2974,#2981,.T.) ;
#2995=EDGE_CURVE('',#2992,#2994,#2990,.T.) ;
#3000=EDGE_CURVE('',#2994,#2992,#2999,.T.) ;
#3086=EDGE_CURVE('',#3083,#3085,#3081,.T.) ;
#3091=EDGE_CURVE('',#3085,#3083,#3090,.T.) ;
#3104=EDGE_CURVE('',#3101,#3103,#3099,.T.) ;
#3109=EDGE_CURVE('',#3103,#3101,#3108,.T.) ;
#3124=EDGE_CURVE('',#3101,#2994,#3123,.F.) ;
#3129=EDGE_CURVE('',#3103,#2992,#3128,.F.) ;
#3153=EDGE_CURVE('',#3083,#2976,#3152,.F.) ;
#3158=EDGE_CURVE('',#3085,#2974,#3157,.F.) ;
#85=EDGE_LOOP('',(#86,#87,#88,#89)) ;
#116=EDGE_LOOP('',(#117,#118,#119,#120)) ;
#147=EDGE_LOOP('',(#148,#149,#150,#151)) ;
#178=EDGE_LOOP('',(#179,#180,#181,#182)) ;
#209=EDGE_LOOP('',(#210,#211,#212,#213)) ;
#240=EDGE_LOOP('',(#241,#242,#243,#244)) ;
#262=EDGE_LOOP('',(#263,#264,#265,#266)) ;
#302=EDGE_LOOP('',(#303,#304,#305,#306)) ;
#333=EDGE_LOOP('',(#334,#335,#336,#337)) ;
#364=EDGE_LOOP('',(#365,#366,#367,#368)) ;
#395=EDGE_LOOP('',(#396,#397,#398,#399,#400,#401)) ;
#421=EDGE_LOOP('',(#422,#423,#424,#425)) ;
#445=EDGE_LOOP('',(#446,#447,#448,#449)) ;
#462=EDGE_LOOP('',(#463,#464,#465,#466)) ;
#502=EDGE_LOOP('',(#503,#504,#505,#506)) ;
#528=EDGE_LOOP('',(#529,#530,#531,#532)) ;
#559=EDGE_LOOP('',(#560,#561,#562,#563)) ;
#585=EDGE_LOOP('',(#586,#587,#588,#589,#590,#591)) ;
#611=EDGE_LOOP('',(#612,#613,#614,#615)) ;
#635=EDGE_LOOP('',(#636,#637,#638,#639)) ;
#652=EDGE_LOOP('',(#653,#654,#655,#656)) ;
#692=EDGE_LOOP('',(#693,#694,#695,#696)) ;
#723=EDGE_LOOP('',(#724,#725,#726,#727)) ;
#754=EDGE_LOOP('',(#755,#756,#757,#758)) ;
#773=EDGE_LOOP('',(#774,#775,#776,#777,#778)) ;
#798=EDGE_LOOP('',(#799,#800,#801,#802)) ;
#810=EDGE_LOOP('',(#811,#812,#813,#814)) ;
#850=EDGE_LOOP('',(#851,#852,#853,#854)) ;
#881=EDGE_LOOP('',(#882,#883,#884,#885)) ;
#912=EDGE_LOOP('',(#913,#914,#915,#916)) ;
#938=EDGE_LOOP('',(#939,#940,#941,#942,#943,#944)) ;
#964=EDGE_LOOP('',(#965,#966,#967,#968)) ;
#988=EDGE_LOOP('',(#989,#990,#991,#992)) ;
#1005=EDGE_LOOP('',(#1006,#1007,#1008,#1009)) ;
#1045=EDGE_LOOP('',(#1046,#1047,#1048,#1049)) ;
#1076=EDGE_LOOP('',(#1077,#1078,#1079,#1080)) ;
#1107=EDGE_LOOP('',(#1108,#1109,#1110,#1111)) ;
#1133=EDGE_LOOP('',(#1134,#1135,#1136,#1137,#1138,#1139)) ;
#1154=EDGE_LOOP('',(#1155,#1156,#1157,#1158)) ;
#1178=EDGE_LOOP('',(#1179,#1180,#1181,#1182)) ;
#1195=EDGE_LOOP('',(#1196,#1197,#1198,#1199)) ;
#1235=EDGE_LOOP('',(#1236,#1237,#1238,#1239)) ;
#1266=EDGE_LOOP('',(#1267,#1268,#1269,#1270)) ;
#1297=EDGE_LOOP('',(#1298,#1299,#1300,#1301)) ;
#1323=EDGE_LOOP('',(#1324,#1325,#1326,#1327,#1328,#1329)) ;
#1349=EDGE_LOOP('',(#1350,#1351,#1352,#1353)) ;
#1368=EDGE_LOOP('',(#1369,#1370,#1371,#1372)) ;
#1385=EDGE_LOOP('',(#1386,#1387,#1388,#1389)) ;
#1425=EDGE_LOOP('',(#1426,#1427,#1428,#1429)) ;
#1486=EDGE_LOOP('',(#1487,#1488,#1489,#1490,#1491,#1492,#1493,#1494,#1495)) ;
#1515=EDGE_LOOP('',(#1516,#1517,#1518,#1519)) ;
#1539=EDGE_LOOP('',(#1540,#1541,#1542,#1543)) ;
#1563=EDGE_LOOP('',(#1564,#1565,#1566,#1567)) ;
#1587=EDGE_LOOP('',(#1588,#1589,#1590,#1591)) ;
#1611=EDGE_LOOP('',(#1612,#1613,#1614,#1615)) ;
#1635=EDGE_LOOP('',(#1636,#1637,#1638,#1639)) ;
#1659=EDGE_LOOP('',(#1660,#1661,#1662,#1663)) ;
#1676=EDGE_LOOP('',(#1677,#1678,#1679,#1680)) ;
#1711=EDGE_LOOP('',(#1712,#1713,#1714,#1715)) ;
#1737=EDGE_LOOP('',(#1738,#1739,#1740,#1741)) ;
#1763=EDGE_LOOP('',(#1764,#1765,#1766,#1767)) ;
#1794=EDGE_LOOP('',(#1795,#1796,#1797,#1798,#1799,#1800)) ;
#1815=EDGE_LOOP('',(#1816,#1817,#1818,#1819)) ;
#1834=EDGE_LOOP('',(#1835,#1836,#1837,#1838)) ;
#1846=EDGE_LOOP('',(#1847,#1848,#1849,#1850)) ;
#1881=EDGE_LOOP('',(#1882,#1883,#1884,#1885)) ;
#1907=EDGE_LOOP('',(#1908,#1909,#1910,#1911)) ;
#1933=EDGE_LOOP('',(#1934,#1935,#1936,#1937)) ;
#1959=EDGE_LOOP('',(#1960,#1961,#1962,#1963,#1964,#1965)) ;
#1980=EDGE_LOOP('',(#1981,#1982,#1983,#1984)) ;
#1999=EDGE_LOOP('',(#2000,#2001,#2002,#2003)) ;
#2011=EDGE_LOOP('',(#2012,#2013,#2014,#2015)) ;
#2046=EDGE_LOOP('',(#2047,#2048,#2049,#2050)) ;
#2072=EDGE_LOOP('',(#2073,#2074,#2075,#2076)) ;
#2098=EDGE_LOOP('',(#2099,#2100,#2101,#2102)) ;
#2117=EDGE_LOOP('',(#2118,#2119,#2120,#2121,#2122)) ;
#2137=EDGE_LOOP('',(#2138,#2139,#2140,#2141)) ;
#2149=EDGE_LOOP('',(#2150,#2151,#2152,#2153)) ;
#2184=EDGE_LOOP('',(#2185,#2186,#2187,#2188)) ;
#2210=EDGE_LOOP('',(#2211,#2212,#2213,#2214)) ;
#2236=EDGE_LOOP('',(#2237,#2238,#2239,#2240)) ;
#2262=EDGE_LOOP('',(#2263,#2264,#2265,#2266,#2267,#2268)) ;
#2283=EDGE_LOOP('',(#2284,#2285,#2286,#2287)) ;
#2302=EDGE_LOOP('',(#2303,#2304,#2305,#2306)) ;
#2314=EDGE_LOOP('',(#2315,#2316,#2317,#2318)) ;
#2349=EDGE_LOOP('',(#2350,#2351,#2352,#2353)) ;
#2375=EDGE_LOOP('',(#2376,#2377,#2378,#2379)) ;
#2401=EDGE_LOOP('',(#2402,#2403,#2404,#2405)) ;
#2427=EDGE_LOOP('',(#2428,#2429,#2430,#2431,#2432,#2433)) ;
#2448=EDGE_LOOP('',(#2449,#2450,#2451,#2452)) ;
#2467=EDGE_LOOP('',(#2468,#2469,#2470,#2471)) ;
#2479=EDGE_LOOP('',(#2480,#2481,#2482,#2483)) ;
#2514=EDGE_LOOP('',(#2515,#2516,#2517,#2518)) ;
#2540=EDGE_LOOP('',(#2541,#2542,#2543,#2544)) ;
#2566=EDGE_LOOP('',(#2567,#2568,#2569,#2570)) ;
#2592=EDGE_LOOP('',(#2593,#2594,#2595,#2596,#2597,#2598)) ;
#2613=EDGE_LOOP('',(#2614,#2615,#2616,#2617)) ;
#2632=EDGE_LOOP('',(#2633,#2634,#2635,#2636)) ;
#2644=EDGE_LOOP('',(#2645,#2646,#2647,#2648)) ;
#2679=EDGE_LOOP('',(#2680,#2681,#2682,#2683)) ;
#2740=EDGE_LOOP('',(#2741,#2742,#2743,#2744,#2745,#2746,#2747,#2748,#2749)) ;
#2764=EDGE_LOOP('',(#2765,#2766,#2767,#2768)) ;
#2783=EDGE_LOOP('',(#2784,#2785,#2786,#2787)) ;
#2802=EDGE_LOOP('',(#2803,#2804,#2805,#2806)) ;
#2821=EDGE_LOOP('',(#2822,#2823,#2824,#2825)) ;
#2840=EDGE_LOOP('',(#2841,#2842,#2843,#2844)) ;
#2859=EDGE_LOOP('',(#2860,#2861,#2862,#2863)) ;
#2878=EDGE_LOOP('',(#2879,#2880,#2881,#2882)) ;
#2890=EDGE_LOOP('',(#2891,#2892,#2893,#2894)) ;
#2902=EDGE_LOOP('',(#2903,#2904,#2905,#2906,#2907,#2908,#2909)) ;
#2911=EDGE_LOOP('',(#2912,#2913,#2914,#2915,#2916,#2917,#2918,#2919,#2920)) ;
#2922=EDGE_LOOP('',(#2923,#2924,#2925,#2926,#2927,#2928)) ;
#2930=EDGE_LOOP('',(#2931,#2932,#2933,#2934,#2935,#2936)) ;
#2938=EDGE_LOOP('',(#2939,#2940,#2941,#2942,#2943,#2944)) ;
#2946=EDGE_LOOP('',(#2947,#2948,#2949,#2950,#2951)) ;
#2953=EDGE_LOOP('',(#2954,#2955,#2956,#2957,#2958,#2959)) ;
#2961=EDGE_LOOP('',(#2962,#2963,#2964,#2965,#2966,#2967)) ;
#2983=EDGE_LOOP('',(#2984,#2985)) ;
#3001=EDGE_LOOP('',(#3002,#3003)) ;
#3011=EDGE_LOOP('',(#3012,#3013,#3014,#3015,#3016,#3017,#3018)) ;
#3020=EDGE_LOOP('',(#3021,#3022,#3023,#3024,#3025,#3026,#3027,#3028,#3029)) ;
#3031=EDGE_LOOP('',(#3032,#3033,#3034,#3035,#3036,#3037)) ;
#3039=EDGE_LOOP('',(#3040,#3041,#3042,#3043,#3044,#3045)) ;
#3047=EDGE_LOOP('',(#3048,#3049,#3050,#3051,#3052,#3053)) ;
#3055=EDGE_LOOP('',(#3056,#3057,#3058,#3059,#3060)) ;
#3062=EDGE_LOOP('',(#3063,#3064,#3065,#3066,#3067,#3068)) ;
#3070=EDGE_LOOP('',(#3071,#3072,#3073,#3074,#3075,#3076)) ;
#3092=EDGE_LOOP('',(#3093,#3094)) ;
#3110=EDGE_LOOP('',(#3111,#3112)) ;
#3130=EDGE_LOOP('',(#3131,#3132,#3133,#3134)) ;
#3137=EDGE_LOOP('',(#3138,#3139,#3140,#3141)) ;
#3159=EDGE_LOOP('',(#3160,#3161,#3162,#3163)) ;
#3166=EDGE_LOOP('',(#3167,#3168,#3169,#3170)) ;
#90=FACE_OUTER_BOUND('',#85,.T.) ;
#121=FACE_OUTER_BOUND('',#116,.T.) ;
#152=FACE_OUTER_BOUND('',#147,.T.) ;
#183=FACE_OUTER_BOUND('',#178,.T.) ;
#214=FACE_OUTER_BOUND('',#209,.T.) ;
#245=FACE_OUTER_BOUND('',#240,.T.) ;
#267=FACE_OUTER_BOUND('',#262,.T.) ;
#307=FACE_OUTER_BOUND('',#302,.T.) ;
#338=FACE_OUTER_BOUND('',#333,.T.) ;
#369=FACE_OUTER_BOUND('',#364,.T.) ;
#402=FACE_OUTER_BOUND('',#395,.T.) ;
#426=FACE_OUTER_BOUND('',#421,.T.) ;
#450=FACE_OUTER_BOUND('',#445,.T.) ;
#467=FACE_OUTER_BOUND('',#462,.T.) ;
#507=FACE_OUTER_BOUND('',#502,.T.) ;
#533=FACE_OUTER_BOUND('',#528,.T.) ;
#564=FACE_OUTER_BOUND('',#559,.T.) ;
#592=FACE_OUTER_BOUND('',#585,.T.) ;
#616=FACE_OUTER_BOUND('',#611,.T.) ;
#640=FACE_OUTER_BOUND('',#635,.T.) ;
#657=FACE_OUTER_BOUND('',#652,.T.) ;
#697=FACE_OUTER_BOUND('',#692,.T.) ;
#728=FACE_OUTER_BOUND('',#723,.T.) ;
#759=FACE_OUTER_BOUND('',#754,.T.) ;
#779=FACE_OUTER_BOUND('',#773,.T.) ;
#803=FACE_OUTER_BOUND('',#798,.T.) ;
#815=FACE_OUTER_BOUND('',#810,.T.) ;
#855=FACE_OUTER_BOUND('',#850,.T.) ;
#886=FACE_OUTER_BOUND('',#881,.T.) ;
#917=FACE_OUTER_BOUND('',#912,.T.) ;
#945=FACE_OUTER_BOUND('',#938,.T.) ;
#969=FACE_OUTER_BOUND('',#964,.T.) ;
#993=FACE_OUTER_BOUND('',#988,.T.) ;
#1010=FACE_OUTER_BOUND('',#1005,.T.) ;
#1050=FACE_OUTER_BOUND('',#1045,.T.) ;
#1081=FACE_OUTER_BOUND('',#1076,.T.) ;
#1112=FACE_OUTER_BOUND('',#1107,.T.) ;
#1140=FACE_OUTER_BOUND('',#1133,.T.) ;
#1159=FACE_OUTER_BOUND('',#1154,.T.) ;
#1183=FACE_OUTER_BOUND('',#1178,.T.) ;
#1200=FACE_OUTER_BOUND('',#1195,.T.) ;
#1240=FACE_OUTER_BOUND('',#1235,.T.) ;
#1271=FACE_OUTER_BOUND('',#1266,.T.) ;
#1302=FACE_OUTER_BOUND('',#1297,.T.) ;
#1330=FACE_OUTER_BOUND('',#1323,.T.) ;
#1354=FACE_OUTER_BOUND('',#1349,.T.) ;
#1373=FACE_OUTER_BOUND('',#1368,.T.) ;
#1390=FACE_OUTER_BOUND('',#1385,.T.) ;
#1430=FACE_OUTER_BOUND('',#1425,.T.) ;
#1496=FACE_OUTER_BOUND('',#1486,.T.) ;
#1520=FACE_OUTER_BOUND('',#1515,.T.) ;
#1544=FACE_OUTER_BOUND('',#1539,.T.) ;
#1568=FACE_OUTER_BOUND('',#1563,.T.) ;
#1592=FACE_OUTER_BOUND('',#1587,.T.) ;
#1616=FACE_OUTER_BOUND('',#1611,.T.) ;
#1640=FACE_OUTER_BOUND('',#1635,.T.) ;
#1664=FACE_OUTER_BOUND('',#1659,.T.) ;
#1681=FACE_OUTER_BOUND('',#1676,.T.) ;
#1716=FACE_OUTER_BOUND('',#1711,.T.) ;
#1742=FACE_OUTER_BOUND('',#1737,.T.) ;
#1768=FACE_OUTER_BOUND('',#1763,.T.) ;
#1801=FACE_OUTER_BOUND('',#1794,.T.) ;
#1820=FACE_OUTER_BOUND('',#1815,.T.) ;
#1839=FACE_OUTER_BOUND('',#1834,.T.) ;
#1851=FACE_OUTER_BOUND('',#1846,.T.) ;
#1886=FACE_OUTER_BOUND('',#1881,.T.) ;
#1912=FACE_OUTER_BOUND('',#1907,.T.) ;
#1938=FACE_OUTER_BOUND('',#1933,.T.) ;
#1966=FACE_OUTER_BOUND('',#1959,.T.) ;
#1985=FACE_OUTER_BOUND('',#1980,.T.) ;
#2004=FACE_OUTER_BOUND('',#1999,.T.) ;
#2016=FACE_OUTER_BOUND('',#2011,.T.) ;
#2051=FACE_OUTER_BOUND('',#2046,.T.) ;
#2077=FACE_OUTER_BOUND('',#2072,.T.) ;
#2103=FACE_OUTER_BOUND('',#2098,.T.) ;
#2123=FACE_OUTER_BOUND('',#2117,.T.) ;
#2142=FACE_OUTER_BOUND('',#2137,.T.) ;
#2154=FACE_OUTER_BOUND('',#2149,.T.) ;
#2189=FACE_OUTER_BOUND('',#2184,.T.) ;
#2215=FACE_OUTER_BOUND('',#2210,.T.) ;
#2241=FACE_OUTER_BOUND('',#2236,.T.) ;
#2269=FACE_OUTER_BOUND('',#2262,.T.) ;
#2288=FACE_OUTER_BOUND('',#2283,.T.) ;
#2307=FACE_OUTER_BOUND('',#2302,.T.) ;
#2319=FACE_OUTER_BOUND('',#2314,.T.) ;
#2354=FACE_OUTER_BOUND('',#2349,.T.) ;
#2380=FACE_OUTER_BOUND('',#2375,.T.) ;
#2406=FACE_OUTER_BOUND('',#2401,.T.) ;
#2434=FACE_OUTER_BOUND('',#2427,.T.) ;
#2453=FACE_OUTER_BOUND('',#2448,.T.) ;
#2472=FACE_OUTER_BOUND('',#2467,.T.) ;
#2484=FACE_OUTER_BOUND('',#2479,.T.) ;
#2519=FACE_OUTER_BOUND('',#2514,.T.) ;
#2545=FACE_OUTER_BOUND('',#2540,.T.) ;
#2571=FACE_OUTER_BOUND('',#2566,.T.) ;
#2599=FACE_OUTER_BOUND('',#2592,.T.) ;
#2618=FACE_OUTER_BOUND('',#2613,.T.) ;
#2637=FACE_OUTER_BOUND('',#2632,.T.) ;
#2649=FACE_OUTER_BOUND('',#2644,.T.) ;
#2684=FACE_OUTER_BOUND('',#2679,.T.) ;
#2750=FACE_OUTER_BOUND('',#2740,.T.) ;
#2769=FACE_OUTER_BOUND('',#2764,.T.) ;
#2788=FACE_OUTER_BOUND('',#2783,.T.) ;
#2807=FACE_OUTER_BOUND('',#2802,.T.) ;
#2826=FACE_OUTER_BOUND('',#2821,.T.) ;
#2845=FACE_OUTER_BOUND('',#2840,.T.) ;
#2864=FACE_OUTER_BOUND('',#2859,.T.) ;
#2883=FACE_OUTER_BOUND('',#2878,.T.) ;
#2895=FACE_OUTER_BOUND('',#2890,.T.) ;
#2910=FACE_OUTER_BOUND('',#2902,.T.) ;
#3019=FACE_OUTER_BOUND('',#3011,.T.) ;
#3135=FACE_OUTER_BOUND('',#3130,.T.) ;
#3142=FACE_OUTER_BOUND('',#3137,.T.) ;
#3164=FACE_OUTER_BOUND('',#3159,.T.) ;
#3171=FACE_OUTER_BOUND('',#3166,.T.) ;
#45=UNCERTAINTY_MEASURE_WITH_UNIT(LENGTH_MEASURE(0.005),#41,'distance_accuracy_value','CONFUSED CURVE UNCERTAINTY') ;
#60=LINE('Line',#57,#59) ;
#69=LINE('Line',#66,#68) ;
#76=LINE('Line',#73,#75) ;
#83=LINE('Line',#80,#82) ;
#107=LINE('Line',#104,#106) ;
#131=LINE('Line',#128,#130) ;
#138=LINE('Line',#135,#137) ;
#145=LINE('Line',#142,#144) ;
#162=LINE('Line',#159,#161) ;
#169=LINE('Line',#166,#168) ;
#176=LINE('Line',#173,#175) ;
#200=LINE('Line',#197,#199) ;
#224=LINE('Line',#221,#223) ;
#231=LINE('Line',#228,#230) ;
#238=LINE('Line',#235,#237) ;
#277=LINE('Line',#274,#276) ;
#286=LINE('Line',#283,#285) ;
#293=LINE('Line',#290,#292) ;
#300=LINE('Line',#297,#299) ;
#317=LINE('Line',#314,#316) ;
#355=LINE('Line',#352,#354) ;
#379=LINE('Line',#376,#378) ;
#393=LINE('Line',#390,#392) ;
#412=LINE('Line',#409,#411) ;
#419=LINE('Line',#416,#418) ;
#436=LINE('Line',#433,#435) ;
#443=LINE('Line',#440,#442) ;
#477=LINE('Line',#474,#476) ;
#493=LINE('Line',#490,#492) ;
#512=LINE('Line',#509,#511) ;
#521=LINE('Line',#518,#520) ;
#526=LINE('Line',#523,#525) ;
#543=LINE('Line',#540,#542) ;
#550=LINE('Line',#547,#549) ;
#557=LINE('Line',#554,#556) ;
#576=LINE('Line',#573,#575) ;
#602=LINE('Line',#599,#601) ;
#633=LINE('Line',#630,#632) ;
#650=LINE('Line',#647,#649) ;
#667=LINE('Line',#664,#666) ;
#676=LINE('Line',#673,#675) ;
#683=LINE('Line',#680,#682) ;
#690=LINE('Line',#687,#689) ;
#707=LINE('Line',#704,#706) ;
#745=LINE('Line',#742,#744) ;
#764=LINE('Line',#761,#763) ;
#771=LINE('Line',#768,#770) ;
#789=LINE('Line',#786,#788) ;
#796=LINE('Line',#793,#795) ;
#808=LINE('Line',#805,#807) ;
#825=LINE('Line',#822,#824) ;
#834=LINE('Line',#831,#833) ;
#841=LINE('Line',#838,#840) ;
#848=LINE('Line',#845,#847) ;
#865=LINE('Line',#862,#864) ;
#903=LINE('Line',#900,#902) ;
#922=LINE('Line',#919,#921) ;
#936=LINE('Line',#933,#935) ;
#955=LINE('Line',#952,#954) ;
#962=LINE('Line',#959,#961) ;
#979=LINE('Line',#976,#978) ;
#986=LINE('Line',#983,#985) ;
#1020=LINE('Line',#1017,#1019) ;
#1029=LINE('Line',#1026,#1028) ;
#1036=LINE('Line',#1033,#1035) ;
#1043=LINE('Line',#1040,#1042) ;
#1060=LINE('Line',#1057,#1059) ;
#1098=LINE('Line',#1095,#1097) ;
#1117=LINE('Line',#1114,#1116) ;
#1131=LINE('Line',#1128,#1130) ;
#1145=LINE('Line',#1142,#1144) ;
#1152=LINE('Line',#1149,#1151) ;
#1169=LINE('Line',#1166,#1168) ;
#1176=LINE('Line',#1173,#1175) ;
#1210=LINE('Line',#1207,#1209) ;
#1219=LINE('Line',#1216,#1218) ;
#1226=LINE('Line',#1223,#1225) ;
#1233=LINE('Line',#1230,#1232) ;
#1250=LINE('Line',#1247,#1249) ;
#1288=LINE('Line',#1285,#1287) ;
#1307=LINE('Line',#1304,#1306) ;
#1340=LINE('Line',#1337,#1339) ;
#1359=LINE('Line',#1356,#1358) ;
#1366=LINE('Line',#1363,#1365) ;
#1400=LINE('Line',#1397,#1399) ;
#1416=LINE('Line',#1413,#1415) ;
#1442=LINE('Line',#1439,#1441) ;
#1456=LINE('Line',#1453,#1455) ;
#1470=LINE('Line',#1467,#1469) ;
#1513=LINE('Line',#1510,#1512) ;
#1530=LINE('Line',#1527,#1529) ;
#1554=LINE('Line',#1551,#1553) ;
#1561=LINE('Line',#1558,#1560) ;
#1585=LINE('Line',#1582,#1584) ;
#1602=LINE('Line',#1599,#1601) ;
#1609=LINE('Line',#1606,#1608) ;
#1633=LINE('Line',#1630,#1632) ;
#1650=LINE('Line',#1647,#1649) ;
#1657=LINE('Line',#1654,#1656) ;
#1686=LINE('Line',#1683,#1685) ;
#1695=LINE('Line',#1692,#1694) ;
#1702=LINE('Line',#1699,#1701) ;
#1709=LINE('Line',#1706,#1708) ;
#1735=LINE('Line',#1732,#1734) ;
#1754=LINE('Line',#1751,#1753) ;
#1778=LINE('Line',#1775,#1777) ;
#1792=LINE('Line',#1789,#1791) ;
#1806=LINE('Line',#1803,#1805) ;
#1813=LINE('Line',#1810,#1812) ;
#1825=LINE('Line',#1822,#1824) ;
#1832=LINE('Line',#1829,#1831) ;
#1865=LINE('Line',#1862,#1864) ;
#1879=LINE('Line',#1876,#1878) ;
#1891=LINE('Line',#1888,#1890) ;
#1898=LINE('Line',#1895,#1897) ;
#1905=LINE('Line',#1902,#1904) ;
#1917=LINE('Line',#1914,#1916) ;
#1924=LINE('Line',#1921,#1923) ;
#1931=LINE('Line',#1928,#1930) ;
#1950=LINE('Line',#1947,#1949) ;
#1978=LINE('Line',#1975,#1977) ;
#1990=LINE('Line',#1987,#1989) ;
#2009=LINE('Line',#2006,#2008) ;
#2021=LINE('Line',#2018,#2020) ;
#2030=LINE('Line',#2027,#2029) ;
#2037=LINE('Line',#2034,#2036) ;
#2044=LINE('Line',#2041,#2043) ;
#2070=LINE('Line',#2067,#2069) ;
#2089=LINE('Line',#2086,#2088) ;
#2108=LINE('Line',#2105,#2107) ;
#2115=LINE('Line',#2112,#2114) ;
#2128=LINE('Line',#2125,#2127) ;
#2135=LINE('Line',#2132,#2134) ;
#2147=LINE('Line',#2144,#2146) ;
#2159=LINE('Line',#2156,#2158) ;
#2168=LINE('Line',#2165,#2167) ;
#2175=LINE('Line',#2172,#2174) ;
#2182=LINE('Line',#2179,#2181) ;
#2208=LINE('Line',#2205,#2207) ;
#2227=LINE('Line',#2224,#2226) ;
#2246=LINE('Line',#2243,#2245) ;
#2260=LINE('Line',#2257,#2259) ;
#2274=LINE('Line',#2271,#2273) ;
#2281=LINE('Line',#2278,#2280) ;
#2293=LINE('Line',#2290,#2292) ;
#2300=LINE('Line',#2297,#2299) ;
#2324=LINE('Line',#2321,#2323) ;
#2333=LINE('Line',#2330,#2332) ;
#2340=LINE('Line',#2337,#2339) ;
#2347=LINE('Line',#2344,#2346) ;
#2373=LINE('Line',#2370,#2372) ;
#2392=LINE('Line',#2389,#2391) ;
#2411=LINE('Line',#2408,#2410) ;
#2425=LINE('Line',#2422,#2424) ;
#2439=LINE('Line',#2436,#2438) ;
#2446=LINE('Line',#2443,#2445) ;
#2458=LINE('Line',#2455,#2457) ;
#2465=LINE('Line',#2462,#2464) ;
#2489=LINE('Line',#2486,#2488) ;
#2498=LINE('Line',#2495,#2497) ;
#2505=LINE('Line',#2502,#2504) ;
#2512=LINE('Line',#2509,#2511) ;
#2538=LINE('Line',#2535,#2537) ;
#2557=LINE('Line',#2554,#2556) ;
#2590=LINE('Line',#2587,#2589) ;
#2611=LINE('Line',#2608,#2610) ;
#2623=LINE('Line',#2620,#2622) ;
#2630=LINE('Line',#2627,#2629) ;
#2663=LINE('Line',#2660,#2662) ;
#2677=LINE('Line',#2674,#2676) ;
#2703=LINE('Line',#2700,#2702) ;
#2717=LINE('Line',#2714,#2716) ;
#2731=LINE('Line',#2728,#2730) ;
#2755=LINE('Line',#2752,#2754) ;
#2781=LINE('Line',#2778,#2780) ;
#2793=LINE('Line',#2790,#2792) ;
#2800=LINE('Line',#2797,#2799) ;
#2812=LINE('Line',#2809,#2811) ;
#2831=LINE('Line',#2828,#2830) ;
#2838=LINE('Line',#2835,#2837) ;
#2850=LINE('Line',#2847,#2849) ;
#2869=LINE('Line',#2866,#2868) ;
#2876=LINE('Line',#2873,#2875) ;
#3123=LINE('Line',#3120,#3122) ;
#3128=LINE('Line',#3125,#3127) ;
#3152=LINE('Line',#3149,#3151) ;
#3157=LINE('Line',#3154,#3156) ;
#2=MECHANICAL_CONTEXT(' ',#1,'mechanical') ;
#24=PERSONAL_ADDRESS(' ',' ',' ',' ',' ',' ',' ',' ',' ',' ',' ',' ',(#22),' ') ;
#56=PLANE('',#55) ;
#127=PLANE('',#126) ;
#158=PLANE('',#157) ;
#220=PLANE('',#219) ;
#273=PLANE('',#272) ;
#375=PLANE('',#374) ;
#408=PLANE('',#407) ;
#432=PLANE('',#431) ;
#539=PLANE('',#538) ;
#646=PLANE('',#645) ;
#663=PLANE('',#662) ;
#785=PLANE('',#784) ;
#821=PLANE('',#820) ;
#951=PLANE('',#950) ;
#975=PLANE('',#974) ;
#1016=PLANE('',#1015) ;
#1165=PLANE('',#1164) ;
#1206=PLANE('',#1205) ;
#1550=PLANE('',#1549) ;
#1598=PLANE('',#1597) ;
#1646=PLANE('',#1645) ;
#1774=PLANE('',#1773) ;
#2901=PLANE('',#2900) ;
#3010=PLANE('',#3009) ;
#43=PLANE_ANGLE_MEASURE_WITH_UNIT(PLANE_ANGLE_MEASURE(0.0174532925199),#42) ;
#7=PRODUCT_CATEGORY('part',$) ;
#9=PRODUCT_CATEGORY_RELATIONSHIP(' ',' ',#7,#8) ;
#6=PRODUCT_DEFINITION_FORMATION_WITH_SPECIFIED_SOURCE('',' ',#5,.NOT_KNOWN.) ;
#8=PRODUCT_RELATED_PRODUCT_CATEGORY('detail',$,(#5)) ;
#50=SHAPE_DEFINITION_REPRESENTATION(#40,#49) ;
#62=VERTEX_POINT('',#61) ;
#64=VERTEX_POINT('',#63) ;
#71=VERTEX_POINT('',#70) ;
#78=VERTEX_POINT('',#77) ;
#102=VERTEX_POINT('',#101) ;
#109=VERTEX_POINT('',#108) ;
#133=VERTEX_POINT('',#132) ;
#140=VERTEX_POINT('',#139) ;
#164=VERTEX_POINT('',#163) ;
#171=VERTEX_POINT('',#170) ;
#195=VERTEX_POINT('',#194) ;
#202=VERTEX_POINT('',#201) ;
#226=VERTEX_POINT('',#225) ;
#233=VERTEX_POINT('',#232) ;
#279=VERTEX_POINT('',#278) ;
#281=VERTEX_POINT('',#280) ;
#288=VERTEX_POINT('',#287) ;
#295=VERTEX_POINT('',#294) ;
#319=VERTEX_POINT('',#318) ;
#321=VERTEX_POINT('',#320) ;
#350=VERTEX_POINT('',#349) ;
#357=VERTEX_POINT('',#356) ;
#381=VERTEX_POINT('',#380) ;
#388=VERTEX_POINT('',#387) ;
#414=VERTEX_POINT('',#413) ;
#438=VERTEX_POINT('',#437) ;
#479=VERTEX_POINT('',#478) ;
#481=VERTEX_POINT('',#480) ;
#488=VERTEX_POINT('',#487) ;
#495=VERTEX_POINT('',#494) ;
#514=VERTEX_POINT('',#513) ;
#516=VERTEX_POINT('',#515) ;
#545=VERTEX_POINT('',#544) ;
#552=VERTEX_POINT('',#551) ;
#571=VERTEX_POINT('',#570) ;
#578=VERTEX_POINT('',#577) ;
#604=VERTEX_POINT('',#603) ;
#628=VERTEX_POINT('',#627) ;
#669=VERTEX_POINT('',#668) ;
#671=VERTEX_POINT('',#670) ;
#678=VERTEX_POINT('',#677) ;
#685=VERTEX_POINT('',#684) ;
#709=VERTEX_POINT('',#708) ;
#711=VERTEX_POINT('',#710) ;
#740=VERTEX_POINT('',#739) ;
#747=VERTEX_POINT('',#746) ;
#766=VERTEX_POINT('',#765) ;
#791=VERTEX_POINT('',#790) ;
#827=VERTEX_POINT('',#826) ;
#829=VERTEX_POINT('',#828) ;
#836=VERTEX_POINT('',#835) ;
#843=VERTEX_POINT('',#842) ;
#867=VERTEX_POINT('',#866) ;
#869=VERTEX_POINT('',#868) ;
#898=VERTEX_POINT('',#897) ;
#905=VERTEX_POINT('',#904) ;
#924=VERTEX_POINT('',#923) ;
#931=VERTEX_POINT('',#930) ;
#957=VERTEX_POINT('',#956) ;
#981=VERTEX_POINT('',#980) ;
#1022=VERTEX_POINT('',#1021) ;
#1024=VERTEX_POINT('',#1023) ;
#1031=VERTEX_POINT('',#1030) ;
#1038=VERTEX_POINT('',#1037) ;
#1062=VERTEX_POINT('',#1061) ;
#1064=VERTEX_POINT('',#1063) ;
#1093=VERTEX_POINT('',#1092) ;
#1100=VERTEX_POINT('',#1099) ;
#1119=VERTEX_POINT('',#1118) ;
#1126=VERTEX_POINT('',#1125) ;
#1147=VERTEX_POINT('',#1146) ;
#1171=VERTEX_POINT('',#1170) ;
#1212=VERTEX_POINT('',#1211) ;
#1214=VERTEX_POINT('',#1213) ;
#1221=VERTEX_POINT('',#1220) ;
#1228=VERTEX_POINT('',#1227) ;
#1252=VERTEX_POINT('',#1251) ;
#1254=VERTEX_POINT('',#1253) ;
#1283=VERTEX_POINT('',#1282) ;
#1290=VERTEX_POINT('',#1289) ;
#1309=VERTEX_POINT('',#1308) ;
#1316=VERTEX_POINT('',#1315) ;
#1342=VERTEX_POINT('',#1341) ;
#1361=VERTEX_POINT('',#1360) ;
#1402=VERTEX_POINT('',#1401) ;
#1404=VERTEX_POINT('',#1403) ;
#1411=VERTEX_POINT('',#1410) ;
#1418=VERTEX_POINT('',#1417) ;
#1437=VERTEX_POINT('',#1436) ;
#1444=VERTEX_POINT('',#1443) ;
#1451=VERTEX_POINT('',#1450) ;
#1458=VERTEX_POINT('',#1457) ;
#1465=VERTEX_POINT('',#1464) ;
#1472=VERTEX_POINT('',#1471) ;
#1479=VERTEX_POINT('',#1478) ;
#1508=VERTEX_POINT('',#1507) ;
#1532=VERTEX_POINT('',#1531) ;
#1556=VERTEX_POINT('',#1555) ;
#1580=VERTEX_POINT('',#1579) ;
#1604=VERTEX_POINT('',#1603) ;
#1628=VERTEX_POINT('',#1627) ;
#1652=VERTEX_POINT('',#1651) ;
#1688=VERTEX_POINT('',#1687) ;
#1690=VERTEX_POINT('',#1689) ;
#1697=VERTEX_POINT('',#1696) ;
#1704=VERTEX_POINT('',#1703) ;
#1723=VERTEX_POINT('',#1722) ;
#1730=VERTEX_POINT('',#1729) ;
#1749=VERTEX_POINT('',#1748) ;
#1756=VERTEX_POINT('',#1755) ;
#1780=VERTEX_POINT('',#1779) ;
#1787=VERTEX_POINT('',#1786) ;
#1808=VERTEX_POINT('',#1807) ;
#1827=VERTEX_POINT('',#1826) ;
#1858=VERTEX_POINT('',#1857) ;
#1860=VERTEX_POINT('',#1859) ;
#1867=VERTEX_POINT('',#1866) ;
#1874=VERTEX_POINT('',#1873) ;
#1893=VERTEX_POINT('',#1892) ;
#1900=VERTEX_POINT('',#1899) ;
#1919=VERTEX_POINT('',#1918) ;
#1926=VERTEX_POINT('',#1925) ;
#1945=VERTEX_POINT('',#1944) ;
#1952=VERTEX_POINT('',#1951) ;
#1973=VERTEX_POINT('',#1972) ;
#1992=VERTEX_POINT('',#1991) ;
#2023=VERTEX_POINT('',#2022) ;
#2025=VERTEX_POINT('',#2024) ;
#2032=VERTEX_POINT('',#2031) ;
#2039=VERTEX_POINT('',#2038) ;
#2058=VERTEX_POINT('',#2057) ;
#2065=VERTEX_POINT('',#2064) ;
#2084=VERTEX_POINT('',#2083) ;
#2091=VERTEX_POINT('',#2090) ;
#2110=VERTEX_POINT('',#2109) ;
#2130=VERTEX_POINT('',#2129) ;
#2161=VERTEX_POINT('',#2160) ;
#2163=VERTEX_POINT('',#2162) ;
#2170=VERTEX_POINT('',#2169) ;
#2177=VERTEX_POINT('',#2176) ;
#2196=VERTEX_POINT('',#2195) ;
#2203=VERTEX_POINT('',#2202) ;
#2222=VERTEX_POINT('',#2221) ;
#2229=VERTEX_POINT('',#2228) ;
#2248=VERTEX_POINT('',#2247) ;
#2255=VERTEX_POINT('',#2254) ;
#2276=VERTEX_POINT('',#2275) ;
#2295=VERTEX_POINT('',#2294) ;
#2326=VERTEX_POINT('',#2325) ;
#2328=VERTEX_POINT('',#2327) ;
#2335=VERTEX_POINT('',#2334) ;
#2342=VERTEX_POINT('',#2341) ;
#2361=VERTEX_POINT('',#2360) ;
#2368=VERTEX_POINT('',#2367) ;
#2387=VERTEX_POINT('',#2386) ;
#2394=VERTEX_POINT('',#2393) ;
#2413=VERTEX_POINT('',#2412) ;
#2420=VERTEX_POINT('',#2419) ;
#2441=VERTEX_POINT('',#2440) ;
#2460=VERTEX_POINT('',#2459) ;
#2491=VERTEX_POINT('',#2490) ;
#2493=VERTEX_POINT('',#2492) ;
#2500=VERTEX_POINT('',#2499) ;
#2507=VERTEX_POINT('',#2506) ;
#2526=VERTEX_POINT('',#2525) ;
#2533=VERTEX_POINT('',#2532) ;
#2552=VERTEX_POINT('',#2551) ;
#2559=VERTEX_POINT('',#2558) ;
#2578=VERTEX_POINT('',#2577) ;
#2585=VERTEX_POINT('',#2584) ;
#2606=VERTEX_POINT('',#2605) ;
#2625=VERTEX_POINT('',#2624) ;
#2656=VERTEX_POINT('',#2655) ;
#2658=VERTEX_POINT('',#2657) ;
#2665=VERTEX_POINT('',#2664) ;
#2672=VERTEX_POINT('',#2671) ;
#2691=VERTEX_POINT('',#2690) ;
#2698=VERTEX_POINT('',#2697) ;
#2705=VERTEX_POINT('',#2704) ;
#2712=VERTEX_POINT('',#2711) ;
#2719=VERTEX_POINT('',#2718) ;
#2726=VERTEX_POINT('',#2725) ;
#2733=VERTEX_POINT('',#2732) ;
#2757=VERTEX_POINT('',#2756) ;
#2776=VERTEX_POINT('',#2775) ;
#2795=VERTEX_POINT('',#2794) ;
#2814=VERTEX_POINT('',#2813) ;
#2833=VERTEX_POINT('',#2832) ;
#2852=VERTEX_POINT('',#2851) ;
#2871=VERTEX_POINT('',#2870) ;
#2974=VERTEX_POINT('',#2973) ;
#2976=VERTEX_POINT('',#2975) ;
#2992=VERTEX_POINT('',#2991) ;
#2994=VERTEX_POINT('',#2993) ;
#3083=VERTEX_POINT('',#3082) ;
#3085=VERTEX_POINT('',#3084) ;
#3101=VERTEX_POINT('',#3100) ;
#3103=VERTEX_POINT('',#3102) ;
#41=(LENGTH_UNIT()NAMED_UNIT(*)SI_UNIT(.MILLI.,.METRE.)) ;
#42=(NAMED_UNIT(*)PLANE_ANGLE_UNIT()SI_UNIT($,.RADIAN.)) ;
#44=(NAMED_UNIT(*)SI_UNIT($,.STERADIAN.)SOLID_ANGLE_UNIT()) ;
#46=(GEOMETRIC_REPRESENTATION_CONTEXT(3)GLOBAL_UNCERTAINTY_ASSIGNED_CONTEXT((#45))GLOBAL_UNIT_ASSIGNED_CONTEXT((#41,#42,#44))REPRESENTATION_CONTEXT(' ',' ')) ;
ENDSEC;
END-ISO-10303-21;
